<?xml version="1.0" encoding="UTF-8"?>
<gpx xmlns="http://www.topografix.com/GPX/1/1" xmlns:gpxdata="http://www.cluetrust.com/XML/GPXDATA/1/0" xmlns:xsi="http://www.w3.org/2001/XMLSchema-instance" xsi:schemaLocation="http://www.topografix.com/GPX/1/1 https://www.topografix.com/GPX/1/1/gpx.xsd http://www.cluetrust.com/XML/GPXDATA/1/0 https://www.cluetrust.com/Schemas/gpxdata10.xsd" creator="COROS Wearables" version="1.1">
 <metadata>
  <link href="https://www.coros.com">
   <text>COROS</text>
  </link>
  <time>2026-10-02T11:54:15Z</time>
 </metadata>
 <trk>
  <name>Province of Belluno Hike</name>
  <type>running</type>
  <trkseg>
   <trkpt lat="46.5192722" lon="12.0085480">
    <ele>2120</ele>
    <time>2026-10-02T11:54:15Z</time>
    <extensions>
     <gpxdata:hr>124</gpxdata:hr>
     <gpxdata:distance>0.00</gpxdata:distance>
     <gpxdata:speed>0.778</gpxdata:speed>
    </extensions>
   </trkpt>
   <trkpt lat="46.5192748" lon="12.0085566">
    <ele>2120</ele>
    <time>2026-10-02T11:54:16Z</time>
    <extensions>
     <gpxdata:hr>124</gpxdata:hr>
     <gpxdata:distance>0.00</gpxdata:distance>
     <gpxdata:speed>0.778</gpxdata:speed>
    </extensions>
   </trkpt>
   <trkpt lat="46.5192786" lon="12.0085643">
    <ele>2120</ele>
    <time>2026-10-02T11:54:17Z</time>
    <extensions>
     <gpxdata:hr>122</gpxdata:hr>
     <gpxdata:distance>0.00</gpxdata:distance>
     <gpxdata:speed>0.778</gpxdata:speed>
    </extensions>
   </trkpt>
   <trkpt lat="46.5192839" lon="12.0085715">
    <ele>2120</ele>
    <time>2026-10-02T11:54:18Z</time>
    <extensions>
     <gpxdata:hr>121</gpxdata:hr>
     <gpxdata:distance>1.50</gpxdata:distance>
     <gpxdata:speed>0.814</gpxdata:speed>
    </extensions>
   </trkpt>
   <trkpt lat="46.5192893" lon="12.0085800">
    <ele>2120</ele>
    <time>2026-10-02T11:54:19Z</time>
    <extensions>
     <gpxdata:hr>120</gpxdata:hr>
     <gpxdata:distance>3.00</gpxdata:distance>
     <gpxdata:speed>0.850</gpxdata:speed>
    </extensions>
   </trkpt>
   <trkpt lat="46.5192970" lon="12.0085911">
    <ele>2120</ele>
    <time>2026-10-02T11:54:20Z</time>
    <extensions>
     <gpxdata:hr>120</gpxdata:hr>
     <gpxdata:distance>4.50</gpxdata:distance>
     <gpxdata:speed>0.875</gpxdata:speed>
    </extensions>
   </trkpt>
   <trkpt lat="46.5193070" lon="12.0086027">
    <ele>2120</ele>
    <time>2026-10-02T11:54:21Z</time>
    <extensions>
     <gpxdata:hr>119</gpxdata:hr>
     <gpxdata:distance>6.00</gpxdata:distance>
     <gpxdata:speed>0.903</gpxdata:speed>
    </extensions>
   </trkpt>
   <trkpt lat="46.5193168" lon="12.0086129">
    <ele>2120</ele>
    <time>2026-10-02T11:54:22Z</time>
    <extensions>
     <gpxdata:hr>119</gpxdata:hr>
     <gpxdata:distance>7.50</gpxdata:distance>
     <gpxdata:speed>0.919</gpxdata:speed>
    </extensions>
   </trkpt>
   <trkpt lat="46.5193266" lon="12.0086216">
    <ele>2120</ele>
    <time>2026-10-02T11:54:23Z</time>
    <extensions>
     <gpxdata:hr>119</gpxdata:hr>
     <gpxdata:distance>9.00</gpxdata:distance>
     <gpxdata:speed>0.939</gpxdata:speed>
    </extensions>
   </trkpt>
   <trkpt lat="46.5193372" lon="12.0086288">
    <ele>2120</ele>
    <time>2026-10-02T11:54:24Z</time>
    <extensions>
     <gpxdata:hr>118</gpxdata:hr>
     <gpxdata:distance>10.50</gpxdata:distance>
     <gpxdata:speed>0.947</gpxdata:speed>
    </extensions>
   </trkpt>
   <trkpt lat="46.5193479" lon="12.0086347">
    <ele>2120</ele>
    <time>2026-10-02T11:54:25Z</time>
    <extensions>
     <gpxdata:hr>118</gpxdata:hr>
     <gpxdata:distance>12.00</gpxdata:distance>
     <gpxdata:speed>0.956</gpxdata:speed>
    </extensions>
   </trkpt>
   <trkpt lat="46.5193585" lon="12.0086400">
    <ele>2120</ele>
    <time>2026-10-02T11:54:26Z</time>
    <extensions>
     <gpxdata:hr>117</gpxdata:hr>
     <gpxdata:distance>13.00</gpxdata:distance>
     <gpxdata:speed>0.967</gpxdata:speed>
    </extensions>
   </trkpt>
   <trkpt lat="46.5193685" lon="12.0086450">
    <ele>2120</ele>
    <time>2026-10-02T11:54:27Z</time>
    <extensions>
     <gpxdata:hr>116</gpxdata:hr>
     <gpxdata:distance>14.00</gpxdata:distance>
     <gpxdata:speed>0.981</gpxdata:speed>
    </extensions>
   </trkpt>
   <trkpt lat="46.5193782" lon="12.0086493">
    <ele>2120</ele>
    <time>2026-10-02T11:54:28Z</time>
    <extensions>
     <gpxdata:hr>116</gpxdata:hr>
     <gpxdata:distance>15.00</gpxdata:distance>
     <gpxdata:speed>1.011</gpxdata:speed>
    </extensions>
   </trkpt>
   <trkpt lat="46.5193881" lon="12.0086524">
    <ele>2120</ele>
    <time>2026-10-02T11:54:29Z</time>
    <extensions>
     <gpxdata:hr>116</gpxdata:hr>
     <gpxdata:distance>16.00</gpxdata:distance>
     <gpxdata:speed>1.044</gpxdata:speed>
    </extensions>
   </trkpt>
   <trkpt lat="46.5193982" lon="12.0086541">
    <ele>2120</ele>
    <time>2026-10-02T11:54:30Z</time>
    <extensions>
     <gpxdata:hr>116</gpxdata:hr>
     <gpxdata:distance>17.00</gpxdata:distance>
     <gpxdata:speed>1.061</gpxdata:speed>
    </extensions>
   </trkpt>
   <trkpt lat="46.5194087" lon="12.0086537">
    <ele>2120</ele>
    <time>2026-10-02T11:54:31Z</time>
    <extensions>
     <gpxdata:hr>117</gpxdata:hr>
     <gpxdata:distance>18.00</gpxdata:distance>
     <gpxdata:speed>1.081</gpxdata:speed>
    </extensions>
   </trkpt>
   <trkpt lat="46.5194194" lon="12.0086519">
    <ele>2119</ele>
    <time>2026-10-02T11:54:32Z</time>
    <extensions>
     <gpxdata:hr>117</gpxdata:hr>
     <gpxdata:distance>19.50</gpxdata:distance>
     <gpxdata:speed>1.083</gpxdata:speed>
    </extensions>
   </trkpt>
   <trkpt lat="46.5194302" lon="12.0086490">
    <ele>2119</ele>
    <time>2026-10-02T11:54:33Z</time>
    <extensions>
     <gpxdata:hr>118</gpxdata:hr>
     <gpxdata:distance>21.00</gpxdata:distance>
     <gpxdata:speed>1.089</gpxdata:speed>
    </extensions>
   </trkpt>
   <trkpt lat="46.5194409" lon="12.0086455">
    <ele>2119</ele>
    <time>2026-10-02T11:54:34Z</time>
    <extensions>
     <gpxdata:hr>117</gpxdata:hr>
     <gpxdata:distance>22.00</gpxdata:distance>
     <gpxdata:speed>1.094</gpxdata:speed>
    </extensions>
   </trkpt>
   <trkpt lat="46.5194513" lon="12.0086420">
    <ele>2119</ele>
    <time>2026-10-02T11:54:35Z</time>
    <extensions>
     <gpxdata:hr>117</gpxdata:hr>
     <gpxdata:distance>23.00</gpxdata:distance>
     <gpxdata:speed>1.100</gpxdata:speed>
    </extensions>
   </trkpt>
   <trkpt lat="46.5194612" lon="12.0086388">
    <ele>2119</ele>
    <time>2026-10-02T11:54:36Z</time>
    <extensions>
     <gpxdata:hr>117</gpxdata:hr>
     <gpxdata:distance>24.00</gpxdata:distance>
     <gpxdata:speed>1.103</gpxdata:speed>
    </extensions>
   </trkpt>
   <trkpt lat="46.5194708" lon="12.0086357">
    <ele>2119</ele>
    <time>2026-10-02T11:54:37Z</time>
    <extensions>
     <gpxdata:hr>115</gpxdata:hr>
     <gpxdata:distance>25.00</gpxdata:distance>
     <gpxdata:speed>1.106</gpxdata:speed>
    </extensions>
   </trkpt>
   <trkpt lat="46.5194801" lon="12.0086332">
    <ele>2119</ele>
    <time>2026-10-02T11:54:38Z</time>
    <extensions>
     <gpxdata:hr>115</gpxdata:hr>
     <gpxdata:distance>26.00</gpxdata:distance>
     <gpxdata:speed>1.108</gpxdata:speed>
    </extensions>
   </trkpt>
   <trkpt lat="46.5194892" lon="12.0086311">
    <ele>2119</ele>
    <time>2026-10-02T11:54:39Z</time>
    <extensions>
     <gpxdata:hr>114</gpxdata:hr>
     <gpxdata:distance>27.00</gpxdata:distance>
     <gpxdata:speed>1.111</gpxdata:speed>
    </extensions>
   </trkpt>
   <trkpt lat="46.5194983" lon="12.0086295">
    <ele>2119</ele>
    <time>2026-10-02T11:54:40Z</time>
    <extensions>
     <gpxdata:hr>114</gpxdata:hr>
     <gpxdata:distance>28.00</gpxdata:distance>
     <gpxdata:speed>1.119</gpxdata:speed>
    </extensions>
   </trkpt>
   <trkpt lat="46.5195074" lon="12.0086284">
    <ele>2119</ele>
    <time>2026-10-02T11:54:41Z</time>
    <extensions>
     <gpxdata:hr>114</gpxdata:hr>
     <gpxdata:distance>29.00</gpxdata:distance>
     <gpxdata:speed>1.131</gpxdata:speed>
    </extensions>
   </trkpt>
   <trkpt lat="46.5195168" lon="12.0086278">
    <ele>2119</ele>
    <time>2026-10-02T11:54:42Z</time>
    <extensions>
     <gpxdata:hr>114</gpxdata:hr>
     <gpxdata:distance>30.50</gpxdata:distance>
     <gpxdata:speed>1.139</gpxdata:speed>
    </extensions>
   </trkpt>
   <trkpt lat="46.5195264" lon="12.0086270">
    <ele>2119</ele>
    <time>2026-10-02T11:54:43Z</time>
    <extensions>
     <gpxdata:hr>114</gpxdata:hr>
     <gpxdata:distance>32.00</gpxdata:distance>
     <gpxdata:speed>1.147</gpxdata:speed>
    </extensions>
   </trkpt>
   <trkpt lat="46.5195364" lon="12.0086254">
    <ele>2119</ele>
    <time>2026-10-02T11:54:44Z</time>
    <extensions>
     <gpxdata:hr>114</gpxdata:hr>
     <gpxdata:distance>33.00</gpxdata:distance>
     <gpxdata:speed>1.150</gpxdata:speed>
    </extensions>
   </trkpt>
   <trkpt lat="46.5195465" lon="12.0086229">
    <ele>2119</ele>
    <time>2026-10-02T11:54:45Z</time>
    <extensions>
     <gpxdata:hr>114</gpxdata:hr>
     <gpxdata:distance>34.00</gpxdata:distance>
     <gpxdata:speed>1.156</gpxdata:speed>
    </extensions>
   </trkpt>
   <trkpt lat="46.5195567" lon="12.0086202">
    <ele>2119</ele>
    <time>2026-10-02T11:54:46Z</time>
    <extensions>
     <gpxdata:hr>114</gpxdata:hr>
     <gpxdata:distance>35.00</gpxdata:distance>
     <gpxdata:speed>1.156</gpxdata:speed>
    </extensions>
   </trkpt>
   <trkpt lat="46.5195668" lon="12.0086175">
    <ele>2119</ele>
    <time>2026-10-02T11:54:47Z</time>
    <extensions>
     <gpxdata:hr>114</gpxdata:hr>
     <gpxdata:distance>36.00</gpxdata:distance>
     <gpxdata:speed>1.158</gpxdata:speed>
    </extensions>
   </trkpt>
   <trkpt lat="46.5195770" lon="12.0086145">
    <ele>2119</ele>
    <time>2026-10-02T11:54:48Z</time>
    <extensions>
     <gpxdata:hr>114</gpxdata:hr>
     <gpxdata:distance>37.50</gpxdata:distance>
     <gpxdata:speed>1.158</gpxdata:speed>
    </extensions>
   </trkpt>
   <trkpt lat="46.5195870" lon="12.0086114">
    <ele>2119</ele>
    <time>2026-10-02T11:54:49Z</time>
    <extensions>
     <gpxdata:hr>115</gpxdata:hr>
     <gpxdata:distance>39.00</gpxdata:distance>
     <gpxdata:speed>1.158</gpxdata:speed>
    </extensions>
   </trkpt>
   <trkpt lat="46.5195967" lon="12.0086088">
    <ele>2119</ele>
    <time>2026-10-02T11:54:50Z</time>
    <extensions>
     <gpxdata:hr>115</gpxdata:hr>
     <gpxdata:distance>40.00</gpxdata:distance>
     <gpxdata:speed>1.156</gpxdata:speed>
    </extensions>
   </trkpt>
   <trkpt lat="46.5196060" lon="12.0086065">
    <ele>2119</ele>
    <time>2026-10-02T11:54:51Z</time>
    <extensions>
     <gpxdata:hr>116</gpxdata:hr>
     <gpxdata:distance>41.00</gpxdata:distance>
     <gpxdata:speed>1.156</gpxdata:speed>
    </extensions>
   </trkpt>
   <trkpt lat="46.5196152" lon="12.0086046">
    <ele>2119</ele>
    <time>2026-10-02T11:54:52Z</time>
    <extensions>
     <gpxdata:hr>117</gpxdata:hr>
     <gpxdata:distance>42.00</gpxdata:distance>
     <gpxdata:speed>1.150</gpxdata:speed>
    </extensions>
   </trkpt>
   <trkpt lat="46.5196241" lon="12.0086030">
    <ele>2119</ele>
    <time>2026-10-02T11:54:53Z</time>
    <extensions>
     <gpxdata:hr>119</gpxdata:hr>
     <gpxdata:distance>43.00</gpxdata:distance>
     <gpxdata:speed>1.147</gpxdata:speed>
    </extensions>
   </trkpt>
   <trkpt lat="46.5196326" lon="12.0086013">
    <ele>2119</ele>
    <time>2026-10-02T11:54:54Z</time>
    <extensions>
     <gpxdata:hr>119</gpxdata:hr>
     <gpxdata:distance>43.50</gpxdata:distance>
     <gpxdata:speed>1.142</gpxdata:speed>
    </extensions>
   </trkpt>
   <trkpt lat="46.5196410" lon="12.0085995">
    <ele>2119</ele>
    <time>2026-10-02T11:54:55Z</time>
    <extensions>
     <gpxdata:hr>119</gpxdata:hr>
     <gpxdata:distance>44.00</gpxdata:distance>
     <gpxdata:speed>1.136</gpxdata:speed>
    </extensions>
   </trkpt>
   <trkpt lat="46.5196497" lon="12.0085980">
    <ele>2119</ele>
    <time>2026-10-02T11:54:56Z</time>
    <extensions>
     <gpxdata:hr>119</gpxdata:hr>
     <gpxdata:distance>45.00</gpxdata:distance>
     <gpxdata:speed>1.128</gpxdata:speed>
    </extensions>
   </trkpt>
   <trkpt lat="46.5196588" lon="12.0085971">
    <ele>2119</ele>
    <time>2026-10-02T11:54:57Z</time>
    <extensions>
     <gpxdata:hr>119</gpxdata:hr>
     <gpxdata:distance>46.00</gpxdata:distance>
     <gpxdata:speed>1.122</gpxdata:speed>
    </extensions>
   </trkpt>
   <trkpt lat="46.5196678" lon="12.0085964">
    <ele>2119</ele>
    <time>2026-10-02T11:54:58Z</time>
    <extensions>
     <gpxdata:hr>119</gpxdata:hr>
     <gpxdata:distance>47.00</gpxdata:distance>
     <gpxdata:speed>1.117</gpxdata:speed>
    </extensions>
   </trkpt>
   <trkpt lat="46.5196763" lon="12.0085959">
    <ele>2119</ele>
    <time>2026-10-02T11:54:59Z</time>
    <extensions>
     <gpxdata:hr>118</gpxdata:hr>
     <gpxdata:distance>48.00</gpxdata:distance>
     <gpxdata:speed>1.111</gpxdata:speed>
    </extensions>
   </trkpt>
   <trkpt lat="46.5196844" lon="12.0085948">
    <ele>2118</ele>
    <time>2026-10-02T11:55:00Z</time>
    <extensions>
     <gpxdata:hr>118</gpxdata:hr>
     <gpxdata:distance>49.00</gpxdata:distance>
     <gpxdata:speed>1.106</gpxdata:speed>
    </extensions>
   </trkpt>
   <trkpt lat="46.5196925" lon="12.0085931">
    <ele>2118</ele>
    <time>2026-10-02T11:55:01Z</time>
    <extensions>
     <gpxdata:hr>118</gpxdata:hr>
     <gpxdata:distance>50.00</gpxdata:distance>
     <gpxdata:speed>1.100</gpxdata:speed>
    </extensions>
   </trkpt>
   <trkpt lat="46.5197009" lon="12.0085909">
    <ele>2118</ele>
    <time>2026-10-02T11:55:02Z</time>
    <extensions>
     <gpxdata:hr>119</gpxdata:hr>
     <gpxdata:distance>51.00</gpxdata:distance>
     <gpxdata:speed>1.094</gpxdata:speed>
    </extensions>
   </trkpt>
   <trkpt lat="46.5197099" lon="12.0085882">
    <ele>2118</ele>
    <time>2026-10-02T11:55:03Z</time>
    <extensions>
     <gpxdata:hr>119</gpxdata:hr>
     <gpxdata:distance>52.00</gpxdata:distance>
     <gpxdata:speed>1.089</gpxdata:speed>
    </extensions>
   </trkpt>
   <trkpt lat="46.5197191" lon="12.0085853">
    <ele>2118</ele>
    <time>2026-10-02T11:55:04Z</time>
    <extensions>
     <gpxdata:hr>120</gpxdata:hr>
     <gpxdata:distance>53.00</gpxdata:distance>
     <gpxdata:speed>1.083</gpxdata:speed>
    </extensions>
   </trkpt>
   <trkpt lat="46.5197283" lon="12.0085829">
    <ele>2118</ele>
    <time>2026-10-02T11:55:05Z</time>
    <extensions>
     <gpxdata:hr>120</gpxdata:hr>
     <gpxdata:distance>54.00</gpxdata:distance>
     <gpxdata:speed>1.081</gpxdata:speed>
    </extensions>
   </trkpt>
   <trkpt lat="46.5197375" lon="12.0085808">
    <ele>2118</ele>
    <time>2026-10-02T11:55:06Z</time>
    <extensions>
     <gpxdata:hr>120</gpxdata:hr>
     <gpxdata:distance>55.00</gpxdata:distance>
     <gpxdata:speed>1.078</gpxdata:speed>
    </extensions>
   </trkpt>
   <trkpt lat="46.5197466" lon="12.0085787">
    <ele>2118</ele>
    <time>2026-10-02T11:55:07Z</time>
    <extensions>
     <gpxdata:hr>119</gpxdata:hr>
     <gpxdata:distance>56.00</gpxdata:distance>
     <gpxdata:speed>1.078</gpxdata:speed>
    </extensions>
   </trkpt>
   <trkpt lat="46.5197553" lon="12.0085764">
    <ele>2118</ele>
    <time>2026-10-02T11:55:08Z</time>
    <extensions>
     <gpxdata:hr>119</gpxdata:hr>
     <gpxdata:distance>57.00</gpxdata:distance>
     <gpxdata:speed>1.075</gpxdata:speed>
    </extensions>
   </trkpt>
   <trkpt lat="46.5197637" lon="12.0085736">
    <ele>2118</ele>
    <time>2026-10-02T11:55:09Z</time>
    <extensions>
     <gpxdata:hr>119</gpxdata:hr>
     <gpxdata:distance>58.00</gpxdata:distance>
     <gpxdata:speed>1.072</gpxdata:speed>
    </extensions>
   </trkpt>
   <trkpt lat="46.5197719" lon="12.0085705">
    <ele>2118</ele>
    <time>2026-10-02T11:55:10Z</time>
    <extensions>
     <gpxdata:hr>119</gpxdata:hr>
     <gpxdata:distance>59.00</gpxdata:distance>
     <gpxdata:speed>1.069</gpxdata:speed>
    </extensions>
   </trkpt>
   <trkpt lat="46.5197802" lon="12.0085674">
    <ele>2119</ele>
    <time>2026-10-02T11:55:11Z</time>
    <extensions>
     <gpxdata:hr>119</gpxdata:hr>
     <gpxdata:distance>60.00</gpxdata:distance>
     <gpxdata:speed>1.069</gpxdata:speed>
    </extensions>
   </trkpt>
   <trkpt lat="46.5197888" lon="12.0085644">
    <ele>2119</ele>
    <time>2026-10-02T11:55:12Z</time>
    <extensions>
     <gpxdata:hr>118</gpxdata:hr>
     <gpxdata:distance>61.00</gpxdata:distance>
     <gpxdata:speed>1.067</gpxdata:speed>
    </extensions>
   </trkpt>
   <trkpt lat="46.5197975" lon="12.0085613">
    <ele>2119</ele>
    <time>2026-10-02T11:55:13Z</time>
    <extensions>
     <gpxdata:hr>118</gpxdata:hr>
     <gpxdata:distance>62.00</gpxdata:distance>
     <gpxdata:speed>1.064</gpxdata:speed>
    </extensions>
   </trkpt>
   <trkpt lat="46.5198064" lon="12.0085583">
    <ele>2119</ele>
    <time>2026-10-02T11:55:14Z</time>
    <extensions>
     <gpxdata:hr>118</gpxdata:hr>
     <gpxdata:distance>63.00</gpxdata:distance>
     <gpxdata:speed>1.061</gpxdata:speed>
    </extensions>
   </trkpt>
   <trkpt lat="46.5198154" lon="12.0085556">
    <ele>2119</ele>
    <time>2026-10-02T11:55:15Z</time>
    <extensions>
     <gpxdata:hr>118</gpxdata:hr>
     <gpxdata:distance>64.00</gpxdata:distance>
     <gpxdata:speed>1.058</gpxdata:speed>
    </extensions>
   </trkpt>
   <trkpt lat="46.5198244" lon="12.0085537">
    <ele>2119</ele>
    <time>2026-10-02T11:55:16Z</time>
    <extensions>
     <gpxdata:hr>117</gpxdata:hr>
     <gpxdata:distance>65.00</gpxdata:distance>
     <gpxdata:speed>1.056</gpxdata:speed>
    </extensions>
   </trkpt>
   <trkpt lat="46.5198330" lon="12.0085534">
    <ele>2119</ele>
    <time>2026-10-02T11:55:17Z</time>
    <extensions>
     <gpxdata:hr>116</gpxdata:hr>
     <gpxdata:distance>66.00</gpxdata:distance>
     <gpxdata:speed>1.056</gpxdata:speed>
    </extensions>
   </trkpt>
   <trkpt lat="46.5198405" lon="12.0085550">
    <ele>2119</ele>
    <time>2026-10-02T11:55:18Z</time>
    <extensions>
     <gpxdata:hr>116</gpxdata:hr>
     <gpxdata:distance>67.00</gpxdata:distance>
     <gpxdata:speed>1.053</gpxdata:speed>
    </extensions>
   </trkpt>
   <trkpt lat="46.5198467" lon="12.0085583">
    <ele>2119</ele>
    <time>2026-10-02T11:55:19Z</time>
    <extensions>
     <gpxdata:hr>114</gpxdata:hr>
     <gpxdata:distance>68.00</gpxdata:distance>
     <gpxdata:speed>1.053</gpxdata:speed>
    </extensions>
   </trkpt>
  </trkseg>
  <trkseg>
   <trkpt lat="46.5198544" lon="12.0085709">
    <ele>2119</ele>
    <time>2026-10-02T11:55:25Z</time>
    <extensions>
     <gpxdata:hr>109</gpxdata:hr>
     <gpxdata:distance>68.00</gpxdata:distance>
    </extensions>
   </trkpt>
   <trkpt lat="46.5198604" lon="12.0085816">
    <ele>2119</ele>
    <time>2026-10-02T11:55:26Z</time>
    <extensions>
     <gpxdata:hr>109</gpxdata:hr>
     <gpxdata:distance>68.00</gpxdata:distance>
     <gpxdata:speed>0.456</gpxdata:speed>
    </extensions>
   </trkpt>
   <trkpt lat="46.5198657" lon="12.0085907">
    <ele>2119</ele>
    <time>2026-10-02T11:55:27Z</time>
    <extensions>
     <gpxdata:hr>109</gpxdata:hr>
     <gpxdata:distance>68.00</gpxdata:distance>
     <gpxdata:speed>0.914</gpxdata:speed>
    </extensions>
   </trkpt>
   <trkpt lat="46.5198708" lon="12.0085983">
    <ele>2118</ele>
    <time>2026-10-02T11:55:28Z</time>
    <extensions>
     <gpxdata:hr>110</gpxdata:hr>
     <gpxdata:distance>70.50</gpxdata:distance>
     <gpxdata:speed>0.856</gpxdata:speed>
    </extensions>
   </trkpt>
   <trkpt lat="46.5198763" lon="12.0086050">
    <ele>2118</ele>
    <time>2026-10-02T11:55:29Z</time>
    <extensions>
     <gpxdata:hr>110</gpxdata:hr>
     <gpxdata:distance>73.00</gpxdata:distance>
     <gpxdata:speed>0.797</gpxdata:speed>
    </extensions>
   </trkpt>
   <trkpt lat="46.5198824" lon="12.0086113">
    <ele>2118</ele>
    <time>2026-10-02T11:55:30Z</time>
    <extensions>
     <gpxdata:hr>110</gpxdata:hr>
     <gpxdata:distance>73.50</gpxdata:distance>
     <gpxdata:speed>0.769</gpxdata:speed>
    </extensions>
   </trkpt>
   <trkpt lat="46.5198886" lon="12.0086173">
    <ele>2118</ele>
    <time>2026-10-02T11:55:31Z</time>
    <extensions>
     <gpxdata:hr>110</gpxdata:hr>
     <gpxdata:distance>74.00</gpxdata:distance>
     <gpxdata:speed>0.744</gpxdata:speed>
    </extensions>
   </trkpt>
   <trkpt lat="46.5198948" lon="12.0086232">
    <ele>2118</ele>
    <time>2026-10-02T11:55:32Z</time>
    <extensions>
     <gpxdata:hr>110</gpxdata:hr>
     <gpxdata:distance>75.00</gpxdata:distance>
     <gpxdata:speed>0.742</gpxdata:speed>
    </extensions>
   </trkpt>
   <trkpt lat="46.5199008" lon="12.0086292">
    <ele>2118</ele>
    <time>2026-10-02T11:55:33Z</time>
    <extensions>
     <gpxdata:hr>111</gpxdata:hr>
     <gpxdata:distance>76.00</gpxdata:distance>
     <gpxdata:speed>0.739</gpxdata:speed>
    </extensions>
   </trkpt>
   <trkpt lat="46.5199074" lon="12.0086361">
    <ele>2118</ele>
    <time>2026-10-02T11:55:34Z</time>
    <extensions>
     <gpxdata:hr>112</gpxdata:hr>
     <gpxdata:distance>77.00</gpxdata:distance>
     <gpxdata:speed>0.772</gpxdata:speed>
    </extensions>
   </trkpt>
   <trkpt lat="46.5199149" lon="12.0086441">
    <ele>2118</ele>
    <time>2026-10-02T11:55:35Z</time>
    <extensions>
     <gpxdata:hr>112</gpxdata:hr>
     <gpxdata:distance>78.00</gpxdata:distance>
     <gpxdata:speed>0.806</gpxdata:speed>
    </extensions>
   </trkpt>
   <trkpt lat="46.5199232" lon="12.0086529">
    <ele>2117</ele>
    <time>2026-10-02T11:55:36Z</time>
    <extensions>
     <gpxdata:hr>112</gpxdata:hr>
     <gpxdata:distance>79.50</gpxdata:distance>
     <gpxdata:speed>0.872</gpxdata:speed>
    </extensions>
   </trkpt>
   <trkpt lat="46.5199321" lon="12.0086619">
    <ele>2117</ele>
    <time>2026-10-02T11:55:37Z</time>
    <extensions>
     <gpxdata:hr>112</gpxdata:hr>
     <gpxdata:distance>81.00</gpxdata:distance>
     <gpxdata:speed>0.939</gpxdata:speed>
    </extensions>
   </trkpt>
   <trkpt lat="46.5199413" lon="12.0086705">
    <ele>2117</ele>
    <time>2026-10-02T11:55:38Z</time>
    <extensions>
     <gpxdata:hr>112</gpxdata:hr>
     <gpxdata:distance>82.00</gpxdata:distance>
     <gpxdata:speed>0.975</gpxdata:speed>
    </extensions>
   </trkpt>
   <trkpt lat="46.5199503" lon="12.0086785">
    <ele>2117</ele>
    <time>2026-10-02T11:55:39Z</time>
    <extensions>
     <gpxdata:hr>112</gpxdata:hr>
     <gpxdata:distance>83.00</gpxdata:distance>
     <gpxdata:speed>1.014</gpxdata:speed>
    </extensions>
   </trkpt>
   <trkpt lat="46.5199585" lon="12.0086870">
    <ele>2116</ele>
    <time>2026-10-02T11:55:40Z</time>
    <extensions>
     <gpxdata:hr>112</gpxdata:hr>
     <gpxdata:distance>84.00</gpxdata:distance>
     <gpxdata:speed>1.028</gpxdata:speed>
    </extensions>
   </trkpt>
   <trkpt lat="46.5199654" lon="12.0086970">
    <ele>2116</ele>
    <time>2026-10-02T11:55:41Z</time>
    <extensions>
     <gpxdata:hr>112</gpxdata:hr>
     <gpxdata:distance>85.00</gpxdata:distance>
     <gpxdata:speed>1.044</gpxdata:speed>
    </extensions>
   </trkpt>
   <trkpt lat="46.5199709" lon="12.0087079">
    <ele>2116</ele>
    <time>2026-10-02T11:55:42Z</time>
    <extensions>
     <gpxdata:hr>112</gpxdata:hr>
     <gpxdata:distance>86.00</gpxdata:distance>
     <gpxdata:speed>1.061</gpxdata:speed>
    </extensions>
   </trkpt>
   <trkpt lat="46.5199749" lon="12.0087189">
    <ele>2116</ele>
    <time>2026-10-02T11:55:43Z</time>
    <extensions>
     <gpxdata:hr>112</gpxdata:hr>
     <gpxdata:distance>87.00</gpxdata:distance>
     <gpxdata:speed>1.078</gpxdata:speed>
    </extensions>
   </trkpt>
   <trkpt lat="46.5199775" lon="12.0087296">
    <ele>2116</ele>
    <time>2026-10-02T11:55:44Z</time>
    <extensions>
     <gpxdata:hr>114</gpxdata:hr>
     <gpxdata:distance>87.50</gpxdata:distance>
     <gpxdata:speed>1.086</gpxdata:speed>
    </extensions>
   </trkpt>
   <trkpt lat="46.5199789" lon="12.0087404">
    <ele>2116</ele>
    <time>2026-10-02T11:55:45Z</time>
    <extensions>
     <gpxdata:hr>114</gpxdata:hr>
     <gpxdata:distance>88.00</gpxdata:distance>
     <gpxdata:speed>1.097</gpxdata:speed>
    </extensions>
   </trkpt>
   <trkpt lat="46.5199795" lon="12.0087510">
    <ele>2116</ele>
    <time>2026-10-02T11:55:46Z</time>
    <extensions>
     <gpxdata:hr>114</gpxdata:hr>
     <gpxdata:distance>89.00</gpxdata:distance>
     <gpxdata:speed>1.092</gpxdata:speed>
    </extensions>
   </trkpt>
  </trkseg>
  <trkseg>
   <trkpt lat="46.5199708" lon="12.0087660">
    <ele>2116</ele>
    <time>2026-10-02T11:57:54Z</time>
    <extensions>
     <gpxdata:hr>94</gpxdata:hr>
     <gpxdata:distance>90.00</gpxdata:distance>
    </extensions>
   </trkpt>
  </trkseg>
  <trkseg>
   <trkpt lat="46.5199633" lon="12.0087615">
    <ele>2115</ele>
    <time>2026-10-02T12:02:35Z</time>
    <extensions>
     <gpxdata:hr>86</gpxdata:hr>
     <gpxdata:distance>93.00</gpxdata:distance>
    </extensions>
   </trkpt>
  </trkseg>
  <trkseg>
   <trkpt lat="46.5199610" lon="12.0087678">
    <ele>2113</ele>
    <time>2026-10-02T12:05:05Z</time>
    <extensions>
     <gpxdata:hr>98</gpxdata:hr>
     <gpxdata:distance>93.00</gpxdata:distance>
    </extensions>
   </trkpt>
   <trkpt lat="46.5199608" lon="12.0087728">
    <ele>2113</ele>
    <time>2026-10-02T12:05:06Z</time>
    <extensions>
     <gpxdata:hr>99</gpxdata:hr>
     <gpxdata:distance>93.00</gpxdata:distance>
    </extensions>
   </trkpt>
   <trkpt lat="46.5199621" lon="12.0087779">
    <ele>2113</ele>
    <time>2026-10-02T12:05:07Z</time>
    <extensions>
     <gpxdata:hr>100</gpxdata:hr>
     <gpxdata:distance>93.00</gpxdata:distance>
    </extensions>
   </trkpt>
   <trkpt lat="46.5199649" lon="12.0087840">
    <ele>2113</ele>
    <time>2026-10-02T12:05:08Z</time>
    <extensions>
     <gpxdata:hr>101</gpxdata:hr>
     <gpxdata:distance>94.00</gpxdata:distance>
    </extensions>
   </trkpt>
   <trkpt lat="46.5199694" lon="12.0087914">
    <ele>2113</ele>
    <time>2026-10-02T12:05:09Z</time>
    <extensions>
     <gpxdata:hr>101</gpxdata:hr>
     <gpxdata:distance>95.00</gpxdata:distance>
    </extensions>
   </trkpt>
   <trkpt lat="46.5199757" lon="12.0087997">
    <ele>2113</ele>
    <time>2026-10-02T12:05:10Z</time>
    <extensions>
     <gpxdata:hr>101</gpxdata:hr>
     <gpxdata:distance>96.00</gpxdata:distance>
     <gpxdata:speed>0.417</gpxdata:speed>
    </extensions>
   </trkpt>
   <trkpt lat="46.5199833" lon="12.0088088">
    <ele>2113</ele>
    <time>2026-10-02T12:05:11Z</time>
    <extensions>
     <gpxdata:hr>102</gpxdata:hr>
     <gpxdata:distance>97.00</gpxdata:distance>
     <gpxdata:speed>0.833</gpxdata:speed>
    </extensions>
   </trkpt>
   <trkpt lat="46.5199915" lon="12.0088185">
    <ele>2113</ele>
    <time>2026-10-02T12:05:12Z</time>
    <extensions>
     <gpxdata:hr>102</gpxdata:hr>
     <gpxdata:distance>98.00</gpxdata:distance>
     <gpxdata:speed>0.894</gpxdata:speed>
    </extensions>
   </trkpt>
   <trkpt lat="46.5200000" lon="12.0088285">
    <ele>2113</ele>
    <time>2026-10-02T12:05:13Z</time>
    <extensions>
     <gpxdata:hr>104</gpxdata:hr>
     <gpxdata:distance>99.00</gpxdata:distance>
     <gpxdata:speed>0.956</gpxdata:speed>
    </extensions>
   </trkpt>
   <trkpt lat="46.5200089" lon="12.0088385">
    <ele>2113</ele>
    <time>2026-10-02T12:05:14Z</time>
    <extensions>
     <gpxdata:hr>104</gpxdata:hr>
     <gpxdata:distance>100.50</gpxdata:distance>
     <gpxdata:speed>0.989</gpxdata:speed>
    </extensions>
   </trkpt>
   <trkpt lat="46.5200181" lon="12.0088485">
    <ele>2113</ele>
    <time>2026-10-02T12:05:15Z</time>
    <extensions>
     <gpxdata:hr>105</gpxdata:hr>
     <gpxdata:distance>102.00</gpxdata:distance>
     <gpxdata:speed>1.025</gpxdata:speed>
    </extensions>
   </trkpt>
   <trkpt lat="46.5200271" lon="12.0088586">
    <ele>2113</ele>
    <time>2026-10-02T12:05:16Z</time>
    <extensions>
     <gpxdata:hr>105</gpxdata:hr>
     <gpxdata:distance>103.00</gpxdata:distance>
     <gpxdata:speed>1.042</gpxdata:speed>
    </extensions>
   </trkpt>
   <trkpt lat="46.5200362" lon="12.0088691">
    <ele>2113</ele>
    <time>2026-10-02T12:05:17Z</time>
    <extensions>
     <gpxdata:hr>104</gpxdata:hr>
     <gpxdata:distance>104.00</gpxdata:distance>
     <gpxdata:speed>1.061</gpxdata:speed>
    </extensions>
   </trkpt>
   <trkpt lat="46.5200454" lon="12.0088800">
    <ele>2113</ele>
    <time>2026-10-02T12:05:18Z</time>
    <extensions>
     <gpxdata:hr>103</gpxdata:hr>
     <gpxdata:distance>105.50</gpxdata:distance>
     <gpxdata:speed>1.078</gpxdata:speed>
    </extensions>
   </trkpt>
   <trkpt lat="46.5200545" lon="12.0088913">
    <ele>2113</ele>
    <time>2026-10-02T12:05:19Z</time>
    <extensions>
     <gpxdata:hr>103</gpxdata:hr>
     <gpxdata:distance>107.00</gpxdata:distance>
     <gpxdata:speed>1.094</gpxdata:speed>
    </extensions>
   </trkpt>
   <trkpt lat="46.5200635" lon="12.0089026">
    <ele>2113</ele>
    <time>2026-10-02T12:05:20Z</time>
    <extensions>
     <gpxdata:hr>102</gpxdata:hr>
     <gpxdata:distance>108.00</gpxdata:distance>
     <gpxdata:speed>1.108</gpxdata:speed>
    </extensions>
   </trkpt>
   <trkpt lat="46.5200722" lon="12.0089138">
    <ele>2113</ele>
    <time>2026-10-02T12:05:21Z</time>
    <extensions>
     <gpxdata:hr>102</gpxdata:hr>
     <gpxdata:distance>109.00</gpxdata:distance>
     <gpxdata:speed>1.125</gpxdata:speed>
    </extensions>
   </trkpt>
   <trkpt lat="46.5200805" lon="12.0089246">
    <ele>2113</ele>
    <time>2026-10-02T12:05:22Z</time>
    <extensions>
     <gpxdata:hr>101</gpxdata:hr>
     <gpxdata:distance>110.50</gpxdata:distance>
     <gpxdata:speed>1.139</gpxdata:speed>
    </extensions>
   </trkpt>
   <trkpt lat="46.5200886" lon="12.0089351">
    <ele>2113</ele>
    <time>2026-10-02T12:05:23Z</time>
    <extensions>
     <gpxdata:hr>101</gpxdata:hr>
     <gpxdata:distance>112.00</gpxdata:distance>
     <gpxdata:speed>1.153</gpxdata:speed>
    </extensions>
   </trkpt>
   <trkpt lat="46.5200966" lon="12.0089451">
    <ele>2113</ele>
    <time>2026-10-02T12:05:24Z</time>
    <extensions>
     <gpxdata:hr>101</gpxdata:hr>
     <gpxdata:distance>113.00</gpxdata:distance>
     <gpxdata:speed>1.169</gpxdata:speed>
    </extensions>
   </trkpt>
   <trkpt lat="46.5201044" lon="12.0089536">
    <ele>2113</ele>
    <time>2026-10-02T12:05:25Z</time>
    <extensions>
     <gpxdata:hr>102</gpxdata:hr>
     <gpxdata:distance>114.00</gpxdata:distance>
     <gpxdata:speed>1.189</gpxdata:speed>
    </extensions>
   </trkpt>
   <trkpt lat="46.5201121" lon="12.0089607">
    <ele>2113</ele>
    <time>2026-10-02T12:05:26Z</time>
    <extensions>
     <gpxdata:hr>103</gpxdata:hr>
     <gpxdata:distance>115.00</gpxdata:distance>
     <gpxdata:speed>1.194</gpxdata:speed>
    </extensions>
   </trkpt>
   <trkpt lat="46.5201199" lon="12.0089671">
    <ele>2114</ele>
    <time>2026-10-02T12:05:27Z</time>
    <extensions>
     <gpxdata:hr>105</gpxdata:hr>
     <gpxdata:distance>116.00</gpxdata:distance>
     <gpxdata:speed>1.203</gpxdata:speed>
    </extensions>
   </trkpt>
   <trkpt lat="46.5201274" lon="12.0089735">
    <ele>2114</ele>
    <time>2026-10-02T12:05:28Z</time>
    <extensions>
     <gpxdata:hr>105</gpxdata:hr>
     <gpxdata:distance>117.00</gpxdata:distance>
     <gpxdata:speed>1.211</gpxdata:speed>
    </extensions>
   </trkpt>
   <trkpt lat="46.5201343" lon="12.0089806">
    <ele>2114</ele>
    <time>2026-10-02T12:05:29Z</time>
    <extensions>
     <gpxdata:hr>108</gpxdata:hr>
     <gpxdata:distance>118.00</gpxdata:distance>
     <gpxdata:speed>1.219</gpxdata:speed>
    </extensions>
   </trkpt>
   <trkpt lat="46.5201402" lon="12.0089881">
    <ele>2114</ele>
    <time>2026-10-02T12:05:30Z</time>
    <extensions>
     <gpxdata:hr>108</gpxdata:hr>
     <gpxdata:distance>118.50</gpxdata:distance>
     <gpxdata:speed>1.214</gpxdata:speed>
    </extensions>
   </trkpt>
  </trkseg>
  <trkseg>
   <trkpt lat="46.5201457" lon="12.0089936">
    <ele>2115</ele>
    <time>2026-10-02T12:05:56Z</time>
    <extensions>
     <gpxdata:hr>117</gpxdata:hr>
     <gpxdata:distance>119.00</gpxdata:distance>
    </extensions>
   </trkpt>
   <trkpt lat="46.5201505" lon="12.0089982">
    <ele>2115</ele>
    <time>2026-10-02T12:05:57Z</time>
    <extensions>
     <gpxdata:hr>116</gpxdata:hr>
     <gpxdata:distance>119.00</gpxdata:distance>
    </extensions>
   </trkpt>
   <trkpt lat="46.5201551" lon="12.0090024">
    <ele>2115</ele>
    <time>2026-10-02T12:05:58Z</time>
    <extensions>
     <gpxdata:hr>115</gpxdata:hr>
     <gpxdata:distance>119.00</gpxdata:distance>
     <gpxdata:speed>0.547</gpxdata:speed>
    </extensions>
   </trkpt>
   <trkpt lat="46.5201603" lon="12.0090071">
    <ele>2115</ele>
    <time>2026-10-02T12:05:59Z</time>
    <extensions>
     <gpxdata:hr>115</gpxdata:hr>
     <gpxdata:distance>119.00</gpxdata:distance>
     <gpxdata:speed>1.097</gpxdata:speed>
    </extensions>
   </trkpt>
   <trkpt lat="46.5201667" lon="12.0090136">
    <ele>2115</ele>
    <time>2026-10-02T12:06:00Z</time>
    <extensions>
     <gpxdata:hr>115</gpxdata:hr>
     <gpxdata:distance>121.50</gpxdata:distance>
     <gpxdata:speed>0.692</gpxdata:speed>
    </extensions>
   </trkpt>
   <trkpt lat="46.5201735" lon="12.0090218">
    <ele>2115</ele>
    <time>2026-10-02T12:06:01Z</time>
    <extensions>
     <gpxdata:hr>115</gpxdata:hr>
     <gpxdata:distance>124.00</gpxdata:distance>
     <gpxdata:speed>0.289</gpxdata:speed>
    </extensions>
   </trkpt>
   <trkpt lat="46.5201754" lon="12.0090243">
    <ele>2115</ele>
    <time>2026-10-02T12:06:02Z</time>
    <extensions>
     <gpxdata:hr>114</gpxdata:hr>
     <gpxdata:distance>124.50</gpxdata:distance>
     <gpxdata:speed>0.372</gpxdata:speed>
    </extensions>
   </trkpt>
   <trkpt lat="46.5201780" lon="12.0090276">
    <ele>2116</ele>
    <time>2026-10-02T12:06:03Z</time>
    <extensions>
     <gpxdata:hr>113</gpxdata:hr>
     <gpxdata:distance>125.00</gpxdata:distance>
     <gpxdata:speed>0.456</gpxdata:speed>
    </extensions>
   </trkpt>
   <trkpt lat="46.5201813" lon="12.0090318">
    <ele>2116</ele>
    <time>2026-10-02T12:06:04Z</time>
    <extensions>
     <gpxdata:hr>113</gpxdata:hr>
     <gpxdata:distance>125.00</gpxdata:distance>
     <gpxdata:speed>0.467</gpxdata:speed>
    </extensions>
   </trkpt>
   <trkpt lat="46.5201881" lon="12.0090397">
    <ele>2116</ele>
    <time>2026-10-02T12:06:05Z</time>
    <extensions>
     <gpxdata:hr>112</gpxdata:hr>
     <gpxdata:distance>125.00</gpxdata:distance>
     <gpxdata:speed>0.478</gpxdata:speed>
    </extensions>
   </trkpt>
   <trkpt lat="46.5201946" lon="12.0090467">
    <ele>2116</ele>
    <time>2026-10-02T12:06:06Z</time>
    <extensions>
     <gpxdata:hr>112</gpxdata:hr>
     <gpxdata:distance>125.00</gpxdata:distance>
     <gpxdata:speed>0.481</gpxdata:speed>
    </extensions>
   </trkpt>
   <trkpt lat="46.5202014" lon="12.0090539">
    <ele>2116</ele>
    <time>2026-10-02T12:06:07Z</time>
    <extensions>
     <gpxdata:hr>111</gpxdata:hr>
     <gpxdata:distance>125.00</gpxdata:distance>
     <gpxdata:speed>0.483</gpxdata:speed>
    </extensions>
   </trkpt>
   <trkpt lat="46.5202083" lon="12.0090609">
    <ele>2116</ele>
    <time>2026-10-02T12:06:08Z</time>
    <extensions>
     <gpxdata:hr>111</gpxdata:hr>
     <gpxdata:distance>127.00</gpxdata:distance>
     <gpxdata:speed>0.547</gpxdata:speed>
    </extensions>
   </trkpt>
   <trkpt lat="46.5202160" lon="12.0090675">
    <ele>2116</ele>
    <time>2026-10-02T12:06:09Z</time>
    <extensions>
     <gpxdata:hr>110</gpxdata:hr>
     <gpxdata:distance>129.00</gpxdata:distance>
     <gpxdata:speed>0.611</gpxdata:speed>
    </extensions>
   </trkpt>
   <trkpt lat="46.5202242" lon="12.0090739">
    <ele>2116</ele>
    <time>2026-10-02T12:06:10Z</time>
    <extensions>
     <gpxdata:hr>110</gpxdata:hr>
     <gpxdata:distance>130.00</gpxdata:distance>
     <gpxdata:speed>0.642</gpxdata:speed>
    </extensions>
   </trkpt>
   <trkpt lat="46.5202327" lon="12.0090806">
    <ele>2116</ele>
    <time>2026-10-02T12:06:11Z</time>
    <extensions>
     <gpxdata:hr>110</gpxdata:hr>
     <gpxdata:distance>131.00</gpxdata:distance>
     <gpxdata:speed>0.675</gpxdata:speed>
    </extensions>
   </trkpt>
   <trkpt lat="46.5202408" lon="12.0090881">
    <ele>2116</ele>
    <time>2026-10-02T12:06:12Z</time>
    <extensions>
     <gpxdata:hr>110</gpxdata:hr>
     <gpxdata:distance>132.00</gpxdata:distance>
     <gpxdata:speed>0.683</gpxdata:speed>
    </extensions>
   </trkpt>
   <trkpt lat="46.5202481" lon="12.0090952">
    <ele>2116</ele>
    <time>2026-10-02T12:06:13Z</time>
    <extensions>
     <gpxdata:hr>111</gpxdata:hr>
     <gpxdata:distance>133.00</gpxdata:distance>
     <gpxdata:speed>0.694</gpxdata:speed>
    </extensions>
   </trkpt>
   <trkpt lat="46.5202547" lon="12.0091009">
    <ele>2116</ele>
    <time>2026-10-02T12:06:14Z</time>
    <extensions>
     <gpxdata:hr>114</gpxdata:hr>
     <gpxdata:distance>134.00</gpxdata:distance>
     <gpxdata:speed>0.700</gpxdata:speed>
    </extensions>
   </trkpt>
   <trkpt lat="46.5202611" lon="12.0091058">
    <ele>2116</ele>
    <time>2026-10-02T12:06:15Z</time>
    <extensions>
     <gpxdata:hr>114</gpxdata:hr>
     <gpxdata:distance>135.00</gpxdata:distance>
     <gpxdata:speed>0.708</gpxdata:speed>
    </extensions>
   </trkpt>
   <trkpt lat="46.5202673" lon="12.0091109">
    <ele>2116</ele>
    <time>2026-10-02T12:06:16Z</time>
    <extensions>
     <gpxdata:hr>115</gpxdata:hr>
     <gpxdata:distance>135.50</gpxdata:distance>
     <gpxdata:speed>0.714</gpxdata:speed>
    </extensions>
   </trkpt>
   <trkpt lat="46.5202737" lon="12.0091168">
    <ele>2116</ele>
    <time>2026-10-02T12:06:17Z</time>
    <extensions>
     <gpxdata:hr>115</gpxdata:hr>
     <gpxdata:distance>136.00</gpxdata:distance>
     <gpxdata:speed>0.722</gpxdata:speed>
    </extensions>
   </trkpt>
   <trkpt lat="46.5202803" lon="12.0091236">
    <ele>2116</ele>
    <time>2026-10-02T12:06:18Z</time>
    <extensions>
     <gpxdata:hr>116</gpxdata:hr>
     <gpxdata:distance>137.00</gpxdata:distance>
     <gpxdata:speed>0.725</gpxdata:speed>
    </extensions>
   </trkpt>
   <trkpt lat="46.5202873" lon="12.0091308">
    <ele>2117</ele>
    <time>2026-10-02T12:06:19Z</time>
    <extensions>
     <gpxdata:hr>116</gpxdata:hr>
     <gpxdata:distance>138.00</gpxdata:distance>
     <gpxdata:speed>0.731</gpxdata:speed>
    </extensions>
   </trkpt>
   <trkpt lat="46.5202947" lon="12.0091376">
    <ele>2117</ele>
    <time>2026-10-02T12:06:20Z</time>
    <extensions>
     <gpxdata:hr>116</gpxdata:hr>
     <gpxdata:distance>139.00</gpxdata:distance>
     <gpxdata:speed>0.736</gpxdata:speed>
    </extensions>
   </trkpt>
   <trkpt lat="46.5203023" lon="12.0091443">
    <ele>2117</ele>
    <time>2026-10-02T12:06:21Z</time>
    <extensions>
     <gpxdata:hr>115</gpxdata:hr>
     <gpxdata:distance>140.00</gpxdata:distance>
     <gpxdata:speed>0.742</gpxdata:speed>
    </extensions>
   </trkpt>
   <trkpt lat="46.5203098" lon="12.0091516">
    <ele>2117</ele>
    <time>2026-10-02T12:06:22Z</time>
    <extensions>
     <gpxdata:hr>115</gpxdata:hr>
     <gpxdata:distance>141.00</gpxdata:distance>
     <gpxdata:speed>0.747</gpxdata:speed>
    </extensions>
   </trkpt>
   <trkpt lat="46.5203170" lon="12.0091597">
    <ele>2117</ele>
    <time>2026-10-02T12:06:23Z</time>
    <extensions>
     <gpxdata:hr>114</gpxdata:hr>
     <gpxdata:distance>142.00</gpxdata:distance>
     <gpxdata:speed>0.753</gpxdata:speed>
    </extensions>
   </trkpt>
   <trkpt lat="46.5203236" lon="12.0091688">
    <ele>2117</ele>
    <time>2026-10-02T12:06:24Z</time>
    <extensions>
     <gpxdata:hr>113</gpxdata:hr>
     <gpxdata:distance>143.50</gpxdata:distance>
     <gpxdata:speed>0.758</gpxdata:speed>
    </extensions>
   </trkpt>
   <trkpt lat="46.5203300" lon="12.0091787">
    <ele>2117</ele>
    <time>2026-10-02T12:06:25Z</time>
    <extensions>
     <gpxdata:hr>112</gpxdata:hr>
     <gpxdata:distance>145.00</gpxdata:distance>
     <gpxdata:speed>0.764</gpxdata:speed>
    </extensions>
   </trkpt>
   <trkpt lat="46.5203363" lon="12.0091890">
    <ele>2117</ele>
    <time>2026-10-02T12:06:26Z</time>
    <extensions>
     <gpxdata:hr>111</gpxdata:hr>
     <gpxdata:distance>146.00</gpxdata:distance>
     <gpxdata:speed>0.769</gpxdata:speed>
    </extensions>
   </trkpt>
   <trkpt lat="46.5203424" lon="12.0091992">
    <ele>2118</ele>
    <time>2026-10-02T12:06:27Z</time>
    <extensions>
     <gpxdata:hr>111</gpxdata:hr>
     <gpxdata:distance>147.00</gpxdata:distance>
     <gpxdata:speed>0.778</gpxdata:speed>
    </extensions>
   </trkpt>
   <trkpt lat="46.5203486" lon="12.0092085">
    <ele>2118</ele>
    <time>2026-10-02T12:06:28Z</time>
    <extensions>
     <gpxdata:hr>112</gpxdata:hr>
     <gpxdata:distance>147.50</gpxdata:distance>
     <gpxdata:speed>0.783</gpxdata:speed>
    </extensions>
   </trkpt>
   <trkpt lat="46.5203549" lon="12.0092173">
    <ele>2118</ele>
    <time>2026-10-02T12:06:29Z</time>
    <extensions>
     <gpxdata:hr>112</gpxdata:hr>
     <gpxdata:distance>148.00</gpxdata:distance>
     <gpxdata:speed>0.789</gpxdata:speed>
    </extensions>
   </trkpt>
   <trkpt lat="46.5203610" lon="12.0092257">
    <ele>2118</ele>
    <time>2026-10-02T12:06:30Z</time>
    <extensions>
     <gpxdata:hr>114</gpxdata:hr>
     <gpxdata:distance>149.00</gpxdata:distance>
     <gpxdata:speed>0.794</gpxdata:speed>
    </extensions>
   </trkpt>
   <trkpt lat="46.5203672" lon="12.0092331">
    <ele>2118</ele>
    <time>2026-10-02T12:06:31Z</time>
    <extensions>
     <gpxdata:hr>114</gpxdata:hr>
     <gpxdata:distance>150.00</gpxdata:distance>
     <gpxdata:speed>0.800</gpxdata:speed>
    </extensions>
   </trkpt>
   <trkpt lat="46.5203738" lon="12.0092395">
    <ele>2118</ele>
    <time>2026-10-02T12:06:32Z</time>
    <extensions>
     <gpxdata:hr>115</gpxdata:hr>
     <gpxdata:distance>151.00</gpxdata:distance>
     <gpxdata:speed>0.803</gpxdata:speed>
    </extensions>
   </trkpt>
   <trkpt lat="46.5203808" lon="12.0092458">
    <ele>2118</ele>
    <time>2026-10-02T12:06:33Z</time>
    <extensions>
     <gpxdata:hr>116</gpxdata:hr>
     <gpxdata:distance>152.00</gpxdata:distance>
     <gpxdata:speed>0.808</gpxdata:speed>
    </extensions>
   </trkpt>
   <trkpt lat="46.5203879" lon="12.0092529">
    <ele>2118</ele>
    <time>2026-10-02T12:06:34Z</time>
    <extensions>
     <gpxdata:hr>117</gpxdata:hr>
     <gpxdata:distance>153.00</gpxdata:distance>
     <gpxdata:speed>0.811</gpxdata:speed>
    </extensions>
   </trkpt>
   <trkpt lat="46.5203946" lon="12.0092605">
    <ele>2119</ele>
    <time>2026-10-02T12:06:35Z</time>
    <extensions>
     <gpxdata:hr>118</gpxdata:hr>
     <gpxdata:distance>154.00</gpxdata:distance>
     <gpxdata:speed>0.814</gpxdata:speed>
    </extensions>
   </trkpt>
   <trkpt lat="46.5204010" lon="12.0092681">
    <ele>2119</ele>
    <time>2026-10-02T12:06:36Z</time>
    <extensions>
     <gpxdata:hr>119</gpxdata:hr>
     <gpxdata:distance>155.00</gpxdata:distance>
     <gpxdata:speed>0.817</gpxdata:speed>
    </extensions>
   </trkpt>
   <trkpt lat="46.5204072" lon="12.0092751">
    <ele>2119</ele>
    <time>2026-10-02T12:06:37Z</time>
    <extensions>
     <gpxdata:hr>120</gpxdata:hr>
     <gpxdata:distance>156.00</gpxdata:distance>
     <gpxdata:speed>0.819</gpxdata:speed>
    </extensions>
   </trkpt>
   <trkpt lat="46.5204133" lon="12.0092813">
    <ele>2119</ele>
    <time>2026-10-02T12:06:38Z</time>
    <extensions>
     <gpxdata:hr>120</gpxdata:hr>
     <gpxdata:distance>156.50</gpxdata:distance>
     <gpxdata:speed>0.822</gpxdata:speed>
    </extensions>
   </trkpt>
   <trkpt lat="46.5204194" lon="12.0092871">
    <ele>2119</ele>
    <time>2026-10-02T12:06:39Z</time>
    <extensions>
     <gpxdata:hr>121</gpxdata:hr>
     <gpxdata:distance>157.00</gpxdata:distance>
     <gpxdata:speed>0.825</gpxdata:speed>
    </extensions>
   </trkpt>
   <trkpt lat="46.5204258" lon="12.0092924">
    <ele>2119</ele>
    <time>2026-10-02T12:06:40Z</time>
    <extensions>
     <gpxdata:hr>122</gpxdata:hr>
     <gpxdata:distance>158.00</gpxdata:distance>
     <gpxdata:speed>0.828</gpxdata:speed>
    </extensions>
   </trkpt>
   <trkpt lat="46.5204325" lon="12.0092976">
    <ele>2119</ele>
    <time>2026-10-02T12:06:41Z</time>
    <extensions>
     <gpxdata:hr>123</gpxdata:hr>
     <gpxdata:distance>159.00</gpxdata:distance>
     <gpxdata:speed>0.831</gpxdata:speed>
    </extensions>
   </trkpt>
   <trkpt lat="46.5204386" lon="12.0093031">
    <ele>2119</ele>
    <time>2026-10-02T12:06:42Z</time>
    <extensions>
     <gpxdata:hr>124</gpxdata:hr>
     <gpxdata:distance>159.50</gpxdata:distance>
     <gpxdata:speed>0.831</gpxdata:speed>
    </extensions>
   </trkpt>
  </trkseg>
  <trkseg>
   <trkpt lat="46.5204432" lon="12.0093101">
    <ele>2121</ele>
    <time>2026-10-02T12:06:53Z</time>
    <extensions>
     <gpxdata:hr>133</gpxdata:hr>
     <gpxdata:distance>160.00</gpxdata:distance>
    </extensions>
   </trkpt>
   <trkpt lat="46.5204468" lon="12.0093155">
    <ele>2121</ele>
    <time>2026-10-02T12:06:54Z</time>
    <extensions>
     <gpxdata:hr>134</gpxdata:hr>
     <gpxdata:distance>160.00</gpxdata:distance>
    </extensions>
   </trkpt>
   <trkpt lat="46.5204502" lon="12.0093203">
    <ele>2121</ele>
    <time>2026-10-02T12:06:55Z</time>
    <extensions>
     <gpxdata:hr>134</gpxdata:hr>
     <gpxdata:distance>160.00</gpxdata:distance>
    </extensions>
   </trkpt>
   <trkpt lat="46.5204542" lon="12.0093247">
    <ele>2121</ele>
    <time>2026-10-02T12:06:56Z</time>
    <extensions>
     <gpxdata:hr>136</gpxdata:hr>
     <gpxdata:distance>161.50</gpxdata:distance>
    </extensions>
   </trkpt>
   <trkpt lat="46.5204592" lon="12.0093289">
    <ele>2121</ele>
    <time>2026-10-02T12:06:57Z</time>
    <extensions>
     <gpxdata:hr>136</gpxdata:hr>
     <gpxdata:distance>163.00</gpxdata:distance>
    </extensions>
   </trkpt>
   <trkpt lat="46.5204659" lon="12.0093331">
    <ele>2121</ele>
    <time>2026-10-02T12:06:58Z</time>
    <extensions>
     <gpxdata:hr>137</gpxdata:hr>
     <gpxdata:distance>164.00</gpxdata:distance>
    </extensions>
   </trkpt>
   <trkpt lat="46.5204734" lon="12.0093378">
    <ele>2122</ele>
    <time>2026-10-02T12:06:59Z</time>
    <extensions>
     <gpxdata:hr>137</gpxdata:hr>
     <gpxdata:distance>165.00</gpxdata:distance>
    </extensions>
   </trkpt>
  </trkseg>
  <trkseg>
   <trkpt lat="46.5204800" lon="12.0093457">
    <ele>2123</ele>
    <time>2026-10-02T12:07:09Z</time>
    <extensions>
     <gpxdata:hr>130</gpxdata:hr>
     <gpxdata:distance>166.00</gpxdata:distance>
    </extensions>
   </trkpt>
   <trkpt lat="46.5204849" lon="12.0093511">
    <ele>2123</ele>
    <time>2026-10-02T12:07:10Z</time>
    <extensions>
     <gpxdata:hr>130</gpxdata:hr>
     <gpxdata:distance>166.00</gpxdata:distance>
    </extensions>
   </trkpt>
   <trkpt lat="46.5204896" lon="12.0093553">
    <ele>2123</ele>
    <time>2026-10-02T12:07:11Z</time>
    <extensions>
     <gpxdata:hr>131</gpxdata:hr>
     <gpxdata:distance>166.00</gpxdata:distance>
    </extensions>
   </trkpt>
   <trkpt lat="46.5204946" lon="12.0093595">
    <ele>2123</ele>
    <time>2026-10-02T12:07:12Z</time>
    <extensions>
     <gpxdata:hr>131</gpxdata:hr>
     <gpxdata:distance>167.50</gpxdata:distance>
    </extensions>
   </trkpt>
   <trkpt lat="46.5205002" lon="12.0093642">
    <ele>2123</ele>
    <time>2026-10-02T12:07:13Z</time>
    <extensions>
     <gpxdata:hr>132</gpxdata:hr>
     <gpxdata:distance>169.00</gpxdata:distance>
    </extensions>
   </trkpt>
   <trkpt lat="46.5205062" lon="12.0093693">
    <ele>2123</ele>
    <time>2026-10-02T12:07:14Z</time>
    <extensions>
     <gpxdata:hr>132</gpxdata:hr>
     <gpxdata:distance>169.50</gpxdata:distance>
    </extensions>
   </trkpt>
   <trkpt lat="46.5205125" lon="12.0093748">
    <ele>2123</ele>
    <time>2026-10-02T12:07:15Z</time>
    <extensions>
     <gpxdata:hr>132</gpxdata:hr>
     <gpxdata:distance>170.00</gpxdata:distance>
    </extensions>
   </trkpt>
   <trkpt lat="46.5205194" lon="12.0093802">
    <ele>2123</ele>
    <time>2026-10-02T12:07:16Z</time>
    <extensions>
     <gpxdata:hr>132</gpxdata:hr>
     <gpxdata:distance>171.00</gpxdata:distance>
    </extensions>
   </trkpt>
   <trkpt lat="46.5205269" lon="12.0093856">
    <ele>2123</ele>
    <time>2026-10-02T12:07:17Z</time>
    <extensions>
     <gpxdata:hr>132</gpxdata:hr>
     <gpxdata:distance>172.00</gpxdata:distance>
    </extensions>
   </trkpt>
   <trkpt lat="46.5205350" lon="12.0093909">
    <ele>2123</ele>
    <time>2026-10-02T12:07:18Z</time>
    <extensions>
     <gpxdata:hr>132</gpxdata:hr>
     <gpxdata:distance>173.00</gpxdata:distance>
    </extensions>
   </trkpt>
   <trkpt lat="46.5205433" lon="12.0093967">
    <ele>2124</ele>
    <time>2026-10-02T12:07:19Z</time>
    <extensions>
     <gpxdata:hr>132</gpxdata:hr>
     <gpxdata:distance>174.00</gpxdata:distance>
    </extensions>
   </trkpt>
   <trkpt lat="46.5205512" lon="12.0094029">
    <ele>2124</ele>
    <time>2026-10-02T12:07:20Z</time>
    <extensions>
     <gpxdata:hr>132</gpxdata:hr>
     <gpxdata:distance>175.00</gpxdata:distance>
    </extensions>
   </trkpt>
   <trkpt lat="46.5205585" lon="12.0094090">
    <ele>2124</ele>
    <time>2026-10-02T12:07:21Z</time>
    <extensions>
     <gpxdata:hr>132</gpxdata:hr>
     <gpxdata:distance>176.00</gpxdata:distance>
    </extensions>
   </trkpt>
   <trkpt lat="46.5205656" lon="12.0094154">
    <ele>2124</ele>
    <time>2026-10-02T12:07:22Z</time>
    <extensions>
     <gpxdata:hr>132</gpxdata:hr>
     <gpxdata:distance>176.50</gpxdata:distance>
     <gpxdata:speed>0.422</gpxdata:speed>
    </extensions>
   </trkpt>
   <trkpt lat="46.5205726" lon="12.0094217">
    <ele>2125</ele>
    <time>2026-10-02T12:07:23Z</time>
    <extensions>
     <gpxdata:hr>132</gpxdata:hr>
     <gpxdata:distance>177.00</gpxdata:distance>
     <gpxdata:speed>0.844</gpxdata:speed>
    </extensions>
   </trkpt>
   <trkpt lat="46.5205796" lon="12.0094280">
    <ele>2125</ele>
    <time>2026-10-02T12:07:24Z</time>
    <extensions>
     <gpxdata:hr>132</gpxdata:hr>
     <gpxdata:distance>178.00</gpxdata:distance>
     <gpxdata:speed>0.847</gpxdata:speed>
    </extensions>
   </trkpt>
   <trkpt lat="46.5205867" lon="12.0094341">
    <ele>2125</ele>
    <time>2026-10-02T12:07:25Z</time>
    <extensions>
     <gpxdata:hr>132</gpxdata:hr>
     <gpxdata:distance>179.00</gpxdata:distance>
     <gpxdata:speed>0.853</gpxdata:speed>
    </extensions>
   </trkpt>
   <trkpt lat="46.5205936" lon="12.0094398">
    <ele>2125</ele>
    <time>2026-10-02T12:07:26Z</time>
    <extensions>
     <gpxdata:hr>132</gpxdata:hr>
     <gpxdata:distance>180.00</gpxdata:distance>
     <gpxdata:speed>0.856</gpxdata:speed>
    </extensions>
   </trkpt>
   <trkpt lat="46.5206001" lon="12.0094468">
    <ele>2126</ele>
    <time>2026-10-02T12:07:27Z</time>
    <extensions>
     <gpxdata:hr>132</gpxdata:hr>
     <gpxdata:distance>181.00</gpxdata:distance>
     <gpxdata:speed>0.858</gpxdata:speed>
    </extensions>
   </trkpt>
   <trkpt lat="46.5206057" lon="12.0094549">
    <ele>2126</ele>
    <time>2026-10-02T12:07:28Z</time>
    <extensions>
     <gpxdata:hr>132</gpxdata:hr>
     <gpxdata:distance>182.00</gpxdata:distance>
     <gpxdata:speed>0.872</gpxdata:speed>
    </extensions>
   </trkpt>
   <trkpt lat="46.5206104" lon="12.0094636">
    <ele>2126</ele>
    <time>2026-10-02T12:07:29Z</time>
    <extensions>
     <gpxdata:hr>132</gpxdata:hr>
     <gpxdata:distance>183.00</gpxdata:distance>
     <gpxdata:speed>0.886</gpxdata:speed>
    </extensions>
   </trkpt>
   <trkpt lat="46.5206147" lon="12.0094728">
    <ele>2126</ele>
    <time>2026-10-02T12:07:30Z</time>
    <extensions>
     <gpxdata:hr>132</gpxdata:hr>
     <gpxdata:distance>183.50</gpxdata:distance>
     <gpxdata:speed>0.889</gpxdata:speed>
    </extensions>
   </trkpt>
   <trkpt lat="46.5206185" lon="12.0094824">
    <ele>2127</ele>
    <time>2026-10-02T12:07:31Z</time>
    <extensions>
     <gpxdata:hr>132</gpxdata:hr>
     <gpxdata:distance>184.00</gpxdata:distance>
     <gpxdata:speed>0.892</gpxdata:speed>
    </extensions>
   </trkpt>
   <trkpt lat="46.5206218" lon="12.0094916">
    <ele>2127</ele>
    <time>2026-10-02T12:07:32Z</time>
    <extensions>
     <gpxdata:hr>132</gpxdata:hr>
     <gpxdata:distance>185.00</gpxdata:distance>
     <gpxdata:speed>0.886</gpxdata:speed>
    </extensions>
   </trkpt>
   <trkpt lat="46.5206252" lon="12.0095005">
    <ele>2127</ele>
    <time>2026-10-02T12:07:33Z</time>
    <extensions>
     <gpxdata:hr>132</gpxdata:hr>
     <gpxdata:distance>186.00</gpxdata:distance>
     <gpxdata:speed>0.883</gpxdata:speed>
    </extensions>
   </trkpt>
   <trkpt lat="46.5206286" lon="12.0095094">
    <ele>2127</ele>
    <time>2026-10-02T12:07:34Z</time>
    <extensions>
     <gpxdata:hr>133</gpxdata:hr>
     <gpxdata:distance>187.00</gpxdata:distance>
     <gpxdata:speed>0.878</gpxdata:speed>
    </extensions>
   </trkpt>
   <trkpt lat="46.5206318" lon="12.0095190">
    <ele>2127</ele>
    <time>2026-10-02T12:07:35Z</time>
    <extensions>
     <gpxdata:hr>133</gpxdata:hr>
     <gpxdata:distance>188.00</gpxdata:distance>
     <gpxdata:speed>0.875</gpxdata:speed>
    </extensions>
   </trkpt>
   <trkpt lat="46.5206349" lon="12.0095298">
    <ele>2127</ele>
    <time>2026-10-02T12:07:36Z</time>
    <extensions>
     <gpxdata:hr>133</gpxdata:hr>
     <gpxdata:distance>189.00</gpxdata:distance>
     <gpxdata:speed>0.872</gpxdata:speed>
    </extensions>
   </trkpt>
   <trkpt lat="46.5206381" lon="12.0095418">
    <ele>2127</ele>
    <time>2026-10-02T12:07:37Z</time>
    <extensions>
     <gpxdata:hr>134</gpxdata:hr>
     <gpxdata:distance>190.00</gpxdata:distance>
     <gpxdata:speed>0.872</gpxdata:speed>
    </extensions>
   </trkpt>
   <trkpt lat="46.5206415" lon="12.0095545">
    <ele>2127</ele>
    <time>2026-10-02T12:07:38Z</time>
    <extensions>
     <gpxdata:hr>135</gpxdata:hr>
     <gpxdata:distance>191.00</gpxdata:distance>
     <gpxdata:speed>0.872</gpxdata:speed>
    </extensions>
   </trkpt>
   <trkpt lat="46.5206451" lon="12.0095676">
    <ele>2128</ele>
    <time>2026-10-02T12:07:39Z</time>
    <extensions>
     <gpxdata:hr>137</gpxdata:hr>
     <gpxdata:distance>192.00</gpxdata:distance>
     <gpxdata:speed>0.872</gpxdata:speed>
    </extensions>
   </trkpt>
   <trkpt lat="46.5206482" lon="12.0095813">
    <ele>2128</ele>
    <time>2026-10-02T12:07:40Z</time>
    <extensions>
     <gpxdata:hr>138</gpxdata:hr>
     <gpxdata:distance>193.00</gpxdata:distance>
     <gpxdata:speed>0.878</gpxdata:speed>
    </extensions>
   </trkpt>
   <trkpt lat="46.5206507" lon="12.0095955">
    <ele>2128</ele>
    <time>2026-10-02T12:07:41Z</time>
    <extensions>
     <gpxdata:hr>139</gpxdata:hr>
     <gpxdata:distance>194.00</gpxdata:distance>
     <gpxdata:speed>0.883</gpxdata:speed>
    </extensions>
   </trkpt>
   <trkpt lat="46.5206528" lon="12.0096096">
    <ele>2128</ele>
    <time>2026-10-02T12:07:42Z</time>
    <extensions>
     <gpxdata:hr>140</gpxdata:hr>
     <gpxdata:distance>195.00</gpxdata:distance>
     <gpxdata:speed>0.889</gpxdata:speed>
    </extensions>
   </trkpt>
   <trkpt lat="46.5206552" lon="12.0096229">
    <ele>2129</ele>
    <time>2026-10-02T12:07:43Z</time>
    <extensions>
     <gpxdata:hr>140</gpxdata:hr>
     <gpxdata:distance>196.00</gpxdata:distance>
     <gpxdata:speed>0.894</gpxdata:speed>
    </extensions>
   </trkpt>
   <trkpt lat="46.5206574" lon="12.0096336">
    <ele>2129</ele>
    <time>2026-10-02T12:07:44Z</time>
    <extensions>
     <gpxdata:hr>141</gpxdata:hr>
     <gpxdata:distance>196.50</gpxdata:distance>
     <gpxdata:speed>0.900</gpxdata:speed>
    </extensions>
   </trkpt>
   <trkpt lat="46.5206594" lon="12.0096426">
    <ele>2129</ele>
    <time>2026-10-02T12:07:45Z</time>
    <extensions>
     <gpxdata:hr>141</gpxdata:hr>
     <gpxdata:distance>197.00</gpxdata:distance>
     <gpxdata:speed>0.906</gpxdata:speed>
    </extensions>
   </trkpt>
   <trkpt lat="46.5206623" lon="12.0096502">
    <ele>2129</ele>
    <time>2026-10-02T12:07:46Z</time>
    <extensions>
     <gpxdata:hr>142</gpxdata:hr>
     <gpxdata:distance>197.00</gpxdata:distance>
     <gpxdata:speed>0.917</gpxdata:speed>
    </extensions>
   </trkpt>
   <trkpt lat="46.5206666" lon="12.0096564">
    <ele>2130</ele>
    <time>2026-10-02T12:07:47Z</time>
    <extensions>
     <gpxdata:hr>143</gpxdata:hr>
     <gpxdata:distance>197.00</gpxdata:distance>
     <gpxdata:speed>0.928</gpxdata:speed>
    </extensions>
   </trkpt>
   <trkpt lat="46.5206723" lon="12.0096614">
    <ele>2130</ele>
    <time>2026-10-02T12:07:48Z</time>
    <extensions>
     <gpxdata:hr>144</gpxdata:hr>
     <gpxdata:distance>199.00</gpxdata:distance>
     <gpxdata:speed>0.922</gpxdata:speed>
    </extensions>
   </trkpt>
   <trkpt lat="46.5206793" lon="12.0096647">
    <ele>2130</ele>
    <time>2026-10-02T12:07:49Z</time>
    <extensions>
     <gpxdata:hr>145</gpxdata:hr>
     <gpxdata:distance>201.00</gpxdata:distance>
     <gpxdata:speed>0.919</gpxdata:speed>
    </extensions>
   </trkpt>
   <trkpt lat="46.5206872" lon="12.0096666">
    <ele>2130</ele>
    <time>2026-10-02T12:07:50Z</time>
    <extensions>
     <gpxdata:hr>147</gpxdata:hr>
     <gpxdata:distance>202.00</gpxdata:distance>
     <gpxdata:speed>0.917</gpxdata:speed>
    </extensions>
   </trkpt>
   <trkpt lat="46.5206954" lon="12.0096673">
    <ele>2131</ele>
    <time>2026-10-02T12:07:51Z</time>
    <extensions>
     <gpxdata:hr>149</gpxdata:hr>
     <gpxdata:distance>203.00</gpxdata:distance>
     <gpxdata:speed>0.917</gpxdata:speed>
    </extensions>
   </trkpt>
   <trkpt lat="46.5207032" lon="12.0096671">
    <ele>2131</ele>
    <time>2026-10-02T12:07:52Z</time>
    <extensions>
     <gpxdata:hr>149</gpxdata:hr>
     <gpxdata:distance>203.50</gpxdata:distance>
     <gpxdata:speed>0.917</gpxdata:speed>
    </extensions>
   </trkpt>
   <trkpt lat="46.5207110" lon="12.0096661">
    <ele>2131</ele>
    <time>2026-10-02T12:07:53Z</time>
    <extensions>
     <gpxdata:hr>149</gpxdata:hr>
     <gpxdata:distance>204.00</gpxdata:distance>
     <gpxdata:speed>0.917</gpxdata:speed>
    </extensions>
   </trkpt>
   <trkpt lat="46.5207189" lon="12.0096645">
    <ele>2131</ele>
    <time>2026-10-02T12:07:54Z</time>
    <extensions>
     <gpxdata:hr>150</gpxdata:hr>
     <gpxdata:distance>205.00</gpxdata:distance>
     <gpxdata:speed>0.914</gpxdata:speed>
    </extensions>
   </trkpt>
   <trkpt lat="46.5207265" lon="12.0096635">
    <ele>2132</ele>
    <time>2026-10-02T12:07:55Z</time>
    <extensions>
     <gpxdata:hr>150</gpxdata:hr>
     <gpxdata:distance>206.00</gpxdata:distance>
     <gpxdata:speed>0.914</gpxdata:speed>
    </extensions>
   </trkpt>
   <trkpt lat="46.5207336" lon="12.0096644">
    <ele>2132</ele>
    <time>2026-10-02T12:07:56Z</time>
    <extensions>
     <gpxdata:hr>151</gpxdata:hr>
     <gpxdata:distance>206.50</gpxdata:distance>
     <gpxdata:speed>0.908</gpxdata:speed>
    </extensions>
   </trkpt>
   <trkpt lat="46.5207406" lon="12.0096671">
    <ele>2132</ele>
    <time>2026-10-02T12:07:57Z</time>
    <extensions>
     <gpxdata:hr>152</gpxdata:hr>
     <gpxdata:distance>207.00</gpxdata:distance>
     <gpxdata:speed>0.903</gpxdata:speed>
    </extensions>
   </trkpt>
   <trkpt lat="46.5207475" lon="12.0096709">
    <ele>2132</ele>
    <time>2026-10-02T12:07:58Z</time>
    <extensions>
     <gpxdata:hr>152</gpxdata:hr>
     <gpxdata:distance>208.00</gpxdata:distance>
     <gpxdata:speed>0.900</gpxdata:speed>
    </extensions>
   </trkpt>
   <trkpt lat="46.5207543" lon="12.0096760">
    <ele>2132</ele>
    <time>2026-10-02T12:07:59Z</time>
    <extensions>
     <gpxdata:hr>152</gpxdata:hr>
     <gpxdata:distance>209.00</gpxdata:distance>
     <gpxdata:speed>0.897</gpxdata:speed>
    </extensions>
   </trkpt>
   <trkpt lat="46.5207597" lon="12.0096835">
    <ele>2132</ele>
    <time>2026-10-02T12:08:00Z</time>
    <extensions>
     <gpxdata:hr>152</gpxdata:hr>
     <gpxdata:distance>210.00</gpxdata:distance>
     <gpxdata:speed>0.894</gpxdata:speed>
    </extensions>
   </trkpt>
  </trkseg>
  <trkseg>
   <trkpt lat="46.5207615" lon="12.0096931">
    <ele>2134</ele>
    <time>2026-10-02T12:08:13Z</time>
    <extensions>
     <gpxdata:hr>155</gpxdata:hr>
     <gpxdata:distance>211.00</gpxdata:distance>
    </extensions>
   </trkpt>
   <trkpt lat="46.5207629" lon="12.0096999">
    <ele>2134</ele>
    <time>2026-10-02T12:08:14Z</time>
    <extensions>
     <gpxdata:hr>155</gpxdata:hr>
     <gpxdata:distance>211.00</gpxdata:distance>
    </extensions>
   </trkpt>
   <trkpt lat="46.5207650" lon="12.0097054">
    <ele>2135</ele>
    <time>2026-10-02T12:08:15Z</time>
    <extensions>
     <gpxdata:hr>156</gpxdata:hr>
     <gpxdata:distance>211.00</gpxdata:distance>
    </extensions>
   </trkpt>
   <trkpt lat="46.5207681" lon="12.0097096">
    <ele>2135</ele>
    <time>2026-10-02T12:08:16Z</time>
    <extensions>
     <gpxdata:hr>156</gpxdata:hr>
     <gpxdata:distance>212.00</gpxdata:distance>
    </extensions>
   </trkpt>
   <trkpt lat="46.5207729" lon="12.0097127">
    <ele>2135</ele>
    <time>2026-10-02T12:08:17Z</time>
    <extensions>
     <gpxdata:hr>157</gpxdata:hr>
     <gpxdata:distance>213.00</gpxdata:distance>
    </extensions>
   </trkpt>
   <trkpt lat="46.5207792" lon="12.0097156">
    <ele>2135</ele>
    <time>2026-10-02T12:08:18Z</time>
    <extensions>
     <gpxdata:hr>156</gpxdata:hr>
     <gpxdata:distance>214.00</gpxdata:distance>
    </extensions>
   </trkpt>
   <trkpt lat="46.5207866" lon="12.0097190">
    <ele>2135</ele>
    <time>2026-10-02T12:08:19Z</time>
    <extensions>
     <gpxdata:hr>156</gpxdata:hr>
     <gpxdata:distance>215.00</gpxdata:distance>
    </extensions>
   </trkpt>
   <trkpt lat="46.5207943" lon="12.0097236">
    <ele>2135</ele>
    <time>2026-10-02T12:08:20Z</time>
    <extensions>
     <gpxdata:hr>156</gpxdata:hr>
     <gpxdata:distance>215.50</gpxdata:distance>
    </extensions>
   </trkpt>
   <trkpt lat="46.5208016" lon="12.0097291">
    <ele>2135</ele>
    <time>2026-10-02T12:08:21Z</time>
    <extensions>
     <gpxdata:hr>156</gpxdata:hr>
     <gpxdata:distance>216.00</gpxdata:distance>
    </extensions>
   </trkpt>
   <trkpt lat="46.5208087" lon="12.0097343">
    <ele>2135</ele>
    <time>2026-10-02T12:08:22Z</time>
    <extensions>
     <gpxdata:hr>155</gpxdata:hr>
     <gpxdata:distance>217.00</gpxdata:distance>
    </extensions>
   </trkpt>
   <trkpt lat="46.5208155" lon="12.0097390">
    <ele>2135</ele>
    <time>2026-10-02T12:08:23Z</time>
    <extensions>
     <gpxdata:hr>155</gpxdata:hr>
     <gpxdata:distance>218.00</gpxdata:distance>
    </extensions>
   </trkpt>
   <trkpt lat="46.5208225" lon="12.0097430">
    <ele>2135</ele>
    <time>2026-10-02T12:08:24Z</time>
    <extensions>
     <gpxdata:hr>154</gpxdata:hr>
     <gpxdata:distance>219.00</gpxdata:distance>
    </extensions>
   </trkpt>
   <trkpt lat="46.5208295" lon="12.0097461">
    <ele>2135</ele>
    <time>2026-10-02T12:08:25Z</time>
    <extensions>
     <gpxdata:hr>153</gpxdata:hr>
     <gpxdata:distance>220.00</gpxdata:distance>
    </extensions>
   </trkpt>
   <trkpt lat="46.5208365" lon="12.0097486">
    <ele>2135</ele>
    <time>2026-10-02T12:08:26Z</time>
    <extensions>
     <gpxdata:hr>153</gpxdata:hr>
     <gpxdata:distance>220.50</gpxdata:distance>
    </extensions>
   </trkpt>
   <trkpt lat="46.5208436" lon="12.0097505">
    <ele>2136</ele>
    <time>2026-10-02T12:08:27Z</time>
    <extensions>
     <gpxdata:hr>151</gpxdata:hr>
     <gpxdata:distance>221.00</gpxdata:distance>
    </extensions>
   </trkpt>
   <trkpt lat="46.5208520" lon="12.0097524">
    <ele>2136</ele>
    <time>2026-10-02T12:08:28Z</time>
    <extensions>
     <gpxdata:hr>150</gpxdata:hr>
     <gpxdata:distance>221.50</gpxdata:distance>
    </extensions>
   </trkpt>
   <trkpt lat="46.5208593" lon="12.0097541">
    <ele>2136</ele>
    <time>2026-10-02T12:08:29Z</time>
    <extensions>
     <gpxdata:hr>150</gpxdata:hr>
     <gpxdata:distance>222.00</gpxdata:distance>
    </extensions>
   </trkpt>
   <trkpt lat="46.5208661" lon="12.0097550">
    <ele>2136</ele>
    <time>2026-10-02T12:08:30Z</time>
    <extensions>
     <gpxdata:hr>149</gpxdata:hr>
     <gpxdata:distance>222.50</gpxdata:distance>
    </extensions>
   </trkpt>
   <trkpt lat="46.5208727" lon="12.0097554">
    <ele>2137</ele>
    <time>2026-10-02T12:08:31Z</time>
    <extensions>
     <gpxdata:hr>148</gpxdata:hr>
     <gpxdata:distance>223.00</gpxdata:distance>
    </extensions>
   </trkpt>
   <trkpt lat="46.5208792" lon="12.0097553">
    <ele>2137</ele>
    <time>2026-10-02T12:08:32Z</time>
    <extensions>
     <gpxdata:hr>148</gpxdata:hr>
     <gpxdata:distance>224.00</gpxdata:distance>
    </extensions>
   </trkpt>
   <trkpt lat="46.5208857" lon="12.0097538">
    <ele>2137</ele>
    <time>2026-10-02T12:08:33Z</time>
    <extensions>
     <gpxdata:hr>149</gpxdata:hr>
     <gpxdata:distance>225.00</gpxdata:distance>
    </extensions>
   </trkpt>
   <trkpt lat="46.5208922" lon="12.0097507">
    <ele>2137</ele>
    <time>2026-10-02T12:08:34Z</time>
    <extensions>
     <gpxdata:hr>149</gpxdata:hr>
     <gpxdata:distance>226.00</gpxdata:distance>
    </extensions>
   </trkpt>
   <trkpt lat="46.5208991" lon="12.0097465">
    <ele>2137</ele>
    <time>2026-10-02T12:08:35Z</time>
    <extensions>
     <gpxdata:hr>149</gpxdata:hr>
     <gpxdata:distance>227.00</gpxdata:distance>
    </extensions>
   </trkpt>
   <trkpt lat="46.5209061" lon="12.0097423">
    <ele>2137</ele>
    <time>2026-10-02T12:08:36Z</time>
    <extensions>
     <gpxdata:hr>149</gpxdata:hr>
     <gpxdata:distance>228.00</gpxdata:distance>
    </extensions>
   </trkpt>
   <trkpt lat="46.5209132" lon="12.0097390">
    <ele>2137</ele>
    <time>2026-10-02T12:08:37Z</time>
    <extensions>
     <gpxdata:hr>149</gpxdata:hr>
     <gpxdata:distance>229.00</gpxdata:distance>
    </extensions>
   </trkpt>
   <trkpt lat="46.5209204" lon="12.0097367">
    <ele>2137</ele>
    <time>2026-10-02T12:08:38Z</time>
    <extensions>
     <gpxdata:hr>149</gpxdata:hr>
     <gpxdata:distance>229.50</gpxdata:distance>
    </extensions>
   </trkpt>
   <trkpt lat="46.5209275" lon="12.0097343">
    <ele>2138</ele>
    <time>2026-10-02T12:08:39Z</time>
    <extensions>
     <gpxdata:hr>149</gpxdata:hr>
     <gpxdata:distance>230.00</gpxdata:distance>
    </extensions>
   </trkpt>
   <trkpt lat="46.5209347" lon="12.0097315">
    <ele>2138</ele>
    <time>2026-10-02T12:08:40Z</time>
    <extensions>
     <gpxdata:hr>149</gpxdata:hr>
     <gpxdata:distance>231.00</gpxdata:distance>
     <gpxdata:speed>0.364</gpxdata:speed>
    </extensions>
   </trkpt>
   <trkpt lat="46.5209420" lon="12.0097287">
    <ele>2138</ele>
    <time>2026-10-02T12:08:41Z</time>
    <extensions>
     <gpxdata:hr>149</gpxdata:hr>
     <gpxdata:distance>232.00</gpxdata:distance>
     <gpxdata:speed>0.731</gpxdata:speed>
    </extensions>
   </trkpt>
   <trkpt lat="46.5209493" lon="12.0097271">
    <ele>2138</ele>
    <time>2026-10-02T12:08:42Z</time>
    <extensions>
     <gpxdata:hr>149</gpxdata:hr>
     <gpxdata:distance>232.50</gpxdata:distance>
     <gpxdata:speed>0.750</gpxdata:speed>
    </extensions>
   </trkpt>
   <trkpt lat="46.5209559" lon="12.0097272">
    <ele>2139</ele>
    <time>2026-10-02T12:08:43Z</time>
    <extensions>
     <gpxdata:hr>149</gpxdata:hr>
     <gpxdata:distance>233.00</gpxdata:distance>
     <gpxdata:speed>0.769</gpxdata:speed>
    </extensions>
   </trkpt>
   <trkpt lat="46.5209619" lon="12.0097291">
    <ele>2139</ele>
    <time>2026-10-02T12:08:44Z</time>
    <extensions>
     <gpxdata:hr>149</gpxdata:hr>
     <gpxdata:distance>234.00</gpxdata:distance>
     <gpxdata:speed>0.778</gpxdata:speed>
    </extensions>
   </trkpt>
   <trkpt lat="46.5209676" lon="12.0097320">
    <ele>2139</ele>
    <time>2026-10-02T12:08:45Z</time>
    <extensions>
     <gpxdata:hr>149</gpxdata:hr>
     <gpxdata:distance>235.00</gpxdata:distance>
     <gpxdata:speed>0.789</gpxdata:speed>
    </extensions>
   </trkpt>
   <trkpt lat="46.5209738" lon="12.0097353">
    <ele>2139</ele>
    <time>2026-10-02T12:08:46Z</time>
    <extensions>
     <gpxdata:hr>150</gpxdata:hr>
     <gpxdata:distance>235.50</gpxdata:distance>
     <gpxdata:speed>0.792</gpxdata:speed>
    </extensions>
   </trkpt>
   <trkpt lat="46.5209805" lon="12.0097385">
    <ele>2139</ele>
    <time>2026-10-02T12:08:47Z</time>
    <extensions>
     <gpxdata:hr>150</gpxdata:hr>
     <gpxdata:distance>236.00</gpxdata:distance>
     <gpxdata:speed>0.797</gpxdata:speed>
    </extensions>
   </trkpt>
   <trkpt lat="46.5209879" lon="12.0097414">
    <ele>2139</ele>
    <time>2026-10-02T12:08:48Z</time>
    <extensions>
     <gpxdata:hr>150</gpxdata:hr>
     <gpxdata:distance>237.00</gpxdata:distance>
     <gpxdata:speed>0.800</gpxdata:speed>
    </extensions>
   </trkpt>
   <trkpt lat="46.5209958" lon="12.0097441">
    <ele>2139</ele>
    <time>2026-10-02T12:08:49Z</time>
    <extensions>
     <gpxdata:hr>150</gpxdata:hr>
     <gpxdata:distance>238.00</gpxdata:distance>
     <gpxdata:speed>0.803</gpxdata:speed>
    </extensions>
   </trkpt>
   <trkpt lat="46.5210039" lon="12.0097472">
    <ele>2139</ele>
    <time>2026-10-02T12:08:50Z</time>
    <extensions>
     <gpxdata:hr>150</gpxdata:hr>
     <gpxdata:distance>239.00</gpxdata:distance>
     <gpxdata:speed>0.811</gpxdata:speed>
    </extensions>
   </trkpt>
   <trkpt lat="46.5210120" lon="12.0097512">
    <ele>2140</ele>
    <time>2026-10-02T12:08:51Z</time>
    <extensions>
     <gpxdata:hr>150</gpxdata:hr>
     <gpxdata:distance>240.00</gpxdata:distance>
     <gpxdata:speed>0.822</gpxdata:speed>
    </extensions>
   </trkpt>
   <trkpt lat="46.5210202" lon="12.0097555">
    <ele>2140</ele>
    <time>2026-10-02T12:08:52Z</time>
    <extensions>
     <gpxdata:hr>150</gpxdata:hr>
     <gpxdata:distance>241.00</gpxdata:distance>
     <gpxdata:speed>0.833</gpxdata:speed>
    </extensions>
   </trkpt>
   <trkpt lat="46.5210287" lon="12.0097598">
    <ele>2140</ele>
    <time>2026-10-02T12:08:53Z</time>
    <extensions>
     <gpxdata:hr>151</gpxdata:hr>
     <gpxdata:distance>242.00</gpxdata:distance>
     <gpxdata:speed>0.847</gpxdata:speed>
    </extensions>
   </trkpt>
   <trkpt lat="46.5210376" lon="12.0097636">
    <ele>2140</ele>
    <time>2026-10-02T12:08:54Z</time>
    <extensions>
     <gpxdata:hr>151</gpxdata:hr>
     <gpxdata:distance>243.00</gpxdata:distance>
     <gpxdata:speed>0.850</gpxdata:speed>
    </extensions>
   </trkpt>
   <trkpt lat="46.5210469" lon="12.0097666">
    <ele>2141</ele>
    <time>2026-10-02T12:08:55Z</time>
    <extensions>
     <gpxdata:hr>152</gpxdata:hr>
     <gpxdata:distance>244.00</gpxdata:distance>
     <gpxdata:speed>0.856</gpxdata:speed>
    </extensions>
   </trkpt>
   <trkpt lat="46.5210565" lon="12.0097693">
    <ele>2141</ele>
    <time>2026-10-02T12:08:56Z</time>
    <extensions>
     <gpxdata:hr>152</gpxdata:hr>
     <gpxdata:distance>245.00</gpxdata:distance>
     <gpxdata:speed>0.858</gpxdata:speed>
    </extensions>
   </trkpt>
   <trkpt lat="46.5210660" lon="12.0097725">
    <ele>2141</ele>
    <time>2026-10-02T12:08:57Z</time>
    <extensions>
     <gpxdata:hr>152</gpxdata:hr>
     <gpxdata:distance>246.00</gpxdata:distance>
     <gpxdata:speed>0.864</gpxdata:speed>
    </extensions>
   </trkpt>
   <trkpt lat="46.5210745" lon="12.0097776">
    <ele>2141</ele>
    <time>2026-10-02T12:08:58Z</time>
    <extensions>
     <gpxdata:hr>152</gpxdata:hr>
     <gpxdata:distance>247.00</gpxdata:distance>
     <gpxdata:speed>0.869</gpxdata:speed>
    </extensions>
   </trkpt>
   <trkpt lat="46.5210813" lon="12.0097848">
    <ele>2141</ele>
    <time>2026-10-02T12:08:59Z</time>
    <extensions>
     <gpxdata:hr>151</gpxdata:hr>
     <gpxdata:distance>248.00</gpxdata:distance>
     <gpxdata:speed>0.875</gpxdata:speed>
    </extensions>
   </trkpt>
   <trkpt lat="46.5210865" lon="12.0097931">
    <ele>2141</ele>
    <time>2026-10-02T12:09:00Z</time>
    <extensions>
     <gpxdata:hr>151</gpxdata:hr>
     <gpxdata:distance>249.00</gpxdata:distance>
     <gpxdata:speed>0.881</gpxdata:speed>
    </extensions>
   </trkpt>
   <trkpt lat="46.5210910" lon="12.0098019">
    <ele>2141</ele>
    <time>2026-10-02T12:09:01Z</time>
    <extensions>
     <gpxdata:hr>151</gpxdata:hr>
     <gpxdata:distance>250.00</gpxdata:distance>
     <gpxdata:speed>0.886</gpxdata:speed>
    </extensions>
   </trkpt>
   <trkpt lat="46.5210957" lon="12.0098107">
    <ele>2141</ele>
    <time>2026-10-02T12:09:02Z</time>
    <extensions>
     <gpxdata:hr>151</gpxdata:hr>
     <gpxdata:distance>250.50</gpxdata:distance>
     <gpxdata:speed>0.889</gpxdata:speed>
    </extensions>
   </trkpt>
   <trkpt lat="46.5211009" lon="12.0098190">
    <ele>2142</ele>
    <time>2026-10-02T12:09:03Z</time>
    <extensions>
     <gpxdata:hr>151</gpxdata:hr>
     <gpxdata:distance>251.00</gpxdata:distance>
     <gpxdata:speed>0.894</gpxdata:speed>
    </extensions>
   </trkpt>
   <trkpt lat="46.5211071" lon="12.0098255">
    <ele>2142</ele>
    <time>2026-10-02T12:09:04Z</time>
    <extensions>
     <gpxdata:hr>151</gpxdata:hr>
     <gpxdata:distance>252.00</gpxdata:distance>
     <gpxdata:speed>0.894</gpxdata:speed>
    </extensions>
   </trkpt>
   <trkpt lat="46.5211144" lon="12.0098299">
    <ele>2142</ele>
    <time>2026-10-02T12:09:05Z</time>
    <extensions>
     <gpxdata:hr>152</gpxdata:hr>
     <gpxdata:distance>253.00</gpxdata:distance>
     <gpxdata:speed>0.897</gpxdata:speed>
    </extensions>
   </trkpt>
   <trkpt lat="46.5211224" lon="12.0098331">
    <ele>2142</ele>
    <time>2026-10-02T12:09:06Z</time>
    <extensions>
     <gpxdata:hr>152</gpxdata:hr>
     <gpxdata:distance>254.00</gpxdata:distance>
     <gpxdata:speed>0.897</gpxdata:speed>
    </extensions>
   </trkpt>
   <trkpt lat="46.5211306" lon="12.0098366">
    <ele>2142</ele>
    <time>2026-10-02T12:09:07Z</time>
    <extensions>
     <gpxdata:hr>152</gpxdata:hr>
     <gpxdata:distance>255.00</gpxdata:distance>
     <gpxdata:speed>0.897</gpxdata:speed>
    </extensions>
   </trkpt>
   <trkpt lat="46.5211387" lon="12.0098412">
    <ele>2142</ele>
    <time>2026-10-02T12:09:08Z</time>
    <extensions>
     <gpxdata:hr>152</gpxdata:hr>
     <gpxdata:distance>256.00</gpxdata:distance>
     <gpxdata:speed>0.897</gpxdata:speed>
    </extensions>
   </trkpt>
   <trkpt lat="46.5211468" lon="12.0098468">
    <ele>2142</ele>
    <time>2026-10-02T12:09:09Z</time>
    <extensions>
     <gpxdata:hr>152</gpxdata:hr>
     <gpxdata:distance>257.00</gpxdata:distance>
     <gpxdata:speed>0.900</gpxdata:speed>
    </extensions>
   </trkpt>
   <trkpt lat="46.5211550" lon="12.0098527">
    <ele>2142</ele>
    <time>2026-10-02T12:09:10Z</time>
    <extensions>
     <gpxdata:hr>152</gpxdata:hr>
     <gpxdata:distance>258.00</gpxdata:distance>
     <gpxdata:speed>0.903</gpxdata:speed>
    </extensions>
   </trkpt>
   <trkpt lat="46.5211631" lon="12.0098586">
    <ele>2143</ele>
    <time>2026-10-02T12:09:11Z</time>
    <extensions>
     <gpxdata:hr>152</gpxdata:hr>
     <gpxdata:distance>259.00</gpxdata:distance>
     <gpxdata:speed>0.906</gpxdata:speed>
    </extensions>
   </trkpt>
   <trkpt lat="46.5211712" lon="12.0098637">
    <ele>2143</ele>
    <time>2026-10-02T12:09:12Z</time>
    <extensions>
     <gpxdata:hr>153</gpxdata:hr>
     <gpxdata:distance>260.00</gpxdata:distance>
     <gpxdata:speed>0.908</gpxdata:speed>
    </extensions>
   </trkpt>
   <trkpt lat="46.5211795" lon="12.0098685">
    <ele>2143</ele>
    <time>2026-10-02T12:09:13Z</time>
    <extensions>
     <gpxdata:hr>153</gpxdata:hr>
     <gpxdata:distance>261.00</gpxdata:distance>
     <gpxdata:speed>0.911</gpxdata:speed>
    </extensions>
   </trkpt>
   <trkpt lat="46.5211880" lon="12.0098737">
    <ele>2143</ele>
    <time>2026-10-02T12:09:14Z</time>
    <extensions>
     <gpxdata:hr>153</gpxdata:hr>
     <gpxdata:distance>262.00</gpxdata:distance>
     <gpxdata:speed>0.925</gpxdata:speed>
    </extensions>
   </trkpt>
   <trkpt lat="46.5211963" lon="12.0098798">
    <ele>2144</ele>
    <time>2026-10-02T12:09:15Z</time>
    <extensions>
     <gpxdata:hr>153</gpxdata:hr>
     <gpxdata:distance>263.00</gpxdata:distance>
     <gpxdata:speed>0.939</gpxdata:speed>
    </extensions>
   </trkpt>
   <trkpt lat="46.5212040" lon="12.0098868">
    <ele>2144</ele>
    <time>2026-10-02T12:09:16Z</time>
    <extensions>
     <gpxdata:hr>154</gpxdata:hr>
     <gpxdata:distance>264.00</gpxdata:distance>
     <gpxdata:speed>0.953</gpxdata:speed>
    </extensions>
   </trkpt>
   <trkpt lat="46.5212112" lon="12.0098944">
    <ele>2144</ele>
    <time>2026-10-02T12:09:17Z</time>
    <extensions>
     <gpxdata:hr>154</gpxdata:hr>
     <gpxdata:distance>265.00</gpxdata:distance>
     <gpxdata:speed>0.967</gpxdata:speed>
    </extensions>
   </trkpt>
   <trkpt lat="46.5212179" lon="12.0099022">
    <ele>2144</ele>
    <time>2026-10-02T12:09:18Z</time>
    <extensions>
     <gpxdata:hr>153</gpxdata:hr>
     <gpxdata:distance>266.00</gpxdata:distance>
     <gpxdata:speed>0.983</gpxdata:speed>
    </extensions>
   </trkpt>
   <trkpt lat="46.5212240" lon="12.0099104">
    <ele>2144</ele>
    <time>2026-10-02T12:09:19Z</time>
    <extensions>
     <gpxdata:hr>154</gpxdata:hr>
     <gpxdata:distance>267.00</gpxdata:distance>
     <gpxdata:speed>1.000</gpxdata:speed>
    </extensions>
   </trkpt>
   <trkpt lat="46.5212297" lon="12.0099184">
    <ele>2144</ele>
    <time>2026-10-02T12:09:20Z</time>
    <extensions>
     <gpxdata:hr>154</gpxdata:hr>
     <gpxdata:distance>268.00</gpxdata:distance>
     <gpxdata:speed>1.006</gpxdata:speed>
    </extensions>
   </trkpt>
   <trkpt lat="46.5212351" lon="12.0099251">
    <ele>2144</ele>
    <time>2026-10-02T12:09:21Z</time>
    <extensions>
     <gpxdata:hr>155</gpxdata:hr>
     <gpxdata:distance>269.00</gpxdata:distance>
     <gpxdata:speed>1.011</gpxdata:speed>
    </extensions>
   </trkpt>
  </trkseg>
  <trkseg>
   <trkpt lat="46.5212440" lon="12.0099344">
    <ele>2147</ele>
    <time>2026-10-02T12:09:35Z</time>
    <extensions>
     <gpxdata:hr>159</gpxdata:hr>
     <gpxdata:distance>270.00</gpxdata:distance>
    </extensions>
   </trkpt>
   <trkpt lat="46.5212505" lon="12.0099401">
    <ele>2147</ele>
    <time>2026-10-02T12:09:36Z</time>
    <extensions>
     <gpxdata:hr>160</gpxdata:hr>
     <gpxdata:distance>270.00</gpxdata:distance>
    </extensions>
   </trkpt>
   <trkpt lat="46.5212559" lon="12.0099438">
    <ele>2147</ele>
    <time>2026-10-02T12:09:37Z</time>
    <extensions>
     <gpxdata:hr>160</gpxdata:hr>
     <gpxdata:distance>270.00</gpxdata:distance>
    </extensions>
   </trkpt>
   <trkpt lat="46.5212612" lon="12.0099469">
    <ele>2147</ele>
    <time>2026-10-02T12:09:38Z</time>
    <extensions>
     <gpxdata:hr>160</gpxdata:hr>
     <gpxdata:distance>272.00</gpxdata:distance>
    </extensions>
   </trkpt>
   <trkpt lat="46.5212667" lon="12.0099507">
    <ele>2147</ele>
    <time>2026-10-02T12:09:39Z</time>
    <extensions>
     <gpxdata:hr>160</gpxdata:hr>
     <gpxdata:distance>274.00</gpxdata:distance>
    </extensions>
   </trkpt>
   <trkpt lat="46.5212723" lon="12.0099567">
    <ele>2147</ele>
    <time>2026-10-02T12:09:40Z</time>
    <extensions>
     <gpxdata:hr>159</gpxdata:hr>
     <gpxdata:distance>274.50</gpxdata:distance>
    </extensions>
   </trkpt>
   <trkpt lat="46.5212777" lon="12.0099649">
    <ele>2147</ele>
    <time>2026-10-02T12:09:41Z</time>
    <extensions>
     <gpxdata:hr>159</gpxdata:hr>
     <gpxdata:distance>275.00</gpxdata:distance>
    </extensions>
   </trkpt>
   <trkpt lat="46.5212828" lon="12.0099742">
    <ele>2147</ele>
    <time>2026-10-02T12:09:42Z</time>
    <extensions>
     <gpxdata:hr>158</gpxdata:hr>
     <gpxdata:distance>276.00</gpxdata:distance>
    </extensions>
   </trkpt>
   <trkpt lat="46.5212877" lon="12.0099840">
    <ele>2147</ele>
    <time>2026-10-02T12:09:43Z</time>
    <extensions>
     <gpxdata:hr>158</gpxdata:hr>
     <gpxdata:distance>277.00</gpxdata:distance>
    </extensions>
   </trkpt>
   <trkpt lat="46.5212928" lon="12.0099934">
    <ele>2147</ele>
    <time>2026-10-02T12:09:44Z</time>
    <extensions>
     <gpxdata:hr>157</gpxdata:hr>
     <gpxdata:distance>278.00</gpxdata:distance>
    </extensions>
   </trkpt>
   <trkpt lat="46.5212977" lon="12.0100019">
    <ele>2147</ele>
    <time>2026-10-02T12:09:45Z</time>
    <extensions>
     <gpxdata:hr>157</gpxdata:hr>
     <gpxdata:distance>279.00</gpxdata:distance>
    </extensions>
   </trkpt>
   <trkpt lat="46.5213024" lon="12.0100096">
    <ele>2147</ele>
    <time>2026-10-02T12:09:46Z</time>
    <extensions>
     <gpxdata:hr>156</gpxdata:hr>
     <gpxdata:distance>279.50</gpxdata:distance>
     <gpxdata:speed>0.347</gpxdata:speed>
    </extensions>
   </trkpt>
   <trkpt lat="46.5213070" lon="12.0100167">
    <ele>2148</ele>
    <time>2026-10-02T12:09:47Z</time>
    <extensions>
     <gpxdata:hr>155</gpxdata:hr>
     <gpxdata:distance>280.00</gpxdata:distance>
     <gpxdata:speed>0.697</gpxdata:speed>
    </extensions>
   </trkpt>
   <trkpt lat="46.5213112" lon="12.0100240">
    <ele>2148</ele>
    <time>2026-10-02T12:09:48Z</time>
    <extensions>
     <gpxdata:hr>155</gpxdata:hr>
     <gpxdata:distance>280.50</gpxdata:distance>
     <gpxdata:speed>0.703</gpxdata:speed>
    </extensions>
   </trkpt>
   <trkpt lat="46.5213146" lon="12.0100321">
    <ele>2148</ele>
    <time>2026-10-02T12:09:49Z</time>
    <extensions>
     <gpxdata:hr>155</gpxdata:hr>
     <gpxdata:distance>281.00</gpxdata:distance>
     <gpxdata:speed>0.708</gpxdata:speed>
    </extensions>
   </trkpt>
   <trkpt lat="46.5213175" lon="12.0100413">
    <ele>2148</ele>
    <time>2026-10-02T12:09:50Z</time>
    <extensions>
     <gpxdata:hr>154</gpxdata:hr>
     <gpxdata:distance>282.00</gpxdata:distance>
     <gpxdata:speed>0.742</gpxdata:speed>
    </extensions>
   </trkpt>
   <trkpt lat="46.5213203" lon="12.0100513">
    <ele>2149</ele>
    <time>2026-10-02T12:09:51Z</time>
    <extensions>
     <gpxdata:hr>154</gpxdata:hr>
     <gpxdata:distance>283.00</gpxdata:distance>
     <gpxdata:speed>0.775</gpxdata:speed>
    </extensions>
   </trkpt>
   <trkpt lat="46.5213230" lon="12.0100614">
    <ele>2149</ele>
    <time>2026-10-02T12:09:52Z</time>
    <extensions>
     <gpxdata:hr>154</gpxdata:hr>
     <gpxdata:distance>284.00</gpxdata:distance>
     <gpxdata:speed>0.786</gpxdata:speed>
    </extensions>
   </trkpt>
   <trkpt lat="46.5213258" lon="12.0100712">
    <ele>2149</ele>
    <time>2026-10-02T12:09:53Z</time>
    <extensions>
     <gpxdata:hr>153</gpxdata:hr>
     <gpxdata:distance>285.00</gpxdata:distance>
     <gpxdata:speed>0.800</gpxdata:speed>
    </extensions>
   </trkpt>
   <trkpt lat="46.5213287" lon="12.0100801">
    <ele>2149</ele>
    <time>2026-10-02T12:09:54Z</time>
    <extensions>
     <gpxdata:hr>153</gpxdata:hr>
     <gpxdata:distance>285.50</gpxdata:distance>
     <gpxdata:speed>0.797</gpxdata:speed>
    </extensions>
   </trkpt>
   <trkpt lat="46.5213336" lon="12.0100870">
    <ele>2150</ele>
    <time>2026-10-02T12:09:55Z</time>
    <extensions>
     <gpxdata:hr>152</gpxdata:hr>
     <gpxdata:distance>286.00</gpxdata:distance>
     <gpxdata:speed>0.797</gpxdata:speed>
    </extensions>
   </trkpt>
   <trkpt lat="46.5213391" lon="12.0100900">
    <ele>2150</ele>
    <time>2026-10-02T12:09:56Z</time>
    <extensions>
     <gpxdata:hr>152</gpxdata:hr>
     <gpxdata:distance>286.50</gpxdata:distance>
     <gpxdata:speed>0.786</gpxdata:speed>
    </extensions>
   </trkpt>
   <trkpt lat="46.5213452" lon="12.0100914">
    <ele>2150</ele>
    <time>2026-10-02T12:09:57Z</time>
    <extensions>
     <gpxdata:hr>152</gpxdata:hr>
     <gpxdata:distance>287.00</gpxdata:distance>
     <gpxdata:speed>0.778</gpxdata:speed>
    </extensions>
   </trkpt>
   <trkpt lat="46.5213515" lon="12.0100923">
    <ele>2150</ele>
    <time>2026-10-02T12:09:58Z</time>
    <extensions>
     <gpxdata:hr>152</gpxdata:hr>
     <gpxdata:distance>288.00</gpxdata:distance>
     <gpxdata:speed>0.775</gpxdata:speed>
    </extensions>
   </trkpt>
   <trkpt lat="46.5213577" lon="12.0100939">
    <ele>2150</ele>
    <time>2026-10-02T12:09:59Z</time>
    <extensions>
     <gpxdata:hr>152</gpxdata:hr>
     <gpxdata:distance>289.00</gpxdata:distance>
     <gpxdata:speed>0.772</gpxdata:speed>
    </extensions>
   </trkpt>
   <trkpt lat="46.5213642" lon="12.0100969">
    <ele>2150</ele>
    <time>2026-10-02T12:10:00Z</time>
    <extensions>
     <gpxdata:hr>152</gpxdata:hr>
     <gpxdata:distance>289.50</gpxdata:distance>
     <gpxdata:speed>0.769</gpxdata:speed>
    </extensions>
   </trkpt>
   <trkpt lat="46.5213709" lon="12.0101013">
    <ele>2150</ele>
    <time>2026-10-02T12:10:01Z</time>
    <extensions>
     <gpxdata:hr>152</gpxdata:hr>
     <gpxdata:distance>290.00</gpxdata:distance>
     <gpxdata:speed>0.769</gpxdata:speed>
    </extensions>
   </trkpt>
   <trkpt lat="46.5213778" lon="12.0101068">
    <ele>2150</ele>
    <time>2026-10-02T12:10:02Z</time>
    <extensions>
     <gpxdata:hr>153</gpxdata:hr>
     <gpxdata:distance>291.00</gpxdata:distance>
     <gpxdata:speed>0.769</gpxdata:speed>
    </extensions>
   </trkpt>
   <trkpt lat="46.5213847" lon="12.0101128">
    <ele>2151</ele>
    <time>2026-10-02T12:10:03Z</time>
    <extensions>
     <gpxdata:hr>153</gpxdata:hr>
     <gpxdata:distance>292.00</gpxdata:distance>
     <gpxdata:speed>0.769</gpxdata:speed>
    </extensions>
   </trkpt>
   <trkpt lat="46.5213915" lon="12.0101190">
    <ele>2151</ele>
    <time>2026-10-02T12:10:04Z</time>
    <extensions>
     <gpxdata:hr>154</gpxdata:hr>
     <gpxdata:distance>293.00</gpxdata:distance>
     <gpxdata:speed>0.767</gpxdata:speed>
    </extensions>
   </trkpt>
  </trkseg>
  <trkseg>
   <trkpt lat="46.5213976" lon="12.0101256">
    <ele>2152</ele>
    <time>2026-10-02T12:10:33Z</time>
    <extensions>
     <gpxdata:hr>149</gpxdata:hr>
     <gpxdata:distance>294.00</gpxdata:distance>
    </extensions>
   </trkpt>
   <trkpt lat="46.5214030" lon="12.0101306">
    <ele>2152</ele>
    <time>2026-10-02T12:10:34Z</time>
    <extensions>
     <gpxdata:hr>148</gpxdata:hr>
     <gpxdata:distance>294.00</gpxdata:distance>
    </extensions>
   </trkpt>
   <trkpt lat="46.5214078" lon="12.0101353">
    <ele>2152</ele>
    <time>2026-10-02T12:10:35Z</time>
    <extensions>
     <gpxdata:hr>147</gpxdata:hr>
     <gpxdata:distance>294.00</gpxdata:distance>
    </extensions>
   </trkpt>
   <trkpt lat="46.5214118" lon="12.0101403">
    <ele>2152</ele>
    <time>2026-10-02T12:10:36Z</time>
    <extensions>
     <gpxdata:hr>147</gpxdata:hr>
     <gpxdata:distance>295.50</gpxdata:distance>
    </extensions>
   </trkpt>
   <trkpt lat="46.5214131" lon="12.0101421">
    <ele>2152</ele>
    <time>2026-10-02T12:10:37Z</time>
    <extensions>
     <gpxdata:hr>147</gpxdata:hr>
     <gpxdata:distance>297.00</gpxdata:distance>
    </extensions>
   </trkpt>
   <trkpt lat="46.5214143" lon="12.0101439">
    <ele>2152</ele>
    <time>2026-10-02T12:10:38Z</time>
    <extensions>
     <gpxdata:hr>146</gpxdata:hr>
     <gpxdata:distance>297.00</gpxdata:distance>
    </extensions>
   </trkpt>
   <trkpt lat="46.5214156" lon="12.0101456">
    <ele>2152</ele>
    <time>2026-10-02T12:10:39Z</time>
    <extensions>
     <gpxdata:hr>145</gpxdata:hr>
     <gpxdata:distance>297.00</gpxdata:distance>
    </extensions>
   </trkpt>
   <trkpt lat="46.5214168" lon="12.0101474">
    <ele>2152</ele>
    <time>2026-10-02T12:10:40Z</time>
    <extensions>
     <gpxdata:hr>145</gpxdata:hr>
     <gpxdata:distance>297.00</gpxdata:distance>
    </extensions>
   </trkpt>
   <trkpt lat="46.5214214" lon="12.0101526">
    <ele>2152</ele>
    <time>2026-10-02T12:10:41Z</time>
    <extensions>
     <gpxdata:hr>141</gpxdata:hr>
     <gpxdata:distance>297.00</gpxdata:distance>
    </extensions>
   </trkpt>
   <trkpt lat="46.5214262" lon="12.0101561">
    <ele>2152</ele>
    <time>2026-10-02T12:10:42Z</time>
    <extensions>
     <gpxdata:hr>138</gpxdata:hr>
     <gpxdata:distance>297.00</gpxdata:distance>
    </extensions>
   </trkpt>
   <trkpt lat="46.5214318" lon="12.0101585">
    <ele>2152</ele>
    <time>2026-10-02T12:10:43Z</time>
    <extensions>
     <gpxdata:hr>136</gpxdata:hr>
     <gpxdata:distance>297.00</gpxdata:distance>
    </extensions>
   </trkpt>
   <trkpt lat="46.5214382" lon="12.0101605">
    <ele>2152</ele>
    <time>2026-10-02T12:10:44Z</time>
    <extensions>
     <gpxdata:hr>135</gpxdata:hr>
     <gpxdata:distance>299.00</gpxdata:distance>
    </extensions>
   </trkpt>
   <trkpt lat="46.5214453" lon="12.0101625">
    <ele>2152</ele>
    <time>2026-10-02T12:10:45Z</time>
    <extensions>
     <gpxdata:hr>133</gpxdata:hr>
     <gpxdata:distance>301.00</gpxdata:distance>
    </extensions>
   </trkpt>
   <trkpt lat="46.5214528" lon="12.0101650">
    <ele>2152</ele>
    <time>2026-10-02T12:10:46Z</time>
    <extensions>
     <gpxdata:hr>132</gpxdata:hr>
     <gpxdata:distance>301.50</gpxdata:distance>
     <gpxdata:speed>0.397</gpxdata:speed>
    </extensions>
   </trkpt>
   <trkpt lat="46.5214603" lon="12.0101685">
    <ele>2153</ele>
    <time>2026-10-02T12:10:47Z</time>
    <extensions>
     <gpxdata:hr>130</gpxdata:hr>
     <gpxdata:distance>302.00</gpxdata:distance>
     <gpxdata:speed>0.794</gpxdata:speed>
    </extensions>
   </trkpt>
   <trkpt lat="46.5214668" lon="12.0101734">
    <ele>2153</ele>
    <time>2026-10-02T12:10:48Z</time>
    <extensions>
     <gpxdata:hr>129</gpxdata:hr>
     <gpxdata:distance>303.00</gpxdata:distance>
     <gpxdata:speed>0.808</gpxdata:speed>
    </extensions>
   </trkpt>
   <trkpt lat="46.5214722" lon="12.0101800">
    <ele>2153</ele>
    <time>2026-10-02T12:10:49Z</time>
    <extensions>
     <gpxdata:hr>128</gpxdata:hr>
     <gpxdata:distance>304.00</gpxdata:distance>
     <gpxdata:speed>0.825</gpxdata:speed>
    </extensions>
   </trkpt>
   <trkpt lat="46.5214761" lon="12.0101882">
    <ele>2153</ele>
    <time>2026-10-02T12:10:50Z</time>
    <extensions>
     <gpxdata:hr>127</gpxdata:hr>
     <gpxdata:distance>304.50</gpxdata:distance>
     <gpxdata:speed>0.836</gpxdata:speed>
    </extensions>
   </trkpt>
   <trkpt lat="46.5214789" lon="12.0101974">
    <ele>2153</ele>
    <time>2026-10-02T12:10:51Z</time>
    <extensions>
     <gpxdata:hr>126</gpxdata:hr>
     <gpxdata:distance>305.00</gpxdata:distance>
     <gpxdata:speed>0.850</gpxdata:speed>
    </extensions>
   </trkpt>
   <trkpt lat="46.5214815" lon="12.0102070">
    <ele>2153</ele>
    <time>2026-10-02T12:10:52Z</time>
    <extensions>
     <gpxdata:hr>125</gpxdata:hr>
     <gpxdata:distance>306.00</gpxdata:distance>
     <gpxdata:speed>0.853</gpxdata:speed>
    </extensions>
   </trkpt>
   <trkpt lat="46.5214844" lon="12.0102168">
    <ele>2153</ele>
    <time>2026-10-02T12:10:53Z</time>
    <extensions>
     <gpxdata:hr>124</gpxdata:hr>
     <gpxdata:distance>307.00</gpxdata:distance>
     <gpxdata:speed>0.856</gpxdata:speed>
    </extensions>
   </trkpt>
   <trkpt lat="46.5214877" lon="12.0102267">
    <ele>2153</ele>
    <time>2026-10-02T12:10:54Z</time>
    <extensions>
     <gpxdata:hr>122</gpxdata:hr>
     <gpxdata:distance>308.00</gpxdata:distance>
     <gpxdata:speed>0.856</gpxdata:speed>
    </extensions>
   </trkpt>
   <trkpt lat="46.5214913" lon="12.0102370">
    <ele>2153</ele>
    <time>2026-10-02T12:10:55Z</time>
    <extensions>
     <gpxdata:hr>121</gpxdata:hr>
     <gpxdata:distance>309.00</gpxdata:distance>
     <gpxdata:speed>0.858</gpxdata:speed>
    </extensions>
   </trkpt>
   <trkpt lat="46.5214949" lon="12.0102474">
    <ele>2153</ele>
    <time>2026-10-02T12:10:56Z</time>
    <extensions>
     <gpxdata:hr>120</gpxdata:hr>
     <gpxdata:distance>309.50</gpxdata:distance>
     <gpxdata:speed>0.864</gpxdata:speed>
    </extensions>
   </trkpt>
   <trkpt lat="46.5214982" lon="12.0102578">
    <ele>2153</ele>
    <time>2026-10-02T12:10:57Z</time>
    <extensions>
     <gpxdata:hr>120</gpxdata:hr>
     <gpxdata:distance>310.00</gpxdata:distance>
     <gpxdata:speed>0.872</gpxdata:speed>
    </extensions>
   </trkpt>
   <trkpt lat="46.5215015" lon="12.0102682">
    <ele>2153</ele>
    <time>2026-10-02T12:10:58Z</time>
    <extensions>
     <gpxdata:hr>121</gpxdata:hr>
     <gpxdata:distance>311.00</gpxdata:distance>
     <gpxdata:speed>0.864</gpxdata:speed>
    </extensions>
   </trkpt>
   <trkpt lat="46.5215052" lon="12.0102787">
    <ele>2154</ele>
    <time>2026-10-02T12:10:59Z</time>
    <extensions>
     <gpxdata:hr>121</gpxdata:hr>
     <gpxdata:distance>312.00</gpxdata:distance>
     <gpxdata:speed>0.856</gpxdata:speed>
    </extensions>
   </trkpt>
   <trkpt lat="46.5215094" lon="12.0102888">
    <ele>2154</ele>
    <time>2026-10-02T12:11:00Z</time>
    <extensions>
     <gpxdata:hr>121</gpxdata:hr>
     <gpxdata:distance>313.00</gpxdata:distance>
     <gpxdata:speed>0.858</gpxdata:speed>
    </extensions>
   </trkpt>
   <trkpt lat="46.5215141" lon="12.0102982">
    <ele>2154</ele>
    <time>2026-10-02T12:11:01Z</time>
    <extensions>
     <gpxdata:hr>121</gpxdata:hr>
     <gpxdata:distance>314.00</gpxdata:distance>
     <gpxdata:speed>0.861</gpxdata:speed>
    </extensions>
   </trkpt>
   <trkpt lat="46.5215194" lon="12.0103072">
    <ele>2154</ele>
    <time>2026-10-02T12:11:02Z</time>
    <extensions>
     <gpxdata:hr>121</gpxdata:hr>
     <gpxdata:distance>315.00</gpxdata:distance>
     <gpxdata:speed>0.864</gpxdata:speed>
    </extensions>
   </trkpt>
   <trkpt lat="46.5215247" lon="12.0103163">
    <ele>2154</ele>
    <time>2026-10-02T12:11:03Z</time>
    <extensions>
     <gpxdata:hr>122</gpxdata:hr>
     <gpxdata:distance>316.00</gpxdata:distance>
     <gpxdata:speed>0.867</gpxdata:speed>
    </extensions>
   </trkpt>
   <trkpt lat="46.5215297" lon="12.0103259">
    <ele>2154</ele>
    <time>2026-10-02T12:11:04Z</time>
    <extensions>
     <gpxdata:hr>122</gpxdata:hr>
     <gpxdata:distance>317.00</gpxdata:distance>
     <gpxdata:speed>0.869</gpxdata:speed>
    </extensions>
   </trkpt>
   <trkpt lat="46.5215344" lon="12.0103356">
    <ele>2154</ele>
    <time>2026-10-02T12:11:05Z</time>
    <extensions>
     <gpxdata:hr>123</gpxdata:hr>
     <gpxdata:distance>318.00</gpxdata:distance>
     <gpxdata:speed>0.875</gpxdata:speed>
    </extensions>
   </trkpt>
   <trkpt lat="46.5215391" lon="12.0103453">
    <ele>2154</ele>
    <time>2026-10-02T12:11:06Z</time>
    <extensions>
     <gpxdata:hr>123</gpxdata:hr>
     <gpxdata:distance>318.50</gpxdata:distance>
     <gpxdata:speed>0.878</gpxdata:speed>
    </extensions>
   </trkpt>
   <trkpt lat="46.5215436" lon="12.0103549">
    <ele>2155</ele>
    <time>2026-10-02T12:11:07Z</time>
    <extensions>
     <gpxdata:hr>124</gpxdata:hr>
     <gpxdata:distance>319.00</gpxdata:distance>
     <gpxdata:speed>0.881</gpxdata:speed>
    </extensions>
   </trkpt>
   <trkpt lat="46.5215479" lon="12.0103645">
    <ele>2155</ele>
    <time>2026-10-02T12:11:08Z</time>
    <extensions>
     <gpxdata:hr>125</gpxdata:hr>
     <gpxdata:distance>320.00</gpxdata:distance>
     <gpxdata:speed>0.881</gpxdata:speed>
    </extensions>
   </trkpt>
   <trkpt lat="46.5215522" lon="12.0103733">
    <ele>2155</ele>
    <time>2026-10-02T12:11:09Z</time>
    <extensions>
     <gpxdata:hr>125</gpxdata:hr>
     <gpxdata:distance>321.00</gpxdata:distance>
     <gpxdata:speed>0.883</gpxdata:speed>
    </extensions>
   </trkpt>
   <trkpt lat="46.5215571" lon="12.0103816">
    <ele>2155</ele>
    <time>2026-10-02T12:11:10Z</time>
    <extensions>
     <gpxdata:hr>126</gpxdata:hr>
     <gpxdata:distance>322.00</gpxdata:distance>
     <gpxdata:speed>0.883</gpxdata:speed>
    </extensions>
   </trkpt>
   <trkpt lat="46.5215623" lon="12.0103899">
    <ele>2156</ele>
    <time>2026-10-02T12:11:11Z</time>
    <extensions>
     <gpxdata:hr>126</gpxdata:hr>
     <gpxdata:distance>323.00</gpxdata:distance>
     <gpxdata:speed>0.886</gpxdata:speed>
    </extensions>
   </trkpt>
   <trkpt lat="46.5215677" lon="12.0103985">
    <ele>2156</ele>
    <time>2026-10-02T12:11:12Z</time>
    <extensions>
     <gpxdata:hr>127</gpxdata:hr>
     <gpxdata:distance>324.00</gpxdata:distance>
     <gpxdata:speed>0.889</gpxdata:speed>
    </extensions>
   </trkpt>
   <trkpt lat="46.5215731" lon="12.0104075">
    <ele>2156</ele>
    <time>2026-10-02T12:11:13Z</time>
    <extensions>
     <gpxdata:hr>129</gpxdata:hr>
     <gpxdata:distance>325.00</gpxdata:distance>
     <gpxdata:speed>0.892</gpxdata:speed>
    </extensions>
   </trkpt>
   <trkpt lat="46.5215785" lon="12.0104161">
    <ele>2156</ele>
    <time>2026-10-02T12:11:14Z</time>
    <extensions>
     <gpxdata:hr>129</gpxdata:hr>
     <gpxdata:distance>325.50</gpxdata:distance>
     <gpxdata:speed>0.892</gpxdata:speed>
    </extensions>
   </trkpt>
   <trkpt lat="46.5215842" lon="12.0104232">
    <ele>2156</ele>
    <time>2026-10-02T12:11:15Z</time>
    <extensions>
     <gpxdata:hr>130</gpxdata:hr>
     <gpxdata:distance>326.00</gpxdata:distance>
     <gpxdata:speed>0.892</gpxdata:speed>
    </extensions>
   </trkpt>
   <trkpt lat="46.5215905" lon="12.0104289">
    <ele>2156</ele>
    <time>2026-10-02T12:11:16Z</time>
    <extensions>
     <gpxdata:hr>131</gpxdata:hr>
     <gpxdata:distance>327.00</gpxdata:distance>
     <gpxdata:speed>0.892</gpxdata:speed>
    </extensions>
   </trkpt>
   <trkpt lat="46.5215974" lon="12.0104340">
    <ele>2156</ele>
    <time>2026-10-02T12:11:17Z</time>
    <extensions>
     <gpxdata:hr>133</gpxdata:hr>
     <gpxdata:distance>328.00</gpxdata:distance>
     <gpxdata:speed>0.894</gpxdata:speed>
    </extensions>
   </trkpt>
   <trkpt lat="46.5216043" lon="12.0104391">
    <ele>2156</ele>
    <time>2026-10-02T12:11:18Z</time>
    <extensions>
     <gpxdata:hr>134</gpxdata:hr>
     <gpxdata:distance>329.00</gpxdata:distance>
     <gpxdata:speed>0.892</gpxdata:speed>
    </extensions>
   </trkpt>
   <trkpt lat="46.5216105" lon="12.0104450">
    <ele>2157</ele>
    <time>2026-10-02T12:11:19Z</time>
    <extensions>
     <gpxdata:hr>134</gpxdata:hr>
     <gpxdata:distance>330.00</gpxdata:distance>
     <gpxdata:speed>0.892</gpxdata:speed>
    </extensions>
   </trkpt>
   <trkpt lat="46.5216150" lon="12.0104529">
    <ele>2157</ele>
    <time>2026-10-02T12:11:20Z</time>
    <extensions>
     <gpxdata:hr>135</gpxdata:hr>
     <gpxdata:distance>330.50</gpxdata:distance>
     <gpxdata:speed>0.892</gpxdata:speed>
    </extensions>
   </trkpt>
   <trkpt lat="46.5216169" lon="12.0104623">
    <ele>2157</ele>
    <time>2026-10-02T12:11:21Z</time>
    <extensions>
     <gpxdata:hr>135</gpxdata:hr>
     <gpxdata:distance>331.00</gpxdata:distance>
     <gpxdata:speed>0.892</gpxdata:speed>
    </extensions>
   </trkpt>
   <trkpt lat="46.5216163" lon="12.0104722">
    <ele>2157</ele>
    <time>2026-10-02T12:11:22Z</time>
    <extensions>
     <gpxdata:hr>134</gpxdata:hr>
     <gpxdata:distance>332.00</gpxdata:distance>
     <gpxdata:speed>0.892</gpxdata:speed>
    </extensions>
   </trkpt>
   <trkpt lat="46.5216144" lon="12.0104824">
    <ele>2158</ele>
    <time>2026-10-02T12:11:23Z</time>
    <extensions>
     <gpxdata:hr>136</gpxdata:hr>
     <gpxdata:distance>333.00</gpxdata:distance>
     <gpxdata:speed>0.894</gpxdata:speed>
    </extensions>
   </trkpt>
   <trkpt lat="46.5216130" lon="12.0104922">
    <ele>2158</ele>
    <time>2026-10-02T12:11:24Z</time>
    <extensions>
     <gpxdata:hr>137</gpxdata:hr>
     <gpxdata:distance>333.50</gpxdata:distance>
     <gpxdata:speed>0.894</gpxdata:speed>
    </extensions>
   </trkpt>
   <trkpt lat="46.5216130" lon="12.0105018">
    <ele>2158</ele>
    <time>2026-10-02T12:11:25Z</time>
    <extensions>
     <gpxdata:hr>139</gpxdata:hr>
     <gpxdata:distance>334.00</gpxdata:distance>
     <gpxdata:speed>0.897</gpxdata:speed>
    </extensions>
   </trkpt>
   <trkpt lat="46.5216146" lon="12.0105113">
    <ele>2158</ele>
    <time>2026-10-02T12:11:26Z</time>
    <extensions>
     <gpxdata:hr>141</gpxdata:hr>
     <gpxdata:distance>335.00</gpxdata:distance>
     <gpxdata:speed>0.897</gpxdata:speed>
    </extensions>
   </trkpt>
   <trkpt lat="46.5216175" lon="12.0105208">
    <ele>2159</ele>
    <time>2026-10-02T12:11:27Z</time>
    <extensions>
     <gpxdata:hr>141</gpxdata:hr>
     <gpxdata:distance>336.00</gpxdata:distance>
     <gpxdata:speed>0.897</gpxdata:speed>
    </extensions>
   </trkpt>
   <trkpt lat="46.5216212" lon="12.0105309">
    <ele>2159</ele>
    <time>2026-10-02T12:11:28Z</time>
    <extensions>
     <gpxdata:hr>141</gpxdata:hr>
     <gpxdata:distance>337.00</gpxdata:distance>
     <gpxdata:speed>0.897</gpxdata:speed>
    </extensions>
   </trkpt>
   <trkpt lat="46.5216252" lon="12.0105424">
    <ele>2159</ele>
    <time>2026-10-02T12:11:29Z</time>
    <extensions>
     <gpxdata:hr>140</gpxdata:hr>
     <gpxdata:distance>338.00</gpxdata:distance>
     <gpxdata:speed>0.897</gpxdata:speed>
    </extensions>
   </trkpt>
   <trkpt lat="46.5216295" lon="12.0105544">
    <ele>2159</ele>
    <time>2026-10-02T12:11:30Z</time>
    <extensions>
     <gpxdata:hr>140</gpxdata:hr>
     <gpxdata:distance>339.00</gpxdata:distance>
     <gpxdata:speed>0.897</gpxdata:speed>
    </extensions>
   </trkpt>
   <trkpt lat="46.5216341" lon="12.0105658">
    <ele>2159</ele>
    <time>2026-10-02T12:11:31Z</time>
    <extensions>
     <gpxdata:hr>139</gpxdata:hr>
     <gpxdata:distance>340.00</gpxdata:distance>
     <gpxdata:speed>0.900</gpxdata:speed>
    </extensions>
   </trkpt>
   <trkpt lat="46.5216388" lon="12.0105763">
    <ele>2159</ele>
    <time>2026-10-02T12:11:32Z</time>
    <extensions>
     <gpxdata:hr>137</gpxdata:hr>
     <gpxdata:distance>341.00</gpxdata:distance>
     <gpxdata:speed>0.900</gpxdata:speed>
    </extensions>
   </trkpt>
   <trkpt lat="46.5216439" lon="12.0105866">
    <ele>2159</ele>
    <time>2026-10-02T12:11:33Z</time>
    <extensions>
     <gpxdata:hr>137</gpxdata:hr>
     <gpxdata:distance>342.00</gpxdata:distance>
     <gpxdata:speed>0.903</gpxdata:speed>
    </extensions>
   </trkpt>
   <trkpt lat="46.5216497" lon="12.0105965">
    <ele>2159</ele>
    <time>2026-10-02T12:11:34Z</time>
    <extensions>
     <gpxdata:hr>137</gpxdata:hr>
     <gpxdata:distance>343.00</gpxdata:distance>
     <gpxdata:speed>0.903</gpxdata:speed>
    </extensions>
   </trkpt>
   <trkpt lat="46.5216559" lon="12.0106063">
    <ele>2160</ele>
    <time>2026-10-02T12:11:35Z</time>
    <extensions>
     <gpxdata:hr>137</gpxdata:hr>
     <gpxdata:distance>344.00</gpxdata:distance>
     <gpxdata:speed>0.906</gpxdata:speed>
    </extensions>
   </trkpt>
   <trkpt lat="46.5216620" lon="12.0106163">
    <ele>2160</ele>
    <time>2026-10-02T12:11:36Z</time>
    <extensions>
     <gpxdata:hr>136</gpxdata:hr>
     <gpxdata:distance>345.00</gpxdata:distance>
     <gpxdata:speed>0.906</gpxdata:speed>
    </extensions>
   </trkpt>
   <trkpt lat="46.5216674" lon="12.0106256">
    <ele>2160</ele>
    <time>2026-10-02T12:11:37Z</time>
    <extensions>
     <gpxdata:hr>136</gpxdata:hr>
     <gpxdata:distance>346.00</gpxdata:distance>
     <gpxdata:speed>0.908</gpxdata:speed>
    </extensions>
   </trkpt>
  </trkseg>
  <trkseg>
   <trkpt lat="46.5216685" lon="12.0106325">
    <ele>2162</ele>
    <time>2026-10-02T12:12:42Z</time>
    <extensions>
     <gpxdata:hr>102</gpxdata:hr>
     <gpxdata:distance>346.00</gpxdata:distance>
    </extensions>
   </trkpt>
   <trkpt lat="46.5216700" lon="12.0106378">
    <ele>2162</ele>
    <time>2026-10-02T12:12:43Z</time>
    <extensions>
     <gpxdata:hr>101</gpxdata:hr>
     <gpxdata:distance>346.00</gpxdata:distance>
    </extensions>
   </trkpt>
   <trkpt lat="46.5216717" lon="12.0106423">
    <ele>2162</ele>
    <time>2026-10-02T12:12:44Z</time>
    <extensions>
     <gpxdata:hr>101</gpxdata:hr>
     <gpxdata:distance>346.00</gpxdata:distance>
    </extensions>
   </trkpt>
   <trkpt lat="46.5216738" lon="12.0106473">
    <ele>2162</ele>
    <time>2026-10-02T12:12:45Z</time>
    <extensions>
     <gpxdata:hr>100</gpxdata:hr>
     <gpxdata:distance>346.00</gpxdata:distance>
    </extensions>
   </trkpt>
   <trkpt lat="46.5216764" lon="12.0106529">
    <ele>2162</ele>
    <time>2026-10-02T12:12:46Z</time>
    <extensions>
     <gpxdata:hr>99</gpxdata:hr>
     <gpxdata:distance>347.50</gpxdata:distance>
    </extensions>
   </trkpt>
   <trkpt lat="46.5216799" lon="12.0106596">
    <ele>2162</ele>
    <time>2026-10-02T12:12:47Z</time>
    <extensions>
     <gpxdata:hr>99</gpxdata:hr>
     <gpxdata:distance>349.00</gpxdata:distance>
    </extensions>
   </trkpt>
   <trkpt lat="46.5216843" lon="12.0106671">
    <ele>2162</ele>
    <time>2026-10-02T12:12:48Z</time>
    <extensions>
     <gpxdata:hr>97</gpxdata:hr>
     <gpxdata:distance>350.00</gpxdata:distance>
    </extensions>
   </trkpt>
   <trkpt lat="46.5216895" lon="12.0106752">
    <ele>2162</ele>
    <time>2026-10-02T12:12:49Z</time>
    <extensions>
     <gpxdata:hr>96</gpxdata:hr>
     <gpxdata:distance>351.00</gpxdata:distance>
    </extensions>
   </trkpt>
   <trkpt lat="46.5216949" lon="12.0106838">
    <ele>2162</ele>
    <time>2026-10-02T12:12:50Z</time>
    <extensions>
     <gpxdata:hr>96</gpxdata:hr>
     <gpxdata:distance>351.50</gpxdata:distance>
    </extensions>
   </trkpt>
   <trkpt lat="46.5217005" lon="12.0106928">
    <ele>2163</ele>
    <time>2026-10-02T12:12:51Z</time>
    <extensions>
     <gpxdata:hr>97</gpxdata:hr>
     <gpxdata:distance>352.00</gpxdata:distance>
    </extensions>
   </trkpt>
   <trkpt lat="46.5217055" lon="12.0107020">
    <ele>2163</ele>
    <time>2026-10-02T12:12:52Z</time>
    <extensions>
     <gpxdata:hr>98</gpxdata:hr>
     <gpxdata:distance>353.00</gpxdata:distance>
     <gpxdata:speed>0.428</gpxdata:speed>
    </extensions>
   </trkpt>
   <trkpt lat="46.5217067" lon="12.0107052">
    <ele>2163</ele>
    <time>2026-10-02T12:12:53Z</time>
    <extensions>
     <gpxdata:hr>99</gpxdata:hr>
     <gpxdata:distance>354.00</gpxdata:distance>
     <gpxdata:speed>0.856</gpxdata:speed>
    </extensions>
   </trkpt>
   <trkpt lat="46.5217083" lon="12.0107093">
    <ele>2163</ele>
    <time>2026-10-02T12:12:54Z</time>
    <extensions>
     <gpxdata:hr>100</gpxdata:hr>
     <gpxdata:distance>354.00</gpxdata:distance>
     <gpxdata:speed>0.836</gpxdata:speed>
    </extensions>
   </trkpt>
   <trkpt lat="46.5217103" lon="12.0107144">
    <ele>2163</ele>
    <time>2026-10-02T12:12:55Z</time>
    <extensions>
     <gpxdata:hr>101</gpxdata:hr>
     <gpxdata:distance>354.00</gpxdata:distance>
     <gpxdata:speed>0.819</gpxdata:speed>
    </extensions>
   </trkpt>
   <trkpt lat="46.5217136" lon="12.0107245">
    <ele>2163</ele>
    <time>2026-10-02T12:12:56Z</time>
    <extensions>
     <gpxdata:hr>102</gpxdata:hr>
     <gpxdata:distance>354.00</gpxdata:distance>
     <gpxdata:speed>0.817</gpxdata:speed>
    </extensions>
   </trkpt>
   <trkpt lat="46.5217163" lon="12.0107342">
    <ele>2163</ele>
    <time>2026-10-02T12:12:57Z</time>
    <extensions>
     <gpxdata:hr>102</gpxdata:hr>
     <gpxdata:distance>354.00</gpxdata:distance>
     <gpxdata:speed>0.817</gpxdata:speed>
    </extensions>
   </trkpt>
   <trkpt lat="46.5217191" lon="12.0107439">
    <ele>2163</ele>
    <time>2026-10-02T12:12:58Z</time>
    <extensions>
     <gpxdata:hr>102</gpxdata:hr>
     <gpxdata:distance>356.00</gpxdata:distance>
     <gpxdata:speed>0.817</gpxdata:speed>
    </extensions>
   </trkpt>
   <trkpt lat="46.5217224" lon="12.0107537">
    <ele>2164</ele>
    <time>2026-10-02T12:12:59Z</time>
    <extensions>
     <gpxdata:hr>101</gpxdata:hr>
     <gpxdata:distance>358.00</gpxdata:distance>
     <gpxdata:speed>0.819</gpxdata:speed>
    </extensions>
   </trkpt>
   <trkpt lat="46.5217263" lon="12.0107637">
    <ele>2164</ele>
    <time>2026-10-02T12:13:00Z</time>
    <extensions>
     <gpxdata:hr>100</gpxdata:hr>
     <gpxdata:distance>358.50</gpxdata:distance>
     <gpxdata:speed>0.842</gpxdata:speed>
    </extensions>
   </trkpt>
   <trkpt lat="46.5217307" lon="12.0107742">
    <ele>2164</ele>
    <time>2026-10-02T12:13:01Z</time>
    <extensions>
     <gpxdata:hr>101</gpxdata:hr>
     <gpxdata:distance>359.00</gpxdata:distance>
     <gpxdata:speed>0.864</gpxdata:speed>
    </extensions>
   </trkpt>
   <trkpt lat="46.5217353" lon="12.0107843">
    <ele>2164</ele>
    <time>2026-10-02T12:13:02Z</time>
    <extensions>
     <gpxdata:hr>101</gpxdata:hr>
     <gpxdata:distance>360.00</gpxdata:distance>
     <gpxdata:speed>0.878</gpxdata:speed>
    </extensions>
   </trkpt>
   <trkpt lat="46.5217405" lon="12.0107927">
    <ele>2164</ele>
    <time>2026-10-02T12:13:03Z</time>
    <extensions>
     <gpxdata:hr>102</gpxdata:hr>
     <gpxdata:distance>361.00</gpxdata:distance>
     <gpxdata:speed>0.894</gpxdata:speed>
    </extensions>
   </trkpt>
  </trkseg>
  <trkseg>
   <trkpt lat="46.5217472" lon="12.0107988">
    <ele>2166</ele>
    <time>2026-10-02T12:13:12Z</time>
    <extensions>
     <gpxdata:hr>113</gpxdata:hr>
     <gpxdata:distance>362.00</gpxdata:distance>
    </extensions>
   </trkpt>
   <trkpt lat="46.5217517" lon="12.0108042">
    <ele>2166</ele>
    <time>2026-10-02T12:13:13Z</time>
    <extensions>
     <gpxdata:hr>114</gpxdata:hr>
     <gpxdata:distance>362.00</gpxdata:distance>
    </extensions>
   </trkpt>
   <trkpt lat="46.5217549" lon="12.0108105">
    <ele>2166</ele>
    <time>2026-10-02T12:13:14Z</time>
    <extensions>
     <gpxdata:hr>118</gpxdata:hr>
     <gpxdata:distance>362.00</gpxdata:distance>
    </extensions>
   </trkpt>
   <trkpt lat="46.5217577" lon="12.0108177">
    <ele>2166</ele>
    <time>2026-10-02T12:13:15Z</time>
    <extensions>
     <gpxdata:hr>120</gpxdata:hr>
     <gpxdata:distance>362.00</gpxdata:distance>
    </extensions>
   </trkpt>
   <trkpt lat="46.5217610" lon="12.0108260">
    <ele>2166</ele>
    <time>2026-10-02T12:13:16Z</time>
    <extensions>
     <gpxdata:hr>121</gpxdata:hr>
     <gpxdata:distance>364.00</gpxdata:distance>
    </extensions>
   </trkpt>
   <trkpt lat="46.5217650" lon="12.0108356">
    <ele>2166</ele>
    <time>2026-10-02T12:13:17Z</time>
    <extensions>
     <gpxdata:hr>122</gpxdata:hr>
     <gpxdata:distance>366.00</gpxdata:distance>
    </extensions>
   </trkpt>
   <trkpt lat="46.5217697" lon="12.0108464">
    <ele>2166</ele>
    <time>2026-10-02T12:13:18Z</time>
    <extensions>
     <gpxdata:hr>121</gpxdata:hr>
     <gpxdata:distance>367.00</gpxdata:distance>
     <gpxdata:speed>0.478</gpxdata:speed>
    </extensions>
   </trkpt>
   <trkpt lat="46.5217741" lon="12.0108580">
    <ele>2167</ele>
    <time>2026-10-02T12:13:19Z</time>
    <extensions>
     <gpxdata:hr>121</gpxdata:hr>
     <gpxdata:distance>368.00</gpxdata:distance>
     <gpxdata:speed>0.956</gpxdata:speed>
    </extensions>
   </trkpt>
   <trkpt lat="46.5217774" lon="12.0108700">
    <ele>2167</ele>
    <time>2026-10-02T12:13:20Z</time>
    <extensions>
     <gpxdata:hr>122</gpxdata:hr>
     <gpxdata:distance>368.50</gpxdata:distance>
     <gpxdata:speed>0.964</gpxdata:speed>
    </extensions>
   </trkpt>
   <trkpt lat="46.5217789" lon="12.0108819">
    <ele>2167</ele>
    <time>2026-10-02T12:13:21Z</time>
    <extensions>
     <gpxdata:hr>122</gpxdata:hr>
     <gpxdata:distance>369.00</gpxdata:distance>
     <gpxdata:speed>0.975</gpxdata:speed>
    </extensions>
   </trkpt>
   <trkpt lat="46.5217793" lon="12.0108934">
    <ele>2167</ele>
    <time>2026-10-02T12:13:22Z</time>
    <extensions>
     <gpxdata:hr>123</gpxdata:hr>
     <gpxdata:distance>370.00</gpxdata:distance>
     <gpxdata:speed>0.967</gpxdata:speed>
    </extensions>
   </trkpt>
   <trkpt lat="46.5217801" lon="12.0109049">
    <ele>2167</ele>
    <time>2026-10-02T12:13:23Z</time>
    <extensions>
     <gpxdata:hr>123</gpxdata:hr>
     <gpxdata:distance>371.00</gpxdata:distance>
     <gpxdata:speed>0.958</gpxdata:speed>
    </extensions>
   </trkpt>
   <trkpt lat="46.5217815" lon="12.0109168">
    <ele>2167</ele>
    <time>2026-10-02T12:13:24Z</time>
    <extensions>
     <gpxdata:hr>123</gpxdata:hr>
     <gpxdata:distance>372.00</gpxdata:distance>
     <gpxdata:speed>0.958</gpxdata:speed>
    </extensions>
   </trkpt>
   <trkpt lat="46.5217836" lon="12.0109288">
    <ele>2167</ele>
    <time>2026-10-02T12:13:25Z</time>
    <extensions>
     <gpxdata:hr>123</gpxdata:hr>
     <gpxdata:distance>373.00</gpxdata:distance>
     <gpxdata:speed>0.958</gpxdata:speed>
    </extensions>
   </trkpt>
   <trkpt lat="46.5217866" lon="12.0109407">
    <ele>2167</ele>
    <time>2026-10-02T12:13:26Z</time>
    <extensions>
     <gpxdata:hr>123</gpxdata:hr>
     <gpxdata:distance>374.00</gpxdata:distance>
     <gpxdata:speed>0.961</gpxdata:speed>
    </extensions>
   </trkpt>
   <trkpt lat="46.5217905" lon="12.0109529">
    <ele>2168</ele>
    <time>2026-10-02T12:13:27Z</time>
    <extensions>
     <gpxdata:hr>124</gpxdata:hr>
     <gpxdata:distance>375.00</gpxdata:distance>
     <gpxdata:speed>0.967</gpxdata:speed>
    </extensions>
   </trkpt>
   <trkpt lat="46.5217954" lon="12.0109654">
    <ele>2168</ele>
    <time>2026-10-02T12:13:28Z</time>
    <extensions>
     <gpxdata:hr>124</gpxdata:hr>
     <gpxdata:distance>376.00</gpxdata:distance>
     <gpxdata:speed>0.975</gpxdata:speed>
    </extensions>
   </trkpt>
   <trkpt lat="46.5218013" lon="12.0109769">
    <ele>2168</ele>
    <time>2026-10-02T12:13:29Z</time>
    <extensions>
     <gpxdata:hr>125</gpxdata:hr>
     <gpxdata:distance>377.00</gpxdata:distance>
     <gpxdata:speed>0.983</gpxdata:speed>
    </extensions>
   </trkpt>
   <trkpt lat="46.5218081" lon="12.0109870">
    <ele>2168</ele>
    <time>2026-10-02T12:13:30Z</time>
    <extensions>
     <gpxdata:hr>126</gpxdata:hr>
     <gpxdata:distance>378.00</gpxdata:distance>
     <gpxdata:speed>0.989</gpxdata:speed>
    </extensions>
   </trkpt>
   <trkpt lat="46.5218154" lon="12.0109962">
    <ele>2169</ele>
    <time>2026-10-02T12:13:31Z</time>
    <extensions>
     <gpxdata:hr>127</gpxdata:hr>
     <gpxdata:distance>379.00</gpxdata:distance>
     <gpxdata:speed>0.994</gpxdata:speed>
    </extensions>
   </trkpt>
   <trkpt lat="46.5218225" lon="12.0110058">
    <ele>2169</ele>
    <time>2026-10-02T12:13:32Z</time>
    <extensions>
     <gpxdata:hr>128</gpxdata:hr>
     <gpxdata:distance>380.50</gpxdata:distance>
     <gpxdata:speed>0.997</gpxdata:speed>
    </extensions>
   </trkpt>
   <trkpt lat="46.5218291" lon="12.0110162">
    <ele>2169</ele>
    <time>2026-10-02T12:13:33Z</time>
    <extensions>
     <gpxdata:hr>128</gpxdata:hr>
     <gpxdata:distance>382.00</gpxdata:distance>
     <gpxdata:speed>1.000</gpxdata:speed>
    </extensions>
   </trkpt>
   <trkpt lat="46.5218349" lon="12.0110274">
    <ele>2169</ele>
    <time>2026-10-02T12:13:34Z</time>
    <extensions>
     <gpxdata:hr>129</gpxdata:hr>
     <gpxdata:distance>383.00</gpxdata:distance>
     <gpxdata:speed>1.025</gpxdata:speed>
    </extensions>
   </trkpt>
   <trkpt lat="46.5218403" lon="12.0110389">
    <ele>2169</ele>
    <time>2026-10-02T12:13:35Z</time>
    <extensions>
     <gpxdata:hr>130</gpxdata:hr>
     <gpxdata:distance>384.00</gpxdata:distance>
     <gpxdata:speed>1.050</gpxdata:speed>
    </extensions>
   </trkpt>
   <trkpt lat="46.5218453" lon="12.0110506">
    <ele>2169</ele>
    <time>2026-10-02T12:13:36Z</time>
    <extensions>
     <gpxdata:hr>131</gpxdata:hr>
     <gpxdata:distance>385.00</gpxdata:distance>
     <gpxdata:speed>1.056</gpxdata:speed>
    </extensions>
   </trkpt>
   <trkpt lat="46.5218498" lon="12.0110620">
    <ele>2169</ele>
    <time>2026-10-02T12:13:37Z</time>
    <extensions>
     <gpxdata:hr>133</gpxdata:hr>
     <gpxdata:distance>386.00</gpxdata:distance>
     <gpxdata:speed>1.061</gpxdata:speed>
    </extensions>
   </trkpt>
   <trkpt lat="46.5218543" lon="12.0110729">
    <ele>2169</ele>
    <time>2026-10-02T12:13:38Z</time>
    <extensions>
     <gpxdata:hr>134</gpxdata:hr>
     <gpxdata:distance>387.00</gpxdata:distance>
     <gpxdata:speed>1.061</gpxdata:speed>
    </extensions>
   </trkpt>
   <trkpt lat="46.5218593" lon="12.0110834">
    <ele>2170</ele>
    <time>2026-10-02T12:13:39Z</time>
    <extensions>
     <gpxdata:hr>134</gpxdata:hr>
     <gpxdata:distance>388.00</gpxdata:distance>
     <gpxdata:speed>1.064</gpxdata:speed>
    </extensions>
   </trkpt>
   <trkpt lat="46.5218646" lon="12.0110944">
    <ele>2170</ele>
    <time>2026-10-02T12:13:40Z</time>
    <extensions>
     <gpxdata:hr>135</gpxdata:hr>
     <gpxdata:distance>389.00</gpxdata:distance>
     <gpxdata:speed>1.056</gpxdata:speed>
    </extensions>
   </trkpt>
   <trkpt lat="46.5218703" lon="12.0111055">
    <ele>2170</ele>
    <time>2026-10-02T12:13:41Z</time>
    <extensions>
     <gpxdata:hr>135</gpxdata:hr>
     <gpxdata:distance>390.00</gpxdata:distance>
     <gpxdata:speed>1.050</gpxdata:speed>
    </extensions>
   </trkpt>
   <trkpt lat="46.5218763" lon="12.0111166">
    <ele>2170</ele>
    <time>2026-10-02T12:13:42Z</time>
    <extensions>
     <gpxdata:hr>136</gpxdata:hr>
     <gpxdata:distance>391.00</gpxdata:distance>
     <gpxdata:speed>1.047</gpxdata:speed>
    </extensions>
   </trkpt>
   <trkpt lat="46.5218828" lon="12.0111271">
    <ele>2171</ele>
    <time>2026-10-02T12:13:43Z</time>
    <extensions>
     <gpxdata:hr>137</gpxdata:hr>
     <gpxdata:distance>392.00</gpxdata:distance>
     <gpxdata:speed>1.044</gpxdata:speed>
    </extensions>
   </trkpt>
   <trkpt lat="46.5218891" lon="12.0111367">
    <ele>2171</ele>
    <time>2026-10-02T12:13:44Z</time>
    <extensions>
     <gpxdata:hr>137</gpxdata:hr>
     <gpxdata:distance>393.00</gpxdata:distance>
     <gpxdata:speed>1.042</gpxdata:speed>
    </extensions>
   </trkpt>
   <trkpt lat="46.5218947" lon="12.0111453">
    <ele>2171</ele>
    <time>2026-10-02T12:13:45Z</time>
    <extensions>
     <gpxdata:hr>138</gpxdata:hr>
     <gpxdata:distance>394.00</gpxdata:distance>
     <gpxdata:speed>1.039</gpxdata:speed>
    </extensions>
   </trkpt>
   <trkpt lat="46.5218960" lon="12.0111476">
    <ele>2171</ele>
    <time>2026-10-02T12:13:46Z</time>
    <extensions>
     <gpxdata:hr>139</gpxdata:hr>
     <gpxdata:distance>394.00</gpxdata:distance>
     <gpxdata:speed>1.033</gpxdata:speed>
    </extensions>
   </trkpt>
   <trkpt lat="46.5218973" lon="12.0111498">
    <ele>2172</ele>
    <time>2026-10-02T12:13:47Z</time>
    <extensions>
     <gpxdata:hr>139</gpxdata:hr>
     <gpxdata:distance>394.00</gpxdata:distance>
     <gpxdata:speed>1.031</gpxdata:speed>
    </extensions>
   </trkpt>
   <trkpt lat="46.5218986" lon="12.0111520">
    <ele>2172</ele>
    <time>2026-10-02T12:13:48Z</time>
    <extensions>
     <gpxdata:hr>140</gpxdata:hr>
     <gpxdata:distance>394.00</gpxdata:distance>
     <gpxdata:speed>0.514</gpxdata:speed>
    </extensions>
   </trkpt>
   <trkpt lat="46.5219015" lon="12.0111562">
    <ele>2172</ele>
    <time>2026-10-02T12:13:49Z</time>
    <extensions>
     <gpxdata:hr>140</gpxdata:hr>
     <gpxdata:distance>394.00</gpxdata:distance>
    </extensions>
   </trkpt>
   <trkpt lat="46.5219043" lon="12.0111609">
    <ele>2172</ele>
    <time>2026-10-02T12:13:50Z</time>
    <extensions>
     <gpxdata:hr>141</gpxdata:hr>
     <gpxdata:distance>394.00</gpxdata:distance>
    </extensions>
   </trkpt>
   <trkpt lat="46.5219072" lon="12.0111671">
    <ele>2172</ele>
    <time>2026-10-02T12:13:51Z</time>
    <extensions>
     <gpxdata:hr>141</gpxdata:hr>
     <gpxdata:distance>394.00</gpxdata:distance>
    </extensions>
   </trkpt>
   <trkpt lat="46.5219106" lon="12.0111750">
    <ele>2172</ele>
    <time>2026-10-02T12:13:52Z</time>
    <extensions>
     <gpxdata:hr>142</gpxdata:hr>
     <gpxdata:distance>396.00</gpxdata:distance>
    </extensions>
   </trkpt>
   <trkpt lat="46.5219149" lon="12.0111844">
    <ele>2172</ele>
    <time>2026-10-02T12:13:53Z</time>
    <extensions>
     <gpxdata:hr>144</gpxdata:hr>
     <gpxdata:distance>398.00</gpxdata:distance>
    </extensions>
   </trkpt>
   <trkpt lat="46.5219200" lon="12.0111954">
    <ele>2172</ele>
    <time>2026-10-02T12:13:54Z</time>
    <extensions>
     <gpxdata:hr>145</gpxdata:hr>
     <gpxdata:distance>399.00</gpxdata:distance>
    </extensions>
   </trkpt>
   <trkpt lat="46.5219250" lon="12.0112086">
    <ele>2173</ele>
    <time>2026-10-02T12:13:55Z</time>
    <extensions>
     <gpxdata:hr>146</gpxdata:hr>
     <gpxdata:distance>400.00</gpxdata:distance>
    </extensions>
   </trkpt>
   <trkpt lat="46.5219301" lon="12.0112241">
    <ele>2173</ele>
    <time>2026-10-02T12:13:56Z</time>
    <extensions>
     <gpxdata:hr>146</gpxdata:hr>
     <gpxdata:distance>401.50</gpxdata:distance>
     <gpxdata:speed>0.550</gpxdata:speed>
    </extensions>
   </trkpt>
   <trkpt lat="46.5219350" lon="12.0112406">
    <ele>2173</ele>
    <time>2026-10-02T12:13:57Z</time>
    <extensions>
     <gpxdata:hr>147</gpxdata:hr>
     <gpxdata:distance>403.00</gpxdata:distance>
     <gpxdata:speed>1.103</gpxdata:speed>
    </extensions>
   </trkpt>
   <trkpt lat="46.5219400" lon="12.0112567">
    <ele>2173</ele>
    <time>2026-10-02T12:13:58Z</time>
    <extensions>
     <gpxdata:hr>147</gpxdata:hr>
     <gpxdata:distance>404.00</gpxdata:distance>
     <gpxdata:speed>1.139</gpxdata:speed>
    </extensions>
   </trkpt>
   <trkpt lat="46.5219454" lon="12.0112725">
    <ele>2174</ele>
    <time>2026-10-02T12:13:59Z</time>
    <extensions>
     <gpxdata:hr>147</gpxdata:hr>
     <gpxdata:distance>405.00</gpxdata:distance>
     <gpxdata:speed>1.175</gpxdata:speed>
    </extensions>
   </trkpt>
   <trkpt lat="46.5219505" lon="12.0112887">
    <ele>2174</ele>
    <time>2026-10-02T12:14:00Z</time>
    <extensions>
     <gpxdata:hr>147</gpxdata:hr>
     <gpxdata:distance>406.50</gpxdata:distance>
     <gpxdata:speed>1.189</gpxdata:speed>
    </extensions>
   </trkpt>
   <trkpt lat="46.5219549" lon="12.0113049">
    <ele>2174</ele>
    <time>2026-10-02T12:14:01Z</time>
    <extensions>
     <gpxdata:hr>147</gpxdata:hr>
     <gpxdata:distance>408.00</gpxdata:distance>
     <gpxdata:speed>1.206</gpxdata:speed>
    </extensions>
   </trkpt>
   <trkpt lat="46.5219586" lon="12.0113209">
    <ele>2174</ele>
    <time>2026-10-02T12:14:02Z</time>
    <extensions>
     <gpxdata:hr>147</gpxdata:hr>
     <gpxdata:distance>409.50</gpxdata:distance>
     <gpxdata:speed>1.222</gpxdata:speed>
    </extensions>
   </trkpt>
   <trkpt lat="46.5219620" lon="12.0113368">
    <ele>2175</ele>
    <time>2026-10-02T12:14:03Z</time>
    <extensions>
     <gpxdata:hr>147</gpxdata:hr>
     <gpxdata:distance>411.00</gpxdata:distance>
     <gpxdata:speed>1.242</gpxdata:speed>
    </extensions>
   </trkpt>
   <trkpt lat="46.5219655" lon="12.0113526">
    <ele>2175</ele>
    <time>2026-10-02T12:14:04Z</time>
    <extensions>
     <gpxdata:hr>148</gpxdata:hr>
     <gpxdata:distance>412.00</gpxdata:distance>
     <gpxdata:speed>1.256</gpxdata:speed>
    </extensions>
   </trkpt>
   <trkpt lat="46.5219692" lon="12.0113683">
    <ele>2175</ele>
    <time>2026-10-02T12:14:05Z</time>
    <extensions>
     <gpxdata:hr>148</gpxdata:hr>
     <gpxdata:distance>413.00</gpxdata:distance>
     <gpxdata:speed>1.272</gpxdata:speed>
    </extensions>
   </trkpt>
   <trkpt lat="46.5219730" lon="12.0113842">
    <ele>2175</ele>
    <time>2026-10-02T12:14:06Z</time>
    <extensions>
     <gpxdata:hr>149</gpxdata:hr>
     <gpxdata:distance>414.50</gpxdata:distance>
     <gpxdata:speed>1.286</gpxdata:speed>
    </extensions>
   </trkpt>
   <trkpt lat="46.5219771" lon="12.0114006">
    <ele>2175</ele>
    <time>2026-10-02T12:14:07Z</time>
    <extensions>
     <gpxdata:hr>149</gpxdata:hr>
     <gpxdata:distance>416.00</gpxdata:distance>
     <gpxdata:speed>1.300</gpxdata:speed>
    </extensions>
   </trkpt>
   <trkpt lat="46.5219810" lon="12.0114173">
    <ele>2175</ele>
    <time>2026-10-02T12:14:08Z</time>
    <extensions>
     <gpxdata:hr>149</gpxdata:hr>
     <gpxdata:distance>417.50</gpxdata:distance>
     <gpxdata:speed>1.308</gpxdata:speed>
    </extensions>
   </trkpt>
   <trkpt lat="46.5219850" lon="12.0114338">
    <ele>2175</ele>
    <time>2026-10-02T12:14:09Z</time>
    <extensions>
     <gpxdata:hr>149</gpxdata:hr>
     <gpxdata:distance>419.00</gpxdata:distance>
     <gpxdata:speed>1.317</gpxdata:speed>
    </extensions>
   </trkpt>
   <trkpt lat="46.5219891" lon="12.0114496">
    <ele>2175</ele>
    <time>2026-10-02T12:14:10Z</time>
    <extensions>
     <gpxdata:hr>149</gpxdata:hr>
     <gpxdata:distance>420.00</gpxdata:distance>
     <gpxdata:speed>1.317</gpxdata:speed>
    </extensions>
   </trkpt>
   <trkpt lat="46.5219931" lon="12.0114650">
    <ele>2176</ele>
    <time>2026-10-02T12:14:11Z</time>
    <extensions>
     <gpxdata:hr>149</gpxdata:hr>
     <gpxdata:distance>421.00</gpxdata:distance>
     <gpxdata:speed>1.319</gpxdata:speed>
    </extensions>
   </trkpt>
   <trkpt lat="46.5219974" lon="12.0114802">
    <ele>2176</ele>
    <time>2026-10-02T12:14:12Z</time>
    <extensions>
     <gpxdata:hr>149</gpxdata:hr>
     <gpxdata:distance>422.50</gpxdata:distance>
     <gpxdata:speed>1.319</gpxdata:speed>
    </extensions>
   </trkpt>
   <trkpt lat="46.5220021" lon="12.0114954">
    <ele>2176</ele>
    <time>2026-10-02T12:14:13Z</time>
    <extensions>
     <gpxdata:hr>149</gpxdata:hr>
     <gpxdata:distance>424.00</gpxdata:distance>
     <gpxdata:speed>1.319</gpxdata:speed>
    </extensions>
   </trkpt>
   <trkpt lat="46.5220072" lon="12.0115107">
    <ele>2176</ele>
    <time>2026-10-02T12:14:14Z</time>
    <extensions>
     <gpxdata:hr>149</gpxdata:hr>
     <gpxdata:distance>425.00</gpxdata:distance>
     <gpxdata:speed>1.317</gpxdata:speed>
    </extensions>
   </trkpt>
   <trkpt lat="46.5220127" lon="12.0115257">
    <ele>2177</ele>
    <time>2026-10-02T12:14:15Z</time>
    <extensions>
     <gpxdata:hr>149</gpxdata:hr>
     <gpxdata:distance>426.00</gpxdata:distance>
     <gpxdata:speed>1.317</gpxdata:speed>
    </extensions>
   </trkpt>
   <trkpt lat="46.5220184" lon="12.0115407">
    <ele>2177</ele>
    <time>2026-10-02T12:14:16Z</time>
    <extensions>
     <gpxdata:hr>150</gpxdata:hr>
     <gpxdata:distance>427.50</gpxdata:distance>
     <gpxdata:speed>1.317</gpxdata:speed>
    </extensions>
   </trkpt>
   <trkpt lat="46.5220245" lon="12.0115555">
    <ele>2177</ele>
    <time>2026-10-02T12:14:17Z</time>
    <extensions>
     <gpxdata:hr>152</gpxdata:hr>
     <gpxdata:distance>429.00</gpxdata:distance>
     <gpxdata:speed>1.317</gpxdata:speed>
    </extensions>
   </trkpt>
   <trkpt lat="46.5220310" lon="12.0115698">
    <ele>2177</ele>
    <time>2026-10-02T12:14:18Z</time>
    <extensions>
     <gpxdata:hr>152</gpxdata:hr>
     <gpxdata:distance>430.00</gpxdata:distance>
     <gpxdata:speed>1.314</gpxdata:speed>
    </extensions>
   </trkpt>
   <trkpt lat="46.5220379" lon="12.0115837">
    <ele>2178</ele>
    <time>2026-10-02T12:14:19Z</time>
    <extensions>
     <gpxdata:hr>152</gpxdata:hr>
     <gpxdata:distance>431.00</gpxdata:distance>
     <gpxdata:speed>1.314</gpxdata:speed>
    </extensions>
   </trkpt>
   <trkpt lat="46.5220448" lon="12.0115977">
    <ele>2178</ele>
    <time>2026-10-02T12:14:20Z</time>
    <extensions>
     <gpxdata:hr>152</gpxdata:hr>
     <gpxdata:distance>432.50</gpxdata:distance>
     <gpxdata:speed>1.311</gpxdata:speed>
    </extensions>
   </trkpt>
   <trkpt lat="46.5220514" lon="12.0116121">
    <ele>2178</ele>
    <time>2026-10-02T12:14:21Z</time>
    <extensions>
     <gpxdata:hr>152</gpxdata:hr>
     <gpxdata:distance>434.00</gpxdata:distance>
     <gpxdata:speed>1.311</gpxdata:speed>
    </extensions>
   </trkpt>
   <trkpt lat="46.5220577" lon="12.0116266">
    <ele>2178</ele>
    <time>2026-10-02T12:14:22Z</time>
    <extensions>
     <gpxdata:hr>152</gpxdata:hr>
     <gpxdata:distance>435.50</gpxdata:distance>
     <gpxdata:speed>1.311</gpxdata:speed>
    </extensions>
   </trkpt>
   <trkpt lat="46.5220640" lon="12.0116411">
    <ele>2178</ele>
    <time>2026-10-02T12:14:23Z</time>
    <extensions>
     <gpxdata:hr>153</gpxdata:hr>
     <gpxdata:distance>437.00</gpxdata:distance>
     <gpxdata:speed>1.311</gpxdata:speed>
    </extensions>
   </trkpt>
   <trkpt lat="46.5220705" lon="12.0116552">
    <ele>2178</ele>
    <time>2026-10-02T12:14:24Z</time>
    <extensions>
     <gpxdata:hr>154</gpxdata:hr>
     <gpxdata:distance>438.00</gpxdata:distance>
     <gpxdata:speed>1.311</gpxdata:speed>
    </extensions>
   </trkpt>
   <trkpt lat="46.5220771" lon="12.0116692">
    <ele>2178</ele>
    <time>2026-10-02T12:14:25Z</time>
    <extensions>
     <gpxdata:hr>155</gpxdata:hr>
     <gpxdata:distance>439.00</gpxdata:distance>
     <gpxdata:speed>1.311</gpxdata:speed>
    </extensions>
   </trkpt>
   <trkpt lat="46.5220836" lon="12.0116835">
    <ele>2178</ele>
    <time>2026-10-02T12:14:26Z</time>
    <extensions>
     <gpxdata:hr>155</gpxdata:hr>
     <gpxdata:distance>440.50</gpxdata:distance>
     <gpxdata:speed>1.311</gpxdata:speed>
    </extensions>
   </trkpt>
   <trkpt lat="46.5220899" lon="12.0116980">
    <ele>2178</ele>
    <time>2026-10-02T12:14:27Z</time>
    <extensions>
     <gpxdata:hr>155</gpxdata:hr>
     <gpxdata:distance>442.00</gpxdata:distance>
     <gpxdata:speed>1.311</gpxdata:speed>
    </extensions>
   </trkpt>
   <trkpt lat="46.5220962" lon="12.0117126">
    <ele>2178</ele>
    <time>2026-10-02T12:14:28Z</time>
    <extensions>
     <gpxdata:hr>155</gpxdata:hr>
     <gpxdata:distance>443.50</gpxdata:distance>
     <gpxdata:speed>1.311</gpxdata:speed>
    </extensions>
   </trkpt>
   <trkpt lat="46.5221022" lon="12.0117270">
    <ele>2178</ele>
    <time>2026-10-02T12:14:29Z</time>
    <extensions>
     <gpxdata:hr>155</gpxdata:hr>
     <gpxdata:distance>445.00</gpxdata:distance>
     <gpxdata:speed>1.311</gpxdata:speed>
    </extensions>
   </trkpt>
   <trkpt lat="46.5221079" lon="12.0117411">
    <ele>2178</ele>
    <time>2026-10-02T12:14:30Z</time>
    <extensions>
     <gpxdata:hr>154</gpxdata:hr>
     <gpxdata:distance>446.00</gpxdata:distance>
     <gpxdata:speed>1.311</gpxdata:speed>
    </extensions>
   </trkpt>
   <trkpt lat="46.5221135" lon="12.0117547">
    <ele>2179</ele>
    <time>2026-10-02T12:14:31Z</time>
    <extensions>
     <gpxdata:hr>154</gpxdata:hr>
     <gpxdata:distance>447.00</gpxdata:distance>
     <gpxdata:speed>1.311</gpxdata:speed>
    </extensions>
   </trkpt>
   <trkpt lat="46.5221191" lon="12.0117679">
    <ele>2179</ele>
    <time>2026-10-02T12:14:32Z</time>
    <extensions>
     <gpxdata:hr>154</gpxdata:hr>
     <gpxdata:distance>448.00</gpxdata:distance>
     <gpxdata:speed>1.308</gpxdata:speed>
    </extensions>
   </trkpt>
   <trkpt lat="46.5221245" lon="12.0117809">
    <ele>2179</ele>
    <time>2026-10-02T12:14:33Z</time>
    <extensions>
     <gpxdata:hr>154</gpxdata:hr>
     <gpxdata:distance>449.00</gpxdata:distance>
     <gpxdata:speed>1.308</gpxdata:speed>
    </extensions>
   </trkpt>
   <trkpt lat="46.5221301" lon="12.0117937">
    <ele>2179</ele>
    <time>2026-10-02T12:14:34Z</time>
    <extensions>
     <gpxdata:hr>154</gpxdata:hr>
     <gpxdata:distance>450.50</gpxdata:distance>
     <gpxdata:speed>1.306</gpxdata:speed>
    </extensions>
   </trkpt>
   <trkpt lat="46.5221362" lon="12.0118065">
    <ele>2179</ele>
    <time>2026-10-02T12:14:35Z</time>
    <extensions>
     <gpxdata:hr>153</gpxdata:hr>
     <gpxdata:distance>452.00</gpxdata:distance>
     <gpxdata:speed>1.306</gpxdata:speed>
    </extensions>
   </trkpt>
   <trkpt lat="46.5221420" lon="12.0118186">
    <ele>2179</ele>
    <time>2026-10-02T12:14:36Z</time>
    <extensions>
     <gpxdata:hr>153</gpxdata:hr>
     <gpxdata:distance>453.00</gpxdata:distance>
     <gpxdata:speed>1.303</gpxdata:speed>
    </extensions>
   </trkpt>
  </trkseg>
  <trkseg>
   <trkpt lat="46.5221442" lon="12.0118299">
    <ele>2179</ele>
    <time>2026-10-02T12:14:50Z</time>
    <extensions>
     <gpxdata:hr>148</gpxdata:hr>
     <gpxdata:distance>454.00</gpxdata:distance>
    </extensions>
   </trkpt>
   <trkpt lat="46.5221463" lon="12.0118378">
    <ele>2179</ele>
    <time>2026-10-02T12:14:51Z</time>
    <extensions>
     <gpxdata:hr>148</gpxdata:hr>
     <gpxdata:distance>454.00</gpxdata:distance>
    </extensions>
   </trkpt>
   <trkpt lat="46.5221487" lon="12.0118451">
    <ele>2179</ele>
    <time>2026-10-02T12:14:52Z</time>
    <extensions>
     <gpxdata:hr>148</gpxdata:hr>
     <gpxdata:distance>454.00</gpxdata:distance>
    </extensions>
   </trkpt>
   <trkpt lat="46.5221514" lon="12.0118534">
    <ele>2179</ele>
    <time>2026-10-02T12:14:53Z</time>
    <extensions>
     <gpxdata:hr>147</gpxdata:hr>
     <gpxdata:distance>454.00</gpxdata:distance>
    </extensions>
   </trkpt>
   <trkpt lat="46.5221543" lon="12.0118634">
    <ele>2179</ele>
    <time>2026-10-02T12:14:54Z</time>
    <extensions>
     <gpxdata:hr>147</gpxdata:hr>
     <gpxdata:distance>456.00</gpxdata:distance>
    </extensions>
   </trkpt>
   <trkpt lat="46.5221575" lon="12.0118754">
    <ele>2180</ele>
    <time>2026-10-02T12:14:55Z</time>
    <extensions>
     <gpxdata:hr>146</gpxdata:hr>
     <gpxdata:distance>458.00</gpxdata:distance>
    </extensions>
   </trkpt>
   <trkpt lat="46.5221616" lon="12.0118887">
    <ele>2180</ele>
    <time>2026-10-02T12:14:56Z</time>
    <extensions>
     <gpxdata:hr>145</gpxdata:hr>
     <gpxdata:distance>459.00</gpxdata:distance>
    </extensions>
   </trkpt>
   <trkpt lat="46.5221670" lon="12.0119018">
    <ele>2180</ele>
    <time>2026-10-02T12:14:57Z</time>
    <extensions>
     <gpxdata:hr>145</gpxdata:hr>
     <gpxdata:distance>460.00</gpxdata:distance>
    </extensions>
   </trkpt>
   <trkpt lat="46.5221739" lon="12.0119141">
    <ele>2180</ele>
    <time>2026-10-02T12:14:58Z</time>
    <extensions>
     <gpxdata:hr>145</gpxdata:hr>
     <gpxdata:distance>461.00</gpxdata:distance>
    </extensions>
   </trkpt>
   <trkpt lat="46.5221817" lon="12.0119256">
    <ele>2180</ele>
    <time>2026-10-02T12:14:59Z</time>
    <extensions>
     <gpxdata:hr>145</gpxdata:hr>
     <gpxdata:distance>462.00</gpxdata:distance>
    </extensions>
   </trkpt>
   <trkpt lat="46.5221902" lon="12.0119369">
    <ele>2180</ele>
    <time>2026-10-02T12:15:00Z</time>
    <extensions>
     <gpxdata:hr>145</gpxdata:hr>
     <gpxdata:distance>463.50</gpxdata:distance>
     <gpxdata:speed>0.561</gpxdata:speed>
    </extensions>
   </trkpt>
   <trkpt lat="46.5221983" lon="12.0119493">
    <ele>2180</ele>
    <time>2026-10-02T12:15:01Z</time>
    <extensions>
     <gpxdata:hr>145</gpxdata:hr>
     <gpxdata:distance>465.00</gpxdata:distance>
     <gpxdata:speed>1.122</gpxdata:speed>
    </extensions>
   </trkpt>
   <trkpt lat="46.5222050" lon="12.0119619">
    <ele>2180</ele>
    <time>2026-10-02T12:15:02Z</time>
    <extensions>
     <gpxdata:hr>139</gpxdata:hr>
     <gpxdata:distance>466.00</gpxdata:distance>
     <gpxdata:speed>1.142</gpxdata:speed>
    </extensions>
   </trkpt>
  </trkseg>
  <trkseg>
   <trkpt lat="46.5222090" lon="12.0119703">
    <ele>2181</ele>
    <time>2026-10-02T12:15:25Z</time>
    <extensions>
     <gpxdata:hr>127</gpxdata:hr>
     <gpxdata:distance>467.00</gpxdata:distance>
    </extensions>
   </trkpt>
   <trkpt lat="46.5222123" lon="12.0119760">
    <ele>2181</ele>
    <time>2026-10-02T12:15:26Z</time>
    <extensions>
     <gpxdata:hr>127</gpxdata:hr>
     <gpxdata:distance>467.00</gpxdata:distance>
    </extensions>
   </trkpt>
   <trkpt lat="46.5222153" lon="12.0119816">
    <ele>2181</ele>
    <time>2026-10-02T12:15:27Z</time>
    <extensions>
     <gpxdata:hr>126</gpxdata:hr>
     <gpxdata:distance>467.00</gpxdata:distance>
    </extensions>
   </trkpt>
   <trkpt lat="46.5222182" lon="12.0119883">
    <ele>2181</ele>
    <time>2026-10-02T12:15:28Z</time>
    <extensions>
     <gpxdata:hr>125</gpxdata:hr>
     <gpxdata:distance>468.00</gpxdata:distance>
    </extensions>
   </trkpt>
   <trkpt lat="46.5222213" lon="12.0119969">
    <ele>2181</ele>
    <time>2026-10-02T12:15:29Z</time>
    <extensions>
     <gpxdata:hr>125</gpxdata:hr>
     <gpxdata:distance>469.00</gpxdata:distance>
    </extensions>
   </trkpt>
   <trkpt lat="46.5222244" lon="12.0120074">
    <ele>2181</ele>
    <time>2026-10-02T12:15:30Z</time>
    <extensions>
     <gpxdata:hr>123</gpxdata:hr>
     <gpxdata:distance>470.00</gpxdata:distance>
    </extensions>
   </trkpt>
  </trkseg>
  <trkseg>
   <trkpt lat="46.5222283" lon="12.0120205">
    <ele>2182</ele>
    <time>2026-10-02T12:15:54Z</time>
    <extensions>
     <gpxdata:hr>98</gpxdata:hr>
     <gpxdata:distance>471.00</gpxdata:distance>
    </extensions>
   </trkpt>
   <trkpt lat="46.5222319" lon="12.0120297">
    <ele>2182</ele>
    <time>2026-10-02T12:15:55Z</time>
    <extensions>
     <gpxdata:hr>98</gpxdata:hr>
     <gpxdata:distance>471.00</gpxdata:distance>
    </extensions>
   </trkpt>
   <trkpt lat="46.5222356" lon="12.0120365">
    <ele>2182</ele>
    <time>2026-10-02T12:15:56Z</time>
    <extensions>
     <gpxdata:hr>96</gpxdata:hr>
     <gpxdata:distance>471.00</gpxdata:distance>
    </extensions>
   </trkpt>
   <trkpt lat="46.5222402" lon="12.0120423">
    <ele>2182</ele>
    <time>2026-10-02T12:15:57Z</time>
    <extensions>
     <gpxdata:hr>96</gpxdata:hr>
     <gpxdata:distance>471.00</gpxdata:distance>
    </extensions>
   </trkpt>
   <trkpt lat="46.5222462" lon="12.0120484">
    <ele>2182</ele>
    <time>2026-10-02T12:15:58Z</time>
    <extensions>
     <gpxdata:hr>95</gpxdata:hr>
     <gpxdata:distance>473.50</gpxdata:distance>
    </extensions>
   </trkpt>
   <trkpt lat="46.5222531" lon="12.0120557">
    <ele>2182</ele>
    <time>2026-10-02T12:15:59Z</time>
    <extensions>
     <gpxdata:hr>95</gpxdata:hr>
     <gpxdata:distance>476.00</gpxdata:distance>
    </extensions>
   </trkpt>
   <trkpt lat="46.5222600" lon="12.0120647">
    <ele>2182</ele>
    <time>2026-10-02T12:16:00Z</time>
    <extensions>
     <gpxdata:hr>95</gpxdata:hr>
     <gpxdata:distance>477.00</gpxdata:distance>
    </extensions>
   </trkpt>
   <trkpt lat="46.5222665" lon="12.0120748">
    <ele>2182</ele>
    <time>2026-10-02T12:16:01Z</time>
    <extensions>
     <gpxdata:hr>96</gpxdata:hr>
     <gpxdata:distance>478.00</gpxdata:distance>
    </extensions>
   </trkpt>
   <trkpt lat="46.5222732" lon="12.0120852">
    <ele>2182</ele>
    <time>2026-10-02T12:16:02Z</time>
    <extensions>
     <gpxdata:hr>96</gpxdata:hr>
     <gpxdata:distance>479.00</gpxdata:distance>
     <gpxdata:speed>0.422</gpxdata:speed>
    </extensions>
   </trkpt>
   <trkpt lat="46.5222802" lon="12.0120952">
    <ele>2182</ele>
    <time>2026-10-02T12:16:03Z</time>
    <extensions>
     <gpxdata:hr>97</gpxdata:hr>
     <gpxdata:distance>480.00</gpxdata:distance>
     <gpxdata:speed>0.844</gpxdata:speed>
    </extensions>
   </trkpt>
   <trkpt lat="46.5222874" lon="12.0121050">
    <ele>2182</ele>
    <time>2026-10-02T12:16:04Z</time>
    <extensions>
     <gpxdata:hr>97</gpxdata:hr>
     <gpxdata:distance>481.00</gpxdata:distance>
     <gpxdata:speed>0.864</gpxdata:speed>
    </extensions>
   </trkpt>
   <trkpt lat="46.5222950" lon="12.0121151">
    <ele>2182</ele>
    <time>2026-10-02T12:16:05Z</time>
    <extensions>
     <gpxdata:hr>98</gpxdata:hr>
     <gpxdata:distance>482.00</gpxdata:distance>
     <gpxdata:speed>0.883</gpxdata:speed>
    </extensions>
   </trkpt>
   <trkpt lat="46.5223028" lon="12.0121257">
    <ele>2182</ele>
    <time>2026-10-02T12:16:06Z</time>
    <extensions>
     <gpxdata:hr>98</gpxdata:hr>
     <gpxdata:distance>483.00</gpxdata:distance>
     <gpxdata:speed>0.906</gpxdata:speed>
    </extensions>
   </trkpt>
   <trkpt lat="46.5223104" lon="12.0121359">
    <ele>2182</ele>
    <time>2026-10-02T12:16:07Z</time>
    <extensions>
     <gpxdata:hr>100</gpxdata:hr>
     <gpxdata:distance>484.00</gpxdata:distance>
     <gpxdata:speed>0.928</gpxdata:speed>
    </extensions>
   </trkpt>
   <trkpt lat="46.5223170" lon="12.0121458">
    <ele>2182</ele>
    <time>2026-10-02T12:16:08Z</time>
    <extensions>
     <gpxdata:hr>102</gpxdata:hr>
     <gpxdata:distance>485.00</gpxdata:distance>
     <gpxdata:speed>0.953</gpxdata:speed>
    </extensions>
   </trkpt>
   <trkpt lat="46.5223231" lon="12.0121546">
    <ele>2182</ele>
    <time>2026-10-02T12:16:09Z</time>
    <extensions>
     <gpxdata:hr>102</gpxdata:hr>
     <gpxdata:distance>486.00</gpxdata:distance>
     <gpxdata:speed>0.981</gpxdata:speed>
    </extensions>
   </trkpt>
   <trkpt lat="46.5223283" lon="12.0121607">
    <ele>2182</ele>
    <time>2026-10-02T12:16:10Z</time>
    <extensions>
     <gpxdata:hr>102</gpxdata:hr>
     <gpxdata:distance>486.00</gpxdata:distance>
     <gpxdata:speed>0.992</gpxdata:speed>
    </extensions>
   </trkpt>
   <trkpt lat="46.5223335" lon="12.0121659">
    <ele>2182</ele>
    <time>2026-10-02T12:16:11Z</time>
    <extensions>
     <gpxdata:hr>102</gpxdata:hr>
     <gpxdata:distance>486.00</gpxdata:distance>
     <gpxdata:speed>1.003</gpxdata:speed>
    </extensions>
   </trkpt>
   <trkpt lat="46.5223387" lon="12.0121717">
    <ele>2182</ele>
    <time>2026-10-02T12:16:12Z</time>
    <extensions>
     <gpxdata:hr>102</gpxdata:hr>
     <gpxdata:distance>486.00</gpxdata:distance>
     <gpxdata:speed>1.006</gpxdata:speed>
    </extensions>
   </trkpt>
   <trkpt lat="46.5223439" lon="12.0121783">
    <ele>2182</ele>
    <time>2026-10-02T12:16:13Z</time>
    <extensions>
     <gpxdata:hr>102</gpxdata:hr>
     <gpxdata:distance>486.00</gpxdata:distance>
     <gpxdata:speed>1.008</gpxdata:speed>
    </extensions>
   </trkpt>
   <trkpt lat="46.5223496" lon="12.0121848">
    <ele>2182</ele>
    <time>2026-10-02T12:16:14Z</time>
    <extensions>
     <gpxdata:hr>101</gpxdata:hr>
     <gpxdata:distance>488.00</gpxdata:distance>
     <gpxdata:speed>0.983</gpxdata:speed>
    </extensions>
   </trkpt>
   <trkpt lat="46.5223560" lon="12.0121906">
    <ele>2182</ele>
    <time>2026-10-02T12:16:15Z</time>
    <extensions>
     <gpxdata:hr>101</gpxdata:hr>
     <gpxdata:distance>490.00</gpxdata:distance>
     <gpxdata:speed>0.958</gpxdata:speed>
    </extensions>
   </trkpt>
   <trkpt lat="46.5223631" lon="12.0121961">
    <ele>2182</ele>
    <time>2026-10-02T12:16:16Z</time>
    <extensions>
     <gpxdata:hr>101</gpxdata:hr>
     <gpxdata:distance>490.50</gpxdata:distance>
     <gpxdata:speed>0.950</gpxdata:speed>
    </extensions>
   </trkpt>
   <trkpt lat="46.5223705" lon="12.0122020">
    <ele>2182</ele>
    <time>2026-10-02T12:16:17Z</time>
    <extensions>
     <gpxdata:hr>101</gpxdata:hr>
     <gpxdata:distance>491.00</gpxdata:distance>
     <gpxdata:speed>0.944</gpxdata:speed>
    </extensions>
   </trkpt>
   <trkpt lat="46.5223778" lon="12.0122090">
    <ele>2182</ele>
    <time>2026-10-02T12:16:18Z</time>
    <extensions>
     <gpxdata:hr>101</gpxdata:hr>
     <gpxdata:distance>492.00</gpxdata:distance>
     <gpxdata:speed>0.942</gpxdata:speed>
    </extensions>
   </trkpt>
   <trkpt lat="46.5223843" lon="12.0122162">
    <ele>2183</ele>
    <time>2026-10-02T12:16:19Z</time>
    <extensions>
     <gpxdata:hr>102</gpxdata:hr>
     <gpxdata:distance>493.00</gpxdata:distance>
     <gpxdata:speed>0.942</gpxdata:speed>
    </extensions>
   </trkpt>
   <trkpt lat="46.5223900" lon="12.0122231">
    <ele>2183</ele>
    <time>2026-10-02T12:16:20Z</time>
    <extensions>
     <gpxdata:hr>102</gpxdata:hr>
     <gpxdata:distance>494.00</gpxdata:distance>
     <gpxdata:speed>0.939</gpxdata:speed>
    </extensions>
   </trkpt>
   <trkpt lat="46.5223955" lon="12.0122294">
    <ele>2183</ele>
    <time>2026-10-02T12:16:21Z</time>
    <extensions>
     <gpxdata:hr>102</gpxdata:hr>
     <gpxdata:distance>495.00</gpxdata:distance>
     <gpxdata:speed>0.939</gpxdata:speed>
    </extensions>
   </trkpt>
   <trkpt lat="46.5224010" lon="12.0122353">
    <ele>2183</ele>
    <time>2026-10-02T12:16:22Z</time>
    <extensions>
     <gpxdata:hr>104</gpxdata:hr>
     <gpxdata:distance>495.50</gpxdata:distance>
     <gpxdata:speed>0.936</gpxdata:speed>
    </extensions>
   </trkpt>
   <trkpt lat="46.5224068" lon="12.0122411">
    <ele>2183</ele>
    <time>2026-10-02T12:16:23Z</time>
    <extensions>
     <gpxdata:hr>107</gpxdata:hr>
     <gpxdata:distance>496.00</gpxdata:distance>
     <gpxdata:speed>0.936</gpxdata:speed>
    </extensions>
   </trkpt>
   <trkpt lat="46.5224125" lon="12.0122465">
    <ele>2183</ele>
    <time>2026-10-02T12:16:24Z</time>
    <extensions>
     <gpxdata:hr>107</gpxdata:hr>
     <gpxdata:distance>497.00</gpxdata:distance>
     <gpxdata:speed>0.933</gpxdata:speed>
    </extensions>
   </trkpt>
  </trkseg>
  <trkseg>
   <trkpt lat="46.5224195" lon="12.0122500">
    <ele>2183</ele>
    <time>2026-10-02T12:16:32Z</time>
    <extensions>
     <gpxdata:hr>112</gpxdata:hr>
     <gpxdata:distance>499.00</gpxdata:distance>
    </extensions>
   </trkpt>
   <trkpt lat="46.5224249" lon="12.0122513">
    <ele>2183</ele>
    <time>2026-10-02T12:16:33Z</time>
    <extensions>
     <gpxdata:hr>113</gpxdata:hr>
     <gpxdata:distance>499.00</gpxdata:distance>
    </extensions>
   </trkpt>
   <trkpt lat="46.5224296" lon="12.0122525">
    <ele>2183</ele>
    <time>2026-10-02T12:16:34Z</time>
    <extensions>
     <gpxdata:hr>113</gpxdata:hr>
     <gpxdata:distance>499.00</gpxdata:distance>
    </extensions>
   </trkpt>
   <trkpt lat="46.5224342" lon="12.0122545">
    <ele>2183</ele>
    <time>2026-10-02T12:16:35Z</time>
    <extensions>
     <gpxdata:hr>113</gpxdata:hr>
     <gpxdata:distance>499.00</gpxdata:distance>
    </extensions>
   </trkpt>
  </trkseg>
  <trkseg>
   <trkpt lat="46.5224432" lon="12.0122598">
    <ele>2183</ele>
    <time>2026-10-02T12:16:47Z</time>
    <extensions>
     <gpxdata:hr>116</gpxdata:hr>
     <gpxdata:distance>501.00</gpxdata:distance>
    </extensions>
   </trkpt>
   <trkpt lat="46.5224498" lon="12.0122643">
    <ele>2183</ele>
    <time>2026-10-02T12:16:48Z</time>
    <extensions>
     <gpxdata:hr>115</gpxdata:hr>
     <gpxdata:distance>501.00</gpxdata:distance>
    </extensions>
   </trkpt>
   <trkpt lat="46.5224555" lon="12.0122682">
    <ele>2183</ele>
    <time>2026-10-02T12:16:49Z</time>
    <extensions>
     <gpxdata:hr>114</gpxdata:hr>
     <gpxdata:distance>501.00</gpxdata:distance>
    </extensions>
   </trkpt>
   <trkpt lat="46.5224613" lon="12.0122725">
    <ele>2183</ele>
    <time>2026-10-02T12:16:50Z</time>
    <extensions>
     <gpxdata:hr>114</gpxdata:hr>
     <gpxdata:distance>503.00</gpxdata:distance>
    </extensions>
   </trkpt>
   <trkpt lat="46.5224678" lon="12.0122779">
    <ele>2184</ele>
    <time>2026-10-02T12:16:51Z</time>
    <extensions>
     <gpxdata:hr>113</gpxdata:hr>
     <gpxdata:distance>505.00</gpxdata:distance>
    </extensions>
   </trkpt>
   <trkpt lat="46.5224746" lon="12.0122846">
    <ele>2184</ele>
    <time>2026-10-02T12:16:52Z</time>
    <extensions>
     <gpxdata:hr>112</gpxdata:hr>
     <gpxdata:distance>506.00</gpxdata:distance>
    </extensions>
   </trkpt>
   <trkpt lat="46.5224818" lon="12.0122919">
    <ele>2184</ele>
    <time>2026-10-02T12:16:53Z</time>
    <extensions>
     <gpxdata:hr>112</gpxdata:hr>
     <gpxdata:distance>507.00</gpxdata:distance>
    </extensions>
   </trkpt>
   <trkpt lat="46.5224893" lon="12.0123000">
    <ele>2184</ele>
    <time>2026-10-02T12:16:54Z</time>
    <extensions>
     <gpxdata:hr>112</gpxdata:hr>
     <gpxdata:distance>508.00</gpxdata:distance>
    </extensions>
   </trkpt>
   <trkpt lat="46.5224967" lon="12.0123087">
    <ele>2184</ele>
    <time>2026-10-02T12:16:55Z</time>
    <extensions>
     <gpxdata:hr>112</gpxdata:hr>
     <gpxdata:distance>509.00</gpxdata:distance>
    </extensions>
   </trkpt>
   <trkpt lat="46.5225036" lon="12.0123173">
    <ele>2184</ele>
    <time>2026-10-02T12:16:56Z</time>
    <extensions>
     <gpxdata:hr>113</gpxdata:hr>
     <gpxdata:distance>510.00</gpxdata:distance>
    </extensions>
   </trkpt>
   <trkpt lat="46.5225104" lon="12.0123254">
    <ele>2184</ele>
    <time>2026-10-02T12:16:57Z</time>
    <extensions>
     <gpxdata:hr>113</gpxdata:hr>
     <gpxdata:distance>511.00</gpxdata:distance>
    </extensions>
   </trkpt>
   <trkpt lat="46.5225174" lon="12.0123328">
    <ele>2184</ele>
    <time>2026-10-02T12:16:58Z</time>
    <extensions>
     <gpxdata:hr>113</gpxdata:hr>
     <gpxdata:distance>512.00</gpxdata:distance>
    </extensions>
   </trkpt>
   <trkpt lat="46.5225245" lon="12.0123393">
    <ele>2184</ele>
    <time>2026-10-02T12:16:59Z</time>
    <extensions>
     <gpxdata:hr>112</gpxdata:hr>
     <gpxdata:distance>513.00</gpxdata:distance>
    </extensions>
   </trkpt>
   <trkpt lat="46.5225320" lon="12.0123451">
    <ele>2184</ele>
    <time>2026-10-02T12:17:00Z</time>
    <extensions>
     <gpxdata:hr>111</gpxdata:hr>
     <gpxdata:distance>513.50</gpxdata:distance>
    </extensions>
   </trkpt>
   <trkpt lat="46.5225396" lon="12.0123505">
    <ele>2184</ele>
    <time>2026-10-02T12:17:01Z</time>
    <extensions>
     <gpxdata:hr>111</gpxdata:hr>
     <gpxdata:distance>514.00</gpxdata:distance>
    </extensions>
   </trkpt>
   <trkpt lat="46.5225471" lon="12.0123559">
    <ele>2184</ele>
    <time>2026-10-02T12:17:02Z</time>
    <extensions>
     <gpxdata:hr>111</gpxdata:hr>
     <gpxdata:distance>515.00</gpxdata:distance>
     <gpxdata:speed>0.425</gpxdata:speed>
    </extensions>
   </trkpt>
   <trkpt lat="46.5225545" lon="12.0123614">
    <ele>2184</ele>
    <time>2026-10-02T12:17:03Z</time>
    <extensions>
     <gpxdata:hr>111</gpxdata:hr>
     <gpxdata:distance>516.00</gpxdata:distance>
     <gpxdata:speed>0.853</gpxdata:speed>
    </extensions>
   </trkpt>
   <trkpt lat="46.5225617" lon="12.0123667">
    <ele>2184</ele>
    <time>2026-10-02T12:17:04Z</time>
    <extensions>
     <gpxdata:hr>111</gpxdata:hr>
     <gpxdata:distance>517.00</gpxdata:distance>
     <gpxdata:speed>0.864</gpxdata:speed>
    </extensions>
   </trkpt>
   <trkpt lat="46.5225688" lon="12.0123715">
    <ele>2184</ele>
    <time>2026-10-02T12:17:05Z</time>
    <extensions>
     <gpxdata:hr>111</gpxdata:hr>
     <gpxdata:distance>518.00</gpxdata:distance>
     <gpxdata:speed>0.878</gpxdata:speed>
    </extensions>
   </trkpt>
   <trkpt lat="46.5225758" lon="12.0123759">
    <ele>2184</ele>
    <time>2026-10-02T12:17:06Z</time>
    <extensions>
     <gpxdata:hr>112</gpxdata:hr>
     <gpxdata:distance>519.00</gpxdata:distance>
     <gpxdata:speed>0.875</gpxdata:speed>
    </extensions>
   </trkpt>
   <trkpt lat="46.5225823" lon="12.0123802">
    <ele>2185</ele>
    <time>2026-10-02T12:17:07Z</time>
    <extensions>
     <gpxdata:hr>113</gpxdata:hr>
     <gpxdata:distance>520.00</gpxdata:distance>
     <gpxdata:speed>0.875</gpxdata:speed>
    </extensions>
   </trkpt>
   <trkpt lat="46.5225885" lon="12.0123848">
    <ele>2185</ele>
    <time>2026-10-02T12:17:08Z</time>
    <extensions>
     <gpxdata:hr>113</gpxdata:hr>
     <gpxdata:distance>520.50</gpxdata:distance>
     <gpxdata:speed>0.864</gpxdata:speed>
    </extensions>
   </trkpt>
   <trkpt lat="46.5225947" lon="12.0123895">
    <ele>2185</ele>
    <time>2026-10-02T12:17:09Z</time>
    <extensions>
     <gpxdata:hr>113</gpxdata:hr>
     <gpxdata:distance>521.00</gpxdata:distance>
     <gpxdata:speed>0.853</gpxdata:speed>
    </extensions>
   </trkpt>
   <trkpt lat="46.5226008" lon="12.0123943">
    <ele>2185</ele>
    <time>2026-10-02T12:17:10Z</time>
    <extensions>
     <gpxdata:hr>113</gpxdata:hr>
     <gpxdata:distance>522.00</gpxdata:distance>
     <gpxdata:speed>0.842</gpxdata:speed>
    </extensions>
   </trkpt>
   <trkpt lat="46.5226072" lon="12.0123993">
    <ele>2185</ele>
    <time>2026-10-02T12:17:11Z</time>
    <extensions>
     <gpxdata:hr>113</gpxdata:hr>
     <gpxdata:distance>523.00</gpxdata:distance>
     <gpxdata:speed>0.833</gpxdata:speed>
    </extensions>
   </trkpt>
   <trkpt lat="46.5226136" lon="12.0124045">
    <ele>2185</ele>
    <time>2026-10-02T12:17:12Z</time>
    <extensions>
     <gpxdata:hr>113</gpxdata:hr>
     <gpxdata:distance>523.50</gpxdata:distance>
     <gpxdata:speed>0.831</gpxdata:speed>
    </extensions>
   </trkpt>
   <trkpt lat="46.5226202" lon="12.0124097">
    <ele>2185</ele>
    <time>2026-10-02T12:17:13Z</time>
    <extensions>
     <gpxdata:hr>113</gpxdata:hr>
     <gpxdata:distance>524.00</gpxdata:distance>
     <gpxdata:speed>0.828</gpxdata:speed>
    </extensions>
   </trkpt>
   <trkpt lat="46.5226268" lon="12.0124149">
    <ele>2185</ele>
    <time>2026-10-02T12:17:14Z</time>
    <extensions>
     <gpxdata:hr>114</gpxdata:hr>
     <gpxdata:distance>525.00</gpxdata:distance>
     <gpxdata:speed>0.828</gpxdata:speed>
    </extensions>
   </trkpt>
   <trkpt lat="46.5226337" lon="12.0124203">
    <ele>2185</ele>
    <time>2026-10-02T12:17:15Z</time>
    <extensions>
     <gpxdata:hr>114</gpxdata:hr>
     <gpxdata:distance>526.00</gpxdata:distance>
     <gpxdata:speed>0.828</gpxdata:speed>
    </extensions>
   </trkpt>
   <trkpt lat="46.5226403" lon="12.0124266">
    <ele>2185</ele>
    <time>2026-10-02T12:17:16Z</time>
    <extensions>
     <gpxdata:hr>115</gpxdata:hr>
     <gpxdata:distance>527.00</gpxdata:distance>
     <gpxdata:speed>0.831</gpxdata:speed>
    </extensions>
   </trkpt>
   <trkpt lat="46.5226467" lon="12.0124335">
    <ele>2185</ele>
    <time>2026-10-02T12:17:17Z</time>
    <extensions>
     <gpxdata:hr>116</gpxdata:hr>
     <gpxdata:distance>528.00</gpxdata:distance>
     <gpxdata:speed>0.833</gpxdata:speed>
    </extensions>
   </trkpt>
   <trkpt lat="46.5226531" lon="12.0124406">
    <ele>2185</ele>
    <time>2026-10-02T12:17:18Z</time>
    <extensions>
     <gpxdata:hr>118</gpxdata:hr>
     <gpxdata:distance>529.00</gpxdata:distance>
     <gpxdata:speed>0.833</gpxdata:speed>
    </extensions>
   </trkpt>
   <trkpt lat="46.5226596" lon="12.0124472">
    <ele>2186</ele>
    <time>2026-10-02T12:17:19Z</time>
    <extensions>
     <gpxdata:hr>119</gpxdata:hr>
     <gpxdata:distance>530.00</gpxdata:distance>
     <gpxdata:speed>0.836</gpxdata:speed>
    </extensions>
   </trkpt>
   <trkpt lat="46.5226667" lon="12.0124541">
    <ele>2186</ele>
    <time>2026-10-02T12:17:20Z</time>
    <extensions>
     <gpxdata:hr>120</gpxdata:hr>
     <gpxdata:distance>531.00</gpxdata:distance>
     <gpxdata:speed>0.839</gpxdata:speed>
    </extensions>
   </trkpt>
   <trkpt lat="46.5226740" lon="12.0124616">
    <ele>2186</ele>
    <time>2026-10-02T12:17:21Z</time>
    <extensions>
     <gpxdata:hr>121</gpxdata:hr>
     <gpxdata:distance>532.00</gpxdata:distance>
     <gpxdata:speed>0.842</gpxdata:speed>
    </extensions>
   </trkpt>
   <trkpt lat="46.5226805" lon="12.0124692">
    <ele>2186</ele>
    <time>2026-10-02T12:17:22Z</time>
    <extensions>
     <gpxdata:hr>122</gpxdata:hr>
     <gpxdata:distance>532.50</gpxdata:distance>
     <gpxdata:speed>0.853</gpxdata:speed>
    </extensions>
   </trkpt>
   <trkpt lat="46.5226817" lon="12.0124712">
    <ele>2186</ele>
    <time>2026-10-02T12:17:23Z</time>
    <extensions>
     <gpxdata:hr>123</gpxdata:hr>
     <gpxdata:distance>533.00</gpxdata:distance>
     <gpxdata:speed>0.867</gpxdata:speed>
    </extensions>
   </trkpt>
   <trkpt lat="46.5226829" lon="12.0124732">
    <ele>2186</ele>
    <time>2026-10-02T12:17:24Z</time>
    <extensions>
     <gpxdata:hr>124</gpxdata:hr>
     <gpxdata:distance>533.00</gpxdata:distance>
     <gpxdata:speed>0.433</gpxdata:speed>
    </extensions>
   </trkpt>
   <trkpt lat="46.5226841" lon="12.0124751">
    <ele>2186</ele>
    <time>2026-10-02T12:17:25Z</time>
    <extensions>
     <gpxdata:hr>124</gpxdata:hr>
     <gpxdata:distance>533.00</gpxdata:distance>
    </extensions>
   </trkpt>
   <trkpt lat="46.5226852" lon="12.0124769">
    <ele>2186</ele>
    <time>2026-10-02T12:17:26Z</time>
    <extensions>
     <gpxdata:hr>124</gpxdata:hr>
     <gpxdata:distance>533.00</gpxdata:distance>
    </extensions>
   </trkpt>
   <trkpt lat="46.5226862" lon="12.0124786">
    <ele>2187</ele>
    <time>2026-10-02T12:17:27Z</time>
    <extensions>
     <gpxdata:hr>125</gpxdata:hr>
     <gpxdata:distance>533.00</gpxdata:distance>
    </extensions>
   </trkpt>
   <trkpt lat="46.5226900" lon="12.0124854">
    <ele>2187</ele>
    <time>2026-10-02T12:17:28Z</time>
    <extensions>
     <gpxdata:hr>125</gpxdata:hr>
     <gpxdata:distance>533.00</gpxdata:distance>
    </extensions>
   </trkpt>
   <trkpt lat="46.5226931" lon="12.0124916">
    <ele>2187</ele>
    <time>2026-10-02T12:17:29Z</time>
    <extensions>
     <gpxdata:hr>126</gpxdata:hr>
     <gpxdata:distance>533.00</gpxdata:distance>
    </extensions>
   </trkpt>
   <trkpt lat="46.5226959" lon="12.0124977">
    <ele>2187</ele>
    <time>2026-10-02T12:17:30Z</time>
    <extensions>
     <gpxdata:hr>126</gpxdata:hr>
     <gpxdata:distance>534.50</gpxdata:distance>
    </extensions>
   </trkpt>
   <trkpt lat="46.5226991" lon="12.0125039">
    <ele>2187</ele>
    <time>2026-10-02T12:17:31Z</time>
    <extensions>
     <gpxdata:hr>127</gpxdata:hr>
     <gpxdata:distance>536.00</gpxdata:distance>
    </extensions>
   </trkpt>
   <trkpt lat="46.5227031" lon="12.0125103">
    <ele>2187</ele>
    <time>2026-10-02T12:17:32Z</time>
    <extensions>
     <gpxdata:hr>127</gpxdata:hr>
     <gpxdata:distance>536.50</gpxdata:distance>
     <gpxdata:speed>0.258</gpxdata:speed>
    </extensions>
   </trkpt>
   <trkpt lat="46.5227081" lon="12.0125168">
    <ele>2187</ele>
    <time>2026-10-02T12:17:33Z</time>
    <extensions>
     <gpxdata:hr>128</gpxdata:hr>
     <gpxdata:distance>537.00</gpxdata:distance>
     <gpxdata:speed>0.519</gpxdata:speed>
    </extensions>
   </trkpt>
   <trkpt lat="46.5227140" lon="12.0125240">
    <ele>2187</ele>
    <time>2026-10-02T12:17:34Z</time>
    <extensions>
     <gpxdata:hr>128</gpxdata:hr>
     <gpxdata:distance>538.00</gpxdata:distance>
     <gpxdata:speed>0.536</gpxdata:speed>
    </extensions>
   </trkpt>
   <trkpt lat="46.5227205" lon="12.0125319">
    <ele>2187</ele>
    <time>2026-10-02T12:17:35Z</time>
    <extensions>
     <gpxdata:hr>128</gpxdata:hr>
     <gpxdata:distance>539.00</gpxdata:distance>
     <gpxdata:speed>0.553</gpxdata:speed>
    </extensions>
   </trkpt>
   <trkpt lat="46.5227272" lon="12.0125408">
    <ele>2187</ele>
    <time>2026-10-02T12:17:36Z</time>
    <extensions>
     <gpxdata:hr>129</gpxdata:hr>
     <gpxdata:distance>540.50</gpxdata:distance>
     <gpxdata:speed>0.572</gpxdata:speed>
    </extensions>
   </trkpt>
   <trkpt lat="46.5227340" lon="12.0125502">
    <ele>2187</ele>
    <time>2026-10-02T12:17:37Z</time>
    <extensions>
     <gpxdata:hr>128</gpxdata:hr>
     <gpxdata:distance>542.00</gpxdata:distance>
     <gpxdata:speed>0.594</gpxdata:speed>
    </extensions>
   </trkpt>
   <trkpt lat="46.5227406" lon="12.0125596">
    <ele>2187</ele>
    <time>2026-10-02T12:17:38Z</time>
    <extensions>
     <gpxdata:hr>128</gpxdata:hr>
     <gpxdata:distance>542.50</gpxdata:distance>
     <gpxdata:speed>0.617</gpxdata:speed>
    </extensions>
   </trkpt>
   <trkpt lat="46.5227473" lon="12.0125686">
    <ele>2187</ele>
    <time>2026-10-02T12:17:39Z</time>
    <extensions>
     <gpxdata:hr>127</gpxdata:hr>
     <gpxdata:distance>543.00</gpxdata:distance>
     <gpxdata:speed>0.642</gpxdata:speed>
    </extensions>
   </trkpt>
   <trkpt lat="46.5227543" lon="12.0125774">
    <ele>2187</ele>
    <time>2026-10-02T12:17:40Z</time>
    <extensions>
     <gpxdata:hr>127</gpxdata:hr>
     <gpxdata:distance>544.50</gpxdata:distance>
     <gpxdata:speed>0.667</gpxdata:speed>
    </extensions>
   </trkpt>
   <trkpt lat="46.5227616" lon="12.0125861">
    <ele>2187</ele>
    <time>2026-10-02T12:17:41Z</time>
    <extensions>
     <gpxdata:hr>128</gpxdata:hr>
     <gpxdata:distance>546.00</gpxdata:distance>
     <gpxdata:speed>0.694</gpxdata:speed>
    </extensions>
   </trkpt>
   <trkpt lat="46.5227693" lon="12.0125952">
    <ele>2187</ele>
    <time>2026-10-02T12:17:42Z</time>
    <extensions>
     <gpxdata:hr>128</gpxdata:hr>
     <gpxdata:distance>547.00</gpxdata:distance>
     <gpxdata:speed>0.719</gpxdata:speed>
    </extensions>
   </trkpt>
   <trkpt lat="46.5227772" lon="12.0126048">
    <ele>2188</ele>
    <time>2026-10-02T12:17:43Z</time>
    <extensions>
     <gpxdata:hr>129</gpxdata:hr>
     <gpxdata:distance>548.00</gpxdata:distance>
     <gpxdata:speed>0.747</gpxdata:speed>
    </extensions>
   </trkpt>
   <trkpt lat="46.5227852" lon="12.0126149">
    <ele>2188</ele>
    <time>2026-10-02T12:17:44Z</time>
    <extensions>
     <gpxdata:hr>129</gpxdata:hr>
     <gpxdata:distance>549.00</gpxdata:distance>
     <gpxdata:speed>0.767</gpxdata:speed>
    </extensions>
   </trkpt>
   <trkpt lat="46.5227932" lon="12.0126257">
    <ele>2188</ele>
    <time>2026-10-02T12:17:45Z</time>
    <extensions>
     <gpxdata:hr>130</gpxdata:hr>
     <gpxdata:distance>550.00</gpxdata:distance>
     <gpxdata:speed>0.786</gpxdata:speed>
    </extensions>
   </trkpt>
   <trkpt lat="46.5228013" lon="12.0126365">
    <ele>2188</ele>
    <time>2026-10-02T12:17:46Z</time>
    <extensions>
     <gpxdata:hr>130</gpxdata:hr>
     <gpxdata:distance>551.50</gpxdata:distance>
     <gpxdata:speed>0.828</gpxdata:speed>
    </extensions>
   </trkpt>
   <trkpt lat="46.5228098" lon="12.0126468">
    <ele>2188</ele>
    <time>2026-10-02T12:17:47Z</time>
    <extensions>
     <gpxdata:hr>131</gpxdata:hr>
     <gpxdata:distance>553.00</gpxdata:distance>
     <gpxdata:speed>0.872</gpxdata:speed>
    </extensions>
   </trkpt>
   <trkpt lat="46.5228185" lon="12.0126565">
    <ele>2188</ele>
    <time>2026-10-02T12:17:48Z</time>
    <extensions>
     <gpxdata:hr>131</gpxdata:hr>
     <gpxdata:distance>554.00</gpxdata:distance>
     <gpxdata:speed>0.906</gpxdata:speed>
    </extensions>
   </trkpt>
   <trkpt lat="46.5228272" lon="12.0126661">
    <ele>2188</ele>
    <time>2026-10-02T12:17:49Z</time>
    <extensions>
     <gpxdata:hr>131</gpxdata:hr>
     <gpxdata:distance>555.00</gpxdata:distance>
     <gpxdata:speed>0.942</gpxdata:speed>
    </extensions>
   </trkpt>
   <trkpt lat="46.5228358" lon="12.0126760">
    <ele>2188</ele>
    <time>2026-10-02T12:17:50Z</time>
    <extensions>
     <gpxdata:hr>131</gpxdata:hr>
     <gpxdata:distance>556.50</gpxdata:distance>
     <gpxdata:speed>0.964</gpxdata:speed>
    </extensions>
   </trkpt>
   <trkpt lat="46.5228440" lon="12.0126864">
    <ele>2189</ele>
    <time>2026-10-02T12:17:51Z</time>
    <extensions>
     <gpxdata:hr>131</gpxdata:hr>
     <gpxdata:distance>558.00</gpxdata:distance>
     <gpxdata:speed>0.986</gpxdata:speed>
    </extensions>
   </trkpt>
   <trkpt lat="46.5228514" lon="12.0126974">
    <ele>2189</ele>
    <time>2026-10-02T12:17:52Z</time>
    <extensions>
     <gpxdata:hr>131</gpxdata:hr>
     <gpxdata:distance>559.00</gpxdata:distance>
     <gpxdata:speed>1.000</gpxdata:speed>
    </extensions>
   </trkpt>
   <trkpt lat="46.5228582" lon="12.0127083">
    <ele>2189</ele>
    <time>2026-10-02T12:17:53Z</time>
    <extensions>
     <gpxdata:hr>132</gpxdata:hr>
     <gpxdata:distance>560.00</gpxdata:distance>
     <gpxdata:speed>1.014</gpxdata:speed>
    </extensions>
   </trkpt>
   <trkpt lat="46.5228647" lon="12.0127190">
    <ele>2189</ele>
    <time>2026-10-02T12:17:54Z</time>
    <extensions>
     <gpxdata:hr>132</gpxdata:hr>
     <gpxdata:distance>561.00</gpxdata:distance>
     <gpxdata:speed>1.019</gpxdata:speed>
    </extensions>
   </trkpt>
   <trkpt lat="46.5228711" lon="12.0127299">
    <ele>2190</ele>
    <time>2026-10-02T12:17:55Z</time>
    <extensions>
     <gpxdata:hr>133</gpxdata:hr>
     <gpxdata:distance>562.00</gpxdata:distance>
     <gpxdata:speed>1.028</gpxdata:speed>
    </extensions>
   </trkpt>
   <trkpt lat="46.5228778" lon="12.0127411">
    <ele>2190</ele>
    <time>2026-10-02T12:17:56Z</time>
    <extensions>
     <gpxdata:hr>134</gpxdata:hr>
     <gpxdata:distance>563.00</gpxdata:distance>
     <gpxdata:speed>1.031</gpxdata:speed>
    </extensions>
   </trkpt>
   <trkpt lat="46.5228846" lon="12.0127526">
    <ele>2190</ele>
    <time>2026-10-02T12:17:57Z</time>
    <extensions>
     <gpxdata:hr>134</gpxdata:hr>
     <gpxdata:distance>564.00</gpxdata:distance>
     <gpxdata:speed>1.036</gpxdata:speed>
    </extensions>
   </trkpt>
   <trkpt lat="46.5228918" lon="12.0127640">
    <ele>2190</ele>
    <time>2026-10-02T12:17:58Z</time>
    <extensions>
     <gpxdata:hr>134</gpxdata:hr>
     <gpxdata:distance>565.50</gpxdata:distance>
     <gpxdata:speed>1.039</gpxdata:speed>
    </extensions>
   </trkpt>
   <trkpt lat="46.5228995" lon="12.0127747">
    <ele>2190</ele>
    <time>2026-10-02T12:17:59Z</time>
    <extensions>
     <gpxdata:hr>134</gpxdata:hr>
     <gpxdata:distance>567.00</gpxdata:distance>
     <gpxdata:speed>1.044</gpxdata:speed>
    </extensions>
   </trkpt>
   <trkpt lat="46.5229073" lon="12.0127848">
    <ele>2190</ele>
    <time>2026-10-02T12:18:00Z</time>
    <extensions>
     <gpxdata:hr>134</gpxdata:hr>
     <gpxdata:distance>568.00</gpxdata:distance>
     <gpxdata:speed>1.061</gpxdata:speed>
    </extensions>
   </trkpt>
   <trkpt lat="46.5229154" lon="12.0127945">
    <ele>2190</ele>
    <time>2026-10-02T12:18:01Z</time>
    <extensions>
     <gpxdata:hr>134</gpxdata:hr>
     <gpxdata:distance>569.00</gpxdata:distance>
     <gpxdata:speed>1.078</gpxdata:speed>
    </extensions>
   </trkpt>
   <trkpt lat="46.5229234" lon="12.0128040">
    <ele>2190</ele>
    <time>2026-10-02T12:18:02Z</time>
    <extensions>
     <gpxdata:hr>134</gpxdata:hr>
     <gpxdata:distance>570.00</gpxdata:distance>
     <gpxdata:speed>1.086</gpxdata:speed>
    </extensions>
   </trkpt>
   <trkpt lat="46.5229316" lon="12.0128135">
    <ele>2191</ele>
    <time>2026-10-02T12:18:03Z</time>
    <extensions>
     <gpxdata:hr>134</gpxdata:hr>
     <gpxdata:distance>571.00</gpxdata:distance>
     <gpxdata:speed>1.094</gpxdata:speed>
    </extensions>
   </trkpt>
   <trkpt lat="46.5229399" lon="12.0128235">
    <ele>2191</ele>
    <time>2026-10-02T12:18:04Z</time>
    <extensions>
     <gpxdata:hr>135</gpxdata:hr>
     <gpxdata:distance>572.50</gpxdata:distance>
     <gpxdata:speed>1.097</gpxdata:speed>
    </extensions>
   </trkpt>
   <trkpt lat="46.5229482" lon="12.0128337">
    <ele>2191</ele>
    <time>2026-10-02T12:18:05Z</time>
    <extensions>
     <gpxdata:hr>135</gpxdata:hr>
     <gpxdata:distance>574.00</gpxdata:distance>
     <gpxdata:speed>1.103</gpxdata:speed>
    </extensions>
   </trkpt>
   <trkpt lat="46.5229562" lon="12.0128442">
    <ele>2191</ele>
    <time>2026-10-02T12:18:06Z</time>
    <extensions>
     <gpxdata:hr>135</gpxdata:hr>
     <gpxdata:distance>575.00</gpxdata:distance>
     <gpxdata:speed>1.106</gpxdata:speed>
    </extensions>
   </trkpt>
   <trkpt lat="46.5229635" lon="12.0128550">
    <ele>2191</ele>
    <time>2026-10-02T12:18:07Z</time>
    <extensions>
     <gpxdata:hr>135</gpxdata:hr>
     <gpxdata:distance>576.00</gpxdata:distance>
     <gpxdata:speed>1.108</gpxdata:speed>
    </extensions>
   </trkpt>
   <trkpt lat="46.5229702" lon="12.0128659">
    <ele>2191</ele>
    <time>2026-10-02T12:18:08Z</time>
    <extensions>
     <gpxdata:hr>135</gpxdata:hr>
     <gpxdata:distance>577.00</gpxdata:distance>
     <gpxdata:speed>1.111</gpxdata:speed>
    </extensions>
   </trkpt>
   <trkpt lat="46.5229771" lon="12.0128764">
    <ele>2191</ele>
    <time>2026-10-02T12:18:09Z</time>
    <extensions>
     <gpxdata:hr>135</gpxdata:hr>
     <gpxdata:distance>578.00</gpxdata:distance>
     <gpxdata:speed>1.114</gpxdata:speed>
    </extensions>
   </trkpt>
   <trkpt lat="46.5229843" lon="12.0128864">
    <ele>2191</ele>
    <time>2026-10-02T12:18:10Z</time>
    <extensions>
     <gpxdata:hr>135</gpxdata:hr>
     <gpxdata:distance>579.50</gpxdata:distance>
     <gpxdata:speed>1.114</gpxdata:speed>
    </extensions>
   </trkpt>
   <trkpt lat="46.5229921" lon="12.0128962">
    <ele>2192</ele>
    <time>2026-10-02T12:18:11Z</time>
    <extensions>
     <gpxdata:hr>135</gpxdata:hr>
     <gpxdata:distance>581.00</gpxdata:distance>
     <gpxdata:speed>1.117</gpxdata:speed>
    </extensions>
   </trkpt>
   <trkpt lat="46.5230000" lon="12.0129058">
    <ele>2192</ele>
    <time>2026-10-02T12:18:12Z</time>
    <extensions>
     <gpxdata:hr>135</gpxdata:hr>
     <gpxdata:distance>582.00</gpxdata:distance>
     <gpxdata:speed>1.117</gpxdata:speed>
    </extensions>
   </trkpt>
   <trkpt lat="46.5230077" lon="12.0129151">
    <ele>2192</ele>
    <time>2026-10-02T12:18:13Z</time>
    <extensions>
     <gpxdata:hr>136</gpxdata:hr>
     <gpxdata:distance>583.00</gpxdata:distance>
     <gpxdata:speed>1.119</gpxdata:speed>
    </extensions>
   </trkpt>
   <trkpt lat="46.5230152" lon="12.0129240">
    <ele>2192</ele>
    <time>2026-10-02T12:18:14Z</time>
    <extensions>
     <gpxdata:hr>136</gpxdata:hr>
     <gpxdata:distance>584.00</gpxdata:distance>
     <gpxdata:speed>1.119</gpxdata:speed>
    </extensions>
   </trkpt>
   <trkpt lat="46.5230227" lon="12.0129330">
    <ele>2192</ele>
    <time>2026-10-02T12:18:15Z</time>
    <extensions>
     <gpxdata:hr>136</gpxdata:hr>
     <gpxdata:distance>585.00</gpxdata:distance>
     <gpxdata:speed>1.122</gpxdata:speed>
    </extensions>
   </trkpt>
   <trkpt lat="46.5230297" lon="12.0129426">
    <ele>2192</ele>
    <time>2026-10-02T12:18:16Z</time>
    <extensions>
     <gpxdata:hr>136</gpxdata:hr>
     <gpxdata:distance>586.00</gpxdata:distance>
     <gpxdata:speed>1.122</gpxdata:speed>
    </extensions>
   </trkpt>
   <trkpt lat="46.5230366" lon="12.0129526">
    <ele>2192</ele>
    <time>2026-10-02T12:18:17Z</time>
    <extensions>
     <gpxdata:hr>137</gpxdata:hr>
     <gpxdata:distance>587.00</gpxdata:distance>
     <gpxdata:speed>1.122</gpxdata:speed>
    </extensions>
   </trkpt>
   <trkpt lat="46.5230431" lon="12.0129633">
    <ele>2192</ele>
    <time>2026-10-02T12:18:18Z</time>
    <extensions>
     <gpxdata:hr>137</gpxdata:hr>
     <gpxdata:distance>588.00</gpxdata:distance>
     <gpxdata:speed>1.128</gpxdata:speed>
    </extensions>
   </trkpt>
   <trkpt lat="46.5230493" lon="12.0129743">
    <ele>2193</ele>
    <time>2026-10-02T12:18:19Z</time>
    <extensions>
     <gpxdata:hr>137</gpxdata:hr>
     <gpxdata:distance>589.00</gpxdata:distance>
     <gpxdata:speed>1.133</gpxdata:speed>
    </extensions>
   </trkpt>
   <trkpt lat="46.5230554" lon="12.0129854">
    <ele>2193</ele>
    <time>2026-10-02T12:18:20Z</time>
    <extensions>
     <gpxdata:hr>137</gpxdata:hr>
     <gpxdata:distance>590.50</gpxdata:distance>
     <gpxdata:speed>1.136</gpxdata:speed>
    </extensions>
   </trkpt>
   <trkpt lat="46.5230619" lon="12.0129965">
    <ele>2193</ele>
    <time>2026-10-02T12:18:21Z</time>
    <extensions>
     <gpxdata:hr>138</gpxdata:hr>
     <gpxdata:distance>592.00</gpxdata:distance>
     <gpxdata:speed>1.142</gpxdata:speed>
    </extensions>
   </trkpt>
   <trkpt lat="46.5230691" lon="12.0130077">
    <ele>2193</ele>
    <time>2026-10-02T12:18:22Z</time>
    <extensions>
     <gpxdata:hr>138</gpxdata:hr>
     <gpxdata:distance>593.00</gpxdata:distance>
     <gpxdata:speed>1.142</gpxdata:speed>
    </extensions>
   </trkpt>
   <trkpt lat="46.5230768" lon="12.0130189">
    <ele>2193</ele>
    <time>2026-10-02T12:18:23Z</time>
    <extensions>
     <gpxdata:hr>138</gpxdata:hr>
     <gpxdata:distance>594.00</gpxdata:distance>
     <gpxdata:speed>1.142</gpxdata:speed>
    </extensions>
   </trkpt>
   <trkpt lat="46.5230853" lon="12.0130295">
    <ele>2193</ele>
    <time>2026-10-02T12:18:24Z</time>
    <extensions>
     <gpxdata:hr>138</gpxdata:hr>
     <gpxdata:distance>595.50</gpxdata:distance>
     <gpxdata:speed>1.142</gpxdata:speed>
    </extensions>
   </trkpt>
   <trkpt lat="46.5230941" lon="12.0130402">
    <ele>2193</ele>
    <time>2026-10-02T12:18:25Z</time>
    <extensions>
     <gpxdata:hr>138</gpxdata:hr>
     <gpxdata:distance>597.00</gpxdata:distance>
     <gpxdata:speed>1.144</gpxdata:speed>
    </extensions>
   </trkpt>
   <trkpt lat="46.5231028" lon="12.0130519">
    <ele>2193</ele>
    <time>2026-10-02T12:18:26Z</time>
    <extensions>
     <gpxdata:hr>139</gpxdata:hr>
     <gpxdata:distance>598.00</gpxdata:distance>
     <gpxdata:speed>1.144</gpxdata:speed>
    </extensions>
   </trkpt>
   <trkpt lat="46.5231103" lon="12.0130632">
    <ele>2194</ele>
    <time>2026-10-02T12:18:27Z</time>
    <extensions>
     <gpxdata:hr>139</gpxdata:hr>
     <gpxdata:distance>599.00</gpxdata:distance>
     <gpxdata:speed>1.147</gpxdata:speed>
    </extensions>
   </trkpt>
   <trkpt lat="46.5231168" lon="12.0130721">
    <ele>2194</ele>
    <time>2026-10-02T12:18:28Z</time>
    <extensions>
     <gpxdata:hr>139</gpxdata:hr>
     <gpxdata:distance>599.50</gpxdata:distance>
     <gpxdata:speed>1.153</gpxdata:speed>
    </extensions>
   </trkpt>
   <trkpt lat="46.5231223" lon="12.0130786">
    <ele>2194</ele>
    <time>2026-10-02T12:18:29Z</time>
    <extensions>
     <gpxdata:hr>140</gpxdata:hr>
     <gpxdata:distance>600.00</gpxdata:distance>
     <gpxdata:speed>1.158</gpxdata:speed>
    </extensions>
   </trkpt>
   <trkpt lat="46.5231270" lon="12.0130844">
    <ele>2194</ele>
    <time>2026-10-02T12:18:30Z</time>
    <extensions>
     <gpxdata:hr>140</gpxdata:hr>
     <gpxdata:distance>600.00</gpxdata:distance>
     <gpxdata:speed>1.156</gpxdata:speed>
    </extensions>
   </trkpt>
   <trkpt lat="46.5231311" lon="12.0130902">
    <ele>2194</ele>
    <time>2026-10-02T12:18:31Z</time>
    <extensions>
     <gpxdata:hr>141</gpxdata:hr>
     <gpxdata:distance>600.00</gpxdata:distance>
     <gpxdata:speed>1.156</gpxdata:speed>
    </extensions>
   </trkpt>
   <trkpt lat="46.5231354" lon="12.0130968">
    <ele>2194</ele>
    <time>2026-10-02T12:18:32Z</time>
    <extensions>
     <gpxdata:hr>141</gpxdata:hr>
     <gpxdata:distance>601.50</gpxdata:distance>
     <gpxdata:speed>1.139</gpxdata:speed>
    </extensions>
   </trkpt>
   <trkpt lat="46.5231405" lon="12.0131043">
    <ele>2194</ele>
    <time>2026-10-02T12:18:33Z</time>
    <extensions>
     <gpxdata:hr>141</gpxdata:hr>
     <gpxdata:distance>603.00</gpxdata:distance>
     <gpxdata:speed>1.125</gpxdata:speed>
    </extensions>
   </trkpt>
   <trkpt lat="46.5231463" lon="12.0131127">
    <ele>2194</ele>
    <time>2026-10-02T12:18:34Z</time>
    <extensions>
     <gpxdata:hr>141</gpxdata:hr>
     <gpxdata:distance>604.50</gpxdata:distance>
     <gpxdata:speed>1.119</gpxdata:speed>
    </extensions>
   </trkpt>
   <trkpt lat="46.5231527" lon="12.0131220">
    <ele>2194</ele>
    <time>2026-10-02T12:18:35Z</time>
    <extensions>
     <gpxdata:hr>141</gpxdata:hr>
     <gpxdata:distance>606.00</gpxdata:distance>
     <gpxdata:speed>1.114</gpxdata:speed>
    </extensions>
   </trkpt>
   <trkpt lat="46.5231593" lon="12.0131321">
    <ele>2194</ele>
    <time>2026-10-02T12:18:36Z</time>
    <extensions>
     <gpxdata:hr>141</gpxdata:hr>
     <gpxdata:distance>607.00</gpxdata:distance>
     <gpxdata:speed>1.111</gpxdata:speed>
    </extensions>
   </trkpt>
   <trkpt lat="46.5231656" lon="12.0131433">
    <ele>2194</ele>
    <time>2026-10-02T12:18:37Z</time>
    <extensions>
     <gpxdata:hr>142</gpxdata:hr>
     <gpxdata:distance>608.00</gpxdata:distance>
     <gpxdata:speed>1.111</gpxdata:speed>
    </extensions>
   </trkpt>
   <trkpt lat="46.5231711" lon="12.0131551">
    <ele>2194</ele>
    <time>2026-10-02T12:18:38Z</time>
    <extensions>
     <gpxdata:hr>142</gpxdata:hr>
     <gpxdata:distance>609.00</gpxdata:distance>
     <gpxdata:speed>1.106</gpxdata:speed>
    </extensions>
   </trkpt>
   <trkpt lat="46.5231761" lon="12.0131672">
    <ele>2195</ele>
    <time>2026-10-02T12:18:39Z</time>
    <extensions>
     <gpxdata:hr>142</gpxdata:hr>
     <gpxdata:distance>610.00</gpxdata:distance>
     <gpxdata:speed>1.103</gpxdata:speed>
    </extensions>
   </trkpt>
   <trkpt lat="46.5231807" lon="12.0131798">
    <ele>2195</ele>
    <time>2026-10-02T12:18:40Z</time>
    <extensions>
     <gpxdata:hr>142</gpxdata:hr>
     <gpxdata:distance>611.00</gpxdata:distance>
     <gpxdata:speed>1.100</gpxdata:speed>
    </extensions>
   </trkpt>
   <trkpt lat="46.5231852" lon="12.0131928">
    <ele>2195</ele>
    <time>2026-10-02T12:18:41Z</time>
    <extensions>
     <gpxdata:hr>142</gpxdata:hr>
     <gpxdata:distance>612.00</gpxdata:distance>
     <gpxdata:speed>1.100</gpxdata:speed>
    </extensions>
   </trkpt>
   <trkpt lat="46.5231898" lon="12.0132059">
    <ele>2195</ele>
    <time>2026-10-02T12:18:42Z</time>
    <extensions>
     <gpxdata:hr>142</gpxdata:hr>
     <gpxdata:distance>613.00</gpxdata:distance>
     <gpxdata:speed>1.100</gpxdata:speed>
    </extensions>
   </trkpt>
   <trkpt lat="46.5231938" lon="12.0132183">
    <ele>2195</ele>
    <time>2026-10-02T12:18:43Z</time>
    <extensions>
     <gpxdata:hr>142</gpxdata:hr>
     <gpxdata:distance>614.00</gpxdata:distance>
     <gpxdata:speed>1.100</gpxdata:speed>
    </extensions>
   </trkpt>
  </trkseg>
  <trkseg>
   <trkpt lat="46.5231967" lon="12.0132314">
    <ele>2195</ele>
    <time>2026-10-02T12:18:49Z</time>
    <extensions>
     <gpxdata:hr>139</gpxdata:hr>
     <gpxdata:distance>615.00</gpxdata:distance>
    </extensions>
   </trkpt>
   <trkpt lat="46.5231992" lon="12.0132413">
    <ele>2195</ele>
    <time>2026-10-02T12:18:50Z</time>
    <extensions>
     <gpxdata:hr>139</gpxdata:hr>
     <gpxdata:distance>615.00</gpxdata:distance>
    </extensions>
   </trkpt>
   <trkpt lat="46.5232023" lon="12.0132501">
    <ele>2196</ele>
    <time>2026-10-02T12:18:51Z</time>
    <extensions>
     <gpxdata:hr>138</gpxdata:hr>
     <gpxdata:distance>615.00</gpxdata:distance>
    </extensions>
   </trkpt>
   <trkpt lat="46.5232057" lon="12.0132592">
    <ele>2196</ele>
    <time>2026-10-02T12:18:52Z</time>
    <extensions>
     <gpxdata:hr>138</gpxdata:hr>
     <gpxdata:distance>617.00</gpxdata:distance>
    </extensions>
   </trkpt>
   <trkpt lat="46.5232097" lon="12.0132692">
    <ele>2196</ele>
    <time>2026-10-02T12:18:53Z</time>
    <extensions>
     <gpxdata:hr>138</gpxdata:hr>
     <gpxdata:distance>619.00</gpxdata:distance>
    </extensions>
   </trkpt>
   <trkpt lat="46.5232145" lon="12.0132802">
    <ele>2196</ele>
    <time>2026-10-02T12:18:54Z</time>
    <extensions>
     <gpxdata:hr>138</gpxdata:hr>
     <gpxdata:distance>620.00</gpxdata:distance>
    </extensions>
   </trkpt>
   <trkpt lat="46.5232201" lon="12.0132923">
    <ele>2196</ele>
    <time>2026-10-02T12:18:55Z</time>
    <extensions>
     <gpxdata:hr>138</gpxdata:hr>
     <gpxdata:distance>621.00</gpxdata:distance>
    </extensions>
   </trkpt>
   <trkpt lat="46.5232260" lon="12.0133054">
    <ele>2196</ele>
    <time>2026-10-02T12:18:56Z</time>
    <extensions>
     <gpxdata:hr>138</gpxdata:hr>
     <gpxdata:distance>622.00</gpxdata:distance>
    </extensions>
   </trkpt>
   <trkpt lat="46.5232321" lon="12.0133197">
    <ele>2196</ele>
    <time>2026-10-02T12:18:57Z</time>
    <extensions>
     <gpxdata:hr>138</gpxdata:hr>
     <gpxdata:distance>623.00</gpxdata:distance>
    </extensions>
   </trkpt>
   <trkpt lat="46.5232379" lon="12.0133346">
    <ele>2196</ele>
    <time>2026-10-02T12:18:58Z</time>
    <extensions>
     <gpxdata:hr>138</gpxdata:hr>
     <gpxdata:distance>624.50</gpxdata:distance>
    </extensions>
   </trkpt>
   <trkpt lat="46.5232430" lon="12.0133491">
    <ele>2196</ele>
    <time>2026-10-02T12:18:59Z</time>
    <extensions>
     <gpxdata:hr>138</gpxdata:hr>
     <gpxdata:distance>626.00</gpxdata:distance>
    </extensions>
   </trkpt>
   <trkpt lat="46.5232474" lon="12.0133628">
    <ele>2196</ele>
    <time>2026-10-02T12:19:00Z</time>
    <extensions>
     <gpxdata:hr>138</gpxdata:hr>
     <gpxdata:distance>627.00</gpxdata:distance>
     <gpxdata:speed>0.519</gpxdata:speed>
    </extensions>
   </trkpt>
   <trkpt lat="46.5232516" lon="12.0133756">
    <ele>2196</ele>
    <time>2026-10-02T12:19:01Z</time>
    <extensions>
     <gpxdata:hr>138</gpxdata:hr>
     <gpxdata:distance>628.00</gpxdata:distance>
     <gpxdata:speed>1.042</gpxdata:speed>
    </extensions>
   </trkpt>
   <trkpt lat="46.5232559" lon="12.0133880">
    <ele>2196</ele>
    <time>2026-10-02T12:19:02Z</time>
    <extensions>
     <gpxdata:hr>138</gpxdata:hr>
     <gpxdata:distance>629.00</gpxdata:distance>
     <gpxdata:speed>1.039</gpxdata:speed>
    </extensions>
   </trkpt>
   <trkpt lat="46.5232606" lon="12.0134005">
    <ele>2197</ele>
    <time>2026-10-02T12:19:03Z</time>
    <extensions>
     <gpxdata:hr>137</gpxdata:hr>
     <gpxdata:distance>630.00</gpxdata:distance>
     <gpxdata:speed>1.039</gpxdata:speed>
    </extensions>
   </trkpt>
   <trkpt lat="46.5232655" lon="12.0134132">
    <ele>2197</ele>
    <time>2026-10-02T12:19:04Z</time>
    <extensions>
     <gpxdata:hr>136</gpxdata:hr>
     <gpxdata:distance>631.00</gpxdata:distance>
     <gpxdata:speed>1.053</gpxdata:speed>
    </extensions>
   </trkpt>
   <trkpt lat="46.5232706" lon="12.0134258">
    <ele>2197</ele>
    <time>2026-10-02T12:19:05Z</time>
    <extensions>
     <gpxdata:hr>136</gpxdata:hr>
     <gpxdata:distance>632.00</gpxdata:distance>
     <gpxdata:speed>1.069</gpxdata:speed>
    </extensions>
   </trkpt>
   <trkpt lat="46.5232755" lon="12.0134386">
    <ele>2197</ele>
    <time>2026-10-02T12:19:06Z</time>
    <extensions>
     <gpxdata:hr>134</gpxdata:hr>
     <gpxdata:distance>633.50</gpxdata:distance>
     <gpxdata:speed>1.075</gpxdata:speed>
    </extensions>
   </trkpt>
   <trkpt lat="46.5232798" lon="12.0134518">
    <ele>2197</ele>
    <time>2026-10-02T12:19:07Z</time>
    <extensions>
     <gpxdata:hr>133</gpxdata:hr>
     <gpxdata:distance>635.00</gpxdata:distance>
     <gpxdata:speed>1.083</gpxdata:speed>
    </extensions>
   </trkpt>
   <trkpt lat="46.5232833" lon="12.0134655">
    <ele>2197</ele>
    <time>2026-10-02T12:19:08Z</time>
    <extensions>
     <gpxdata:hr>132</gpxdata:hr>
     <gpxdata:distance>636.00</gpxdata:distance>
     <gpxdata:speed>1.086</gpxdata:speed>
    </extensions>
   </trkpt>
   <trkpt lat="46.5232864" lon="12.0134798">
    <ele>2197</ele>
    <time>2026-10-02T12:19:09Z</time>
    <extensions>
     <gpxdata:hr>131</gpxdata:hr>
     <gpxdata:distance>637.00</gpxdata:distance>
     <gpxdata:speed>1.092</gpxdata:speed>
    </extensions>
   </trkpt>
   <trkpt lat="46.5232893" lon="12.0134944">
    <ele>2197</ele>
    <time>2026-10-02T12:19:10Z</time>
    <extensions>
     <gpxdata:hr>131</gpxdata:hr>
     <gpxdata:distance>638.00</gpxdata:distance>
     <gpxdata:speed>1.094</gpxdata:speed>
    </extensions>
   </trkpt>
   <trkpt lat="46.5232921" lon="12.0135091">
    <ele>2198</ele>
    <time>2026-10-02T12:19:11Z</time>
    <extensions>
     <gpxdata:hr>132</gpxdata:hr>
     <gpxdata:distance>639.00</gpxdata:distance>
     <gpxdata:speed>1.100</gpxdata:speed>
    </extensions>
   </trkpt>
   <trkpt lat="46.5232951" lon="12.0135237">
    <ele>2198</ele>
    <time>2026-10-02T12:19:12Z</time>
    <extensions>
     <gpxdata:hr>132</gpxdata:hr>
     <gpxdata:distance>640.50</gpxdata:distance>
     <gpxdata:speed>1.103</gpxdata:speed>
    </extensions>
   </trkpt>
   <trkpt lat="46.5232981" lon="12.0135385">
    <ele>2198</ele>
    <time>2026-10-02T12:19:13Z</time>
    <extensions>
     <gpxdata:hr>133</gpxdata:hr>
     <gpxdata:distance>642.00</gpxdata:distance>
     <gpxdata:speed>1.106</gpxdata:speed>
    </extensions>
   </trkpt>
   <trkpt lat="46.5233007" lon="12.0135534">
    <ele>2198</ele>
    <time>2026-10-02T12:19:14Z</time>
    <extensions>
     <gpxdata:hr>133</gpxdata:hr>
     <gpxdata:distance>643.00</gpxdata:distance>
     <gpxdata:speed>1.106</gpxdata:speed>
    </extensions>
   </trkpt>
   <trkpt lat="46.5233029" lon="12.0135680">
    <ele>2199</ele>
    <time>2026-10-02T12:19:15Z</time>
    <extensions>
     <gpxdata:hr>134</gpxdata:hr>
     <gpxdata:distance>644.00</gpxdata:distance>
     <gpxdata:speed>1.108</gpxdata:speed>
    </extensions>
   </trkpt>
   <trkpt lat="46.5233050" lon="12.0135825">
    <ele>2199</ele>
    <time>2026-10-02T12:19:16Z</time>
    <extensions>
     <gpxdata:hr>135</gpxdata:hr>
     <gpxdata:distance>645.00</gpxdata:distance>
     <gpxdata:speed>1.114</gpxdata:speed>
    </extensions>
   </trkpt>
   <trkpt lat="46.5233074" lon="12.0135967">
    <ele>2199</ele>
    <time>2026-10-02T12:19:17Z</time>
    <extensions>
     <gpxdata:hr>135</gpxdata:hr>
     <gpxdata:distance>646.00</gpxdata:distance>
     <gpxdata:speed>1.119</gpxdata:speed>
    </extensions>
   </trkpt>
   <trkpt lat="46.5233099" lon="12.0136108">
    <ele>2199</ele>
    <time>2026-10-02T12:19:18Z</time>
    <extensions>
     <gpxdata:hr>136</gpxdata:hr>
     <gpxdata:distance>647.00</gpxdata:distance>
     <gpxdata:speed>1.119</gpxdata:speed>
    </extensions>
   </trkpt>
   <trkpt lat="46.5233124" lon="12.0136252">
    <ele>2200</ele>
    <time>2026-10-02T12:19:19Z</time>
    <extensions>
     <gpxdata:hr>137</gpxdata:hr>
     <gpxdata:distance>648.00</gpxdata:distance>
     <gpxdata:speed>1.122</gpxdata:speed>
    </extensions>
   </trkpt>
   <trkpt lat="46.5233147" lon="12.0136398">
    <ele>2200</ele>
    <time>2026-10-02T12:19:20Z</time>
    <extensions>
     <gpxdata:hr>137</gpxdata:hr>
     <gpxdata:distance>649.50</gpxdata:distance>
     <gpxdata:speed>1.125</gpxdata:speed>
    </extensions>
   </trkpt>
   <trkpt lat="46.5233170" lon="12.0136541">
    <ele>2200</ele>
    <time>2026-10-02T12:19:21Z</time>
    <extensions>
     <gpxdata:hr>138</gpxdata:hr>
     <gpxdata:distance>651.00</gpxdata:distance>
     <gpxdata:speed>1.131</gpxdata:speed>
    </extensions>
   </trkpt>
   <trkpt lat="46.5233194" lon="12.0136682">
    <ele>2200</ele>
    <time>2026-10-02T12:19:22Z</time>
    <extensions>
     <gpxdata:hr>139</gpxdata:hr>
     <gpxdata:distance>652.00</gpxdata:distance>
     <gpxdata:speed>1.131</gpxdata:speed>
    </extensions>
   </trkpt>
   <trkpt lat="46.5233218" lon="12.0136827">
    <ele>2200</ele>
    <time>2026-10-02T12:19:23Z</time>
    <extensions>
     <gpxdata:hr>140</gpxdata:hr>
     <gpxdata:distance>653.00</gpxdata:distance>
     <gpxdata:speed>1.133</gpxdata:speed>
    </extensions>
   </trkpt>
   <trkpt lat="46.5233242" lon="12.0136978">
    <ele>2200</ele>
    <time>2026-10-02T12:19:24Z</time>
    <extensions>
     <gpxdata:hr>140</gpxdata:hr>
     <gpxdata:distance>654.00</gpxdata:distance>
     <gpxdata:speed>1.133</gpxdata:speed>
    </extensions>
   </trkpt>
   <trkpt lat="46.5233266" lon="12.0137132">
    <ele>2200</ele>
    <time>2026-10-02T12:19:25Z</time>
    <extensions>
     <gpxdata:hr>141</gpxdata:hr>
     <gpxdata:distance>655.00</gpxdata:distance>
     <gpxdata:speed>1.133</gpxdata:speed>
    </extensions>
   </trkpt>
   <trkpt lat="46.5233296" lon="12.0137289">
    <ele>2200</ele>
    <time>2026-10-02T12:19:26Z</time>
    <extensions>
     <gpxdata:hr>141</gpxdata:hr>
     <gpxdata:distance>656.50</gpxdata:distance>
     <gpxdata:speed>1.133</gpxdata:speed>
    </extensions>
   </trkpt>
   <trkpt lat="46.5233328" lon="12.0137451">
    <ele>2201</ele>
    <time>2026-10-02T12:19:27Z</time>
    <extensions>
     <gpxdata:hr>142</gpxdata:hr>
     <gpxdata:distance>658.00</gpxdata:distance>
     <gpxdata:speed>1.136</gpxdata:speed>
    </extensions>
   </trkpt>
   <trkpt lat="46.5233359" lon="12.0137613">
    <ele>2201</ele>
    <time>2026-10-02T12:19:28Z</time>
    <extensions>
     <gpxdata:hr>142</gpxdata:hr>
     <gpxdata:distance>659.50</gpxdata:distance>
     <gpxdata:speed>1.139</gpxdata:speed>
    </extensions>
   </trkpt>
   <trkpt lat="46.5233389" lon="12.0137767">
    <ele>2201</ele>
    <time>2026-10-02T12:19:29Z</time>
    <extensions>
     <gpxdata:hr>142</gpxdata:hr>
     <gpxdata:distance>661.00</gpxdata:distance>
     <gpxdata:speed>1.142</gpxdata:speed>
    </extensions>
   </trkpt>
   <trkpt lat="46.5233419" lon="12.0137913">
    <ele>2201</ele>
    <time>2026-10-02T12:19:30Z</time>
    <extensions>
     <gpxdata:hr>142</gpxdata:hr>
     <gpxdata:distance>662.00</gpxdata:distance>
     <gpxdata:speed>1.142</gpxdata:speed>
    </extensions>
   </trkpt>
   <trkpt lat="46.5233449" lon="12.0138056">
    <ele>2201</ele>
    <time>2026-10-02T12:19:31Z</time>
    <extensions>
     <gpxdata:hr>143</gpxdata:hr>
     <gpxdata:distance>663.00</gpxdata:distance>
     <gpxdata:speed>1.144</gpxdata:speed>
    </extensions>
   </trkpt>
   <trkpt lat="46.5233479" lon="12.0138199">
    <ele>2201</ele>
    <time>2026-10-02T12:19:32Z</time>
    <extensions>
     <gpxdata:hr>143</gpxdata:hr>
     <gpxdata:distance>664.00</gpxdata:distance>
     <gpxdata:speed>1.144</gpxdata:speed>
    </extensions>
   </trkpt>
   <trkpt lat="46.5233508" lon="12.0138342">
    <ele>2201</ele>
    <time>2026-10-02T12:19:33Z</time>
    <extensions>
     <gpxdata:hr>143</gpxdata:hr>
     <gpxdata:distance>665.00</gpxdata:distance>
     <gpxdata:speed>1.147</gpxdata:speed>
    </extensions>
   </trkpt>
   <trkpt lat="46.5233536" lon="12.0138488">
    <ele>2201</ele>
    <time>2026-10-02T12:19:34Z</time>
    <extensions>
     <gpxdata:hr>144</gpxdata:hr>
     <gpxdata:distance>666.00</gpxdata:distance>
     <gpxdata:speed>1.147</gpxdata:speed>
    </extensions>
   </trkpt>
   <trkpt lat="46.5233562" lon="12.0138638">
    <ele>2202</ele>
    <time>2026-10-02T12:19:35Z</time>
    <extensions>
     <gpxdata:hr>144</gpxdata:hr>
     <gpxdata:distance>667.00</gpxdata:distance>
     <gpxdata:speed>1.147</gpxdata:speed>
    </extensions>
   </trkpt>
   <trkpt lat="46.5233587" lon="12.0138788">
    <ele>2202</ele>
    <time>2026-10-02T12:19:36Z</time>
    <extensions>
     <gpxdata:hr>144</gpxdata:hr>
     <gpxdata:distance>668.50</gpxdata:distance>
     <gpxdata:speed>1.150</gpxdata:speed>
    </extensions>
   </trkpt>
   <trkpt lat="46.5233612" lon="12.0138940">
    <ele>2202</ele>
    <time>2026-10-02T12:19:37Z</time>
    <extensions>
     <gpxdata:hr>145</gpxdata:hr>
     <gpxdata:distance>670.00</gpxdata:distance>
     <gpxdata:speed>1.156</gpxdata:speed>
    </extensions>
   </trkpt>
   <trkpt lat="46.5233633" lon="12.0139095">
    <ele>2202</ele>
    <time>2026-10-02T12:19:38Z</time>
    <extensions>
     <gpxdata:hr>146</gpxdata:hr>
     <gpxdata:distance>671.00</gpxdata:distance>
     <gpxdata:speed>1.156</gpxdata:speed>
    </extensions>
   </trkpt>
   <trkpt lat="46.5233653" lon="12.0139252">
    <ele>2202</ele>
    <time>2026-10-02T12:19:39Z</time>
    <extensions>
     <gpxdata:hr>146</gpxdata:hr>
     <gpxdata:distance>672.00</gpxdata:distance>
     <gpxdata:speed>1.158</gpxdata:speed>
    </extensions>
   </trkpt>
   <trkpt lat="46.5233672" lon="12.0139408">
    <ele>2202</ele>
    <time>2026-10-02T12:19:40Z</time>
    <extensions>
     <gpxdata:hr>146</gpxdata:hr>
     <gpxdata:distance>673.50</gpxdata:distance>
     <gpxdata:speed>1.158</gpxdata:speed>
    </extensions>
   </trkpt>
   <trkpt lat="46.5233698" lon="12.0139564">
    <ele>2202</ele>
    <time>2026-10-02T12:19:41Z</time>
    <extensions>
     <gpxdata:hr>146</gpxdata:hr>
     <gpxdata:distance>675.00</gpxdata:distance>
     <gpxdata:speed>1.158</gpxdata:speed>
    </extensions>
   </trkpt>
   <trkpt lat="46.5233726" lon="12.0139720">
    <ele>2202</ele>
    <time>2026-10-02T12:19:42Z</time>
    <extensions>
     <gpxdata:hr>146</gpxdata:hr>
     <gpxdata:distance>676.00</gpxdata:distance>
     <gpxdata:speed>1.158</gpxdata:speed>
    </extensions>
   </trkpt>
   <trkpt lat="46.5233754" lon="12.0139874">
    <ele>2203</ele>
    <time>2026-10-02T12:19:43Z</time>
    <extensions>
     <gpxdata:hr>147</gpxdata:hr>
     <gpxdata:distance>677.00</gpxdata:distance>
     <gpxdata:speed>1.161</gpxdata:speed>
    </extensions>
   </trkpt>
   <trkpt lat="46.5233775" lon="12.0140024">
    <ele>2203</ele>
    <time>2026-10-02T12:19:44Z</time>
    <extensions>
     <gpxdata:hr>147</gpxdata:hr>
     <gpxdata:distance>678.00</gpxdata:distance>
     <gpxdata:speed>1.161</gpxdata:speed>
    </extensions>
   </trkpt>
   <trkpt lat="46.5233796" lon="12.0140169">
    <ele>2203</ele>
    <time>2026-10-02T12:19:45Z</time>
    <extensions>
     <gpxdata:hr>147</gpxdata:hr>
     <gpxdata:distance>679.00</gpxdata:distance>
     <gpxdata:speed>1.161</gpxdata:speed>
    </extensions>
   </trkpt>
   <trkpt lat="46.5233817" lon="12.0140311">
    <ele>2203</ele>
    <time>2026-10-02T12:19:46Z</time>
    <extensions>
     <gpxdata:hr>148</gpxdata:hr>
     <gpxdata:distance>680.00</gpxdata:distance>
     <gpxdata:speed>1.161</gpxdata:speed>
    </extensions>
   </trkpt>
   <trkpt lat="46.5233840" lon="12.0140449">
    <ele>2203</ele>
    <time>2026-10-02T12:19:47Z</time>
    <extensions>
     <gpxdata:hr>148</gpxdata:hr>
     <gpxdata:distance>681.00</gpxdata:distance>
     <gpxdata:speed>1.164</gpxdata:speed>
    </extensions>
   </trkpt>
   <trkpt lat="46.5233863" lon="12.0140586">
    <ele>2203</ele>
    <time>2026-10-02T12:19:48Z</time>
    <extensions>
     <gpxdata:hr>148</gpxdata:hr>
     <gpxdata:distance>682.50</gpxdata:distance>
     <gpxdata:speed>1.164</gpxdata:speed>
    </extensions>
   </trkpt>
   <trkpt lat="46.5233883" lon="12.0140723">
    <ele>2203</ele>
    <time>2026-10-02T12:19:49Z</time>
    <extensions>
     <gpxdata:hr>148</gpxdata:hr>
     <gpxdata:distance>684.00</gpxdata:distance>
     <gpxdata:speed>1.164</gpxdata:speed>
    </extensions>
   </trkpt>
   <trkpt lat="46.5233904" lon="12.0140862">
    <ele>2203</ele>
    <time>2026-10-02T12:19:50Z</time>
    <extensions>
     <gpxdata:hr>147</gpxdata:hr>
     <gpxdata:distance>685.00</gpxdata:distance>
     <gpxdata:speed>1.161</gpxdata:speed>
    </extensions>
   </trkpt>
   <trkpt lat="46.5233925" lon="12.0140997">
    <ele>2204</ele>
    <time>2026-10-02T12:19:51Z</time>
    <extensions>
     <gpxdata:hr>147</gpxdata:hr>
     <gpxdata:distance>686.00</gpxdata:distance>
     <gpxdata:speed>1.161</gpxdata:speed>
    </extensions>
   </trkpt>
   <trkpt lat="46.5233947" lon="12.0141126">
    <ele>2204</ele>
    <time>2026-10-02T12:19:52Z</time>
    <extensions>
     <gpxdata:hr>147</gpxdata:hr>
     <gpxdata:distance>687.00</gpxdata:distance>
     <gpxdata:speed>1.158</gpxdata:speed>
    </extensions>
   </trkpt>
   <trkpt lat="46.5233967" lon="12.0141248">
    <ele>2204</ele>
    <time>2026-10-02T12:19:53Z</time>
    <extensions>
     <gpxdata:hr>147</gpxdata:hr>
     <gpxdata:distance>688.00</gpxdata:distance>
     <gpxdata:speed>1.158</gpxdata:speed>
    </extensions>
   </trkpt>
   <trkpt lat="46.5233988" lon="12.0141363">
    <ele>2204</ele>
    <time>2026-10-02T12:19:54Z</time>
    <extensions>
     <gpxdata:hr>147</gpxdata:hr>
     <gpxdata:distance>688.50</gpxdata:distance>
     <gpxdata:speed>1.156</gpxdata:speed>
    </extensions>
   </trkpt>
   <trkpt lat="46.5234011" lon="12.0141471">
    <ele>2204</ele>
    <time>2026-10-02T12:19:55Z</time>
    <extensions>
     <gpxdata:hr>147</gpxdata:hr>
     <gpxdata:distance>689.00</gpxdata:distance>
     <gpxdata:speed>1.156</gpxdata:speed>
    </extensions>
   </trkpt>
   <trkpt lat="46.5234036" lon="12.0141578">
    <ele>2204</ele>
    <time>2026-10-02T12:19:56Z</time>
    <extensions>
     <gpxdata:hr>148</gpxdata:hr>
     <gpxdata:distance>690.00</gpxdata:distance>
     <gpxdata:speed>1.150</gpxdata:speed>
    </extensions>
   </trkpt>
   <trkpt lat="46.5234061" lon="12.0141686">
    <ele>2204</ele>
    <time>2026-10-02T12:19:57Z</time>
    <extensions>
     <gpxdata:hr>148</gpxdata:hr>
     <gpxdata:distance>691.00</gpxdata:distance>
     <gpxdata:speed>1.144</gpxdata:speed>
    </extensions>
   </trkpt>
   <trkpt lat="46.5234090" lon="12.0141796">
    <ele>2204</ele>
    <time>2026-10-02T12:19:58Z</time>
    <extensions>
     <gpxdata:hr>148</gpxdata:hr>
     <gpxdata:distance>692.00</gpxdata:distance>
     <gpxdata:speed>1.136</gpxdata:speed>
    </extensions>
   </trkpt>
   <trkpt lat="46.5234119" lon="12.0141904">
    <ele>2205</ele>
    <time>2026-10-02T12:19:59Z</time>
    <extensions>
     <gpxdata:hr>148</gpxdata:hr>
     <gpxdata:distance>693.00</gpxdata:distance>
     <gpxdata:speed>1.131</gpxdata:speed>
    </extensions>
   </trkpt>
   <trkpt lat="46.5234147" lon="12.0142007">
    <ele>2205</ele>
    <time>2026-10-02T12:20:00Z</time>
    <extensions>
     <gpxdata:hr>148</gpxdata:hr>
     <gpxdata:distance>693.50</gpxdata:distance>
     <gpxdata:speed>1.125</gpxdata:speed>
    </extensions>
   </trkpt>
   <trkpt lat="46.5234175" lon="12.0142109">
    <ele>2205</ele>
    <time>2026-10-02T12:20:01Z</time>
    <extensions>
     <gpxdata:hr>148</gpxdata:hr>
     <gpxdata:distance>694.00</gpxdata:distance>
     <gpxdata:speed>1.122</gpxdata:speed>
    </extensions>
   </trkpt>
   <trkpt lat="46.5234205" lon="12.0142207">
    <ele>2205</ele>
    <time>2026-10-02T12:20:02Z</time>
    <extensions>
     <gpxdata:hr>148</gpxdata:hr>
     <gpxdata:distance>695.00</gpxdata:distance>
     <gpxdata:speed>1.117</gpxdata:speed>
    </extensions>
   </trkpt>
   <trkpt lat="46.5234241" lon="12.0142296">
    <ele>2206</ele>
    <time>2026-10-02T12:20:03Z</time>
    <extensions>
     <gpxdata:hr>148</gpxdata:hr>
     <gpxdata:distance>696.00</gpxdata:distance>
     <gpxdata:speed>1.111</gpxdata:speed>
    </extensions>
   </trkpt>
   <trkpt lat="46.5234285" lon="12.0142383">
    <ele>2206</ele>
    <time>2026-10-02T12:20:04Z</time>
    <extensions>
     <gpxdata:hr>148</gpxdata:hr>
     <gpxdata:distance>697.00</gpxdata:distance>
     <gpxdata:speed>1.106</gpxdata:speed>
    </extensions>
   </trkpt>
   <trkpt lat="46.5234332" lon="12.0142476">
    <ele>2206</ele>
    <time>2026-10-02T12:20:05Z</time>
    <extensions>
     <gpxdata:hr>149</gpxdata:hr>
     <gpxdata:distance>698.00</gpxdata:distance>
     <gpxdata:speed>1.100</gpxdata:speed>
    </extensions>
   </trkpt>
   <trkpt lat="46.5234383" lon="12.0142580">
    <ele>2206</ele>
    <time>2026-10-02T12:20:06Z</time>
    <extensions>
     <gpxdata:hr>149</gpxdata:hr>
     <gpxdata:distance>699.00</gpxdata:distance>
     <gpxdata:speed>1.097</gpxdata:speed>
    </extensions>
   </trkpt>
   <trkpt lat="46.5234430" lon="12.0142701">
    <ele>2206</ele>
    <time>2026-10-02T12:20:07Z</time>
    <extensions>
     <gpxdata:hr>149</gpxdata:hr>
     <gpxdata:distance>700.00</gpxdata:distance>
     <gpxdata:speed>1.094</gpxdata:speed>
    </extensions>
   </trkpt>
   <trkpt lat="46.5234464" lon="12.0142833">
    <ele>2206</ele>
    <time>2026-10-02T12:20:08Z</time>
    <extensions>
     <gpxdata:hr>149</gpxdata:hr>
     <gpxdata:distance>701.00</gpxdata:distance>
     <gpxdata:speed>1.092</gpxdata:speed>
    </extensions>
   </trkpt>
   <trkpt lat="46.5234489" lon="12.0142967">
    <ele>2206</ele>
    <time>2026-10-02T12:20:09Z</time>
    <extensions>
     <gpxdata:hr>149</gpxdata:hr>
     <gpxdata:distance>702.00</gpxdata:distance>
     <gpxdata:speed>1.089</gpxdata:speed>
    </extensions>
   </trkpt>
   <trkpt lat="46.5234506" lon="12.0143097">
    <ele>2206</ele>
    <time>2026-10-02T12:20:10Z</time>
    <extensions>
     <gpxdata:hr>149</gpxdata:hr>
     <gpxdata:distance>703.00</gpxdata:distance>
     <gpxdata:speed>1.089</gpxdata:speed>
    </extensions>
   </trkpt>
   <trkpt lat="46.5234519" lon="12.0143225">
    <ele>2207</ele>
    <time>2026-10-02T12:20:11Z</time>
    <extensions>
     <gpxdata:hr>149</gpxdata:hr>
     <gpxdata:distance>704.00</gpxdata:distance>
     <gpxdata:speed>1.089</gpxdata:speed>
    </extensions>
   </trkpt>
   <trkpt lat="46.5234530" lon="12.0143344">
    <ele>2207</ele>
    <time>2026-10-02T12:20:12Z</time>
    <extensions>
     <gpxdata:hr>150</gpxdata:hr>
     <gpxdata:distance>705.00</gpxdata:distance>
     <gpxdata:speed>1.089</gpxdata:speed>
    </extensions>
   </trkpt>
   <trkpt lat="46.5234539" lon="12.0143461">
    <ele>2207</ele>
    <time>2026-10-02T12:20:13Z</time>
    <extensions>
     <gpxdata:hr>150</gpxdata:hr>
     <gpxdata:distance>706.00</gpxdata:distance>
     <gpxdata:speed>1.089</gpxdata:speed>
    </extensions>
   </trkpt>
   <trkpt lat="46.5234547" lon="12.0143584">
    <ele>2207</ele>
    <time>2026-10-02T12:20:14Z</time>
    <extensions>
     <gpxdata:hr>151</gpxdata:hr>
     <gpxdata:distance>707.00</gpxdata:distance>
     <gpxdata:speed>1.086</gpxdata:speed>
    </extensions>
   </trkpt>
   <trkpt lat="46.5234560" lon="12.0143712">
    <ele>2208</ele>
    <time>2026-10-02T12:20:15Z</time>
    <extensions>
     <gpxdata:hr>152</gpxdata:hr>
     <gpxdata:distance>708.00</gpxdata:distance>
     <gpxdata:speed>1.083</gpxdata:speed>
    </extensions>
   </trkpt>
   <trkpt lat="46.5234581" lon="12.0143845">
    <ele>2208</ele>
    <time>2026-10-02T12:20:16Z</time>
    <extensions>
     <gpxdata:hr>152</gpxdata:hr>
     <gpxdata:distance>709.00</gpxdata:distance>
     <gpxdata:speed>1.081</gpxdata:speed>
    </extensions>
   </trkpt>
   <trkpt lat="46.5234609" lon="12.0143981">
    <ele>2208</ele>
    <time>2026-10-02T12:20:17Z</time>
    <extensions>
     <gpxdata:hr>152</gpxdata:hr>
     <gpxdata:distance>710.00</gpxdata:distance>
     <gpxdata:speed>1.081</gpxdata:speed>
    </extensions>
   </trkpt>
   <trkpt lat="46.5234643" lon="12.0144115">
    <ele>2208</ele>
    <time>2026-10-02T12:20:18Z</time>
    <extensions>
     <gpxdata:hr>153</gpxdata:hr>
     <gpxdata:distance>711.00</gpxdata:distance>
     <gpxdata:speed>1.081</gpxdata:speed>
    </extensions>
   </trkpt>
   <trkpt lat="46.5234680" lon="12.0144245">
    <ele>2208</ele>
    <time>2026-10-02T12:20:19Z</time>
    <extensions>
     <gpxdata:hr>153</gpxdata:hr>
     <gpxdata:distance>712.00</gpxdata:distance>
     <gpxdata:speed>1.081</gpxdata:speed>
    </extensions>
   </trkpt>
   <trkpt lat="46.5234720" lon="12.0144374">
    <ele>2208</ele>
    <time>2026-10-02T12:20:20Z</time>
    <extensions>
     <gpxdata:hr>153</gpxdata:hr>
     <gpxdata:distance>713.50</gpxdata:distance>
     <gpxdata:speed>1.081</gpxdata:speed>
    </extensions>
   </trkpt>
   <trkpt lat="46.5234761" lon="12.0144507">
    <ele>2208</ele>
    <time>2026-10-02T12:20:21Z</time>
    <extensions>
     <gpxdata:hr>153</gpxdata:hr>
     <gpxdata:distance>715.00</gpxdata:distance>
     <gpxdata:speed>1.081</gpxdata:speed>
    </extensions>
   </trkpt>
   <trkpt lat="46.5234800" lon="12.0144641">
    <ele>2208</ele>
    <time>2026-10-02T12:20:22Z</time>
    <extensions>
     <gpxdata:hr>153</gpxdata:hr>
     <gpxdata:distance>716.00</gpxdata:distance>
     <gpxdata:speed>1.083</gpxdata:speed>
    </extensions>
   </trkpt>
   <trkpt lat="46.5234839" lon="12.0144768">
    <ele>2209</ele>
    <time>2026-10-02T12:20:23Z</time>
    <extensions>
     <gpxdata:hr>154</gpxdata:hr>
     <gpxdata:distance>717.00</gpxdata:distance>
     <gpxdata:speed>1.086</gpxdata:speed>
    </extensions>
   </trkpt>
   <trkpt lat="46.5234882" lon="12.0144883">
    <ele>2209</ele>
    <time>2026-10-02T12:20:24Z</time>
    <extensions>
     <gpxdata:hr>154</gpxdata:hr>
     <gpxdata:distance>718.00</gpxdata:distance>
     <gpxdata:speed>1.086</gpxdata:speed>
    </extensions>
   </trkpt>
   <trkpt lat="46.5234932" lon="12.0145001">
    <ele>2209</ele>
    <time>2026-10-02T12:20:25Z</time>
    <extensions>
     <gpxdata:hr>154</gpxdata:hr>
     <gpxdata:distance>719.00</gpxdata:distance>
     <gpxdata:speed>1.089</gpxdata:speed>
    </extensions>
   </trkpt>
   <trkpt lat="46.5234987" lon="12.0145123">
    <ele>2209</ele>
    <time>2026-10-02T12:20:26Z</time>
    <extensions>
     <gpxdata:hr>154</gpxdata:hr>
     <gpxdata:distance>720.00</gpxdata:distance>
     <gpxdata:speed>1.089</gpxdata:speed>
    </extensions>
   </trkpt>
   <trkpt lat="46.5235041" lon="12.0145237">
    <ele>2210</ele>
    <time>2026-10-02T12:20:27Z</time>
    <extensions>
     <gpxdata:hr>155</gpxdata:hr>
     <gpxdata:distance>721.00</gpxdata:distance>
     <gpxdata:speed>1.089</gpxdata:speed>
    </extensions>
   </trkpt>
  </trkseg>
  <trkseg>
   <trkpt lat="46.5235128" lon="12.0145406">
    <ele>2210</ele>
    <time>2026-10-02T12:20:36Z</time>
    <extensions>
     <gpxdata:hr>156</gpxdata:hr>
     <gpxdata:distance>722.00</gpxdata:distance>
     <gpxdata:speed>0.533</gpxdata:speed>
    </extensions>
   </trkpt>
   <trkpt lat="46.5235186" lon="12.0145526">
    <ele>2210</ele>
    <time>2026-10-02T12:20:37Z</time>
    <extensions>
     <gpxdata:hr>157</gpxdata:hr>
     <gpxdata:distance>722.00</gpxdata:distance>
    </extensions>
   </trkpt>
   <trkpt lat="46.5235232" lon="12.0145620">
    <ele>2210</ele>
    <time>2026-10-02T12:20:38Z</time>
    <extensions>
     <gpxdata:hr>157</gpxdata:hr>
     <gpxdata:distance>722.00</gpxdata:distance>
    </extensions>
   </trkpt>
   <trkpt lat="46.5235271" lon="12.0145704">
    <ele>2210</ele>
    <time>2026-10-02T12:20:39Z</time>
    <extensions>
     <gpxdata:hr>157</gpxdata:hr>
     <gpxdata:distance>722.00</gpxdata:distance>
    </extensions>
   </trkpt>
   <trkpt lat="46.5235310" lon="12.0145787">
    <ele>2210</ele>
    <time>2026-10-02T12:20:40Z</time>
    <extensions>
     <gpxdata:hr>157</gpxdata:hr>
     <gpxdata:distance>724.50</gpxdata:distance>
    </extensions>
   </trkpt>
   <trkpt lat="46.5235347" lon="12.0145870">
    <ele>2210</ele>
    <time>2026-10-02T12:20:41Z</time>
    <extensions>
     <gpxdata:hr>157</gpxdata:hr>
     <gpxdata:distance>727.00</gpxdata:distance>
    </extensions>
   </trkpt>
   <trkpt lat="46.5235376" lon="12.0145949">
    <ele>2210</ele>
    <time>2026-10-02T12:20:42Z</time>
    <extensions>
     <gpxdata:hr>157</gpxdata:hr>
     <gpxdata:distance>727.50</gpxdata:distance>
    </extensions>
   </trkpt>
   <trkpt lat="46.5235403" lon="12.0146030">
    <ele>2211</ele>
    <time>2026-10-02T12:20:43Z</time>
    <extensions>
     <gpxdata:hr>156</gpxdata:hr>
     <gpxdata:distance>728.00</gpxdata:distance>
    </extensions>
   </trkpt>
   <trkpt lat="46.5235428" lon="12.0146118">
    <ele>2211</ele>
    <time>2026-10-02T12:20:44Z</time>
    <extensions>
     <gpxdata:hr>156</gpxdata:hr>
     <gpxdata:distance>728.00</gpxdata:distance>
     <gpxdata:speed>0.272</gpxdata:speed>
    </extensions>
   </trkpt>
   <trkpt lat="46.5235454" lon="12.0146217">
    <ele>2211</ele>
    <time>2026-10-02T12:20:45Z</time>
    <extensions>
     <gpxdata:hr>156</gpxdata:hr>
     <gpxdata:distance>728.00</gpxdata:distance>
     <gpxdata:speed>0.544</gpxdata:speed>
    </extensions>
   </trkpt>
   <trkpt lat="46.5235483" lon="12.0146320">
    <ele>2211</ele>
    <time>2026-10-02T12:20:46Z</time>
    <extensions>
     <gpxdata:hr>156</gpxdata:hr>
     <gpxdata:distance>729.50</gpxdata:distance>
     <gpxdata:speed>0.617</gpxdata:speed>
    </extensions>
   </trkpt>
   <trkpt lat="46.5235519" lon="12.0146427">
    <ele>2211</ele>
    <time>2026-10-02T12:20:47Z</time>
    <extensions>
     <gpxdata:hr>156</gpxdata:hr>
     <gpxdata:distance>731.00</gpxdata:distance>
     <gpxdata:speed>0.689</gpxdata:speed>
    </extensions>
   </trkpt>
   <trkpt lat="46.5235560" lon="12.0146540">
    <ele>2211</ele>
    <time>2026-10-02T12:20:48Z</time>
    <extensions>
     <gpxdata:hr>155</gpxdata:hr>
     <gpxdata:distance>732.50</gpxdata:distance>
     <gpxdata:speed>0.722</gpxdata:speed>
    </extensions>
   </trkpt>
   <trkpt lat="46.5235602" lon="12.0146660">
    <ele>2211</ele>
    <time>2026-10-02T12:20:49Z</time>
    <extensions>
     <gpxdata:hr>154</gpxdata:hr>
     <gpxdata:distance>734.00</gpxdata:distance>
     <gpxdata:speed>0.756</gpxdata:speed>
    </extensions>
   </trkpt>
   <trkpt lat="46.5235643" lon="12.0146789">
    <ele>2211</ele>
    <time>2026-10-02T12:20:50Z</time>
    <extensions>
     <gpxdata:hr>153</gpxdata:hr>
     <gpxdata:distance>735.00</gpxdata:distance>
     <gpxdata:speed>0.775</gpxdata:speed>
    </extensions>
   </trkpt>
   <trkpt lat="46.5235683" lon="12.0146921">
    <ele>2211</ele>
    <time>2026-10-02T12:20:51Z</time>
    <extensions>
     <gpxdata:hr>152</gpxdata:hr>
     <gpxdata:distance>736.00</gpxdata:distance>
     <gpxdata:speed>0.797</gpxdata:speed>
    </extensions>
   </trkpt>
   <trkpt lat="46.5235721" lon="12.0147055">
    <ele>2211</ele>
    <time>2026-10-02T12:20:52Z</time>
    <extensions>
     <gpxdata:hr>151</gpxdata:hr>
     <gpxdata:distance>737.00</gpxdata:distance>
     <gpxdata:speed>0.811</gpxdata:speed>
    </extensions>
   </trkpt>
   <trkpt lat="46.5235758" lon="12.0147185">
    <ele>2211</ele>
    <time>2026-10-02T12:20:53Z</time>
    <extensions>
     <gpxdata:hr>151</gpxdata:hr>
     <gpxdata:distance>738.00</gpxdata:distance>
     <gpxdata:speed>0.828</gpxdata:speed>
    </extensions>
   </trkpt>
   <trkpt lat="46.5235802" lon="12.0147313">
    <ele>2211</ele>
    <time>2026-10-02T12:20:54Z</time>
    <extensions>
     <gpxdata:hr>150</gpxdata:hr>
     <gpxdata:distance>739.00</gpxdata:distance>
     <gpxdata:speed>0.839</gpxdata:speed>
    </extensions>
   </trkpt>
   <trkpt lat="46.5235857" lon="12.0147440">
    <ele>2212</ele>
    <time>2026-10-02T12:20:55Z</time>
    <extensions>
     <gpxdata:hr>149</gpxdata:hr>
     <gpxdata:distance>740.00</gpxdata:distance>
     <gpxdata:speed>0.850</gpxdata:speed>
    </extensions>
   </trkpt>
   <trkpt lat="46.5235920" lon="12.0147571">
    <ele>2212</ele>
    <time>2026-10-02T12:20:56Z</time>
    <extensions>
     <gpxdata:hr>147</gpxdata:hr>
     <gpxdata:distance>741.50</gpxdata:distance>
     <gpxdata:speed>0.861</gpxdata:speed>
    </extensions>
   </trkpt>
   <trkpt lat="46.5235986" lon="12.0147705">
    <ele>2212</ele>
    <time>2026-10-02T12:20:57Z</time>
    <extensions>
     <gpxdata:hr>146</gpxdata:hr>
     <gpxdata:distance>743.00</gpxdata:distance>
     <gpxdata:speed>0.872</gpxdata:speed>
    </extensions>
   </trkpt>
   <trkpt lat="46.5236052" lon="12.0147842">
    <ele>2212</ele>
    <time>2026-10-02T12:20:58Z</time>
    <extensions>
     <gpxdata:hr>145</gpxdata:hr>
     <gpxdata:distance>744.00</gpxdata:distance>
     <gpxdata:speed>0.883</gpxdata:speed>
    </extensions>
   </trkpt>
   <trkpt lat="46.5236117" lon="12.0147975">
    <ele>2212</ele>
    <time>2026-10-02T12:20:59Z</time>
    <extensions>
     <gpxdata:hr>144</gpxdata:hr>
     <gpxdata:distance>745.00</gpxdata:distance>
     <gpxdata:speed>0.897</gpxdata:speed>
    </extensions>
   </trkpt>
   <trkpt lat="46.5236182" lon="12.0148102">
    <ele>2212</ele>
    <time>2026-10-02T12:21:00Z</time>
    <extensions>
     <gpxdata:hr>143</gpxdata:hr>
     <gpxdata:distance>746.50</gpxdata:distance>
     <gpxdata:speed>0.914</gpxdata:speed>
    </extensions>
   </trkpt>
   <trkpt lat="46.5236247" lon="12.0148227">
    <ele>2212</ele>
    <time>2026-10-02T12:21:01Z</time>
    <extensions>
     <gpxdata:hr>143</gpxdata:hr>
     <gpxdata:distance>748.00</gpxdata:distance>
     <gpxdata:speed>0.931</gpxdata:speed>
    </extensions>
   </trkpt>
   <trkpt lat="46.5236309" lon="12.0148351">
    <ele>2212</ele>
    <time>2026-10-02T12:21:02Z</time>
    <extensions>
     <gpxdata:hr>142</gpxdata:hr>
     <gpxdata:distance>749.00</gpxdata:distance>
     <gpxdata:speed>0.944</gpxdata:speed>
    </extensions>
   </trkpt>
   <trkpt lat="46.5236367" lon="12.0148476">
    <ele>2213</ele>
    <time>2026-10-02T12:21:03Z</time>
    <extensions>
     <gpxdata:hr>141</gpxdata:hr>
     <gpxdata:distance>750.00</gpxdata:distance>
     <gpxdata:speed>0.961</gpxdata:speed>
    </extensions>
   </trkpt>
   <trkpt lat="46.5236422" lon="12.0148605">
    <ele>2213</ele>
    <time>2026-10-02T12:21:04Z</time>
    <extensions>
     <gpxdata:hr>141</gpxdata:hr>
     <gpxdata:distance>751.00</gpxdata:distance>
     <gpxdata:speed>0.969</gpxdata:speed>
    </extensions>
   </trkpt>
   <trkpt lat="46.5236474" lon="12.0148734">
    <ele>2213</ele>
    <time>2026-10-02T12:21:05Z</time>
    <extensions>
     <gpxdata:hr>140</gpxdata:hr>
     <gpxdata:distance>752.00</gpxdata:distance>
     <gpxdata:speed>0.981</gpxdata:speed>
    </extensions>
   </trkpt>
   <trkpt lat="46.5236523" lon="12.0148862">
    <ele>2213</ele>
    <time>2026-10-02T12:21:06Z</time>
    <extensions>
     <gpxdata:hr>141</gpxdata:hr>
     <gpxdata:distance>753.00</gpxdata:distance>
     <gpxdata:speed>0.986</gpxdata:speed>
    </extensions>
   </trkpt>
   <trkpt lat="46.5236570" lon="12.0148986">
    <ele>2213</ele>
    <time>2026-10-02T12:21:07Z</time>
    <extensions>
     <gpxdata:hr>141</gpxdata:hr>
     <gpxdata:distance>754.00</gpxdata:distance>
     <gpxdata:speed>0.994</gpxdata:speed>
    </extensions>
   </trkpt>
   <trkpt lat="46.5236615" lon="12.0149107">
    <ele>2213</ele>
    <time>2026-10-02T12:21:08Z</time>
    <extensions>
     <gpxdata:hr>141</gpxdata:hr>
     <gpxdata:distance>755.00</gpxdata:distance>
     <gpxdata:speed>1.000</gpxdata:speed>
    </extensions>
   </trkpt>
   <trkpt lat="46.5236660" lon="12.0149222">
    <ele>2213</ele>
    <time>2026-10-02T12:21:09Z</time>
    <extensions>
     <gpxdata:hr>141</gpxdata:hr>
     <gpxdata:distance>756.00</gpxdata:distance>
     <gpxdata:speed>1.006</gpxdata:speed>
    </extensions>
   </trkpt>
   <trkpt lat="46.5236707" lon="12.0149334">
    <ele>2213</ele>
    <time>2026-10-02T12:21:10Z</time>
    <extensions>
     <gpxdata:hr>141</gpxdata:hr>
     <gpxdata:distance>757.00</gpxdata:distance>
     <gpxdata:speed>1.008</gpxdata:speed>
    </extensions>
   </trkpt>
   <trkpt lat="46.5236755" lon="12.0149446">
    <ele>2214</ele>
    <time>2026-10-02T12:21:11Z</time>
    <extensions>
     <gpxdata:hr>141</gpxdata:hr>
     <gpxdata:distance>758.00</gpxdata:distance>
     <gpxdata:speed>1.011</gpxdata:speed>
    </extensions>
   </trkpt>
   <trkpt lat="46.5236801" lon="12.0149556">
    <ele>2214</ele>
    <time>2026-10-02T12:21:12Z</time>
    <extensions>
     <gpxdata:hr>141</gpxdata:hr>
     <gpxdata:distance>759.00</gpxdata:distance>
     <gpxdata:speed>1.014</gpxdata:speed>
    </extensions>
   </trkpt>
   <trkpt lat="46.5236846" lon="12.0149671">
    <ele>2214</ele>
    <time>2026-10-02T12:21:13Z</time>
    <extensions>
     <gpxdata:hr>141</gpxdata:hr>
     <gpxdata:distance>760.00</gpxdata:distance>
     <gpxdata:speed>1.017</gpxdata:speed>
    </extensions>
   </trkpt>
   <trkpt lat="46.5236892" lon="12.0149789">
    <ele>2214</ele>
    <time>2026-10-02T12:21:14Z</time>
    <extensions>
     <gpxdata:hr>141</gpxdata:hr>
     <gpxdata:distance>761.50</gpxdata:distance>
     <gpxdata:speed>1.017</gpxdata:speed>
    </extensions>
   </trkpt>
   <trkpt lat="46.5236943" lon="12.0149908">
    <ele>2214</ele>
    <time>2026-10-02T12:21:15Z</time>
    <extensions>
     <gpxdata:hr>141</gpxdata:hr>
     <gpxdata:distance>763.00</gpxdata:distance>
     <gpxdata:speed>1.019</gpxdata:speed>
    </extensions>
   </trkpt>
   <trkpt lat="46.5236996" lon="12.0150027">
    <ele>2214</ele>
    <time>2026-10-02T12:21:16Z</time>
    <extensions>
     <gpxdata:hr>140</gpxdata:hr>
     <gpxdata:distance>764.00</gpxdata:distance>
     <gpxdata:speed>1.022</gpxdata:speed>
    </extensions>
   </trkpt>
   <trkpt lat="46.5237047" lon="12.0150142">
    <ele>2214</ele>
    <time>2026-10-02T12:21:17Z</time>
    <extensions>
     <gpxdata:hr>140</gpxdata:hr>
     <gpxdata:distance>765.00</gpxdata:distance>
     <gpxdata:speed>1.025</gpxdata:speed>
    </extensions>
   </trkpt>
   <trkpt lat="46.5237094" lon="12.0150267">
    <ele>2214</ele>
    <time>2026-10-02T12:21:18Z</time>
    <extensions>
     <gpxdata:hr>140</gpxdata:hr>
     <gpxdata:distance>766.00</gpxdata:distance>
     <gpxdata:speed>1.025</gpxdata:speed>
    </extensions>
   </trkpt>
   <trkpt lat="46.5237137" lon="12.0150401">
    <ele>2215</ele>
    <time>2026-10-02T12:21:19Z</time>
    <extensions>
     <gpxdata:hr>140</gpxdata:hr>
     <gpxdata:distance>767.00</gpxdata:distance>
     <gpxdata:speed>1.028</gpxdata:speed>
    </extensions>
   </trkpt>
   <trkpt lat="46.5237175" lon="12.0150531">
    <ele>2215</ele>
    <time>2026-10-02T12:21:20Z</time>
    <extensions>
     <gpxdata:hr>140</gpxdata:hr>
     <gpxdata:distance>768.00</gpxdata:distance>
     <gpxdata:speed>1.031</gpxdata:speed>
    </extensions>
   </trkpt>
   <trkpt lat="46.5237213" lon="12.0150658">
    <ele>2215</ele>
    <time>2026-10-02T12:21:21Z</time>
    <extensions>
     <gpxdata:hr>140</gpxdata:hr>
     <gpxdata:distance>769.00</gpxdata:distance>
     <gpxdata:speed>1.033</gpxdata:speed>
    </extensions>
   </trkpt>
   <trkpt lat="46.5237255" lon="12.0150782">
    <ele>2215</ele>
    <time>2026-10-02T12:21:22Z</time>
    <extensions>
     <gpxdata:hr>140</gpxdata:hr>
     <gpxdata:distance>770.00</gpxdata:distance>
     <gpxdata:speed>1.036</gpxdata:speed>
    </extensions>
   </trkpt>
   <trkpt lat="46.5237303" lon="12.0150905">
    <ele>2216</ele>
    <time>2026-10-02T12:21:23Z</time>
    <extensions>
     <gpxdata:hr>141</gpxdata:hr>
     <gpxdata:distance>771.00</gpxdata:distance>
     <gpxdata:speed>1.039</gpxdata:speed>
    </extensions>
   </trkpt>
   <trkpt lat="46.5237357" lon="12.0151029">
    <ele>2216</ele>
    <time>2026-10-02T12:21:24Z</time>
    <extensions>
     <gpxdata:hr>141</gpxdata:hr>
     <gpxdata:distance>772.50</gpxdata:distance>
     <gpxdata:speed>1.042</gpxdata:speed>
    </extensions>
   </trkpt>
   <trkpt lat="46.5237412" lon="12.0151157">
    <ele>2216</ele>
    <time>2026-10-02T12:21:25Z</time>
    <extensions>
     <gpxdata:hr>141</gpxdata:hr>
     <gpxdata:distance>774.00</gpxdata:distance>
     <gpxdata:speed>1.044</gpxdata:speed>
    </extensions>
   </trkpt>
   <trkpt lat="46.5237463" lon="12.0151290">
    <ele>2216</ele>
    <time>2026-10-02T12:21:26Z</time>
    <extensions>
     <gpxdata:hr>141</gpxdata:hr>
     <gpxdata:distance>775.00</gpxdata:distance>
     <gpxdata:speed>1.044</gpxdata:speed>
    </extensions>
   </trkpt>
   <trkpt lat="46.5237512" lon="12.0151424">
    <ele>2216</ele>
    <time>2026-10-02T12:21:27Z</time>
    <extensions>
     <gpxdata:hr>142</gpxdata:hr>
     <gpxdata:distance>776.00</gpxdata:distance>
     <gpxdata:speed>1.047</gpxdata:speed>
    </extensions>
   </trkpt>
   <trkpt lat="46.5237557" lon="12.0151558">
    <ele>2216</ele>
    <time>2026-10-02T12:21:28Z</time>
    <extensions>
     <gpxdata:hr>142</gpxdata:hr>
     <gpxdata:distance>777.00</gpxdata:distance>
     <gpxdata:speed>1.067</gpxdata:speed>
    </extensions>
   </trkpt>
   <trkpt lat="46.5237599" lon="12.0151688">
    <ele>2216</ele>
    <time>2026-10-02T12:21:29Z</time>
    <extensions>
     <gpxdata:hr>143</gpxdata:hr>
     <gpxdata:distance>778.00</gpxdata:distance>
     <gpxdata:speed>1.089</gpxdata:speed>
    </extensions>
   </trkpt>
   <trkpt lat="46.5237640" lon="12.0151814">
    <ele>2216</ele>
    <time>2026-10-02T12:21:30Z</time>
    <extensions>
     <gpxdata:hr>143</gpxdata:hr>
     <gpxdata:distance>779.00</gpxdata:distance>
     <gpxdata:speed>1.092</gpxdata:speed>
    </extensions>
   </trkpt>
   <trkpt lat="46.5237679" lon="12.0151937">
    <ele>2217</ele>
    <time>2026-10-02T12:21:31Z</time>
    <extensions>
     <gpxdata:hr>143</gpxdata:hr>
     <gpxdata:distance>780.00</gpxdata:distance>
     <gpxdata:speed>1.097</gpxdata:speed>
    </extensions>
   </trkpt>
   <trkpt lat="46.5237718" lon="12.0152058">
    <ele>2217</ele>
    <time>2026-10-02T12:21:32Z</time>
    <extensions>
     <gpxdata:hr>143</gpxdata:hr>
     <gpxdata:distance>781.00</gpxdata:distance>
     <gpxdata:speed>1.094</gpxdata:speed>
    </extensions>
   </trkpt>
   <trkpt lat="46.5237759" lon="12.0152182">
    <ele>2217</ele>
    <time>2026-10-02T12:21:33Z</time>
    <extensions>
     <gpxdata:hr>143</gpxdata:hr>
     <gpxdata:distance>782.00</gpxdata:distance>
     <gpxdata:speed>1.092</gpxdata:speed>
    </extensions>
   </trkpt>
   <trkpt lat="46.5237802" lon="12.0152307">
    <ele>2217</ele>
    <time>2026-10-02T12:21:34Z</time>
    <extensions>
     <gpxdata:hr>143</gpxdata:hr>
     <gpxdata:distance>783.50</gpxdata:distance>
     <gpxdata:speed>1.089</gpxdata:speed>
    </extensions>
   </trkpt>
   <trkpt lat="46.5237843" lon="12.0152435">
    <ele>2218</ele>
    <time>2026-10-02T12:21:35Z</time>
    <extensions>
     <gpxdata:hr>143</gpxdata:hr>
     <gpxdata:distance>785.00</gpxdata:distance>
     <gpxdata:speed>1.086</gpxdata:speed>
    </extensions>
   </trkpt>
   <trkpt lat="46.5237878" lon="12.0152565">
    <ele>2218</ele>
    <time>2026-10-02T12:21:36Z</time>
    <extensions>
     <gpxdata:hr>143</gpxdata:hr>
     <gpxdata:distance>786.00</gpxdata:distance>
     <gpxdata:speed>1.083</gpxdata:speed>
    </extensions>
   </trkpt>
   <trkpt lat="46.5237910" lon="12.0152697">
    <ele>2218</ele>
    <time>2026-10-02T12:21:37Z</time>
    <extensions>
     <gpxdata:hr>143</gpxdata:hr>
     <gpxdata:distance>787.00</gpxdata:distance>
     <gpxdata:speed>1.083</gpxdata:speed>
    </extensions>
   </trkpt>
   <trkpt lat="46.5237942" lon="12.0152831">
    <ele>2218</ele>
    <time>2026-10-02T12:21:38Z</time>
    <extensions>
     <gpxdata:hr>143</gpxdata:hr>
     <gpxdata:distance>788.00</gpxdata:distance>
     <gpxdata:speed>1.083</gpxdata:speed>
    </extensions>
   </trkpt>
   <trkpt lat="46.5237977" lon="12.0152967">
    <ele>2218</ele>
    <time>2026-10-02T12:21:39Z</time>
    <extensions>
     <gpxdata:hr>144</gpxdata:hr>
     <gpxdata:distance>789.00</gpxdata:distance>
     <gpxdata:speed>1.083</gpxdata:speed>
    </extensions>
   </trkpt>
   <trkpt lat="46.5238017" lon="12.0153104">
    <ele>2218</ele>
    <time>2026-10-02T12:21:40Z</time>
    <extensions>
     <gpxdata:hr>144</gpxdata:hr>
     <gpxdata:distance>790.00</gpxdata:distance>
     <gpxdata:speed>1.081</gpxdata:speed>
    </extensions>
   </trkpt>
   <trkpt lat="46.5238063" lon="12.0153237">
    <ele>2218</ele>
    <time>2026-10-02T12:21:41Z</time>
    <extensions>
     <gpxdata:hr>144</gpxdata:hr>
     <gpxdata:distance>791.00</gpxdata:distance>
     <gpxdata:speed>1.081</gpxdata:speed>
    </extensions>
   </trkpt>
   <trkpt lat="46.5238113" lon="12.0153363">
    <ele>2218</ele>
    <time>2026-10-02T12:21:42Z</time>
    <extensions>
     <gpxdata:hr>145</gpxdata:hr>
     <gpxdata:distance>792.00</gpxdata:distance>
     <gpxdata:speed>1.081</gpxdata:speed>
    </extensions>
   </trkpt>
   <trkpt lat="46.5238161" lon="12.0153478">
    <ele>2219</ele>
    <time>2026-10-02T12:21:43Z</time>
    <extensions>
     <gpxdata:hr>145</gpxdata:hr>
     <gpxdata:distance>793.00</gpxdata:distance>
     <gpxdata:speed>1.083</gpxdata:speed>
    </extensions>
   </trkpt>
  </trkseg>
  <trkseg>
   <trkpt lat="46.5238198" lon="12.0153549">
    <ele>2220</ele>
    <time>2026-10-02T12:21:52Z</time>
    <extensions>
     <gpxdata:hr>149</gpxdata:hr>
     <gpxdata:distance>794.00</gpxdata:distance>
    </extensions>
   </trkpt>
   <trkpt lat="46.5238227" lon="12.0153599">
    <ele>2220</ele>
    <time>2026-10-02T12:21:53Z</time>
    <extensions>
     <gpxdata:hr>149</gpxdata:hr>
     <gpxdata:distance>794.00</gpxdata:distance>
    </extensions>
   </trkpt>
   <trkpt lat="46.5238254" lon="12.0153654">
    <ele>2220</ele>
    <time>2026-10-02T12:21:54Z</time>
    <extensions>
     <gpxdata:hr>149</gpxdata:hr>
     <gpxdata:distance>794.00</gpxdata:distance>
    </extensions>
   </trkpt>
   <trkpt lat="46.5238282" lon="12.0153723">
    <ele>2220</ele>
    <time>2026-10-02T12:21:55Z</time>
    <extensions>
     <gpxdata:hr>150</gpxdata:hr>
     <gpxdata:distance>794.00</gpxdata:distance>
    </extensions>
   </trkpt>
   <trkpt lat="46.5238315" lon="12.0153808">
    <ele>2220</ele>
    <time>2026-10-02T12:21:56Z</time>
    <extensions>
     <gpxdata:hr>149</gpxdata:hr>
     <gpxdata:distance>795.50</gpxdata:distance>
    </extensions>
   </trkpt>
   <trkpt lat="46.5238352" lon="12.0153906">
    <ele>2220</ele>
    <time>2026-10-02T12:21:57Z</time>
    <extensions>
     <gpxdata:hr>149</gpxdata:hr>
     <gpxdata:distance>797.00</gpxdata:distance>
    </extensions>
   </trkpt>
   <trkpt lat="46.5238397" lon="12.0154015">
    <ele>2220</ele>
    <time>2026-10-02T12:21:58Z</time>
    <extensions>
     <gpxdata:hr>149</gpxdata:hr>
     <gpxdata:distance>798.00</gpxdata:distance>
    </extensions>
   </trkpt>
   <trkpt lat="46.5238443" lon="12.0154142">
    <ele>2220</ele>
    <time>2026-10-02T12:21:59Z</time>
    <extensions>
     <gpxdata:hr>148</gpxdata:hr>
     <gpxdata:distance>799.00</gpxdata:distance>
    </extensions>
   </trkpt>
   <trkpt lat="46.5238487" lon="12.0154277">
    <ele>2220</ele>
    <time>2026-10-02T12:22:00Z</time>
    <extensions>
     <gpxdata:hr>148</gpxdata:hr>
     <gpxdata:distance>800.50</gpxdata:distance>
    </extensions>
   </trkpt>
   <trkpt lat="46.5238527" lon="12.0154409">
    <ele>2220</ele>
    <time>2026-10-02T12:22:01Z</time>
    <extensions>
     <gpxdata:hr>147</gpxdata:hr>
     <gpxdata:distance>802.00</gpxdata:distance>
    </extensions>
   </trkpt>
   <trkpt lat="46.5238572" lon="12.0154523">
    <ele>2220</ele>
    <time>2026-10-02T12:22:02Z</time>
    <extensions>
     <gpxdata:hr>147</gpxdata:hr>
     <gpxdata:distance>802.50</gpxdata:distance>
     <gpxdata:speed>0.442</gpxdata:speed>
    </extensions>
   </trkpt>
   <trkpt lat="46.5238629" lon="12.0154628">
    <ele>2220</ele>
    <time>2026-10-02T12:22:03Z</time>
    <extensions>
     <gpxdata:hr>146</gpxdata:hr>
     <gpxdata:distance>803.00</gpxdata:distance>
     <gpxdata:speed>0.883</gpxdata:speed>
    </extensions>
   </trkpt>
   <trkpt lat="46.5238694" lon="12.0154731">
    <ele>2220</ele>
    <time>2026-10-02T12:22:04Z</time>
    <extensions>
     <gpxdata:hr>146</gpxdata:hr>
     <gpxdata:distance>804.50</gpxdata:distance>
     <gpxdata:speed>0.933</gpxdata:speed>
    </extensions>
   </trkpt>
   <trkpt lat="46.5238757" lon="12.0154836">
    <ele>2220</ele>
    <time>2026-10-02T12:22:05Z</time>
    <extensions>
     <gpxdata:hr>145</gpxdata:hr>
     <gpxdata:distance>806.00</gpxdata:distance>
     <gpxdata:speed>0.986</gpxdata:speed>
    </extensions>
   </trkpt>
   <trkpt lat="46.5238811" lon="12.0154946">
    <ele>2220</ele>
    <time>2026-10-02T12:22:06Z</time>
    <extensions>
     <gpxdata:hr>145</gpxdata:hr>
     <gpxdata:distance>807.00</gpxdata:distance>
     <gpxdata:speed>1.006</gpxdata:speed>
    </extensions>
   </trkpt>
  </trkseg>
  <trkseg>
   <trkpt lat="46.5238831" lon="12.0155050">
    <ele>2222</ele>
    <time>2026-10-02T12:22:13Z</time>
    <extensions>
     <gpxdata:hr>144</gpxdata:hr>
     <gpxdata:distance>808.00</gpxdata:distance>
    </extensions>
   </trkpt>
   <trkpt lat="46.5238843" lon="12.0155124">
    <ele>2222</ele>
    <time>2026-10-02T12:22:14Z</time>
    <extensions>
     <gpxdata:hr>143</gpxdata:hr>
     <gpxdata:distance>808.00</gpxdata:distance>
    </extensions>
   </trkpt>
   <trkpt lat="46.5238858" lon="12.0155189">
    <ele>2222</ele>
    <time>2026-10-02T12:22:15Z</time>
    <extensions>
     <gpxdata:hr>142</gpxdata:hr>
     <gpxdata:distance>808.00</gpxdata:distance>
    </extensions>
   </trkpt>
   <trkpt lat="46.5238880" lon="12.0155252">
    <ele>2222</ele>
    <time>2026-10-02T12:22:16Z</time>
    <extensions>
     <gpxdata:hr>142</gpxdata:hr>
     <gpxdata:distance>809.00</gpxdata:distance>
    </extensions>
   </trkpt>
   <trkpt lat="46.5238909" lon="12.0155321">
    <ele>2222</ele>
    <time>2026-10-02T12:22:17Z</time>
    <extensions>
     <gpxdata:hr>141</gpxdata:hr>
     <gpxdata:distance>810.00</gpxdata:distance>
    </extensions>
   </trkpt>
   <trkpt lat="46.5238941" lon="12.0155406">
    <ele>2222</ele>
    <time>2026-10-02T12:22:18Z</time>
    <extensions>
     <gpxdata:hr>142</gpxdata:hr>
     <gpxdata:distance>811.00</gpxdata:distance>
    </extensions>
   </trkpt>
   <trkpt lat="46.5238979" lon="12.0155503">
    <ele>2222</ele>
    <time>2026-10-02T12:22:19Z</time>
    <extensions>
     <gpxdata:hr>141</gpxdata:hr>
     <gpxdata:distance>812.00</gpxdata:distance>
    </extensions>
   </trkpt>
   <trkpt lat="46.5239023" lon="12.0155612">
    <ele>2222</ele>
    <time>2026-10-02T12:22:20Z</time>
    <extensions>
     <gpxdata:hr>141</gpxdata:hr>
     <gpxdata:distance>813.00</gpxdata:distance>
     <gpxdata:speed>0.408</gpxdata:speed>
    </extensions>
   </trkpt>
   <trkpt lat="46.5239071" lon="12.0155724">
    <ele>2222</ele>
    <time>2026-10-02T12:22:21Z</time>
    <extensions>
     <gpxdata:hr>140</gpxdata:hr>
     <gpxdata:distance>814.00</gpxdata:distance>
     <gpxdata:speed>0.819</gpxdata:speed>
    </extensions>
   </trkpt>
   <trkpt lat="46.5239123" lon="12.0155830">
    <ele>2222</ele>
    <time>2026-10-02T12:22:22Z</time>
    <extensions>
     <gpxdata:hr>140</gpxdata:hr>
     <gpxdata:distance>814.50</gpxdata:distance>
     <gpxdata:speed>0.833</gpxdata:speed>
    </extensions>
   </trkpt>
   <trkpt lat="46.5239178" lon="12.0155937">
    <ele>2222</ele>
    <time>2026-10-02T12:22:23Z</time>
    <extensions>
     <gpxdata:hr>139</gpxdata:hr>
     <gpxdata:distance>815.00</gpxdata:distance>
     <gpxdata:speed>0.850</gpxdata:speed>
    </extensions>
   </trkpt>
   <trkpt lat="46.5239231" lon="12.0156052">
    <ele>2222</ele>
    <time>2026-10-02T12:22:24Z</time>
    <extensions>
     <gpxdata:hr>138</gpxdata:hr>
     <gpxdata:distance>816.50</gpxdata:distance>
     <gpxdata:speed>0.864</gpxdata:speed>
    </extensions>
   </trkpt>
   <trkpt lat="46.5239284" lon="12.0156169">
    <ele>2222</ele>
    <time>2026-10-02T12:22:25Z</time>
    <extensions>
     <gpxdata:hr>137</gpxdata:hr>
     <gpxdata:distance>818.00</gpxdata:distance>
     <gpxdata:speed>0.881</gpxdata:speed>
    </extensions>
   </trkpt>
   <trkpt lat="46.5239338" lon="12.0156275">
    <ele>2222</ele>
    <time>2026-10-02T12:22:26Z</time>
    <extensions>
     <gpxdata:hr>136</gpxdata:hr>
     <gpxdata:distance>818.50</gpxdata:distance>
     <gpxdata:speed>0.889</gpxdata:speed>
    </extensions>
   </trkpt>
   <trkpt lat="46.5239396" lon="12.0156366">
    <ele>2223</ele>
    <time>2026-10-02T12:22:27Z</time>
    <extensions>
     <gpxdata:hr>135</gpxdata:hr>
     <gpxdata:distance>819.00</gpxdata:distance>
     <gpxdata:speed>0.900</gpxdata:speed>
    </extensions>
   </trkpt>
   <trkpt lat="46.5239456" lon="12.0156452">
    <ele>2223</ele>
    <time>2026-10-02T12:22:28Z</time>
    <extensions>
     <gpxdata:hr>134</gpxdata:hr>
     <gpxdata:distance>820.00</gpxdata:distance>
     <gpxdata:speed>0.925</gpxdata:speed>
    </extensions>
   </trkpt>
   <trkpt lat="46.5239517" lon="12.0156545">
    <ele>2223</ele>
    <time>2026-10-02T12:22:29Z</time>
    <extensions>
     <gpxdata:hr>133</gpxdata:hr>
     <gpxdata:distance>821.00</gpxdata:distance>
     <gpxdata:speed>0.950</gpxdata:speed>
    </extensions>
   </trkpt>
   <trkpt lat="46.5239572" lon="12.0156646">
    <ele>2223</ele>
    <time>2026-10-02T12:22:30Z</time>
    <extensions>
     <gpxdata:hr>132</gpxdata:hr>
     <gpxdata:distance>822.00</gpxdata:distance>
     <gpxdata:speed>0.956</gpxdata:speed>
    </extensions>
   </trkpt>
   <trkpt lat="46.5239624" lon="12.0156751">
    <ele>2223</ele>
    <time>2026-10-02T12:22:31Z</time>
    <extensions>
     <gpxdata:hr>132</gpxdata:hr>
     <gpxdata:distance>823.00</gpxdata:distance>
     <gpxdata:speed>0.964</gpxdata:speed>
    </extensions>
   </trkpt>
   <trkpt lat="46.5239676" lon="12.0156853">
    <ele>2223</ele>
    <time>2026-10-02T12:22:32Z</time>
    <extensions>
     <gpxdata:hr>132</gpxdata:hr>
     <gpxdata:distance>824.00</gpxdata:distance>
     <gpxdata:speed>0.967</gpxdata:speed>
    </extensions>
   </trkpt>
   <trkpt lat="46.5239733" lon="12.0156950">
    <ele>2223</ele>
    <time>2026-10-02T12:22:33Z</time>
    <extensions>
     <gpxdata:hr>132</gpxdata:hr>
     <gpxdata:distance>825.00</gpxdata:distance>
     <gpxdata:speed>0.969</gpxdata:speed>
    </extensions>
   </trkpt>
   <trkpt lat="46.5239796" lon="12.0157046">
    <ele>2223</ele>
    <time>2026-10-02T12:22:34Z</time>
    <extensions>
     <gpxdata:hr>133</gpxdata:hr>
     <gpxdata:distance>826.00</gpxdata:distance>
     <gpxdata:speed>0.975</gpxdata:speed>
    </extensions>
   </trkpt>
   <trkpt lat="46.5239866" lon="12.0157144">
    <ele>2224</ele>
    <time>2026-10-02T12:22:35Z</time>
    <extensions>
     <gpxdata:hr>133</gpxdata:hr>
     <gpxdata:distance>827.00</gpxdata:distance>
     <gpxdata:speed>0.981</gpxdata:speed>
    </extensions>
   </trkpt>
   <trkpt lat="46.5239939" lon="12.0157241">
    <ele>2224</ele>
    <time>2026-10-02T12:22:36Z</time>
    <extensions>
     <gpxdata:hr>134</gpxdata:hr>
     <gpxdata:distance>828.50</gpxdata:distance>
     <gpxdata:speed>0.986</gpxdata:speed>
    </extensions>
   </trkpt>
   <trkpt lat="46.5240016" lon="12.0157334">
    <ele>2224</ele>
    <time>2026-10-02T12:22:37Z</time>
    <extensions>
     <gpxdata:hr>134</gpxdata:hr>
     <gpxdata:distance>830.00</gpxdata:distance>
     <gpxdata:speed>0.994</gpxdata:speed>
    </extensions>
   </trkpt>
   <trkpt lat="46.5240098" lon="12.0157420">
    <ele>2224</ele>
    <time>2026-10-02T12:22:38Z</time>
    <extensions>
     <gpxdata:hr>134</gpxdata:hr>
     <gpxdata:distance>831.00</gpxdata:distance>
     <gpxdata:speed>0.997</gpxdata:speed>
    </extensions>
   </trkpt>
   <trkpt lat="46.5240182" lon="12.0157501">
    <ele>2224</ele>
    <time>2026-10-02T12:22:39Z</time>
    <extensions>
     <gpxdata:hr>135</gpxdata:hr>
     <gpxdata:distance>832.00</gpxdata:distance>
     <gpxdata:speed>1.003</gpxdata:speed>
    </extensions>
   </trkpt>
   <trkpt lat="46.5240267" lon="12.0157574">
    <ele>2224</ele>
    <time>2026-10-02T12:22:40Z</time>
    <extensions>
     <gpxdata:hr>136</gpxdata:hr>
     <gpxdata:distance>833.00</gpxdata:distance>
     <gpxdata:speed>1.006</gpxdata:speed>
    </extensions>
   </trkpt>
   <trkpt lat="46.5240353" lon="12.0157643">
    <ele>2224</ele>
    <time>2026-10-02T12:22:41Z</time>
    <extensions>
     <gpxdata:hr>136</gpxdata:hr>
     <gpxdata:distance>834.00</gpxdata:distance>
     <gpxdata:speed>1.008</gpxdata:speed>
    </extensions>
   </trkpt>
   <trkpt lat="46.5240438" lon="12.0157708">
    <ele>2224</ele>
    <time>2026-10-02T12:22:42Z</time>
    <extensions>
     <gpxdata:hr>137</gpxdata:hr>
     <gpxdata:distance>835.00</gpxdata:distance>
     <gpxdata:speed>1.014</gpxdata:speed>
    </extensions>
   </trkpt>
   <trkpt lat="46.5240525" lon="12.0157771">
    <ele>2225</ele>
    <time>2026-10-02T12:22:43Z</time>
    <extensions>
     <gpxdata:hr>138</gpxdata:hr>
     <gpxdata:distance>836.00</gpxdata:distance>
     <gpxdata:speed>1.019</gpxdata:speed>
    </extensions>
   </trkpt>
   <trkpt lat="46.5240610" lon="12.0157832">
    <ele>2225</ele>
    <time>2026-10-02T12:22:44Z</time>
    <extensions>
     <gpxdata:hr>139</gpxdata:hr>
     <gpxdata:distance>837.00</gpxdata:distance>
     <gpxdata:speed>1.022</gpxdata:speed>
    </extensions>
   </trkpt>
   <trkpt lat="46.5240690" lon="12.0157892">
    <ele>2225</ele>
    <time>2026-10-02T12:22:45Z</time>
    <extensions>
     <gpxdata:hr>139</gpxdata:hr>
     <gpxdata:distance>838.00</gpxdata:distance>
     <gpxdata:speed>1.028</gpxdata:speed>
    </extensions>
   </trkpt>
   <trkpt lat="46.5240763" lon="12.0157953">
    <ele>2225</ele>
    <time>2026-10-02T12:22:46Z</time>
    <extensions>
     <gpxdata:hr>139</gpxdata:hr>
     <gpxdata:distance>839.00</gpxdata:distance>
     <gpxdata:speed>1.033</gpxdata:speed>
    </extensions>
   </trkpt>
   <trkpt lat="46.5240830" lon="12.0158014">
    <ele>2226</ele>
    <time>2026-10-02T12:22:47Z</time>
    <extensions>
     <gpxdata:hr>139</gpxdata:hr>
     <gpxdata:distance>840.00</gpxdata:distance>
     <gpxdata:speed>1.039</gpxdata:speed>
    </extensions>
   </trkpt>
   <trkpt lat="46.5240897" lon="12.0158076">
    <ele>2226</ele>
    <time>2026-10-02T12:22:48Z</time>
    <extensions>
     <gpxdata:hr>139</gpxdata:hr>
     <gpxdata:distance>841.00</gpxdata:distance>
     <gpxdata:speed>1.019</gpxdata:speed>
    </extensions>
   </trkpt>
   <trkpt lat="46.5240964" lon="12.0158132">
    <ele>2226</ele>
    <time>2026-10-02T12:22:49Z</time>
    <extensions>
     <gpxdata:hr>139</gpxdata:hr>
     <gpxdata:distance>842.00</gpxdata:distance>
     <gpxdata:speed>1.003</gpxdata:speed>
    </extensions>
   </trkpt>
   <trkpt lat="46.5241032" lon="12.0158181">
    <ele>2226</ele>
    <time>2026-10-02T12:22:50Z</time>
    <extensions>
     <gpxdata:hr>139</gpxdata:hr>
     <gpxdata:distance>842.50</gpxdata:distance>
     <gpxdata:speed>0.989</gpxdata:speed>
    </extensions>
   </trkpt>
   <trkpt lat="46.5241098" lon="12.0158226">
    <ele>2227</ele>
    <time>2026-10-02T12:22:51Z</time>
    <extensions>
     <gpxdata:hr>139</gpxdata:hr>
     <gpxdata:distance>843.00</gpxdata:distance>
     <gpxdata:speed>0.975</gpxdata:speed>
    </extensions>
   </trkpt>
   <trkpt lat="46.5241161" lon="12.0158272">
    <ele>2227</ele>
    <time>2026-10-02T12:22:52Z</time>
    <extensions>
     <gpxdata:hr>140</gpxdata:hr>
     <gpxdata:distance>844.00</gpxdata:distance>
     <gpxdata:speed>0.964</gpxdata:speed>
    </extensions>
   </trkpt>
   <trkpt lat="46.5241219" lon="12.0158323">
    <ele>2227</ele>
    <time>2026-10-02T12:22:53Z</time>
    <extensions>
     <gpxdata:hr>141</gpxdata:hr>
     <gpxdata:distance>845.00</gpxdata:distance>
     <gpxdata:speed>0.956</gpxdata:speed>
    </extensions>
   </trkpt>
   <trkpt lat="46.5241272" lon="12.0158375">
    <ele>2227</ele>
    <time>2026-10-02T12:22:54Z</time>
    <extensions>
     <gpxdata:hr>141</gpxdata:hr>
     <gpxdata:distance>845.50</gpxdata:distance>
     <gpxdata:speed>0.947</gpxdata:speed>
    </extensions>
   </trkpt>
   <trkpt lat="46.5241325" lon="12.0158424">
    <ele>2227</ele>
    <time>2026-10-02T12:22:55Z</time>
    <extensions>
     <gpxdata:hr>141</gpxdata:hr>
     <gpxdata:distance>846.00</gpxdata:distance>
     <gpxdata:speed>0.939</gpxdata:speed>
    </extensions>
   </trkpt>
   <trkpt lat="46.5241375" lon="12.0158470">
    <ele>2227</ele>
    <time>2026-10-02T12:22:56Z</time>
    <extensions>
     <gpxdata:hr>142</gpxdata:hr>
     <gpxdata:distance>846.50</gpxdata:distance>
     <gpxdata:speed>0.928</gpxdata:speed>
    </extensions>
   </trkpt>
   <trkpt lat="46.5241422" lon="12.0158515">
    <ele>2227</ele>
    <time>2026-10-02T12:22:57Z</time>
    <extensions>
     <gpxdata:hr>142</gpxdata:hr>
     <gpxdata:distance>847.00</gpxdata:distance>
     <gpxdata:speed>0.919</gpxdata:speed>
    </extensions>
   </trkpt>
   <trkpt lat="46.5241464" lon="12.0158563">
    <ele>2227</ele>
    <time>2026-10-02T12:22:58Z</time>
    <extensions>
     <gpxdata:hr>143</gpxdata:hr>
     <gpxdata:distance>847.50</gpxdata:distance>
     <gpxdata:speed>0.458</gpxdata:speed>
    </extensions>
   </trkpt>
   <trkpt lat="46.5241487" lon="12.0158581">
    <ele>2228</ele>
    <time>2026-10-02T12:22:59Z</time>
    <extensions>
     <gpxdata:hr>144</gpxdata:hr>
     <gpxdata:distance>848.00</gpxdata:distance>
    </extensions>
   </trkpt>
   <trkpt lat="46.5241509" lon="12.0158599">
    <ele>2228</ele>
    <time>2026-10-02T12:23:00Z</time>
    <extensions>
     <gpxdata:hr>144</gpxdata:hr>
     <gpxdata:distance>848.00</gpxdata:distance>
    </extensions>
   </trkpt>
   <trkpt lat="46.5241529" lon="12.0158615">
    <ele>2228</ele>
    <time>2026-10-02T12:23:01Z</time>
    <extensions>
     <gpxdata:hr>144</gpxdata:hr>
     <gpxdata:distance>848.00</gpxdata:distance>
    </extensions>
   </trkpt>
   <trkpt lat="46.5241548" lon="12.0158630">
    <ele>2228</ele>
    <time>2026-10-02T12:23:02Z</time>
    <extensions>
     <gpxdata:hr>145</gpxdata:hr>
     <gpxdata:distance>848.00</gpxdata:distance>
    </extensions>
   </trkpt>
   <trkpt lat="46.5241614" lon="12.0158688">
    <ele>2229</ele>
    <time>2026-10-02T12:23:03Z</time>
    <extensions>
     <gpxdata:hr>145</gpxdata:hr>
     <gpxdata:distance>848.00</gpxdata:distance>
    </extensions>
   </trkpt>
   <trkpt lat="46.5241671" lon="12.0158741">
    <ele>2229</ele>
    <time>2026-10-02T12:23:04Z</time>
    <extensions>
     <gpxdata:hr>145</gpxdata:hr>
     <gpxdata:distance>848.00</gpxdata:distance>
    </extensions>
   </trkpt>
   <trkpt lat="46.5241727" lon="12.0158788">
    <ele>2229</ele>
    <time>2026-10-02T12:23:05Z</time>
    <extensions>
     <gpxdata:hr>146</gpxdata:hr>
     <gpxdata:distance>848.00</gpxdata:distance>
    </extensions>
   </trkpt>
   <trkpt lat="46.5241785" lon="12.0158829">
    <ele>2229</ele>
    <time>2026-10-02T12:23:06Z</time>
    <extensions>
     <gpxdata:hr>147</gpxdata:hr>
     <gpxdata:distance>850.50</gpxdata:distance>
     <gpxdata:speed>0.358</gpxdata:speed>
    </extensions>
   </trkpt>
   <trkpt lat="46.5241846" lon="12.0158866">
    <ele>2229</ele>
    <time>2026-10-02T12:23:07Z</time>
    <extensions>
     <gpxdata:hr>148</gpxdata:hr>
     <gpxdata:distance>853.00</gpxdata:distance>
     <gpxdata:speed>0.717</gpxdata:speed>
    </extensions>
   </trkpt>
   <trkpt lat="46.5241909" lon="12.0158901">
    <ele>2229</ele>
    <time>2026-10-02T12:23:08Z</time>
    <extensions>
     <gpxdata:hr>148</gpxdata:hr>
     <gpxdata:distance>854.00</gpxdata:distance>
     <gpxdata:speed>0.714</gpxdata:speed>
    </extensions>
   </trkpt>
   <trkpt lat="46.5241973" lon="12.0158936">
    <ele>2229</ele>
    <time>2026-10-02T12:23:09Z</time>
    <extensions>
     <gpxdata:hr>149</gpxdata:hr>
     <gpxdata:distance>855.00</gpxdata:distance>
     <gpxdata:speed>0.711</gpxdata:speed>
    </extensions>
   </trkpt>
   <trkpt lat="46.5242039" lon="12.0158978">
    <ele>2229</ele>
    <time>2026-10-02T12:23:10Z</time>
    <extensions>
     <gpxdata:hr>150</gpxdata:hr>
     <gpxdata:distance>855.50</gpxdata:distance>
     <gpxdata:speed>0.708</gpxdata:speed>
    </extensions>
   </trkpt>
   <trkpt lat="46.5242107" lon="12.0159031">
    <ele>2230</ele>
    <time>2026-10-02T12:23:11Z</time>
    <extensions>
     <gpxdata:hr>150</gpxdata:hr>
     <gpxdata:distance>856.00</gpxdata:distance>
     <gpxdata:speed>0.708</gpxdata:speed>
    </extensions>
   </trkpt>
   <trkpt lat="46.5242177" lon="12.0159087">
    <ele>2230</ele>
    <time>2026-10-02T12:23:12Z</time>
    <extensions>
     <gpxdata:hr>150</gpxdata:hr>
     <gpxdata:distance>857.00</gpxdata:distance>
     <gpxdata:speed>0.711</gpxdata:speed>
    </extensions>
   </trkpt>
   <trkpt lat="46.5242248" lon="12.0159143">
    <ele>2230</ele>
    <time>2026-10-02T12:23:13Z</time>
    <extensions>
     <gpxdata:hr>150</gpxdata:hr>
     <gpxdata:distance>858.00</gpxdata:distance>
     <gpxdata:speed>0.714</gpxdata:speed>
    </extensions>
   </trkpt>
   <trkpt lat="46.5242322" lon="12.0159197">
    <ele>2230</ele>
    <time>2026-10-02T12:23:14Z</time>
    <extensions>
     <gpxdata:hr>151</gpxdata:hr>
     <gpxdata:distance>859.00</gpxdata:distance>
     <gpxdata:speed>0.717</gpxdata:speed>
    </extensions>
   </trkpt>
   <trkpt lat="46.5242394" lon="12.0159247">
    <ele>2231</ele>
    <time>2026-10-02T12:23:15Z</time>
    <extensions>
     <gpxdata:hr>151</gpxdata:hr>
     <gpxdata:distance>860.00</gpxdata:distance>
     <gpxdata:speed>0.719</gpxdata:speed>
    </extensions>
   </trkpt>
   <trkpt lat="46.5242463" lon="12.0159288">
    <ele>2231</ele>
    <time>2026-10-02T12:23:16Z</time>
    <extensions>
     <gpxdata:hr>152</gpxdata:hr>
     <gpxdata:distance>860.50</gpxdata:distance>
     <gpxdata:speed>0.725</gpxdata:speed>
    </extensions>
   </trkpt>
   <trkpt lat="46.5242529" lon="12.0159324">
    <ele>2231</ele>
    <time>2026-10-02T12:23:17Z</time>
    <extensions>
     <gpxdata:hr>152</gpxdata:hr>
     <gpxdata:distance>861.00</gpxdata:distance>
     <gpxdata:speed>0.731</gpxdata:speed>
    </extensions>
   </trkpt>
   <trkpt lat="46.5242601" lon="12.0159375">
    <ele>2231</ele>
    <time>2026-10-02T12:23:18Z</time>
    <extensions>
     <gpxdata:hr>152</gpxdata:hr>
     <gpxdata:distance>861.50</gpxdata:distance>
     <gpxdata:speed>0.733</gpxdata:speed>
    </extensions>
   </trkpt>
   <trkpt lat="46.5242657" lon="12.0159432">
    <ele>2231</ele>
    <time>2026-10-02T12:23:19Z</time>
    <extensions>
     <gpxdata:hr>152</gpxdata:hr>
     <gpxdata:distance>862.00</gpxdata:distance>
     <gpxdata:speed>0.739</gpxdata:speed>
    </extensions>
   </trkpt>
   <trkpt lat="46.5242701" lon="12.0159491">
    <ele>2231</ele>
    <time>2026-10-02T12:23:20Z</time>
    <extensions>
     <gpxdata:hr>153</gpxdata:hr>
     <gpxdata:distance>863.00</gpxdata:distance>
     <gpxdata:speed>0.739</gpxdata:speed>
    </extensions>
   </trkpt>
   <trkpt lat="46.5242740" lon="12.0159549">
    <ele>2231</ele>
    <time>2026-10-02T12:23:21Z</time>
    <extensions>
     <gpxdata:hr>153</gpxdata:hr>
     <gpxdata:distance>864.00</gpxdata:distance>
     <gpxdata:speed>0.739</gpxdata:speed>
    </extensions>
   </trkpt>
   <trkpt lat="46.5242782" lon="12.0159602">
    <ele>2231</ele>
    <time>2026-10-02T12:23:22Z</time>
    <extensions>
     <gpxdata:hr>154</gpxdata:hr>
     <gpxdata:distance>864.50</gpxdata:distance>
     <gpxdata:speed>0.369</gpxdata:speed>
    </extensions>
   </trkpt>
   <trkpt lat="46.5242827" lon="12.0159657">
    <ele>2232</ele>
    <time>2026-10-02T12:23:23Z</time>
    <extensions>
     <gpxdata:hr>154</gpxdata:hr>
     <gpxdata:distance>865.00</gpxdata:distance>
    </extensions>
   </trkpt>
   <trkpt lat="46.5242872" lon="12.0159714">
    <ele>2232</ele>
    <time>2026-10-02T12:23:24Z</time>
    <extensions>
     <gpxdata:hr>155</gpxdata:hr>
     <gpxdata:distance>865.50</gpxdata:distance>
     <gpxdata:speed>0.369</gpxdata:speed>
    </extensions>
   </trkpt>
   <trkpt lat="46.5242918" lon="12.0159764">
    <ele>2232</ele>
    <time>2026-10-02T12:23:25Z</time>
    <extensions>
     <gpxdata:hr>155</gpxdata:hr>
     <gpxdata:distance>866.00</gpxdata:distance>
     <gpxdata:speed>0.742</gpxdata:speed>
    </extensions>
   </trkpt>
   <trkpt lat="46.5242971" lon="12.0159810">
    <ele>2232</ele>
    <time>2026-10-02T12:23:26Z</time>
    <extensions>
     <gpxdata:hr>155</gpxdata:hr>
     <gpxdata:distance>866.50</gpxdata:distance>
     <gpxdata:speed>0.739</gpxdata:speed>
    </extensions>
   </trkpt>
   <trkpt lat="46.5243028" lon="12.0159850">
    <ele>2233</ele>
    <time>2026-10-02T12:23:27Z</time>
    <extensions>
     <gpxdata:hr>155</gpxdata:hr>
     <gpxdata:distance>867.00</gpxdata:distance>
     <gpxdata:speed>0.739</gpxdata:speed>
    </extensions>
   </trkpt>
   <trkpt lat="46.5243086" lon="12.0159876">
    <ele>2233</ele>
    <time>2026-10-02T12:23:28Z</time>
    <extensions>
     <gpxdata:hr>156</gpxdata:hr>
     <gpxdata:distance>868.00</gpxdata:distance>
     <gpxdata:speed>0.736</gpxdata:speed>
    </extensions>
   </trkpt>
   <trkpt lat="46.5243149" lon="12.0159895">
    <ele>2233</ele>
    <time>2026-10-02T12:23:29Z</time>
    <extensions>
     <gpxdata:hr>156</gpxdata:hr>
     <gpxdata:distance>869.00</gpxdata:distance>
     <gpxdata:speed>0.736</gpxdata:speed>
    </extensions>
   </trkpt>
   <trkpt lat="46.5243214" lon="12.0159918">
    <ele>2233</ele>
    <time>2026-10-02T12:23:30Z</time>
    <extensions>
     <gpxdata:hr>156</gpxdata:hr>
     <gpxdata:distance>869.50</gpxdata:distance>
     <gpxdata:speed>0.736</gpxdata:speed>
    </extensions>
   </trkpt>
   <trkpt lat="46.5243275" lon="12.0159951">
    <ele>2233</ele>
    <time>2026-10-02T12:23:31Z</time>
    <extensions>
     <gpxdata:hr>156</gpxdata:hr>
     <gpxdata:distance>870.00</gpxdata:distance>
     <gpxdata:speed>0.736</gpxdata:speed>
    </extensions>
   </trkpt>
   <trkpt lat="46.5243333" lon="12.0159990">
    <ele>2233</ele>
    <time>2026-10-02T12:23:32Z</time>
    <extensions>
     <gpxdata:hr>156</gpxdata:hr>
     <gpxdata:distance>871.00</gpxdata:distance>
     <gpxdata:speed>0.731</gpxdata:speed>
    </extensions>
   </trkpt>
   <trkpt lat="46.5243391" lon="12.0160041">
    <ele>2233</ele>
    <time>2026-10-02T12:23:33Z</time>
    <extensions>
     <gpxdata:hr>156</gpxdata:hr>
     <gpxdata:distance>872.00</gpxdata:distance>
     <gpxdata:speed>0.728</gpxdata:speed>
    </extensions>
   </trkpt>
   <trkpt lat="46.5243451" lon="12.0160094">
    <ele>2233</ele>
    <time>2026-10-02T12:23:34Z</time>
    <extensions>
     <gpxdata:hr>156</gpxdata:hr>
     <gpxdata:distance>872.50</gpxdata:distance>
     <gpxdata:speed>0.725</gpxdata:speed>
    </extensions>
   </trkpt>
   <trkpt lat="46.5243512" lon="12.0160145">
    <ele>2234</ele>
    <time>2026-10-02T12:23:35Z</time>
    <extensions>
     <gpxdata:hr>156</gpxdata:hr>
     <gpxdata:distance>873.00</gpxdata:distance>
     <gpxdata:speed>0.725</gpxdata:speed>
    </extensions>
   </trkpt>
   <trkpt lat="46.5243575" lon="12.0160201">
    <ele>2234</ele>
    <time>2026-10-02T12:23:36Z</time>
    <extensions>
     <gpxdata:hr>156</gpxdata:hr>
     <gpxdata:distance>874.00</gpxdata:distance>
     <gpxdata:speed>0.725</gpxdata:speed>
    </extensions>
   </trkpt>
   <trkpt lat="46.5243641" lon="12.0160262">
    <ele>2234</ele>
    <time>2026-10-02T12:23:37Z</time>
    <extensions>
     <gpxdata:hr>156</gpxdata:hr>
     <gpxdata:distance>875.00</gpxdata:distance>
     <gpxdata:speed>0.725</gpxdata:speed>
    </extensions>
   </trkpt>
   <trkpt lat="46.5243707" lon="12.0160322">
    <ele>2234</ele>
    <time>2026-10-02T12:23:38Z</time>
    <extensions>
     <gpxdata:hr>156</gpxdata:hr>
     <gpxdata:distance>876.00</gpxdata:distance>
     <gpxdata:speed>0.725</gpxdata:speed>
    </extensions>
   </trkpt>
   <trkpt lat="46.5243772" lon="12.0160375">
    <ele>2235</ele>
    <time>2026-10-02T12:23:39Z</time>
    <extensions>
     <gpxdata:hr>157</gpxdata:hr>
     <gpxdata:distance>877.00</gpxdata:distance>
     <gpxdata:speed>0.728</gpxdata:speed>
    </extensions>
   </trkpt>
   <trkpt lat="46.5243839" lon="12.0160415">
    <ele>2235</ele>
    <time>2026-10-02T12:23:40Z</time>
    <extensions>
     <gpxdata:hr>157</gpxdata:hr>
     <gpxdata:distance>877.50</gpxdata:distance>
     <gpxdata:speed>0.731</gpxdata:speed>
    </extensions>
   </trkpt>
   <trkpt lat="46.5243909" lon="12.0160450">
    <ele>2235</ele>
    <time>2026-10-02T12:23:41Z</time>
    <extensions>
     <gpxdata:hr>158</gpxdata:hr>
     <gpxdata:distance>878.00</gpxdata:distance>
     <gpxdata:speed>0.733</gpxdata:speed>
    </extensions>
   </trkpt>
   <trkpt lat="46.5243978" lon="12.0160478">
    <ele>2235</ele>
    <time>2026-10-02T12:23:42Z</time>
    <extensions>
     <gpxdata:hr>158</gpxdata:hr>
     <gpxdata:distance>879.00</gpxdata:distance>
     <gpxdata:speed>0.736</gpxdata:speed>
    </extensions>
   </trkpt>
   <trkpt lat="46.5244042" lon="12.0160506">
    <ele>2236</ele>
    <time>2026-10-02T12:23:43Z</time>
    <extensions>
     <gpxdata:hr>158</gpxdata:hr>
     <gpxdata:distance>880.00</gpxdata:distance>
     <gpxdata:speed>0.739</gpxdata:speed>
    </extensions>
   </trkpt>
   <trkpt lat="46.5244067" lon="12.0160516">
    <ele>2236</ele>
    <time>2026-10-02T12:23:44Z</time>
    <extensions>
     <gpxdata:hr>158</gpxdata:hr>
     <gpxdata:distance>880.50</gpxdata:distance>
     <gpxdata:speed>0.739</gpxdata:speed>
    </extensions>
   </trkpt>
   <trkpt lat="46.5244091" lon="12.0160526">
    <ele>2236</ele>
    <time>2026-10-02T12:23:45Z</time>
    <extensions>
     <gpxdata:hr>158</gpxdata:hr>
     <gpxdata:distance>881.00</gpxdata:distance>
     <gpxdata:speed>0.742</gpxdata:speed>
    </extensions>
   </trkpt>
   <trkpt lat="46.5244116" lon="12.0160536">
    <ele>2236</ele>
    <time>2026-10-02T12:23:46Z</time>
    <extensions>
     <gpxdata:hr>158</gpxdata:hr>
     <gpxdata:distance>881.00</gpxdata:distance>
     <gpxdata:speed>0.369</gpxdata:speed>
    </extensions>
   </trkpt>
   <trkpt lat="46.5244179" lon="12.0160557">
    <ele>2236</ele>
    <time>2026-10-02T12:23:47Z</time>
    <extensions>
     <gpxdata:hr>158</gpxdata:hr>
     <gpxdata:distance>881.00</gpxdata:distance>
    </extensions>
   </trkpt>
   <trkpt lat="46.5244242" lon="12.0160578">
    <ele>2236</ele>
    <time>2026-10-02T12:23:48Z</time>
    <extensions>
     <gpxdata:hr>158</gpxdata:hr>
     <gpxdata:distance>881.00</gpxdata:distance>
     <gpxdata:speed>0.364</gpxdata:speed>
    </extensions>
   </trkpt>
   <trkpt lat="46.5244302" lon="12.0160598">
    <ele>2236</ele>
    <time>2026-10-02T12:23:49Z</time>
    <extensions>
     <gpxdata:hr>158</gpxdata:hr>
     <gpxdata:distance>881.00</gpxdata:distance>
     <gpxdata:speed>0.731</gpxdata:speed>
    </extensions>
   </trkpt>
   <trkpt lat="46.5244361" lon="12.0160619">
    <ele>2236</ele>
    <time>2026-10-02T12:23:50Z</time>
    <extensions>
     <gpxdata:hr>159</gpxdata:hr>
     <gpxdata:distance>883.00</gpxdata:distance>
     <gpxdata:speed>0.728</gpxdata:speed>
    </extensions>
   </trkpt>
   <trkpt lat="46.5244418" lon="12.0160638">
    <ele>2237</ele>
    <time>2026-10-02T12:23:51Z</time>
    <extensions>
     <gpxdata:hr>159</gpxdata:hr>
     <gpxdata:distance>885.00</gpxdata:distance>
     <gpxdata:speed>0.728</gpxdata:speed>
    </extensions>
   </trkpt>
   <trkpt lat="46.5244472" lon="12.0160658">
    <ele>2237</ele>
    <time>2026-10-02T12:23:52Z</time>
    <extensions>
     <gpxdata:hr>159</gpxdata:hr>
     <gpxdata:distance>885.50</gpxdata:distance>
     <gpxdata:speed>0.728</gpxdata:speed>
    </extensions>
   </trkpt>
   <trkpt lat="46.5244522" lon="12.0160696">
    <ele>2237</ele>
    <time>2026-10-02T12:23:53Z</time>
    <extensions>
     <gpxdata:hr>159</gpxdata:hr>
     <gpxdata:distance>886.00</gpxdata:distance>
     <gpxdata:speed>0.728</gpxdata:speed>
    </extensions>
   </trkpt>
   <trkpt lat="46.5244579" lon="12.0160749">
    <ele>2237</ele>
    <time>2026-10-02T12:23:54Z</time>
    <extensions>
     <gpxdata:hr>159</gpxdata:hr>
     <gpxdata:distance>886.50</gpxdata:distance>
     <gpxdata:speed>0.725</gpxdata:speed>
    </extensions>
   </trkpt>
   <trkpt lat="46.5244634" lon="12.0160791">
    <ele>2238</ele>
    <time>2026-10-02T12:23:55Z</time>
    <extensions>
     <gpxdata:hr>159</gpxdata:hr>
     <gpxdata:distance>887.00</gpxdata:distance>
     <gpxdata:speed>0.725</gpxdata:speed>
    </extensions>
   </trkpt>
   <trkpt lat="46.5244689" lon="12.0160827">
    <ele>2238</ele>
    <time>2026-10-02T12:23:56Z</time>
    <extensions>
     <gpxdata:hr>159</gpxdata:hr>
     <gpxdata:distance>887.50</gpxdata:distance>
     <gpxdata:speed>0.722</gpxdata:speed>
    </extensions>
   </trkpt>
   <trkpt lat="46.5244747" lon="12.0160864">
    <ele>2238</ele>
    <time>2026-10-02T12:23:57Z</time>
    <extensions>
     <gpxdata:hr>159</gpxdata:hr>
     <gpxdata:distance>888.00</gpxdata:distance>
     <gpxdata:speed>0.722</gpxdata:speed>
    </extensions>
   </trkpt>
   <trkpt lat="46.5244810" lon="12.0160907">
    <ele>2238</ele>
    <time>2026-10-02T12:23:58Z</time>
    <extensions>
     <gpxdata:hr>159</gpxdata:hr>
     <gpxdata:distance>889.00</gpxdata:distance>
     <gpxdata:speed>0.722</gpxdata:speed>
    </extensions>
   </trkpt>
   <trkpt lat="46.5244876" lon="12.0160958">
    <ele>2238</ele>
    <time>2026-10-02T12:23:59Z</time>
    <extensions>
     <gpxdata:hr>160</gpxdata:hr>
     <gpxdata:distance>890.00</gpxdata:distance>
     <gpxdata:speed>0.722</gpxdata:speed>
    </extensions>
   </trkpt>
   <trkpt lat="46.5244940" lon="12.0161015">
    <ele>2238</ele>
    <time>2026-10-02T12:24:00Z</time>
    <extensions>
     <gpxdata:hr>160</gpxdata:hr>
     <gpxdata:distance>891.00</gpxdata:distance>
     <gpxdata:speed>0.719</gpxdata:speed>
    </extensions>
   </trkpt>
   <trkpt lat="46.5245002" lon="12.0161072">
    <ele>2238</ele>
    <time>2026-10-02T12:24:01Z</time>
    <extensions>
     <gpxdata:hr>160</gpxdata:hr>
     <gpxdata:distance>892.00</gpxdata:distance>
     <gpxdata:speed>0.719</gpxdata:speed>
    </extensions>
   </trkpt>
   <trkpt lat="46.5245063" lon="12.0161133">
    <ele>2238</ele>
    <time>2026-10-02T12:24:02Z</time>
    <extensions>
     <gpxdata:hr>160</gpxdata:hr>
     <gpxdata:distance>892.50</gpxdata:distance>
     <gpxdata:speed>0.719</gpxdata:speed>
    </extensions>
   </trkpt>
   <trkpt lat="46.5245117" lon="12.0161194">
    <ele>2239</ele>
    <time>2026-10-02T12:24:03Z</time>
    <extensions>
     <gpxdata:hr>160</gpxdata:hr>
     <gpxdata:distance>893.00</gpxdata:distance>
     <gpxdata:speed>0.722</gpxdata:speed>
    </extensions>
   </trkpt>
   <trkpt lat="46.5245136" lon="12.0161218">
    <ele>2239</ele>
    <time>2026-10-02T12:24:04Z</time>
    <extensions>
     <gpxdata:hr>161</gpxdata:hr>
     <gpxdata:distance>894.00</gpxdata:distance>
     <gpxdata:speed>0.722</gpxdata:speed>
    </extensions>
   </trkpt>
   <trkpt lat="46.5245155" lon="12.0161242">
    <ele>2239</ele>
    <time>2026-10-02T12:24:05Z</time>
    <extensions>
     <gpxdata:hr>161</gpxdata:hr>
     <gpxdata:distance>895.00</gpxdata:distance>
     <gpxdata:speed>0.722</gpxdata:speed>
    </extensions>
   </trkpt>
   <trkpt lat="46.5245174" lon="12.0161266">
    <ele>2239</ele>
    <time>2026-10-02T12:24:06Z</time>
    <extensions>
     <gpxdata:hr>161</gpxdata:hr>
     <gpxdata:distance>895.00</gpxdata:distance>
     <gpxdata:speed>0.722</gpxdata:speed>
    </extensions>
   </trkpt>
   <trkpt lat="46.5245223" lon="12.0161320">
    <ele>2240</ele>
    <time>2026-10-02T12:24:07Z</time>
    <extensions>
     <gpxdata:hr>161</gpxdata:hr>
     <gpxdata:distance>895.00</gpxdata:distance>
     <gpxdata:speed>0.722</gpxdata:speed>
    </extensions>
   </trkpt>
   <trkpt lat="46.5245272" lon="12.0161360">
    <ele>2240</ele>
    <time>2026-10-02T12:24:08Z</time>
    <extensions>
     <gpxdata:hr>160</gpxdata:hr>
     <gpxdata:distance>895.00</gpxdata:distance>
     <gpxdata:speed>0.881</gpxdata:speed>
    </extensions>
   </trkpt>
   <trkpt lat="46.5245321" lon="12.0161391">
    <ele>2240</ele>
    <time>2026-10-02T12:24:09Z</time>
    <extensions>
     <gpxdata:hr>161</gpxdata:hr>
     <gpxdata:distance>895.00</gpxdata:distance>
     <gpxdata:speed>1.039</gpxdata:speed>
    </extensions>
   </trkpt>
   <trkpt lat="46.5245335" lon="12.0161397">
    <ele>2240</ele>
    <time>2026-10-02T12:24:10Z</time>
    <extensions>
     <gpxdata:hr>161</gpxdata:hr>
     <gpxdata:distance>896.00</gpxdata:distance>
     <gpxdata:speed>0.875</gpxdata:speed>
    </extensions>
   </trkpt>
   <trkpt lat="46.5245349" lon="12.0161403">
    <ele>2241</ele>
    <time>2026-10-02T12:24:11Z</time>
    <extensions>
     <gpxdata:hr>161</gpxdata:hr>
     <gpxdata:distance>897.00</gpxdata:distance>
     <gpxdata:speed>0.711</gpxdata:speed>
    </extensions>
   </trkpt>
   <trkpt lat="46.5245362" lon="12.0161409">
    <ele>2241</ele>
    <time>2026-10-02T12:24:12Z</time>
    <extensions>
     <gpxdata:hr>161</gpxdata:hr>
     <gpxdata:distance>897.00</gpxdata:distance>
     <gpxdata:speed>0.711</gpxdata:speed>
    </extensions>
   </trkpt>
   <trkpt lat="46.5245376" lon="12.0161415">
    <ele>2241</ele>
    <time>2026-10-02T12:24:13Z</time>
    <extensions>
     <gpxdata:hr>161</gpxdata:hr>
     <gpxdata:distance>897.00</gpxdata:distance>
     <gpxdata:speed>0.711</gpxdata:speed>
    </extensions>
   </trkpt>
   <trkpt lat="46.5245418" lon="12.0161431">
    <ele>2241</ele>
    <time>2026-10-02T12:24:14Z</time>
    <extensions>
     <gpxdata:hr>161</gpxdata:hr>
     <gpxdata:distance>897.00</gpxdata:distance>
     <gpxdata:speed>0.356</gpxdata:speed>
    </extensions>
   </trkpt>
   <trkpt lat="46.5245457" lon="12.0161449">
    <ele>2242</ele>
    <time>2026-10-02T12:24:15Z</time>
    <extensions>
     <gpxdata:hr>162</gpxdata:hr>
     <gpxdata:distance>897.00</gpxdata:distance>
    </extensions>
   </trkpt>
   <trkpt lat="46.5245495" lon="12.0161472">
    <ele>2242</ele>
    <time>2026-10-02T12:24:16Z</time>
    <extensions>
     <gpxdata:hr>162</gpxdata:hr>
     <gpxdata:distance>898.00</gpxdata:distance>
     <gpxdata:speed>0.169</gpxdata:speed>
    </extensions>
   </trkpt>
   <trkpt lat="46.5245542" lon="12.0161510">
    <ele>2242</ele>
    <time>2026-10-02T12:24:17Z</time>
    <extensions>
     <gpxdata:hr>162</gpxdata:hr>
     <gpxdata:distance>899.00</gpxdata:distance>
     <gpxdata:speed>0.339</gpxdata:speed>
    </extensions>
   </trkpt>
   <trkpt lat="46.5245591" lon="12.0161557">
    <ele>2242</ele>
    <time>2026-10-02T12:24:18Z</time>
    <extensions>
     <gpxdata:hr>163</gpxdata:hr>
     <gpxdata:distance>900.00</gpxdata:distance>
     <gpxdata:speed>0.383</gpxdata:speed>
    </extensions>
   </trkpt>
   <trkpt lat="46.5245643" lon="12.0161606">
    <ele>2242</ele>
    <time>2026-10-02T12:24:19Z</time>
    <extensions>
     <gpxdata:hr>163</gpxdata:hr>
     <gpxdata:distance>901.00</gpxdata:distance>
     <gpxdata:speed>0.428</gpxdata:speed>
    </extensions>
   </trkpt>
   <trkpt lat="46.5245701" lon="12.0161659">
    <ele>2242</ele>
    <time>2026-10-02T12:24:20Z</time>
    <extensions>
     <gpxdata:hr>163</gpxdata:hr>
     <gpxdata:distance>901.50</gpxdata:distance>
     <gpxdata:speed>0.461</gpxdata:speed>
    </extensions>
   </trkpt>
   <trkpt lat="46.5245765" lon="12.0161715">
    <ele>2242</ele>
    <time>2026-10-02T12:24:21Z</time>
    <extensions>
     <gpxdata:hr>163</gpxdata:hr>
     <gpxdata:distance>902.00</gpxdata:distance>
     <gpxdata:speed>0.494</gpxdata:speed>
    </extensions>
   </trkpt>
   <trkpt lat="46.5245835" lon="12.0161772">
    <ele>2242</ele>
    <time>2026-10-02T12:24:22Z</time>
    <extensions>
     <gpxdata:hr>164</gpxdata:hr>
     <gpxdata:distance>903.00</gpxdata:distance>
     <gpxdata:speed>0.514</gpxdata:speed>
    </extensions>
   </trkpt>
   <trkpt lat="46.5245906" lon="12.0161825">
    <ele>2243</ele>
    <time>2026-10-02T12:24:23Z</time>
    <extensions>
     <gpxdata:hr>165</gpxdata:hr>
     <gpxdata:distance>904.00</gpxdata:distance>
     <gpxdata:speed>0.533</gpxdata:speed>
    </extensions>
   </trkpt>
   <trkpt lat="46.5245984" lon="12.0161872">
    <ele>2243</ele>
    <time>2026-10-02T12:24:24Z</time>
    <extensions>
     <gpxdata:hr>165</gpxdata:hr>
     <gpxdata:distance>905.00</gpxdata:distance>
     <gpxdata:speed>0.547</gpxdata:speed>
    </extensions>
   </trkpt>
   <trkpt lat="46.5246064" lon="12.0161908">
    <ele>2243</ele>
    <time>2026-10-02T12:24:25Z</time>
    <extensions>
     <gpxdata:hr>164</gpxdata:hr>
     <gpxdata:distance>906.00</gpxdata:distance>
     <gpxdata:speed>0.564</gpxdata:speed>
    </extensions>
   </trkpt>
   <trkpt lat="46.5246146" lon="12.0161936">
    <ele>2243</ele>
    <time>2026-10-02T12:24:26Z</time>
    <extensions>
     <gpxdata:hr>164</gpxdata:hr>
     <gpxdata:distance>907.00</gpxdata:distance>
     <gpxdata:speed>0.572</gpxdata:speed>
    </extensions>
   </trkpt>
   <trkpt lat="46.5246223" lon="12.0161958">
    <ele>2244</ele>
    <time>2026-10-02T12:24:27Z</time>
    <extensions>
     <gpxdata:hr>164</gpxdata:hr>
     <gpxdata:distance>908.00</gpxdata:distance>
     <gpxdata:speed>0.583</gpxdata:speed>
    </extensions>
   </trkpt>
   <trkpt lat="46.5246290" lon="12.0161985">
    <ele>2244</ele>
    <time>2026-10-02T12:24:28Z</time>
    <extensions>
     <gpxdata:hr>164</gpxdata:hr>
     <gpxdata:distance>908.50</gpxdata:distance>
     <gpxdata:speed>0.592</gpxdata:speed>
    </extensions>
   </trkpt>
   <trkpt lat="46.5246350" lon="12.0162015">
    <ele>2244</ele>
    <time>2026-10-02T12:24:29Z</time>
    <extensions>
     <gpxdata:hr>164</gpxdata:hr>
     <gpxdata:distance>909.00</gpxdata:distance>
     <gpxdata:speed>0.603</gpxdata:speed>
    </extensions>
   </trkpt>
   <trkpt lat="46.5246415" lon="12.0162050">
    <ele>2244</ele>
    <time>2026-10-02T12:24:30Z</time>
    <extensions>
     <gpxdata:hr>164</gpxdata:hr>
     <gpxdata:distance>909.50</gpxdata:distance>
     <gpxdata:speed>0.611</gpxdata:speed>
    </extensions>
   </trkpt>
   <trkpt lat="46.5246471" lon="12.0162085">
    <ele>2245</ele>
    <time>2026-10-02T12:24:31Z</time>
    <extensions>
     <gpxdata:hr>164</gpxdata:hr>
     <gpxdata:distance>910.00</gpxdata:distance>
     <gpxdata:speed>0.622</gpxdata:speed>
    </extensions>
   </trkpt>
   <trkpt lat="46.5246531" lon="12.0162121">
    <ele>2245</ele>
    <time>2026-10-02T12:24:32Z</time>
    <extensions>
     <gpxdata:hr>164</gpxdata:hr>
     <gpxdata:distance>910.00</gpxdata:distance>
     <gpxdata:speed>0.625</gpxdata:speed>
    </extensions>
   </trkpt>
   <trkpt lat="46.5246590" lon="12.0162156">
    <ele>2245</ele>
    <time>2026-10-02T12:24:33Z</time>
    <extensions>
     <gpxdata:hr>163</gpxdata:hr>
     <gpxdata:distance>910.00</gpxdata:distance>
     <gpxdata:speed>0.628</gpxdata:speed>
    </extensions>
   </trkpt>
   <trkpt lat="46.5246649" lon="12.0162187">
    <ele>2245</ele>
    <time>2026-10-02T12:24:34Z</time>
    <extensions>
     <gpxdata:hr>163</gpxdata:hr>
     <gpxdata:distance>911.50</gpxdata:distance>
     <gpxdata:speed>0.631</gpxdata:speed>
    </extensions>
   </trkpt>
   <trkpt lat="46.5246711" lon="12.0162216">
    <ele>2245</ele>
    <time>2026-10-02T12:24:35Z</time>
    <extensions>
     <gpxdata:hr>163</gpxdata:hr>
     <gpxdata:distance>913.00</gpxdata:distance>
     <gpxdata:speed>0.633</gpxdata:speed>
    </extensions>
   </trkpt>
   <trkpt lat="46.5246773" lon="12.0162245">
    <ele>2245</ele>
    <time>2026-10-02T12:24:36Z</time>
    <extensions>
     <gpxdata:hr>163</gpxdata:hr>
     <gpxdata:distance>913.50</gpxdata:distance>
     <gpxdata:speed>0.639</gpxdata:speed>
    </extensions>
   </trkpt>
   <trkpt lat="46.5246827" lon="12.0162284">
    <ele>2245</ele>
    <time>2026-10-02T12:24:37Z</time>
    <extensions>
     <gpxdata:hr>163</gpxdata:hr>
     <gpxdata:distance>914.00</gpxdata:distance>
     <gpxdata:speed>0.644</gpxdata:speed>
    </extensions>
   </trkpt>
  </trkseg>
  <trkseg>
   <trkpt lat="46.5246958" lon="12.0162362">
    <ele>2247</ele>
    <time>2026-10-02T12:25:03Z</time>
    <extensions>
     <gpxdata:hr>162</gpxdata:hr>
     <gpxdata:distance>915.00</gpxdata:distance>
    </extensions>
   </trkpt>
  </trkseg>
  <trkseg>
   <trkpt lat="46.5247114" lon="12.0162509">
    <ele>2248</ele>
    <time>2026-10-02T12:25:14Z</time>
    <extensions>
     <gpxdata:hr>152</gpxdata:hr>
     <gpxdata:distance>919.00</gpxdata:distance>
     <gpxdata:speed>1.214</gpxdata:speed>
    </extensions>
   </trkpt>
  </trkseg>
  <trkseg>
   <trkpt lat="46.5247299" lon="12.0162683">
    <ele>2249</ele>
    <time>2026-10-02T12:25:21Z</time>
    <extensions>
     <gpxdata:hr>144</gpxdata:hr>
     <gpxdata:distance>922.00</gpxdata:distance>
     <gpxdata:speed>0.447</gpxdata:speed>
    </extensions>
   </trkpt>
   <trkpt lat="46.5247346" lon="12.0162721">
    <ele>2249</ele>
    <time>2026-10-02T12:25:22Z</time>
    <extensions>
     <gpxdata:hr>143</gpxdata:hr>
     <gpxdata:distance>922.00</gpxdata:distance>
     <gpxdata:speed>0.222</gpxdata:speed>
    </extensions>
   </trkpt>
   <trkpt lat="46.5247397" lon="12.0162762">
    <ele>2249</ele>
    <time>2026-10-02T12:25:23Z</time>
    <extensions>
     <gpxdata:hr>144</gpxdata:hr>
     <gpxdata:distance>922.00</gpxdata:distance>
    </extensions>
   </trkpt>
   <trkpt lat="46.5247450" lon="12.0162806">
    <ele>2249</ele>
    <time>2026-10-02T12:25:24Z</time>
    <extensions>
     <gpxdata:hr>144</gpxdata:hr>
     <gpxdata:distance>923.50</gpxdata:distance>
     <gpxdata:speed>0.225</gpxdata:speed>
    </extensions>
   </trkpt>
   <trkpt lat="46.5247562" lon="12.0162883">
    <ele>2249</ele>
    <time>2026-10-02T12:25:25Z</time>
    <extensions>
     <gpxdata:hr>144</gpxdata:hr>
     <gpxdata:distance>925.00</gpxdata:distance>
     <gpxdata:speed>0.453</gpxdata:speed>
    </extensions>
   </trkpt>
   <trkpt lat="46.5247651" lon="12.0162925">
    <ele>2249</ele>
    <time>2026-10-02T12:25:26Z</time>
    <extensions>
     <gpxdata:hr>144</gpxdata:hr>
     <gpxdata:distance>925.00</gpxdata:distance>
     <gpxdata:speed>0.453</gpxdata:speed>
    </extensions>
   </trkpt>
   <trkpt lat="46.5247727" lon="12.0162944">
    <ele>2250</ele>
    <time>2026-10-02T12:25:27Z</time>
    <extensions>
     <gpxdata:hr>145</gpxdata:hr>
     <gpxdata:distance>925.00</gpxdata:distance>
     <gpxdata:speed>0.453</gpxdata:speed>
    </extensions>
   </trkpt>
   <trkpt lat="46.5247795" lon="12.0162954">
    <ele>2250</ele>
    <time>2026-10-02T12:25:28Z</time>
    <extensions>
     <gpxdata:hr>145</gpxdata:hr>
     <gpxdata:distance>926.50</gpxdata:distance>
     <gpxdata:speed>0.461</gpxdata:speed>
    </extensions>
   </trkpt>
   <trkpt lat="46.5247861" lon="12.0162967">
    <ele>2250</ele>
    <time>2026-10-02T12:25:29Z</time>
    <extensions>
     <gpxdata:hr>145</gpxdata:hr>
     <gpxdata:distance>928.00</gpxdata:distance>
     <gpxdata:speed>0.469</gpxdata:speed>
    </extensions>
   </trkpt>
   <trkpt lat="46.5247926" lon="12.0162990">
    <ele>2250</ele>
    <time>2026-10-02T12:25:30Z</time>
    <extensions>
     <gpxdata:hr>145</gpxdata:hr>
     <gpxdata:distance>928.50</gpxdata:distance>
     <gpxdata:speed>0.917</gpxdata:speed>
    </extensions>
   </trkpt>
   <trkpt lat="46.5247991" lon="12.0163025">
    <ele>2250</ele>
    <time>2026-10-02T12:25:31Z</time>
    <extensions>
     <gpxdata:hr>146</gpxdata:hr>
     <gpxdata:distance>929.00</gpxdata:distance>
     <gpxdata:speed>1.364</gpxdata:speed>
    </extensions>
   </trkpt>
   <trkpt lat="46.5248054" lon="12.0163067">
    <ele>2250</ele>
    <time>2026-10-02T12:25:32Z</time>
    <extensions>
     <gpxdata:hr>146</gpxdata:hr>
     <gpxdata:distance>930.00</gpxdata:distance>
     <gpxdata:speed>0.931</gpxdata:speed>
    </extensions>
   </trkpt>
   <trkpt lat="46.5248117" lon="12.0163114">
    <ele>2250</ele>
    <time>2026-10-02T12:25:33Z</time>
    <extensions>
     <gpxdata:hr>146</gpxdata:hr>
     <gpxdata:distance>931.00</gpxdata:distance>
     <gpxdata:speed>0.500</gpxdata:speed>
    </extensions>
   </trkpt>
   <trkpt lat="46.5248190" lon="12.0163175">
    <ele>2250</ele>
    <time>2026-10-02T12:25:34Z</time>
    <extensions>
     <gpxdata:hr>147</gpxdata:hr>
     <gpxdata:distance>931.50</gpxdata:distance>
     <gpxdata:speed>0.511</gpxdata:speed>
    </extensions>
   </trkpt>
   <trkpt lat="46.5248211" lon="12.0163195">
    <ele>2251</ele>
    <time>2026-10-02T12:25:35Z</time>
    <extensions>
     <gpxdata:hr>147</gpxdata:hr>
     <gpxdata:distance>932.00</gpxdata:distance>
     <gpxdata:speed>0.522</gpxdata:speed>
    </extensions>
   </trkpt>
   <trkpt lat="46.5248231" lon="12.0163215">
    <ele>2251</ele>
    <time>2026-10-02T12:25:36Z</time>
    <extensions>
     <gpxdata:hr>147</gpxdata:hr>
     <gpxdata:distance>932.50</gpxdata:distance>
     <gpxdata:speed>0.525</gpxdata:speed>
    </extensions>
   </trkpt>
   <trkpt lat="46.5248250" lon="12.0163233">
    <ele>2251</ele>
    <time>2026-10-02T12:25:37Z</time>
    <extensions>
     <gpxdata:hr>147</gpxdata:hr>
     <gpxdata:distance>933.00</gpxdata:distance>
     <gpxdata:speed>0.531</gpxdata:speed>
    </extensions>
   </trkpt>
   <trkpt lat="46.5248299" lon="12.0163275">
    <ele>2251</ele>
    <time>2026-10-02T12:25:38Z</time>
    <extensions>
     <gpxdata:hr>147</gpxdata:hr>
     <gpxdata:distance>933.00</gpxdata:distance>
     <gpxdata:speed>0.264</gpxdata:speed>
    </extensions>
   </trkpt>
   <trkpt lat="46.5248343" lon="12.0163309">
    <ele>2252</ele>
    <time>2026-10-02T12:25:39Z</time>
    <extensions>
     <gpxdata:hr>147</gpxdata:hr>
     <gpxdata:distance>933.00</gpxdata:distance>
    </extensions>
   </trkpt>
   <trkpt lat="46.5248388" lon="12.0163343">
    <ele>2252</ele>
    <time>2026-10-02T12:25:40Z</time>
    <extensions>
     <gpxdata:hr>147</gpxdata:hr>
     <gpxdata:distance>934.00</gpxdata:distance>
     <gpxdata:speed>0.258</gpxdata:speed>
    </extensions>
   </trkpt>
   <trkpt lat="46.5248433" lon="12.0163378">
    <ele>2252</ele>
    <time>2026-10-02T12:25:41Z</time>
    <extensions>
     <gpxdata:hr>147</gpxdata:hr>
     <gpxdata:distance>935.00</gpxdata:distance>
     <gpxdata:speed>0.519</gpxdata:speed>
    </extensions>
   </trkpt>
   <trkpt lat="46.5248481" lon="12.0163418">
    <ele>2252</ele>
    <time>2026-10-02T12:25:42Z</time>
    <extensions>
     <gpxdata:hr>148</gpxdata:hr>
     <gpxdata:distance>935.50</gpxdata:distance>
     <gpxdata:speed>0.519</gpxdata:speed>
    </extensions>
   </trkpt>
   <trkpt lat="46.5248530" lon="12.0163464">
    <ele>2252</ele>
    <time>2026-10-02T12:25:43Z</time>
    <extensions>
     <gpxdata:hr>149</gpxdata:hr>
     <gpxdata:distance>936.00</gpxdata:distance>
     <gpxdata:speed>0.522</gpxdata:speed>
    </extensions>
   </trkpt>
   <trkpt lat="46.5248580" lon="12.0163513">
    <ele>2252</ele>
    <time>2026-10-02T12:25:44Z</time>
    <extensions>
     <gpxdata:hr>149</gpxdata:hr>
     <gpxdata:distance>936.50</gpxdata:distance>
     <gpxdata:speed>0.525</gpxdata:speed>
    </extensions>
   </trkpt>
   <trkpt lat="46.5248630" lon="12.0163564">
    <ele>2252</ele>
    <time>2026-10-02T12:25:45Z</time>
    <extensions>
     <gpxdata:hr>149</gpxdata:hr>
     <gpxdata:distance>937.00</gpxdata:distance>
     <gpxdata:speed>0.528</gpxdata:speed>
    </extensions>
   </trkpt>
   <trkpt lat="46.5248680" lon="12.0163615">
    <ele>2252</ele>
    <time>2026-10-02T12:25:46Z</time>
    <extensions>
     <gpxdata:hr>150</gpxdata:hr>
     <gpxdata:distance>938.00</gpxdata:distance>
     <gpxdata:speed>0.531</gpxdata:speed>
    </extensions>
   </trkpt>
   <trkpt lat="46.5248731" lon="12.0163672">
    <ele>2253</ele>
    <time>2026-10-02T12:25:47Z</time>
    <extensions>
     <gpxdata:hr>150</gpxdata:hr>
     <gpxdata:distance>939.00</gpxdata:distance>
     <gpxdata:speed>0.536</gpxdata:speed>
    </extensions>
   </trkpt>
   <trkpt lat="46.5248779" lon="12.0163732">
    <ele>2253</ele>
    <time>2026-10-02T12:25:48Z</time>
    <extensions>
     <gpxdata:hr>150</gpxdata:hr>
     <gpxdata:distance>939.50</gpxdata:distance>
     <gpxdata:speed>0.539</gpxdata:speed>
    </extensions>
   </trkpt>
   <trkpt lat="46.5248827" lon="12.0163795">
    <ele>2253</ele>
    <time>2026-10-02T12:25:49Z</time>
    <extensions>
     <gpxdata:hr>150</gpxdata:hr>
     <gpxdata:distance>940.00</gpxdata:distance>
     <gpxdata:speed>0.544</gpxdata:speed>
    </extensions>
   </trkpt>
   <trkpt lat="46.5248873" lon="12.0163857">
    <ele>2253</ele>
    <time>2026-10-02T12:25:50Z</time>
    <extensions>
     <gpxdata:hr>150</gpxdata:hr>
     <gpxdata:distance>941.00</gpxdata:distance>
     <gpxdata:speed>0.547</gpxdata:speed>
    </extensions>
   </trkpt>
   <trkpt lat="46.5248916" lon="12.0163920">
    <ele>2254</ele>
    <time>2026-10-02T12:25:51Z</time>
    <extensions>
     <gpxdata:hr>151</gpxdata:hr>
     <gpxdata:distance>942.00</gpxdata:distance>
     <gpxdata:speed>0.550</gpxdata:speed>
    </extensions>
   </trkpt>
   <trkpt lat="46.5248957" lon="12.0163987">
    <ele>2254</ele>
    <time>2026-10-02T12:25:52Z</time>
    <extensions>
     <gpxdata:hr>151</gpxdata:hr>
     <gpxdata:distance>942.50</gpxdata:distance>
     <gpxdata:speed>0.550</gpxdata:speed>
    </extensions>
   </trkpt>
   <trkpt lat="46.5248994" lon="12.0164055">
    <ele>2254</ele>
    <time>2026-10-02T12:25:53Z</time>
    <extensions>
     <gpxdata:hr>152</gpxdata:hr>
     <gpxdata:distance>943.00</gpxdata:distance>
     <gpxdata:speed>0.553</gpxdata:speed>
    </extensions>
   </trkpt>
   <trkpt lat="46.5249027" lon="12.0164123">
    <ele>2254</ele>
    <time>2026-10-02T12:25:54Z</time>
    <extensions>
     <gpxdata:hr>152</gpxdata:hr>
     <gpxdata:distance>943.50</gpxdata:distance>
     <gpxdata:speed>0.556</gpxdata:speed>
    </extensions>
   </trkpt>
   <trkpt lat="46.5249062" lon="12.0164189">
    <ele>2255</ele>
    <time>2026-10-02T12:25:55Z</time>
    <extensions>
     <gpxdata:hr>152</gpxdata:hr>
     <gpxdata:distance>944.00</gpxdata:distance>
     <gpxdata:speed>0.558</gpxdata:speed>
    </extensions>
   </trkpt>
   <trkpt lat="46.5249107" lon="12.0164250">
    <ele>2255</ele>
    <time>2026-10-02T12:25:56Z</time>
    <extensions>
     <gpxdata:hr>153</gpxdata:hr>
     <gpxdata:distance>945.00</gpxdata:distance>
     <gpxdata:speed>0.558</gpxdata:speed>
    </extensions>
   </trkpt>
   <trkpt lat="46.5249162" lon="12.0164313">
    <ele>2255</ele>
    <time>2026-10-02T12:25:57Z</time>
    <extensions>
     <gpxdata:hr>154</gpxdata:hr>
     <gpxdata:distance>946.00</gpxdata:distance>
     <gpxdata:speed>0.561</gpxdata:speed>
    </extensions>
   </trkpt>
   <trkpt lat="46.5249224" lon="12.0164378">
    <ele>2255</ele>
    <time>2026-10-02T12:25:58Z</time>
    <extensions>
     <gpxdata:hr>155</gpxdata:hr>
     <gpxdata:distance>947.00</gpxdata:distance>
     <gpxdata:speed>0.564</gpxdata:speed>
    </extensions>
   </trkpt>
   <trkpt lat="46.5249290" lon="12.0164439">
    <ele>2255</ele>
    <time>2026-10-02T12:25:59Z</time>
    <extensions>
     <gpxdata:hr>155</gpxdata:hr>
     <gpxdata:distance>948.00</gpxdata:distance>
     <gpxdata:speed>0.569</gpxdata:speed>
    </extensions>
   </trkpt>
   <trkpt lat="46.5249359" lon="12.0164499">
    <ele>2255</ele>
    <time>2026-10-02T12:26:00Z</time>
    <extensions>
     <gpxdata:hr>156</gpxdata:hr>
     <gpxdata:distance>948.50</gpxdata:distance>
     <gpxdata:speed>0.575</gpxdata:speed>
    </extensions>
   </trkpt>
   <trkpt lat="46.5249434" lon="12.0164565">
    <ele>2255</ele>
    <time>2026-10-02T12:26:01Z</time>
    <extensions>
     <gpxdata:hr>156</gpxdata:hr>
     <gpxdata:distance>949.00</gpxdata:distance>
     <gpxdata:speed>0.581</gpxdata:speed>
    </extensions>
   </trkpt>
   <trkpt lat="46.5249509" lon="12.0164630">
    <ele>2255</ele>
    <time>2026-10-02T12:26:02Z</time>
    <extensions>
     <gpxdata:hr>156</gpxdata:hr>
     <gpxdata:distance>950.00</gpxdata:distance>
     <gpxdata:speed>0.586</gpxdata:speed>
    </extensions>
   </trkpt>
   <trkpt lat="46.5249584" lon="12.0164692">
    <ele>2256</ele>
    <time>2026-10-02T12:26:03Z</time>
    <extensions>
     <gpxdata:hr>157</gpxdata:hr>
     <gpxdata:distance>951.00</gpxdata:distance>
     <gpxdata:speed>0.592</gpxdata:speed>
    </extensions>
   </trkpt>
   <trkpt lat="46.5249659" lon="12.0164752">
    <ele>2256</ele>
    <time>2026-10-02T12:26:04Z</time>
    <extensions>
     <gpxdata:hr>158</gpxdata:hr>
     <gpxdata:distance>952.00</gpxdata:distance>
     <gpxdata:speed>0.597</gpxdata:speed>
    </extensions>
   </trkpt>
   <trkpt lat="46.5249729" lon="12.0164807">
    <ele>2256</ele>
    <time>2026-10-02T12:26:05Z</time>
    <extensions>
     <gpxdata:hr>159</gpxdata:hr>
     <gpxdata:distance>953.00</gpxdata:distance>
     <gpxdata:speed>0.606</gpxdata:speed>
    </extensions>
   </trkpt>
   <trkpt lat="46.5249799" lon="12.0164864">
    <ele>2256</ele>
    <time>2026-10-02T12:26:06Z</time>
    <extensions>
     <gpxdata:hr>159</gpxdata:hr>
     <gpxdata:distance>954.00</gpxdata:distance>
     <gpxdata:speed>0.611</gpxdata:speed>
    </extensions>
   </trkpt>
   <trkpt lat="46.5249877" lon="12.0164920">
    <ele>2257</ele>
    <time>2026-10-02T12:26:07Z</time>
    <extensions>
     <gpxdata:hr>159</gpxdata:hr>
     <gpxdata:distance>955.00</gpxdata:distance>
     <gpxdata:speed>0.617</gpxdata:speed>
    </extensions>
   </trkpt>
   <trkpt lat="46.5249957" lon="12.0164972">
    <ele>2257</ele>
    <time>2026-10-02T12:26:08Z</time>
    <extensions>
     <gpxdata:hr>160</gpxdata:hr>
     <gpxdata:distance>956.00</gpxdata:distance>
     <gpxdata:speed>0.619</gpxdata:speed>
    </extensions>
   </trkpt>
   <trkpt lat="46.5250036" lon="12.0165022">
    <ele>2257</ele>
    <time>2026-10-02T12:26:09Z</time>
    <extensions>
     <gpxdata:hr>160</gpxdata:hr>
     <gpxdata:distance>957.00</gpxdata:distance>
     <gpxdata:speed>0.625</gpxdata:speed>
    </extensions>
   </trkpt>
   <trkpt lat="46.5250115" lon="12.0165070">
    <ele>2257</ele>
    <time>2026-10-02T12:26:10Z</time>
    <extensions>
     <gpxdata:hr>160</gpxdata:hr>
     <gpxdata:distance>958.00</gpxdata:distance>
     <gpxdata:speed>0.631</gpxdata:speed>
    </extensions>
   </trkpt>
   <trkpt lat="46.5250204" lon="12.0165134">
    <ele>2258</ele>
    <time>2026-10-02T12:26:11Z</time>
    <extensions>
     <gpxdata:hr>160</gpxdata:hr>
     <gpxdata:distance>959.00</gpxdata:distance>
     <gpxdata:speed>0.636</gpxdata:speed>
    </extensions>
   </trkpt>
   <trkpt lat="46.5250273" lon="12.0165199">
    <ele>2258</ele>
    <time>2026-10-02T12:26:12Z</time>
    <extensions>
     <gpxdata:hr>161</gpxdata:hr>
     <gpxdata:distance>959.50</gpxdata:distance>
     <gpxdata:speed>0.639</gpxdata:speed>
    </extensions>
   </trkpt>
   <trkpt lat="46.5250328" lon="12.0165264">
    <ele>2259</ele>
    <time>2026-10-02T12:26:13Z</time>
    <extensions>
     <gpxdata:hr>161</gpxdata:hr>
     <gpxdata:distance>960.00</gpxdata:distance>
     <gpxdata:speed>0.642</gpxdata:speed>
    </extensions>
   </trkpt>
  </trkseg>
  <trkseg>
   <trkpt lat="46.5250374" lon="12.0165362">
    <ele>2260</ele>
    <time>2026-10-02T12:26:21Z</time>
    <extensions>
     <gpxdata:hr>163</gpxdata:hr>
     <gpxdata:distance>961.00</gpxdata:distance>
    </extensions>
   </trkpt>
   <trkpt lat="46.5250405" lon="12.0165437">
    <ele>2260</ele>
    <time>2026-10-02T12:26:22Z</time>
    <extensions>
     <gpxdata:hr>164</gpxdata:hr>
     <gpxdata:distance>961.00</gpxdata:distance>
    </extensions>
   </trkpt>
   <trkpt lat="46.5250434" lon="12.0165506">
    <ele>2261</ele>
    <time>2026-10-02T12:26:23Z</time>
    <extensions>
     <gpxdata:hr>165</gpxdata:hr>
     <gpxdata:distance>961.00</gpxdata:distance>
    </extensions>
   </trkpt>
   <trkpt lat="46.5250463" lon="12.0165575">
    <ele>2261</ele>
    <time>2026-10-02T12:26:24Z</time>
    <extensions>
     <gpxdata:hr>165</gpxdata:hr>
     <gpxdata:distance>962.50</gpxdata:distance>
     <gpxdata:speed>0.281</gpxdata:speed>
    </extensions>
   </trkpt>
   <trkpt lat="46.5250497" lon="12.0165653">
    <ele>2261</ele>
    <time>2026-10-02T12:26:25Z</time>
    <extensions>
     <gpxdata:hr>166</gpxdata:hr>
     <gpxdata:distance>964.00</gpxdata:distance>
     <gpxdata:speed>0.564</gpxdata:speed>
    </extensions>
   </trkpt>
   <trkpt lat="46.5250531" lon="12.0165736">
    <ele>2261</ele>
    <time>2026-10-02T12:26:26Z</time>
    <extensions>
     <gpxdata:hr>166</gpxdata:hr>
     <gpxdata:distance>965.00</gpxdata:distance>
     <gpxdata:speed>0.572</gpxdata:speed>
    </extensions>
   </trkpt>
   <trkpt lat="46.5250564" lon="12.0165826">
    <ele>2261</ele>
    <time>2026-10-02T12:26:27Z</time>
    <extensions>
     <gpxdata:hr>166</gpxdata:hr>
     <gpxdata:distance>966.00</gpxdata:distance>
     <gpxdata:speed>0.583</gpxdata:speed>
    </extensions>
   </trkpt>
   <trkpt lat="46.5250595" lon="12.0165924">
    <ele>2261</ele>
    <time>2026-10-02T12:26:28Z</time>
    <extensions>
     <gpxdata:hr>167</gpxdata:hr>
     <gpxdata:distance>967.00</gpxdata:distance>
     <gpxdata:speed>0.594</gpxdata:speed>
    </extensions>
   </trkpt>
   <trkpt lat="46.5250626" lon="12.0166029">
    <ele>2261</ele>
    <time>2026-10-02T12:26:29Z</time>
    <extensions>
     <gpxdata:hr>167</gpxdata:hr>
     <gpxdata:distance>968.00</gpxdata:distance>
     <gpxdata:speed>0.606</gpxdata:speed>
    </extensions>
   </trkpt>
   <trkpt lat="46.5250656" lon="12.0166136">
    <ele>2261</ele>
    <time>2026-10-02T12:26:30Z</time>
    <extensions>
     <gpxdata:hr>167</gpxdata:hr>
     <gpxdata:distance>968.50</gpxdata:distance>
     <gpxdata:speed>0.622</gpxdata:speed>
    </extensions>
   </trkpt>
   <trkpt lat="46.5250679" lon="12.0166247">
    <ele>2262</ele>
    <time>2026-10-02T12:26:31Z</time>
    <extensions>
     <gpxdata:hr>167</gpxdata:hr>
     <gpxdata:distance>969.00</gpxdata:distance>
     <gpxdata:speed>0.639</gpxdata:speed>
    </extensions>
   </trkpt>
   <trkpt lat="46.5250694" lon="12.0166364">
    <ele>2262</ele>
    <time>2026-10-02T12:26:32Z</time>
    <extensions>
     <gpxdata:hr>167</gpxdata:hr>
     <gpxdata:distance>970.00</gpxdata:distance>
     <gpxdata:speed>0.672</gpxdata:speed>
    </extensions>
   </trkpt>
   <trkpt lat="46.5250702" lon="12.0166476">
    <ele>2262</ele>
    <time>2026-10-02T12:26:33Z</time>
    <extensions>
     <gpxdata:hr>166</gpxdata:hr>
     <gpxdata:distance>971.00</gpxdata:distance>
     <gpxdata:speed>0.706</gpxdata:speed>
    </extensions>
   </trkpt>
   <trkpt lat="46.5250708" lon="12.0166589">
    <ele>2262</ele>
    <time>2026-10-02T12:26:34Z</time>
    <extensions>
     <gpxdata:hr>166</gpxdata:hr>
     <gpxdata:distance>972.00</gpxdata:distance>
     <gpxdata:speed>0.719</gpxdata:speed>
    </extensions>
   </trkpt>
   <trkpt lat="46.5250711" lon="12.0166706">
    <ele>2263</ele>
    <time>2026-10-02T12:26:35Z</time>
    <extensions>
     <gpxdata:hr>166</gpxdata:hr>
     <gpxdata:distance>973.00</gpxdata:distance>
     <gpxdata:speed>0.736</gpxdata:speed>
    </extensions>
   </trkpt>
   <trkpt lat="46.5250710" lon="12.0166822">
    <ele>2263</ele>
    <time>2026-10-02T12:26:36Z</time>
    <extensions>
     <gpxdata:hr>166</gpxdata:hr>
     <gpxdata:distance>974.00</gpxdata:distance>
     <gpxdata:speed>0.744</gpxdata:speed>
    </extensions>
   </trkpt>
   <trkpt lat="46.5250715" lon="12.0166934">
    <ele>2263</ele>
    <time>2026-10-02T12:26:37Z</time>
    <extensions>
     <gpxdata:hr>166</gpxdata:hr>
     <gpxdata:distance>975.00</gpxdata:distance>
     <gpxdata:speed>0.753</gpxdata:speed>
    </extensions>
   </trkpt>
   <trkpt lat="46.5250729" lon="12.0167046">
    <ele>2263</ele>
    <time>2026-10-02T12:26:38Z</time>
    <extensions>
     <gpxdata:hr>166</gpxdata:hr>
     <gpxdata:distance>975.50</gpxdata:distance>
     <gpxdata:speed>0.764</gpxdata:speed>
    </extensions>
   </trkpt>
   <trkpt lat="46.5250755" lon="12.0167161">
    <ele>2264</ele>
    <time>2026-10-02T12:26:39Z</time>
    <extensions>
     <gpxdata:hr>167</gpxdata:hr>
     <gpxdata:distance>976.00</gpxdata:distance>
     <gpxdata:speed>0.775</gpxdata:speed>
    </extensions>
   </trkpt>
   <trkpt lat="46.5250791" lon="12.0167275">
    <ele>2264</ele>
    <time>2026-10-02T12:26:40Z</time>
    <extensions>
     <gpxdata:hr>167</gpxdata:hr>
     <gpxdata:distance>977.00</gpxdata:distance>
     <gpxdata:speed>0.794</gpxdata:speed>
    </extensions>
   </trkpt>
   <trkpt lat="46.5250836" lon="12.0167382">
    <ele>2264</ele>
    <time>2026-10-02T12:26:41Z</time>
    <extensions>
     <gpxdata:hr>167</gpxdata:hr>
     <gpxdata:distance>978.00</gpxdata:distance>
     <gpxdata:speed>0.817</gpxdata:speed>
    </extensions>
   </trkpt>
   <trkpt lat="46.5250889" lon="12.0167489">
    <ele>2264</ele>
    <time>2026-10-02T12:26:42Z</time>
    <extensions>
     <gpxdata:hr>167</gpxdata:hr>
     <gpxdata:distance>979.50</gpxdata:distance>
     <gpxdata:speed>0.842</gpxdata:speed>
    </extensions>
   </trkpt>
   <trkpt lat="46.5250935" lon="12.0167605">
    <ele>2265</ele>
    <time>2026-10-02T12:26:43Z</time>
    <extensions>
     <gpxdata:hr>167</gpxdata:hr>
     <gpxdata:distance>981.00</gpxdata:distance>
     <gpxdata:speed>0.867</gpxdata:speed>
    </extensions>
   </trkpt>
  </trkseg>
  <trkseg>
   <trkpt lat="46.5250979" lon="12.0167717">
    <ele>2266</ele>
    <time>2026-10-02T12:26:50Z</time>
    <extensions>
     <gpxdata:hr>167</gpxdata:hr>
     <gpxdata:distance>982.00</gpxdata:distance>
     <gpxdata:speed>0.456</gpxdata:speed>
    </extensions>
   </trkpt>
   <trkpt lat="46.5251003" lon="12.0167797">
    <ele>2266</ele>
    <time>2026-10-02T12:26:51Z</time>
    <extensions>
     <gpxdata:hr>167</gpxdata:hr>
     <gpxdata:distance>982.00</gpxdata:distance>
    </extensions>
   </trkpt>
   <trkpt lat="46.5251015" lon="12.0167867">
    <ele>2266</ele>
    <time>2026-10-02T12:26:52Z</time>
    <extensions>
     <gpxdata:hr>167</gpxdata:hr>
     <gpxdata:distance>982.00</gpxdata:distance>
    </extensions>
   </trkpt>
   <trkpt lat="46.5251018" lon="12.0167936">
    <ele>2266</ele>
    <time>2026-10-02T12:26:53Z</time>
    <extensions>
     <gpxdata:hr>167</gpxdata:hr>
     <gpxdata:distance>982.00</gpxdata:distance>
    </extensions>
   </trkpt>
   <trkpt lat="46.5251016" lon="12.0168018">
    <ele>2266</ele>
    <time>2026-10-02T12:26:54Z</time>
    <extensions>
     <gpxdata:hr>167</gpxdata:hr>
     <gpxdata:distance>983.50</gpxdata:distance>
     <gpxdata:speed>0.283</gpxdata:speed>
    </extensions>
   </trkpt>
   <trkpt lat="46.5251007" lon="12.0168115">
    <ele>2267</ele>
    <time>2026-10-02T12:26:55Z</time>
    <extensions>
     <gpxdata:hr>167</gpxdata:hr>
     <gpxdata:distance>985.00</gpxdata:distance>
     <gpxdata:speed>0.567</gpxdata:speed>
    </extensions>
   </trkpt>
   <trkpt lat="46.5250996" lon="12.0168220">
    <ele>2267</ele>
    <time>2026-10-02T12:26:56Z</time>
    <extensions>
     <gpxdata:hr>167</gpxdata:hr>
     <gpxdata:distance>985.50</gpxdata:distance>
     <gpxdata:speed>0.594</gpxdata:speed>
    </extensions>
   </trkpt>
   <trkpt lat="46.5250983" lon="12.0168332">
    <ele>2267</ele>
    <time>2026-10-02T12:26:57Z</time>
    <extensions>
     <gpxdata:hr>168</gpxdata:hr>
     <gpxdata:distance>986.00</gpxdata:distance>
     <gpxdata:speed>0.622</gpxdata:speed>
    </extensions>
   </trkpt>
   <trkpt lat="46.5250970" lon="12.0168447">
    <ele>2267</ele>
    <time>2026-10-02T12:26:58Z</time>
    <extensions>
     <gpxdata:hr>168</gpxdata:hr>
     <gpxdata:distance>987.00</gpxdata:distance>
     <gpxdata:speed>0.647</gpxdata:speed>
    </extensions>
   </trkpt>
   <trkpt lat="46.5250959" lon="12.0168566">
    <ele>2267</ele>
    <time>2026-10-02T12:26:59Z</time>
    <extensions>
     <gpxdata:hr>168</gpxdata:hr>
     <gpxdata:distance>988.00</gpxdata:distance>
     <gpxdata:speed>0.672</gpxdata:speed>
    </extensions>
   </trkpt>
   <trkpt lat="46.5250948" lon="12.0168685">
    <ele>2267</ele>
    <time>2026-10-02T12:27:00Z</time>
    <extensions>
     <gpxdata:hr>168</gpxdata:hr>
     <gpxdata:distance>989.00</gpxdata:distance>
     <gpxdata:speed>0.692</gpxdata:speed>
    </extensions>
   </trkpt>
   <trkpt lat="46.5250935" lon="12.0168814">
    <ele>2267</ele>
    <time>2026-10-02T12:27:01Z</time>
    <extensions>
     <gpxdata:hr>168</gpxdata:hr>
     <gpxdata:distance>990.00</gpxdata:distance>
     <gpxdata:speed>0.714</gpxdata:speed>
    </extensions>
   </trkpt>
   <trkpt lat="46.5250918" lon="12.0168948">
    <ele>2267</ele>
    <time>2026-10-02T12:27:02Z</time>
    <extensions>
     <gpxdata:hr>168</gpxdata:hr>
     <gpxdata:distance>991.00</gpxdata:distance>
     <gpxdata:speed>0.753</gpxdata:speed>
    </extensions>
   </trkpt>
   <trkpt lat="46.5250896" lon="12.0169080">
    <ele>2268</ele>
    <time>2026-10-02T12:27:03Z</time>
    <extensions>
     <gpxdata:hr>167</gpxdata:hr>
     <gpxdata:distance>992.00</gpxdata:distance>
     <gpxdata:speed>0.792</gpxdata:speed>
    </extensions>
   </trkpt>
   <trkpt lat="46.5250873" lon="12.0169207">
    <ele>2268</ele>
    <time>2026-10-02T12:27:04Z</time>
    <extensions>
     <gpxdata:hr>167</gpxdata:hr>
     <gpxdata:distance>993.00</gpxdata:distance>
     <gpxdata:speed>0.814</gpxdata:speed>
    </extensions>
   </trkpt>
   <trkpt lat="46.5250850" lon="12.0169331">
    <ele>2268</ele>
    <time>2026-10-02T12:27:05Z</time>
    <extensions>
     <gpxdata:hr>167</gpxdata:hr>
     <gpxdata:distance>994.00</gpxdata:distance>
     <gpxdata:speed>0.836</gpxdata:speed>
    </extensions>
   </trkpt>
   <trkpt lat="46.5250830" lon="12.0169451">
    <ele>2268</ele>
    <time>2026-10-02T12:27:06Z</time>
    <extensions>
     <gpxdata:hr>166</gpxdata:hr>
     <gpxdata:distance>995.00</gpxdata:distance>
     <gpxdata:speed>0.844</gpxdata:speed>
    </extensions>
   </trkpt>
   <trkpt lat="46.5250808" lon="12.0169563">
    <ele>2268</ele>
    <time>2026-10-02T12:27:07Z</time>
    <extensions>
     <gpxdata:hr>166</gpxdata:hr>
     <gpxdata:distance>996.00</gpxdata:distance>
     <gpxdata:speed>0.853</gpxdata:speed>
    </extensions>
   </trkpt>
   <trkpt lat="46.5250803" lon="12.0169594">
    <ele>2268</ele>
    <time>2026-10-02T12:27:08Z</time>
    <extensions>
     <gpxdata:hr>166</gpxdata:hr>
     <gpxdata:distance>996.00</gpxdata:distance>
     <gpxdata:speed>0.853</gpxdata:speed>
    </extensions>
   </trkpt>
   <trkpt lat="46.5250798" lon="12.0169626">
    <ele>2268</ele>
    <time>2026-10-02T12:27:09Z</time>
    <extensions>
     <gpxdata:hr>165</gpxdata:hr>
     <gpxdata:distance>996.00</gpxdata:distance>
     <gpxdata:speed>0.853</gpxdata:speed>
    </extensions>
   </trkpt>
   <trkpt lat="46.5250793" lon="12.0169658">
    <ele>2268</ele>
    <time>2026-10-02T12:27:10Z</time>
    <extensions>
     <gpxdata:hr>165</gpxdata:hr>
     <gpxdata:distance>996.00</gpxdata:distance>
     <gpxdata:speed>0.853</gpxdata:speed>
    </extensions>
   </trkpt>
   <trkpt lat="46.5250788" lon="12.0169690">
    <ele>2269</ele>
    <time>2026-10-02T12:27:11Z</time>
    <extensions>
     <gpxdata:hr>165</gpxdata:hr>
     <gpxdata:distance>996.00</gpxdata:distance>
     <gpxdata:speed>0.853</gpxdata:speed>
    </extensions>
   </trkpt>
   <trkpt lat="46.5250772" lon="12.0169793">
    <ele>2269</ele>
    <time>2026-10-02T12:27:12Z</time>
    <extensions>
     <gpxdata:hr>165</gpxdata:hr>
     <gpxdata:distance>996.00</gpxdata:distance>
     <gpxdata:speed>0.853</gpxdata:speed>
    </extensions>
   </trkpt>
   <trkpt lat="46.5250759" lon="12.0169893">
    <ele>2269</ele>
    <time>2026-10-02T12:27:13Z</time>
    <extensions>
     <gpxdata:hr>165</gpxdata:hr>
     <gpxdata:distance>996.00</gpxdata:distance>
     <gpxdata:speed>0.853</gpxdata:speed>
    </extensions>
   </trkpt>
   <trkpt lat="46.5250746" lon="12.0169991">
    <ele>2269</ele>
    <time>2026-10-02T12:27:14Z</time>
    <extensions>
     <gpxdata:hr>165</gpxdata:hr>
     <gpxdata:distance>998.00</gpxdata:distance>
     <gpxdata:speed>0.839</gpxdata:speed>
    </extensions>
   </trkpt>
   <trkpt lat="46.5250730" lon="12.0170087">
    <ele>2270</ele>
    <time>2026-10-02T12:27:15Z</time>
    <extensions>
     <gpxdata:hr>165</gpxdata:hr>
     <gpxdata:distance>1000.00</gpxdata:distance>
     <gpxdata:speed>0.825</gpxdata:speed>
    </extensions>
   </trkpt>
   <trkpt lat="46.5250713" lon="12.0170186">
    <ele>2270</ele>
    <time>2026-10-02T12:27:16Z</time>
    <extensions>
     <gpxdata:hr>166</gpxdata:hr>
     <gpxdata:distance>1001.00</gpxdata:distance>
     <gpxdata:speed>0.794</gpxdata:speed>
    </extensions>
   </trkpt>
   <trkpt lat="46.5250696" lon="12.0170290">
    <ele>2270</ele>
    <time>2026-10-02T12:27:17Z</time>
    <extensions>
     <gpxdata:hr>166</gpxdata:hr>
     <gpxdata:distance>1002.00</gpxdata:distance>
     <gpxdata:speed>0.764</gpxdata:speed>
    </extensions>
   </trkpt>
   <trkpt lat="46.5250676" lon="12.0170394">
    <ele>2270</ele>
    <time>2026-10-02T12:27:18Z</time>
    <extensions>
     <gpxdata:hr>166</gpxdata:hr>
     <gpxdata:distance>1002.50</gpxdata:distance>
     <gpxdata:speed>0.758</gpxdata:speed>
    </extensions>
   </trkpt>
   <trkpt lat="46.5250649" lon="12.0170496">
    <ele>2270</ele>
    <time>2026-10-02T12:27:19Z</time>
    <extensions>
     <gpxdata:hr>166</gpxdata:hr>
     <gpxdata:distance>1003.00</gpxdata:distance>
     <gpxdata:speed>0.753</gpxdata:speed>
    </extensions>
   </trkpt>
   <trkpt lat="46.5250616" lon="12.0170602">
    <ele>2270</ele>
    <time>2026-10-02T12:27:20Z</time>
    <extensions>
     <gpxdata:hr>165</gpxdata:hr>
     <gpxdata:distance>1004.00</gpxdata:distance>
     <gpxdata:speed>0.764</gpxdata:speed>
    </extensions>
   </trkpt>
   <trkpt lat="46.5250579" lon="12.0170714">
    <ele>2270</ele>
    <time>2026-10-02T12:27:21Z</time>
    <extensions>
     <gpxdata:hr>165</gpxdata:hr>
     <gpxdata:distance>1005.00</gpxdata:distance>
     <gpxdata:speed>0.778</gpxdata:speed>
    </extensions>
   </trkpt>
   <trkpt lat="46.5250543" lon="12.0170830">
    <ele>2270</ele>
    <time>2026-10-02T12:27:22Z</time>
    <extensions>
     <gpxdata:hr>165</gpxdata:hr>
     <gpxdata:distance>1006.00</gpxdata:distance>
     <gpxdata:speed>0.797</gpxdata:speed>
    </extensions>
   </trkpt>
   <trkpt lat="46.5250507" lon="12.0170950">
    <ele>2271</ele>
    <time>2026-10-02T12:27:23Z</time>
    <extensions>
     <gpxdata:hr>165</gpxdata:hr>
     <gpxdata:distance>1007.00</gpxdata:distance>
     <gpxdata:speed>0.819</gpxdata:speed>
    </extensions>
   </trkpt>
   <trkpt lat="46.5250471" lon="12.0171072">
    <ele>2271</ele>
    <time>2026-10-02T12:27:24Z</time>
    <extensions>
     <gpxdata:hr>166</gpxdata:hr>
     <gpxdata:distance>1008.00</gpxdata:distance>
     <gpxdata:speed>0.842</gpxdata:speed>
    </extensions>
   </trkpt>
   <trkpt lat="46.5250434" lon="12.0171192">
    <ele>2272</ele>
    <time>2026-10-02T12:27:25Z</time>
    <extensions>
     <gpxdata:hr>166</gpxdata:hr>
     <gpxdata:distance>1009.00</gpxdata:distance>
     <gpxdata:speed>0.864</gpxdata:speed>
    </extensions>
   </trkpt>
   <trkpt lat="46.5250395" lon="12.0171312">
    <ele>2272</ele>
    <time>2026-10-02T12:27:26Z</time>
    <extensions>
     <gpxdata:hr>166</gpxdata:hr>
     <gpxdata:distance>1010.00</gpxdata:distance>
     <gpxdata:speed>0.872</gpxdata:speed>
    </extensions>
   </trkpt>
   <trkpt lat="46.5250356" lon="12.0171440">
    <ele>2273</ele>
    <time>2026-10-02T12:27:27Z</time>
    <extensions>
     <gpxdata:hr>166</gpxdata:hr>
     <gpxdata:distance>1011.00</gpxdata:distance>
     <gpxdata:speed>0.883</gpxdata:speed>
    </extensions>
   </trkpt>
   <trkpt lat="46.5250319" lon="12.0171571">
    <ele>2273</ele>
    <time>2026-10-02T12:27:28Z</time>
    <extensions>
     <gpxdata:hr>166</gpxdata:hr>
     <gpxdata:distance>1012.00</gpxdata:distance>
     <gpxdata:speed>0.889</gpxdata:speed>
    </extensions>
   </trkpt>
   <trkpt lat="46.5250286" lon="12.0171707">
    <ele>2273</ele>
    <time>2026-10-02T12:27:29Z</time>
    <extensions>
     <gpxdata:hr>166</gpxdata:hr>
     <gpxdata:distance>1013.00</gpxdata:distance>
     <gpxdata:speed>0.897</gpxdata:speed>
    </extensions>
   </trkpt>
   <trkpt lat="46.5250256" lon="12.0171844">
    <ele>2273</ele>
    <time>2026-10-02T12:27:30Z</time>
    <extensions>
     <gpxdata:hr>166</gpxdata:hr>
     <gpxdata:distance>1014.50</gpxdata:distance>
     <gpxdata:speed>0.906</gpxdata:speed>
    </extensions>
   </trkpt>
   <trkpt lat="46.5250224" lon="12.0171981">
    <ele>2274</ele>
    <time>2026-10-02T12:27:31Z</time>
    <extensions>
     <gpxdata:hr>166</gpxdata:hr>
     <gpxdata:distance>1016.00</gpxdata:distance>
     <gpxdata:speed>0.917</gpxdata:speed>
    </extensions>
   </trkpt>
   <trkpt lat="46.5250190" lon="12.0172108">
    <ele>2274</ele>
    <time>2026-10-02T12:27:32Z</time>
    <extensions>
     <gpxdata:hr>166</gpxdata:hr>
     <gpxdata:distance>1017.00</gpxdata:distance>
     <gpxdata:speed>0.925</gpxdata:speed>
    </extensions>
   </trkpt>
   <trkpt lat="46.5250151" lon="12.0172248">
    <ele>2274</ele>
    <time>2026-10-02T12:27:33Z</time>
    <extensions>
     <gpxdata:hr>166</gpxdata:hr>
     <gpxdata:distance>1018.00</gpxdata:distance>
     <gpxdata:speed>0.936</gpxdata:speed>
    </extensions>
   </trkpt>
   <trkpt lat="46.5250110" lon="12.0172393">
    <ele>2274</ele>
    <time>2026-10-02T12:27:34Z</time>
    <extensions>
     <gpxdata:hr>166</gpxdata:hr>
     <gpxdata:distance>1019.00</gpxdata:distance>
     <gpxdata:speed>0.944</gpxdata:speed>
    </extensions>
   </trkpt>
   <trkpt lat="46.5250071" lon="12.0172528">
    <ele>2275</ele>
    <time>2026-10-02T12:27:35Z</time>
    <extensions>
     <gpxdata:hr>166</gpxdata:hr>
     <gpxdata:distance>1020.00</gpxdata:distance>
     <gpxdata:speed>0.956</gpxdata:speed>
    </extensions>
   </trkpt>
   <trkpt lat="46.5250040" lon="12.0172651">
    <ele>2275</ele>
    <time>2026-10-02T12:27:36Z</time>
    <extensions>
     <gpxdata:hr>167</gpxdata:hr>
     <gpxdata:distance>1021.00</gpxdata:distance>
     <gpxdata:speed>0.964</gpxdata:speed>
    </extensions>
   </trkpt>
   <trkpt lat="46.5250017" lon="12.0172772">
    <ele>2275</ele>
    <time>2026-10-02T12:27:37Z</time>
    <extensions>
     <gpxdata:hr>167</gpxdata:hr>
     <gpxdata:distance>1022.00</gpxdata:distance>
     <gpxdata:speed>0.972</gpxdata:speed>
    </extensions>
   </trkpt>
   <trkpt lat="46.5250000" lon="12.0172890">
    <ele>2275</ele>
    <time>2026-10-02T12:27:38Z</time>
    <extensions>
     <gpxdata:hr>167</gpxdata:hr>
     <gpxdata:distance>1023.00</gpxdata:distance>
     <gpxdata:speed>0.975</gpxdata:speed>
    </extensions>
   </trkpt>
   <trkpt lat="46.5249992" lon="12.0173002">
    <ele>2276</ele>
    <time>2026-10-02T12:27:39Z</time>
    <extensions>
     <gpxdata:hr>167</gpxdata:hr>
     <gpxdata:distance>1024.00</gpxdata:distance>
     <gpxdata:speed>0.978</gpxdata:speed>
    </extensions>
   </trkpt>
   <trkpt lat="46.5249993" lon="12.0173113">
    <ele>2276</ele>
    <time>2026-10-02T12:27:40Z</time>
    <extensions>
     <gpxdata:hr>167</gpxdata:hr>
     <gpxdata:distance>1024.50</gpxdata:distance>
     <gpxdata:speed>0.983</gpxdata:speed>
    </extensions>
   </trkpt>
   <trkpt lat="46.5250000" lon="12.0173223">
    <ele>2276</ele>
    <time>2026-10-02T12:27:41Z</time>
    <extensions>
     <gpxdata:hr>167</gpxdata:hr>
     <gpxdata:distance>1025.00</gpxdata:distance>
     <gpxdata:speed>0.992</gpxdata:speed>
    </extensions>
   </trkpt>
   <trkpt lat="46.5250011" lon="12.0173336">
    <ele>2276</ele>
    <time>2026-10-02T12:27:42Z</time>
    <extensions>
     <gpxdata:hr>167</gpxdata:hr>
     <gpxdata:distance>1026.00</gpxdata:distance>
     <gpxdata:speed>0.994</gpxdata:speed>
    </extensions>
   </trkpt>
   <trkpt lat="46.5250025" lon="12.0173457">
    <ele>2277</ele>
    <time>2026-10-02T12:27:43Z</time>
    <extensions>
     <gpxdata:hr>167</gpxdata:hr>
     <gpxdata:distance>1027.00</gpxdata:distance>
     <gpxdata:speed>1.000</gpxdata:speed>
    </extensions>
   </trkpt>
   <trkpt lat="46.5250039" lon="12.0173574">
    <ele>2277</ele>
    <time>2026-10-02T12:27:44Z</time>
    <extensions>
     <gpxdata:hr>167</gpxdata:hr>
     <gpxdata:distance>1028.00</gpxdata:distance>
     <gpxdata:speed>0.997</gpxdata:speed>
    </extensions>
   </trkpt>
   <trkpt lat="46.5250061" lon="12.0173687">
    <ele>2277</ele>
    <time>2026-10-02T12:27:45Z</time>
    <extensions>
     <gpxdata:hr>168</gpxdata:hr>
     <gpxdata:distance>1029.00</gpxdata:distance>
     <gpxdata:speed>0.997</gpxdata:speed>
    </extensions>
   </trkpt>
   <trkpt lat="46.5250097" lon="12.0173799">
    <ele>2277</ele>
    <time>2026-10-02T12:27:46Z</time>
    <extensions>
     <gpxdata:hr>168</gpxdata:hr>
     <gpxdata:distance>1030.00</gpxdata:distance>
     <gpxdata:speed>0.994</gpxdata:speed>
    </extensions>
   </trkpt>
   <trkpt lat="46.5250142" lon="12.0173907">
    <ele>2278</ele>
    <time>2026-10-02T12:27:47Z</time>
    <extensions>
     <gpxdata:hr>168</gpxdata:hr>
     <gpxdata:distance>1031.00</gpxdata:distance>
     <gpxdata:speed>0.994</gpxdata:speed>
    </extensions>
   </trkpt>
   <trkpt lat="46.5250190" lon="12.0174010">
    <ele>2278</ele>
    <time>2026-10-02T12:27:48Z</time>
    <extensions>
     <gpxdata:hr>168</gpxdata:hr>
     <gpxdata:distance>1032.00</gpxdata:distance>
     <gpxdata:speed>0.992</gpxdata:speed>
    </extensions>
   </trkpt>
   <trkpt lat="46.5250240" lon="12.0174112">
    <ele>2278</ele>
    <time>2026-10-02T12:27:49Z</time>
    <extensions>
     <gpxdata:hr>167</gpxdata:hr>
     <gpxdata:distance>1033.00</gpxdata:distance>
     <gpxdata:speed>0.992</gpxdata:speed>
    </extensions>
   </trkpt>
   <trkpt lat="46.5250289" lon="12.0174209">
    <ele>2278</ele>
    <time>2026-10-02T12:27:50Z</time>
    <extensions>
     <gpxdata:hr>167</gpxdata:hr>
     <gpxdata:distance>1034.00</gpxdata:distance>
     <gpxdata:speed>0.992</gpxdata:speed>
    </extensions>
   </trkpt>
   <trkpt lat="46.5250337" lon="12.0174301">
    <ele>2279</ele>
    <time>2026-10-02T12:27:51Z</time>
    <extensions>
     <gpxdata:hr>167</gpxdata:hr>
     <gpxdata:distance>1035.00</gpxdata:distance>
     <gpxdata:speed>0.992</gpxdata:speed>
    </extensions>
   </trkpt>
  </trkseg>
  <trkseg>
   <trkpt lat="46.5250449" lon="12.0174410">
    <ele>2281</ele>
    <time>2026-10-02T12:28:32Z</time>
    <extensions>
     <gpxdata:hr>168</gpxdata:hr>
     <gpxdata:distance>1035.00</gpxdata:distance>
    </extensions>
   </trkpt>
   <trkpt lat="46.5250531" lon="12.0174481">
    <ele>2281</ele>
    <time>2026-10-02T12:28:33Z</time>
    <extensions>
     <gpxdata:hr>167</gpxdata:hr>
     <gpxdata:distance>1035.00</gpxdata:distance>
    </extensions>
   </trkpt>
   <trkpt lat="46.5250599" lon="12.0174527">
    <ele>2281</ele>
    <time>2026-10-02T12:28:34Z</time>
    <extensions>
     <gpxdata:hr>167</gpxdata:hr>
     <gpxdata:distance>1035.00</gpxdata:distance>
    </extensions>
   </trkpt>
   <trkpt lat="46.5250668" lon="12.0174559">
    <ele>2282</ele>
    <time>2026-10-02T12:28:35Z</time>
    <extensions>
     <gpxdata:hr>165</gpxdata:hr>
     <gpxdata:distance>1035.00</gpxdata:distance>
    </extensions>
   </trkpt>
   <trkpt lat="46.5250741" lon="12.0174587">
    <ele>2282</ele>
    <time>2026-10-02T12:28:36Z</time>
    <extensions>
     <gpxdata:hr>165</gpxdata:hr>
     <gpxdata:distance>1038.00</gpxdata:distance>
    </extensions>
   </trkpt>
   <trkpt lat="46.5250812" lon="12.0174627">
    <ele>2282</ele>
    <time>2026-10-02T12:28:37Z</time>
    <extensions>
     <gpxdata:hr>163</gpxdata:hr>
     <gpxdata:distance>1041.00</gpxdata:distance>
    </extensions>
   </trkpt>
   <trkpt lat="46.5250876" lon="12.0174683">
    <ele>2282</ele>
    <time>2026-10-02T12:28:38Z</time>
    <extensions>
     <gpxdata:hr>162</gpxdata:hr>
     <gpxdata:distance>1041.50</gpxdata:distance>
    </extensions>
   </trkpt>
   <trkpt lat="46.5250933" lon="12.0174746">
    <ele>2282</ele>
    <time>2026-10-02T12:28:39Z</time>
    <extensions>
     <gpxdata:hr>161</gpxdata:hr>
     <gpxdata:distance>1042.00</gpxdata:distance>
    </extensions>
   </trkpt>
   <trkpt lat="46.5250982" lon="12.0174798">
    <ele>2282</ele>
    <time>2026-10-02T12:28:40Z</time>
    <extensions>
     <gpxdata:hr>160</gpxdata:hr>
     <gpxdata:distance>1042.50</gpxdata:distance>
     <gpxdata:speed>0.225</gpxdata:speed>
    </extensions>
   </trkpt>
   <trkpt lat="46.5251034" lon="12.0174832">
    <ele>2282</ele>
    <time>2026-10-02T12:28:41Z</time>
    <extensions>
     <gpxdata:hr>158</gpxdata:hr>
     <gpxdata:distance>1043.00</gpxdata:distance>
     <gpxdata:speed>0.453</gpxdata:speed>
    </extensions>
   </trkpt>
   <trkpt lat="46.5251093" lon="12.0174855">
    <ele>2282</ele>
    <time>2026-10-02T12:28:42Z</time>
    <extensions>
     <gpxdata:hr>157</gpxdata:hr>
     <gpxdata:distance>1043.00</gpxdata:distance>
     <gpxdata:speed>0.453</gpxdata:speed>
    </extensions>
   </trkpt>
   <trkpt lat="46.5251156" lon="12.0174876">
    <ele>2282</ele>
    <time>2026-10-02T12:28:43Z</time>
    <extensions>
     <gpxdata:hr>156</gpxdata:hr>
     <gpxdata:distance>1043.00</gpxdata:distance>
     <gpxdata:speed>0.453</gpxdata:speed>
    </extensions>
   </trkpt>
   <trkpt lat="46.5251220" lon="12.0174906">
    <ele>2282</ele>
    <time>2026-10-02T12:28:44Z</time>
    <extensions>
     <gpxdata:hr>154</gpxdata:hr>
     <gpxdata:distance>1044.50</gpxdata:distance>
     <gpxdata:speed>0.542</gpxdata:speed>
    </extensions>
   </trkpt>
   <trkpt lat="46.5251287" lon="12.0174947">
    <ele>2282</ele>
    <time>2026-10-02T12:28:45Z</time>
    <extensions>
     <gpxdata:hr>150</gpxdata:hr>
     <gpxdata:distance>1046.00</gpxdata:distance>
     <gpxdata:speed>0.631</gpxdata:speed>
    </extensions>
   </trkpt>
   <trkpt lat="46.5251356" lon="12.0174999">
    <ele>2282</ele>
    <time>2026-10-02T12:28:46Z</time>
    <extensions>
     <gpxdata:hr>147</gpxdata:hr>
     <gpxdata:distance>1047.00</gpxdata:distance>
     <gpxdata:speed>0.675</gpxdata:speed>
    </extensions>
   </trkpt>
   <trkpt lat="46.5251425" lon="12.0175055">
    <ele>2283</ele>
    <time>2026-10-02T12:28:47Z</time>
    <extensions>
     <gpxdata:hr>143</gpxdata:hr>
     <gpxdata:distance>1048.00</gpxdata:distance>
     <gpxdata:speed>0.722</gpxdata:speed>
    </extensions>
   </trkpt>
   <trkpt lat="46.5251493" lon="12.0175113">
    <ele>2283</ele>
    <time>2026-10-02T12:28:48Z</time>
    <extensions>
     <gpxdata:hr>141</gpxdata:hr>
     <gpxdata:distance>1049.00</gpxdata:distance>
     <gpxdata:speed>0.744</gpxdata:speed>
    </extensions>
   </trkpt>
   <trkpt lat="46.5251561" lon="12.0175170">
    <ele>2283</ele>
    <time>2026-10-02T12:28:49Z</time>
    <extensions>
     <gpxdata:hr>140</gpxdata:hr>
     <gpxdata:distance>1050.00</gpxdata:distance>
     <gpxdata:speed>0.769</gpxdata:speed>
    </extensions>
   </trkpt>
   <trkpt lat="46.5251629" lon="12.0175223">
    <ele>2283</ele>
    <time>2026-10-02T12:28:50Z</time>
    <extensions>
     <gpxdata:hr>139</gpxdata:hr>
     <gpxdata:distance>1051.00</gpxdata:distance>
     <gpxdata:speed>0.781</gpxdata:speed>
    </extensions>
   </trkpt>
   <trkpt lat="46.5251706" lon="12.0175271">
    <ele>2284</ele>
    <time>2026-10-02T12:28:51Z</time>
    <extensions>
     <gpxdata:hr>139</gpxdata:hr>
     <gpxdata:distance>1052.00</gpxdata:distance>
     <gpxdata:speed>0.794</gpxdata:speed>
    </extensions>
   </trkpt>
   <trkpt lat="46.5251789" lon="12.0175305">
    <ele>2284</ele>
    <time>2026-10-02T12:28:52Z</time>
    <extensions>
     <gpxdata:hr>139</gpxdata:hr>
     <gpxdata:distance>1053.00</gpxdata:distance>
     <gpxdata:speed>0.836</gpxdata:speed>
    </extensions>
   </trkpt>
   <trkpt lat="46.5251874" lon="12.0175324">
    <ele>2284</ele>
    <time>2026-10-02T12:28:53Z</time>
    <extensions>
     <gpxdata:hr>140</gpxdata:hr>
     <gpxdata:distance>1054.00</gpxdata:distance>
     <gpxdata:speed>0.878</gpxdata:speed>
    </extensions>
   </trkpt>
   <trkpt lat="46.5251956" lon="12.0175335">
    <ele>2284</ele>
    <time>2026-10-02T12:28:54Z</time>
    <extensions>
     <gpxdata:hr>140</gpxdata:hr>
     <gpxdata:distance>1054.50</gpxdata:distance>
     <gpxdata:speed>0.903</gpxdata:speed>
    </extensions>
   </trkpt>
   <trkpt lat="46.5252031" lon="12.0175348">
    <ele>2284</ele>
    <time>2026-10-02T12:28:55Z</time>
    <extensions>
     <gpxdata:hr>141</gpxdata:hr>
     <gpxdata:distance>1055.00</gpxdata:distance>
     <gpxdata:speed>0.931</gpxdata:speed>
    </extensions>
   </trkpt>
   <trkpt lat="46.5252105" lon="12.0175365">
    <ele>2284</ele>
    <time>2026-10-02T12:28:56Z</time>
    <extensions>
     <gpxdata:hr>142</gpxdata:hr>
     <gpxdata:distance>1056.00</gpxdata:distance>
     <gpxdata:speed>0.933</gpxdata:speed>
    </extensions>
   </trkpt>
   <trkpt lat="46.5252180" lon="12.0175394">
    <ele>2284</ele>
    <time>2026-10-02T12:28:57Z</time>
    <extensions>
     <gpxdata:hr>142</gpxdata:hr>
     <gpxdata:distance>1057.00</gpxdata:distance>
     <gpxdata:speed>0.936</gpxdata:speed>
    </extensions>
   </trkpt>
   <trkpt lat="46.5252248" lon="12.0175435">
    <ele>2284</ele>
    <time>2026-10-02T12:28:58Z</time>
    <extensions>
     <gpxdata:hr>143</gpxdata:hr>
     <gpxdata:distance>1058.00</gpxdata:distance>
     <gpxdata:speed>0.928</gpxdata:speed>
    </extensions>
   </trkpt>
   <trkpt lat="46.5252297" lon="12.0175490">
    <ele>2285</ele>
    <time>2026-10-02T12:28:59Z</time>
    <extensions>
     <gpxdata:hr>143</gpxdata:hr>
     <gpxdata:distance>1059.00</gpxdata:distance>
     <gpxdata:speed>0.922</gpxdata:speed>
    </extensions>
   </trkpt>
   <trkpt lat="46.5252332" lon="12.0175564">
    <ele>2285</ele>
    <time>2026-10-02T12:29:00Z</time>
    <extensions>
     <gpxdata:hr>144</gpxdata:hr>
     <gpxdata:distance>1059.50</gpxdata:distance>
     <gpxdata:speed>0.917</gpxdata:speed>
    </extensions>
   </trkpt>
   <trkpt lat="46.5252356" lon="12.0175648">
    <ele>2285</ele>
    <time>2026-10-02T12:29:01Z</time>
    <extensions>
     <gpxdata:hr>144</gpxdata:hr>
     <gpxdata:distance>1060.00</gpxdata:distance>
     <gpxdata:speed>0.911</gpxdata:speed>
    </extensions>
   </trkpt>
   <trkpt lat="46.5252367" lon="12.0175721">
    <ele>2285</ele>
    <time>2026-10-02T12:29:02Z</time>
    <extensions>
     <gpxdata:hr>144</gpxdata:hr>
     <gpxdata:distance>1060.50</gpxdata:distance>
     <gpxdata:speed>0.906</gpxdata:speed>
    </extensions>
   </trkpt>
   <trkpt lat="46.5252379" lon="12.0175772">
    <ele>2286</ele>
    <time>2026-10-02T12:29:03Z</time>
    <extensions>
     <gpxdata:hr>145</gpxdata:hr>
     <gpxdata:distance>1061.00</gpxdata:distance>
     <gpxdata:speed>0.900</gpxdata:speed>
    </extensions>
   </trkpt>
   <trkpt lat="46.5252406" lon="12.0175804">
    <ele>2286</ele>
    <time>2026-10-02T12:29:04Z</time>
    <extensions>
     <gpxdata:hr>145</gpxdata:hr>
     <gpxdata:distance>1061.00</gpxdata:distance>
     <gpxdata:speed>0.892</gpxdata:speed>
    </extensions>
   </trkpt>
   <trkpt lat="46.5252456" lon="12.0175853">
    <ele>2286</ele>
    <time>2026-10-02T12:29:05Z</time>
    <extensions>
     <gpxdata:hr>146</gpxdata:hr>
     <gpxdata:distance>1061.00</gpxdata:distance>
     <gpxdata:speed>0.883</gpxdata:speed>
    </extensions>
   </trkpt>
   <trkpt lat="46.5252519" lon="12.0175926">
    <ele>2286</ele>
    <time>2026-10-02T12:29:06Z</time>
    <extensions>
     <gpxdata:hr>147</gpxdata:hr>
     <gpxdata:distance>1062.50</gpxdata:distance>
     <gpxdata:speed>0.878</gpxdata:speed>
    </extensions>
   </trkpt>
   <trkpt lat="46.5252580" lon="12.0176020">
    <ele>2286</ele>
    <time>2026-10-02T12:29:07Z</time>
    <extensions>
     <gpxdata:hr>147</gpxdata:hr>
     <gpxdata:distance>1064.00</gpxdata:distance>
     <gpxdata:speed>0.875</gpxdata:speed>
    </extensions>
   </trkpt>
   <trkpt lat="46.5252628" lon="12.0176128">
    <ele>2286</ele>
    <time>2026-10-02T12:29:08Z</time>
    <extensions>
     <gpxdata:hr>147</gpxdata:hr>
     <gpxdata:distance>1065.00</gpxdata:distance>
     <gpxdata:speed>0.867</gpxdata:speed>
    </extensions>
   </trkpt>
   <trkpt lat="46.5252659" lon="12.0176245">
    <ele>2286</ele>
    <time>2026-10-02T12:29:09Z</time>
    <extensions>
     <gpxdata:hr>147</gpxdata:hr>
     <gpxdata:distance>1066.00</gpxdata:distance>
     <gpxdata:speed>0.861</gpxdata:speed>
    </extensions>
   </trkpt>
   <trkpt lat="46.5252681" lon="12.0176357">
    <ele>2286</ele>
    <time>2026-10-02T12:29:10Z</time>
    <extensions>
     <gpxdata:hr>147</gpxdata:hr>
     <gpxdata:distance>1067.00</gpxdata:distance>
     <gpxdata:speed>0.864</gpxdata:speed>
    </extensions>
   </trkpt>
   <trkpt lat="46.5252705" lon="12.0176451">
    <ele>2287</ele>
    <time>2026-10-02T12:29:11Z</time>
    <extensions>
     <gpxdata:hr>148</gpxdata:hr>
     <gpxdata:distance>1068.00</gpxdata:distance>
     <gpxdata:speed>0.867</gpxdata:speed>
    </extensions>
   </trkpt>
   <trkpt lat="46.5252734" lon="12.0176524">
    <ele>2287</ele>
    <time>2026-10-02T12:29:12Z</time>
    <extensions>
     <gpxdata:hr>148</gpxdata:hr>
     <gpxdata:distance>1068.00</gpxdata:distance>
     <gpxdata:speed>0.867</gpxdata:speed>
    </extensions>
   </trkpt>
  </trkseg>
  <trkseg>
   <trkpt lat="46.5252762" lon="12.0176559">
    <ele>2288</ele>
    <time>2026-10-02T12:29:27Z</time>
    <extensions>
     <gpxdata:hr>150</gpxdata:hr>
     <gpxdata:distance>1068.00</gpxdata:distance>
    </extensions>
   </trkpt>
   <trkpt lat="46.5252783" lon="12.0176561">
    <ele>2288</ele>
    <time>2026-10-02T12:29:28Z</time>
    <extensions>
     <gpxdata:hr>149</gpxdata:hr>
     <gpxdata:distance>1068.00</gpxdata:distance>
    </extensions>
   </trkpt>
   <trkpt lat="46.5252806" lon="12.0176543">
    <ele>2288</ele>
    <time>2026-10-02T12:29:29Z</time>
    <extensions>
     <gpxdata:hr>149</gpxdata:hr>
     <gpxdata:distance>1068.00</gpxdata:distance>
    </extensions>
   </trkpt>
   <trkpt lat="46.5252833" lon="12.0176510">
    <ele>2288</ele>
    <time>2026-10-02T12:29:30Z</time>
    <extensions>
     <gpxdata:hr>149</gpxdata:hr>
     <gpxdata:distance>1069.00</gpxdata:distance>
    </extensions>
   </trkpt>
   <trkpt lat="46.5252867" lon="12.0176465">
    <ele>2289</ele>
    <time>2026-10-02T12:29:31Z</time>
    <extensions>
     <gpxdata:hr>148</gpxdata:hr>
     <gpxdata:distance>1070.00</gpxdata:distance>
    </extensions>
   </trkpt>
  </trkseg>
  <trkseg>
   <trkpt lat="46.5252982" lon="12.0176460">
    <ele>2290</ele>
    <time>2026-10-02T12:30:07Z</time>
    <extensions>
     <gpxdata:hr>108</gpxdata:hr>
     <gpxdata:distance>1071.00</gpxdata:distance>
    </extensions>
   </trkpt>
   <trkpt lat="46.5253077" lon="12.0176455">
    <ele>2290</ele>
    <time>2026-10-02T12:30:08Z</time>
    <extensions>
     <gpxdata:hr>107</gpxdata:hr>
     <gpxdata:distance>1071.00</gpxdata:distance>
    </extensions>
   </trkpt>
   <trkpt lat="46.5253164" lon="12.0176460">
    <ele>2290</ele>
    <time>2026-10-02T12:30:09Z</time>
    <extensions>
     <gpxdata:hr>108</gpxdata:hr>
     <gpxdata:distance>1071.00</gpxdata:distance>
    </extensions>
   </trkpt>
   <trkpt lat="46.5253252" lon="12.0176475">
    <ele>2290</ele>
    <time>2026-10-02T12:30:10Z</time>
    <extensions>
     <gpxdata:hr>109</gpxdata:hr>
     <gpxdata:distance>1073.50</gpxdata:distance>
    </extensions>
   </trkpt>
   <trkpt lat="46.5253346" lon="12.0176500">
    <ele>2290</ele>
    <time>2026-10-02T12:30:11Z</time>
    <extensions>
     <gpxdata:hr>110</gpxdata:hr>
     <gpxdata:distance>1076.00</gpxdata:distance>
    </extensions>
   </trkpt>
   <trkpt lat="46.5253445" lon="12.0176533">
    <ele>2290</ele>
    <time>2026-10-02T12:30:12Z</time>
    <extensions>
     <gpxdata:hr>110</gpxdata:hr>
     <gpxdata:distance>1077.00</gpxdata:distance>
    </extensions>
   </trkpt>
   <trkpt lat="46.5253545" lon="12.0176566">
    <ele>2290</ele>
    <time>2026-10-02T12:30:13Z</time>
    <extensions>
     <gpxdata:hr>111</gpxdata:hr>
     <gpxdata:distance>1078.00</gpxdata:distance>
    </extensions>
   </trkpt>
   <trkpt lat="46.5253642" lon="12.0176596">
    <ele>2290</ele>
    <time>2026-10-02T12:30:14Z</time>
    <extensions>
     <gpxdata:hr>111</gpxdata:hr>
     <gpxdata:distance>1079.00</gpxdata:distance>
    </extensions>
   </trkpt>
   <trkpt lat="46.5253735" lon="12.0176630">
    <ele>2290</ele>
    <time>2026-10-02T12:30:15Z</time>
    <extensions>
     <gpxdata:hr>112</gpxdata:hr>
     <gpxdata:distance>1080.00</gpxdata:distance>
    </extensions>
   </trkpt>
   <trkpt lat="46.5253820" lon="12.0176672">
    <ele>2290</ele>
    <time>2026-10-02T12:30:16Z</time>
    <extensions>
     <gpxdata:hr>112</gpxdata:hr>
     <gpxdata:distance>1081.00</gpxdata:distance>
    </extensions>
   </trkpt>
   <trkpt lat="46.5253902" lon="12.0176720">
    <ele>2290</ele>
    <time>2026-10-02T12:30:17Z</time>
    <extensions>
     <gpxdata:hr>112</gpxdata:hr>
     <gpxdata:distance>1082.00</gpxdata:distance>
    </extensions>
   </trkpt>
   <trkpt lat="46.5253973" lon="12.0176747">
    <ele>2290</ele>
    <time>2026-10-02T12:30:18Z</time>
    <extensions>
     <gpxdata:hr>113</gpxdata:hr>
     <gpxdata:distance>1082.00</gpxdata:distance>
    </extensions>
   </trkpt>
   <trkpt lat="46.5254038" lon="12.0176759">
    <ele>2291</ele>
    <time>2026-10-02T12:30:19Z</time>
    <extensions>
     <gpxdata:hr>114</gpxdata:hr>
     <gpxdata:distance>1082.00</gpxdata:distance>
    </extensions>
   </trkpt>
   <trkpt lat="46.5254099" lon="12.0176760">
    <ele>2291</ele>
    <time>2026-10-02T12:30:20Z</time>
    <extensions>
     <gpxdata:hr>114</gpxdata:hr>
     <gpxdata:distance>1082.00</gpxdata:distance>
    </extensions>
   </trkpt>
   <trkpt lat="46.5254158" lon="12.0176753">
    <ele>2291</ele>
    <time>2026-10-02T12:30:21Z</time>
    <extensions>
     <gpxdata:hr>115</gpxdata:hr>
     <gpxdata:distance>1082.00</gpxdata:distance>
    </extensions>
   </trkpt>
   <trkpt lat="46.5254219" lon="12.0176750">
    <ele>2291</ele>
    <time>2026-10-02T12:30:22Z</time>
    <extensions>
     <gpxdata:hr>116</gpxdata:hr>
     <gpxdata:distance>1083.50</gpxdata:distance>
    </extensions>
   </trkpt>
   <trkpt lat="46.5254283" lon="12.0176760">
    <ele>2291</ele>
    <time>2026-10-02T12:30:23Z</time>
    <extensions>
     <gpxdata:hr>117</gpxdata:hr>
     <gpxdata:distance>1085.00</gpxdata:distance>
    </extensions>
   </trkpt>
   <trkpt lat="46.5254351" lon="12.0176780">
    <ele>2291</ele>
    <time>2026-10-02T12:30:24Z</time>
    <extensions>
     <gpxdata:hr>117</gpxdata:hr>
     <gpxdata:distance>1086.00</gpxdata:distance>
    </extensions>
   </trkpt>
   <trkpt lat="46.5254421" lon="12.0176803">
    <ele>2291</ele>
    <time>2026-10-02T12:30:25Z</time>
    <extensions>
     <gpxdata:hr>117</gpxdata:hr>
     <gpxdata:distance>1087.00</gpxdata:distance>
    </extensions>
   </trkpt>
   <trkpt lat="46.5254493" lon="12.0176828">
    <ele>2291</ele>
    <time>2026-10-02T12:30:26Z</time>
    <extensions>
     <gpxdata:hr>118</gpxdata:hr>
     <gpxdata:distance>1087.50</gpxdata:distance>
    </extensions>
   </trkpt>
   <trkpt lat="46.5254568" lon="12.0176847">
    <ele>2292</ele>
    <time>2026-10-02T12:30:27Z</time>
    <extensions>
     <gpxdata:hr>118</gpxdata:hr>
     <gpxdata:distance>1088.00</gpxdata:distance>
    </extensions>
   </trkpt>
   <trkpt lat="46.5254646" lon="12.0176861">
    <ele>2292</ele>
    <time>2026-10-02T12:30:28Z</time>
    <extensions>
     <gpxdata:hr>119</gpxdata:hr>
     <gpxdata:distance>1089.00</gpxdata:distance>
     <gpxdata:speed>0.431</gpxdata:speed>
    </extensions>
   </trkpt>
   <trkpt lat="46.5254725" lon="12.0176870">
    <ele>2292</ele>
    <time>2026-10-02T12:30:29Z</time>
    <extensions>
     <gpxdata:hr>119</gpxdata:hr>
     <gpxdata:distance>1090.00</gpxdata:distance>
     <gpxdata:speed>0.864</gpxdata:speed>
    </extensions>
   </trkpt>
   <trkpt lat="46.5254807" lon="12.0176881">
    <ele>2292</ele>
    <time>2026-10-02T12:30:30Z</time>
    <extensions>
     <gpxdata:hr>120</gpxdata:hr>
     <gpxdata:distance>1091.00</gpxdata:distance>
     <gpxdata:speed>0.881</gpxdata:speed>
    </extensions>
   </trkpt>
   <trkpt lat="46.5254888" lon="12.0176895">
    <ele>2292</ele>
    <time>2026-10-02T12:30:31Z</time>
    <extensions>
     <gpxdata:hr>121</gpxdata:hr>
     <gpxdata:distance>1092.00</gpxdata:distance>
     <gpxdata:speed>0.897</gpxdata:speed>
    </extensions>
   </trkpt>
   <trkpt lat="46.5254964" lon="12.0176912">
    <ele>2292</ele>
    <time>2026-10-02T12:30:32Z</time>
    <extensions>
     <gpxdata:hr>122</gpxdata:hr>
     <gpxdata:distance>1093.00</gpxdata:distance>
     <gpxdata:speed>0.906</gpxdata:speed>
    </extensions>
   </trkpt>
   <trkpt lat="46.5255041" lon="12.0176929">
    <ele>2292</ele>
    <time>2026-10-02T12:30:33Z</time>
    <extensions>
     <gpxdata:hr>123</gpxdata:hr>
     <gpxdata:distance>1094.00</gpxdata:distance>
     <gpxdata:speed>0.917</gpxdata:speed>
    </extensions>
   </trkpt>
   <trkpt lat="46.5255120" lon="12.0176949">
    <ele>2292</ele>
    <time>2026-10-02T12:30:34Z</time>
    <extensions>
     <gpxdata:hr>124</gpxdata:hr>
     <gpxdata:distance>1095.00</gpxdata:distance>
     <gpxdata:speed>0.906</gpxdata:speed>
    </extensions>
   </trkpt>
   <trkpt lat="46.5255200" lon="12.0176971">
    <ele>2292</ele>
    <time>2026-10-02T12:30:35Z</time>
    <extensions>
     <gpxdata:hr>124</gpxdata:hr>
     <gpxdata:distance>1096.00</gpxdata:distance>
     <gpxdata:speed>0.897</gpxdata:speed>
    </extensions>
   </trkpt>
   <trkpt lat="46.5255278" lon="12.0176991">
    <ele>2292</ele>
    <time>2026-10-02T12:30:36Z</time>
    <extensions>
     <gpxdata:hr>124</gpxdata:hr>
     <gpxdata:distance>1096.50</gpxdata:distance>
     <gpxdata:speed>0.900</gpxdata:speed>
    </extensions>
   </trkpt>
   <trkpt lat="46.5255357" lon="12.0177000">
    <ele>2292</ele>
    <time>2026-10-02T12:30:37Z</time>
    <extensions>
     <gpxdata:hr>124</gpxdata:hr>
     <gpxdata:distance>1097.00</gpxdata:distance>
     <gpxdata:speed>0.906</gpxdata:speed>
    </extensions>
   </trkpt>
   <trkpt lat="46.5255441" lon="12.0177002">
    <ele>2292</ele>
    <time>2026-10-02T12:30:38Z</time>
    <extensions>
     <gpxdata:hr>125</gpxdata:hr>
     <gpxdata:distance>1098.00</gpxdata:distance>
     <gpxdata:speed>0.903</gpxdata:speed>
    </extensions>
   </trkpt>
   <trkpt lat="46.5255529" lon="12.0176997">
    <ele>2293</ele>
    <time>2026-10-02T12:30:39Z</time>
    <extensions>
     <gpxdata:hr>125</gpxdata:hr>
     <gpxdata:distance>1099.00</gpxdata:distance>
     <gpxdata:speed>0.903</gpxdata:speed>
    </extensions>
   </trkpt>
   <trkpt lat="46.5255617" lon="12.0176987">
    <ele>2293</ele>
    <time>2026-10-02T12:30:40Z</time>
    <extensions>
     <gpxdata:hr>125</gpxdata:hr>
     <gpxdata:distance>1100.00</gpxdata:distance>
     <gpxdata:speed>0.917</gpxdata:speed>
    </extensions>
   </trkpt>
   <trkpt lat="46.5255705" lon="12.0176977">
    <ele>2293</ele>
    <time>2026-10-02T12:30:41Z</time>
    <extensions>
     <gpxdata:hr>125</gpxdata:hr>
     <gpxdata:distance>1101.00</gpxdata:distance>
     <gpxdata:speed>0.931</gpxdata:speed>
    </extensions>
   </trkpt>
   <trkpt lat="46.5255798" lon="12.0176970">
    <ele>2293</ele>
    <time>2026-10-02T12:30:42Z</time>
    <extensions>
     <gpxdata:hr>125</gpxdata:hr>
     <gpxdata:distance>1102.00</gpxdata:distance>
     <gpxdata:speed>0.939</gpxdata:speed>
    </extensions>
   </trkpt>
   <trkpt lat="46.5255892" lon="12.0176972">
    <ele>2293</ele>
    <time>2026-10-02T12:30:43Z</time>
    <extensions>
     <gpxdata:hr>125</gpxdata:hr>
     <gpxdata:distance>1103.00</gpxdata:distance>
     <gpxdata:speed>0.950</gpxdata:speed>
    </extensions>
   </trkpt>
   <trkpt lat="46.5255989" lon="12.0176981">
    <ele>2293</ele>
    <time>2026-10-02T12:30:44Z</time>
    <extensions>
     <gpxdata:hr>127</gpxdata:hr>
     <gpxdata:distance>1104.00</gpxdata:distance>
     <gpxdata:speed>0.964</gpxdata:speed>
    </extensions>
   </trkpt>
   <trkpt lat="46.5256088" lon="12.0176994">
    <ele>2293</ele>
    <time>2026-10-02T12:30:45Z</time>
    <extensions>
     <gpxdata:hr>128</gpxdata:hr>
     <gpxdata:distance>1105.00</gpxdata:distance>
     <gpxdata:speed>0.978</gpxdata:speed>
    </extensions>
   </trkpt>
   <trkpt lat="46.5256189" lon="12.0177006">
    <ele>2293</ele>
    <time>2026-10-02T12:30:46Z</time>
    <extensions>
     <gpxdata:hr>128</gpxdata:hr>
     <gpxdata:distance>1106.50</gpxdata:distance>
     <gpxdata:speed>0.992</gpxdata:speed>
    </extensions>
   </trkpt>
   <trkpt lat="46.5256289" lon="12.0177009">
    <ele>2294</ele>
    <time>2026-10-02T12:30:47Z</time>
    <extensions>
     <gpxdata:hr>129</gpxdata:hr>
     <gpxdata:distance>1108.00</gpxdata:distance>
     <gpxdata:speed>1.008</gpxdata:speed>
    </extensions>
   </trkpt>
   <trkpt lat="46.5256385" lon="12.0177000">
    <ele>2294</ele>
    <time>2026-10-02T12:30:48Z</time>
    <extensions>
     <gpxdata:hr>130</gpxdata:hr>
     <gpxdata:distance>1109.00</gpxdata:distance>
     <gpxdata:speed>1.019</gpxdata:speed>
    </extensions>
   </trkpt>
   <trkpt lat="46.5256480" lon="12.0176984">
    <ele>2294</ele>
    <time>2026-10-02T12:30:49Z</time>
    <extensions>
     <gpxdata:hr>131</gpxdata:hr>
     <gpxdata:distance>1110.00</gpxdata:distance>
     <gpxdata:speed>1.031</gpxdata:speed>
    </extensions>
   </trkpt>
   <trkpt lat="46.5256574" lon="12.0176965">
    <ele>2294</ele>
    <time>2026-10-02T12:30:50Z</time>
    <extensions>
     <gpxdata:hr>132</gpxdata:hr>
     <gpxdata:distance>1111.00</gpxdata:distance>
     <gpxdata:speed>1.036</gpxdata:speed>
    </extensions>
   </trkpt>
   <trkpt lat="46.5256665" lon="12.0176940">
    <ele>2294</ele>
    <time>2026-10-02T12:30:51Z</time>
    <extensions>
     <gpxdata:hr>132</gpxdata:hr>
     <gpxdata:distance>1112.00</gpxdata:distance>
     <gpxdata:speed>1.042</gpxdata:speed>
    </extensions>
   </trkpt>
   <trkpt lat="46.5256754" lon="12.0176909">
    <ele>2294</ele>
    <time>2026-10-02T12:30:52Z</time>
    <extensions>
     <gpxdata:hr>132</gpxdata:hr>
     <gpxdata:distance>1113.00</gpxdata:distance>
     <gpxdata:speed>1.044</gpxdata:speed>
    </extensions>
   </trkpt>
   <trkpt lat="46.5256841" lon="12.0176877">
    <ele>2294</ele>
    <time>2026-10-02T12:30:53Z</time>
    <extensions>
     <gpxdata:hr>132</gpxdata:hr>
     <gpxdata:distance>1114.00</gpxdata:distance>
     <gpxdata:speed>1.047</gpxdata:speed>
    </extensions>
   </trkpt>
   <trkpt lat="46.5256923" lon="12.0176851">
    <ele>2294</ele>
    <time>2026-10-02T12:30:54Z</time>
    <extensions>
     <gpxdata:hr>133</gpxdata:hr>
     <gpxdata:distance>1115.00</gpxdata:distance>
     <gpxdata:speed>1.050</gpxdata:speed>
    </extensions>
   </trkpt>
   <trkpt lat="46.5257004" lon="12.0176829">
    <ele>2295</ele>
    <time>2026-10-02T12:30:55Z</time>
    <extensions>
     <gpxdata:hr>133</gpxdata:hr>
     <gpxdata:distance>1116.00</gpxdata:distance>
     <gpxdata:speed>1.056</gpxdata:speed>
    </extensions>
   </trkpt>
   <trkpt lat="46.5257084" lon="12.0176814">
    <ele>2295</ele>
    <time>2026-10-02T12:30:56Z</time>
    <extensions>
     <gpxdata:hr>133</gpxdata:hr>
     <gpxdata:distance>1117.00</gpxdata:distance>
     <gpxdata:speed>1.053</gpxdata:speed>
    </extensions>
   </trkpt>
   <trkpt lat="46.5257164" lon="12.0176801">
    <ele>2295</ele>
    <time>2026-10-02T12:30:57Z</time>
    <extensions>
     <gpxdata:hr>133</gpxdata:hr>
     <gpxdata:distance>1118.00</gpxdata:distance>
     <gpxdata:speed>1.050</gpxdata:speed>
    </extensions>
   </trkpt>
   <trkpt lat="46.5257243" lon="12.0176788">
    <ele>2295</ele>
    <time>2026-10-02T12:30:58Z</time>
    <extensions>
     <gpxdata:hr>133</gpxdata:hr>
     <gpxdata:distance>1118.50</gpxdata:distance>
     <gpxdata:speed>1.044</gpxdata:speed>
    </extensions>
   </trkpt>
   <trkpt lat="46.5257320" lon="12.0176775">
    <ele>2296</ele>
    <time>2026-10-02T12:30:59Z</time>
    <extensions>
     <gpxdata:hr>133</gpxdata:hr>
     <gpxdata:distance>1119.00</gpxdata:distance>
     <gpxdata:speed>1.039</gpxdata:speed>
    </extensions>
   </trkpt>
   <trkpt lat="46.5257397" lon="12.0176761">
    <ele>2296</ele>
    <time>2026-10-02T12:31:00Z</time>
    <extensions>
     <gpxdata:hr>134</gpxdata:hr>
     <gpxdata:distance>1120.00</gpxdata:distance>
     <gpxdata:speed>1.031</gpxdata:speed>
    </extensions>
   </trkpt>
   <trkpt lat="46.5257474" lon="12.0176742">
    <ele>2296</ele>
    <time>2026-10-02T12:31:01Z</time>
    <extensions>
     <gpxdata:hr>133</gpxdata:hr>
     <gpxdata:distance>1121.00</gpxdata:distance>
     <gpxdata:speed>1.025</gpxdata:speed>
    </extensions>
   </trkpt>
   <trkpt lat="46.5257551" lon="12.0176718">
    <ele>2296</ele>
    <time>2026-10-02T12:31:02Z</time>
    <extensions>
     <gpxdata:hr>134</gpxdata:hr>
     <gpxdata:distance>1122.00</gpxdata:distance>
     <gpxdata:speed>1.014</gpxdata:speed>
    </extensions>
   </trkpt>
   <trkpt lat="46.5257633" lon="12.0176692">
    <ele>2296</ele>
    <time>2026-10-02T12:31:03Z</time>
    <extensions>
     <gpxdata:hr>134</gpxdata:hr>
     <gpxdata:distance>1123.00</gpxdata:distance>
     <gpxdata:speed>1.006</gpxdata:speed>
    </extensions>
   </trkpt>
   <trkpt lat="46.5257718" lon="12.0176667">
    <ele>2296</ele>
    <time>2026-10-02T12:31:04Z</time>
    <extensions>
     <gpxdata:hr>134</gpxdata:hr>
     <gpxdata:distance>1124.00</gpxdata:distance>
     <gpxdata:speed>0.997</gpxdata:speed>
    </extensions>
   </trkpt>
   <trkpt lat="46.5257810" lon="12.0176652">
    <ele>2296</ele>
    <time>2026-10-02T12:31:05Z</time>
    <extensions>
     <gpxdata:hr>134</gpxdata:hr>
     <gpxdata:distance>1125.00</gpxdata:distance>
     <gpxdata:speed>0.989</gpxdata:speed>
    </extensions>
   </trkpt>
   <trkpt lat="46.5257904" lon="12.0176648">
    <ele>2296</ele>
    <time>2026-10-02T12:31:06Z</time>
    <extensions>
     <gpxdata:hr>134</gpxdata:hr>
     <gpxdata:distance>1126.00</gpxdata:distance>
     <gpxdata:speed>0.986</gpxdata:speed>
    </extensions>
   </trkpt>
   <trkpt lat="46.5257999" lon="12.0176646">
    <ele>2297</ele>
    <time>2026-10-02T12:31:07Z</time>
    <extensions>
     <gpxdata:hr>135</gpxdata:hr>
     <gpxdata:distance>1127.00</gpxdata:distance>
     <gpxdata:speed>0.986</gpxdata:speed>
    </extensions>
   </trkpt>
   <trkpt lat="46.5258094" lon="12.0176640">
    <ele>2297</ele>
    <time>2026-10-02T12:31:08Z</time>
    <extensions>
     <gpxdata:hr>135</gpxdata:hr>
     <gpxdata:distance>1128.00</gpxdata:distance>
     <gpxdata:speed>0.983</gpxdata:speed>
    </extensions>
   </trkpt>
   <trkpt lat="46.5258189" lon="12.0176629">
    <ele>2297</ele>
    <time>2026-10-02T12:31:09Z</time>
    <extensions>
     <gpxdata:hr>135</gpxdata:hr>
     <gpxdata:distance>1129.00</gpxdata:distance>
     <gpxdata:speed>0.981</gpxdata:speed>
    </extensions>
   </trkpt>
   <trkpt lat="46.5258282" lon="12.0176617">
    <ele>2297</ele>
    <time>2026-10-02T12:31:10Z</time>
    <extensions>
     <gpxdata:hr>135</gpxdata:hr>
     <gpxdata:distance>1130.00</gpxdata:distance>
     <gpxdata:speed>0.978</gpxdata:speed>
    </extensions>
   </trkpt>
   <trkpt lat="46.5258374" lon="12.0176609">
    <ele>2297</ele>
    <time>2026-10-02T12:31:11Z</time>
    <extensions>
     <gpxdata:hr>135</gpxdata:hr>
     <gpxdata:distance>1131.00</gpxdata:distance>
     <gpxdata:speed>0.978</gpxdata:speed>
    </extensions>
   </trkpt>
   <trkpt lat="46.5258461" lon="12.0176599">
    <ele>2297</ele>
    <time>2026-10-02T12:31:12Z</time>
    <extensions>
     <gpxdata:hr>136</gpxdata:hr>
     <gpxdata:distance>1132.00</gpxdata:distance>
     <gpxdata:speed>0.981</gpxdata:speed>
    </extensions>
   </trkpt>
   <trkpt lat="46.5258544" lon="12.0176587">
    <ele>2297</ele>
    <time>2026-10-02T12:31:13Z</time>
    <extensions>
     <gpxdata:hr>137</gpxdata:hr>
     <gpxdata:distance>1133.00</gpxdata:distance>
     <gpxdata:speed>0.983</gpxdata:speed>
    </extensions>
   </trkpt>
   <trkpt lat="46.5258621" lon="12.0176571">
    <ele>2297</ele>
    <time>2026-10-02T12:31:14Z</time>
    <extensions>
     <gpxdata:hr>138</gpxdata:hr>
     <gpxdata:distance>1134.00</gpxdata:distance>
     <gpxdata:speed>0.983</gpxdata:speed>
    </extensions>
   </trkpt>
   <trkpt lat="46.5258693" lon="12.0176547">
    <ele>2298</ele>
    <time>2026-10-02T12:31:15Z</time>
    <extensions>
     <gpxdata:hr>140</gpxdata:hr>
     <gpxdata:distance>1135.00</gpxdata:distance>
     <gpxdata:speed>0.986</gpxdata:speed>
    </extensions>
   </trkpt>
   <trkpt lat="46.5258761" lon="12.0176511">
    <ele>2298</ele>
    <time>2026-10-02T12:31:16Z</time>
    <extensions>
     <gpxdata:hr>142</gpxdata:hr>
     <gpxdata:distance>1135.50</gpxdata:distance>
     <gpxdata:speed>0.983</gpxdata:speed>
    </extensions>
   </trkpt>
   <trkpt lat="46.5258828" lon="12.0176473">
    <ele>2298</ele>
    <time>2026-10-02T12:31:17Z</time>
    <extensions>
     <gpxdata:hr>144</gpxdata:hr>
     <gpxdata:distance>1136.00</gpxdata:distance>
     <gpxdata:speed>0.981</gpxdata:speed>
    </extensions>
   </trkpt>
   <trkpt lat="46.5258895" lon="12.0176440">
    <ele>2298</ele>
    <time>2026-10-02T12:31:18Z</time>
    <extensions>
     <gpxdata:hr>144</gpxdata:hr>
     <gpxdata:distance>1137.00</gpxdata:distance>
     <gpxdata:speed>0.978</gpxdata:speed>
    </extensions>
   </trkpt>
   <trkpt lat="46.5258923" lon="12.0176430">
    <ele>2299</ele>
    <time>2026-10-02T12:31:19Z</time>
    <extensions>
     <gpxdata:hr>145</gpxdata:hr>
     <gpxdata:distance>1138.00</gpxdata:distance>
     <gpxdata:speed>0.975</gpxdata:speed>
    </extensions>
   </trkpt>
   <trkpt lat="46.5258950" lon="12.0176420">
    <ele>2299</ele>
    <time>2026-10-02T12:31:20Z</time>
    <extensions>
     <gpxdata:hr>145</gpxdata:hr>
     <gpxdata:distance>1138.50</gpxdata:distance>
     <gpxdata:speed>0.972</gpxdata:speed>
    </extensions>
   </trkpt>
   <trkpt lat="46.5258978" lon="12.0176410">
    <ele>2299</ele>
    <time>2026-10-02T12:31:21Z</time>
    <extensions>
     <gpxdata:hr>145</gpxdata:hr>
     <gpxdata:distance>1139.00</gpxdata:distance>
     <gpxdata:speed>0.969</gpxdata:speed>
    </extensions>
   </trkpt>
   <trkpt lat="46.5259053" lon="12.0176399">
    <ele>2299</ele>
    <time>2026-10-02T12:31:22Z</time>
    <extensions>
     <gpxdata:hr>145</gpxdata:hr>
     <gpxdata:distance>1140.00</gpxdata:distance>
     <gpxdata:speed>0.967</gpxdata:speed>
    </extensions>
   </trkpt>
   <trkpt lat="46.5259123" lon="12.0176409">
    <ele>2299</ele>
    <time>2026-10-02T12:31:23Z</time>
    <extensions>
     <gpxdata:hr>145</gpxdata:hr>
     <gpxdata:distance>1141.00</gpxdata:distance>
     <gpxdata:speed>0.964</gpxdata:speed>
    </extensions>
   </trkpt>
   <trkpt lat="46.5259188" lon="12.0176435">
    <ele>2299</ele>
    <time>2026-10-02T12:31:24Z</time>
    <extensions>
     <gpxdata:hr>145</gpxdata:hr>
     <gpxdata:distance>1141.50</gpxdata:distance>
     <gpxdata:speed>0.958</gpxdata:speed>
    </extensions>
   </trkpt>
   <trkpt lat="46.5259250" lon="12.0176469">
    <ele>2299</ele>
    <time>2026-10-02T12:31:25Z</time>
    <extensions>
     <gpxdata:hr>145</gpxdata:hr>
     <gpxdata:distance>1142.00</gpxdata:distance>
     <gpxdata:speed>0.956</gpxdata:speed>
    </extensions>
   </trkpt>
   <trkpt lat="46.5259314" lon="12.0176506">
    <ele>2299</ele>
    <time>2026-10-02T12:31:26Z</time>
    <extensions>
     <gpxdata:hr>145</gpxdata:hr>
     <gpxdata:distance>1143.00</gpxdata:distance>
     <gpxdata:speed>0.950</gpxdata:speed>
    </extensions>
   </trkpt>
   <trkpt lat="46.5259377" lon="12.0176544">
    <ele>2300</ele>
    <time>2026-10-02T12:31:27Z</time>
    <extensions>
     <gpxdata:hr>145</gpxdata:hr>
     <gpxdata:distance>1144.00</gpxdata:distance>
     <gpxdata:speed>0.947</gpxdata:speed>
    </extensions>
   </trkpt>
   <trkpt lat="46.5259442" lon="12.0176579">
    <ele>2300</ele>
    <time>2026-10-02T12:31:28Z</time>
    <extensions>
     <gpxdata:hr>145</gpxdata:hr>
     <gpxdata:distance>1144.50</gpxdata:distance>
     <gpxdata:speed>0.944</gpxdata:speed>
    </extensions>
   </trkpt>
   <trkpt lat="46.5259512" lon="12.0176612">
    <ele>2300</ele>
    <time>2026-10-02T12:31:29Z</time>
    <extensions>
     <gpxdata:hr>146</gpxdata:hr>
     <gpxdata:distance>1145.00</gpxdata:distance>
     <gpxdata:speed>0.942</gpxdata:speed>
    </extensions>
   </trkpt>
   <trkpt lat="46.5259580" lon="12.0176646">
    <ele>2300</ele>
    <time>2026-10-02T12:31:30Z</time>
    <extensions>
     <gpxdata:hr>146</gpxdata:hr>
     <gpxdata:distance>1146.00</gpxdata:distance>
     <gpxdata:speed>0.939</gpxdata:speed>
    </extensions>
   </trkpt>
   <trkpt lat="46.5259603" lon="12.0176649">
    <ele>2301</ele>
    <time>2026-10-02T12:31:31Z</time>
    <extensions>
     <gpxdata:hr>146</gpxdata:hr>
     <gpxdata:distance>1147.00</gpxdata:distance>
     <gpxdata:speed>0.936</gpxdata:speed>
    </extensions>
   </trkpt>
   <trkpt lat="46.5259626" lon="12.0176652">
    <ele>2301</ele>
    <time>2026-10-02T12:31:32Z</time>
    <extensions>
     <gpxdata:hr>147</gpxdata:hr>
     <gpxdata:distance>1147.00</gpxdata:distance>
     <gpxdata:speed>0.933</gpxdata:speed>
    </extensions>
   </trkpt>
   <trkpt lat="46.5259649" lon="12.0176655">
    <ele>2301</ele>
    <time>2026-10-02T12:31:33Z</time>
    <extensions>
     <gpxdata:hr>147</gpxdata:hr>
     <gpxdata:distance>1147.00</gpxdata:distance>
     <gpxdata:speed>0.931</gpxdata:speed>
    </extensions>
   </trkpt>
   <trkpt lat="46.5259701" lon="12.0176652">
    <ele>2301</ele>
    <time>2026-10-02T12:31:34Z</time>
    <extensions>
     <gpxdata:hr>148</gpxdata:hr>
     <gpxdata:distance>1147.00</gpxdata:distance>
     <gpxdata:speed>0.464</gpxdata:speed>
    </extensions>
   </trkpt>
   <trkpt lat="46.5259745" lon="12.0176652">
    <ele>2301</ele>
    <time>2026-10-02T12:31:35Z</time>
    <extensions>
     <gpxdata:hr>148</gpxdata:hr>
     <gpxdata:distance>1147.00</gpxdata:distance>
    </extensions>
   </trkpt>
   <trkpt lat="46.5259788" lon="12.0176661">
    <ele>2301</ele>
    <time>2026-10-02T12:31:36Z</time>
    <extensions>
     <gpxdata:hr>148</gpxdata:hr>
     <gpxdata:distance>1148.00</gpxdata:distance>
    </extensions>
   </trkpt>
   <trkpt lat="46.5259846" lon="12.0176685">
    <ele>2301</ele>
    <time>2026-10-02T12:31:37Z</time>
    <extensions>
     <gpxdata:hr>148</gpxdata:hr>
     <gpxdata:distance>1149.00</gpxdata:distance>
    </extensions>
   </trkpt>
   <trkpt lat="46.5259906" lon="12.0176701">
    <ele>2301</ele>
    <time>2026-10-02T12:31:38Z</time>
    <extensions>
     <gpxdata:hr>149</gpxdata:hr>
     <gpxdata:distance>1149.50</gpxdata:distance>
     <gpxdata:speed>0.417</gpxdata:speed>
    </extensions>
   </trkpt>
   <trkpt lat="46.5259967" lon="12.0176710">
    <ele>2301</ele>
    <time>2026-10-02T12:31:39Z</time>
    <extensions>
     <gpxdata:hr>149</gpxdata:hr>
     <gpxdata:distance>1150.00</gpxdata:distance>
     <gpxdata:speed>0.836</gpxdata:speed>
    </extensions>
   </trkpt>
   <trkpt lat="46.5260029" lon="12.0176712">
    <ele>2301</ele>
    <time>2026-10-02T12:31:40Z</time>
    <extensions>
     <gpxdata:hr>150</gpxdata:hr>
     <gpxdata:distance>1150.50</gpxdata:distance>
     <gpxdata:speed>0.833</gpxdata:speed>
    </extensions>
   </trkpt>
   <trkpt lat="46.5260093" lon="12.0176709">
    <ele>2301</ele>
    <time>2026-10-02T12:31:41Z</time>
    <extensions>
     <gpxdata:hr>151</gpxdata:hr>
     <gpxdata:distance>1151.00</gpxdata:distance>
     <gpxdata:speed>0.833</gpxdata:speed>
    </extensions>
   </trkpt>
   <trkpt lat="46.5260158" lon="12.0176707">
    <ele>2301</ele>
    <time>2026-10-02T12:31:42Z</time>
    <extensions>
     <gpxdata:hr>152</gpxdata:hr>
     <gpxdata:distance>1152.00</gpxdata:distance>
     <gpxdata:speed>0.825</gpxdata:speed>
    </extensions>
   </trkpt>
   <trkpt lat="46.5260187" lon="12.0176703">
    <ele>2302</ele>
    <time>2026-10-02T12:31:43Z</time>
    <extensions>
     <gpxdata:hr>152</gpxdata:hr>
     <gpxdata:distance>1153.00</gpxdata:distance>
     <gpxdata:speed>0.817</gpxdata:speed>
    </extensions>
   </trkpt>
   <trkpt lat="46.5260216" lon="12.0176700">
    <ele>2302</ele>
    <time>2026-10-02T12:31:44Z</time>
    <extensions>
     <gpxdata:hr>153</gpxdata:hr>
     <gpxdata:distance>1153.00</gpxdata:distance>
     <gpxdata:speed>0.803</gpxdata:speed>
    </extensions>
   </trkpt>
   <trkpt lat="46.5260244" lon="12.0176696">
    <ele>2302</ele>
    <time>2026-10-02T12:31:45Z</time>
    <extensions>
     <gpxdata:hr>153</gpxdata:hr>
     <gpxdata:distance>1153.00</gpxdata:distance>
     <gpxdata:speed>0.792</gpxdata:speed>
    </extensions>
   </trkpt>
   <trkpt lat="46.5260321" lon="12.0176681">
    <ele>2302</ele>
    <time>2026-10-02T12:31:46Z</time>
    <extensions>
     <gpxdata:hr>153</gpxdata:hr>
     <gpxdata:distance>1154.00</gpxdata:distance>
     <gpxdata:speed>0.781</gpxdata:speed>
    </extensions>
   </trkpt>
   <trkpt lat="46.5260393" lon="12.0176663">
    <ele>2302</ele>
    <time>2026-10-02T12:31:47Z</time>
    <extensions>
     <gpxdata:hr>154</gpxdata:hr>
     <gpxdata:distance>1155.00</gpxdata:distance>
     <gpxdata:speed>0.769</gpxdata:speed>
    </extensions>
   </trkpt>
   <trkpt lat="46.5260465" lon="12.0176644">
    <ele>2302</ele>
    <time>2026-10-02T12:31:48Z</time>
    <extensions>
     <gpxdata:hr>154</gpxdata:hr>
     <gpxdata:distance>1156.00</gpxdata:distance>
     <gpxdata:speed>0.767</gpxdata:speed>
    </extensions>
   </trkpt>
   <trkpt lat="46.5260534" lon="12.0176629">
    <ele>2302</ele>
    <time>2026-10-02T12:31:49Z</time>
    <extensions>
     <gpxdata:hr>154</gpxdata:hr>
     <gpxdata:distance>1157.00</gpxdata:distance>
     <gpxdata:speed>0.767</gpxdata:speed>
    </extensions>
   </trkpt>
   <trkpt lat="46.5260603" lon="12.0176617">
    <ele>2302</ele>
    <time>2026-10-02T12:31:50Z</time>
    <extensions>
     <gpxdata:hr>154</gpxdata:hr>
     <gpxdata:distance>1157.50</gpxdata:distance>
     <gpxdata:speed>0.767</gpxdata:speed>
    </extensions>
   </trkpt>
   <trkpt lat="46.5260675" lon="12.0176611">
    <ele>2303</ele>
    <time>2026-10-02T12:31:51Z</time>
    <extensions>
     <gpxdata:hr>154</gpxdata:hr>
     <gpxdata:distance>1158.00</gpxdata:distance>
     <gpxdata:speed>0.767</gpxdata:speed>
    </extensions>
   </trkpt>
   <trkpt lat="46.5260745" lon="12.0176609">
    <ele>2303</ele>
    <time>2026-10-02T12:31:52Z</time>
    <extensions>
     <gpxdata:hr>155</gpxdata:hr>
     <gpxdata:distance>1159.00</gpxdata:distance>
     <gpxdata:speed>0.767</gpxdata:speed>
    </extensions>
   </trkpt>
   <trkpt lat="46.5260814" lon="12.0176602">
    <ele>2303</ele>
    <time>2026-10-02T12:31:53Z</time>
    <extensions>
     <gpxdata:hr>155</gpxdata:hr>
     <gpxdata:distance>1160.00</gpxdata:distance>
     <gpxdata:speed>0.767</gpxdata:speed>
    </extensions>
   </trkpt>
   <trkpt lat="46.5260878" lon="12.0176592">
    <ele>2303</ele>
    <time>2026-10-02T12:31:54Z</time>
    <extensions>
     <gpxdata:hr>155</gpxdata:hr>
     <gpxdata:distance>1160.50</gpxdata:distance>
     <gpxdata:speed>0.767</gpxdata:speed>
    </extensions>
   </trkpt>
   <trkpt lat="46.5260938" lon="12.0176585">
    <ele>2303</ele>
    <time>2026-10-02T12:31:55Z</time>
    <extensions>
     <gpxdata:hr>155</gpxdata:hr>
     <gpxdata:distance>1161.00</gpxdata:distance>
     <gpxdata:speed>0.767</gpxdata:speed>
    </extensions>
   </trkpt>
   <trkpt lat="46.5260998" lon="12.0176582">
    <ele>2303</ele>
    <time>2026-10-02T12:31:56Z</time>
    <extensions>
     <gpxdata:hr>155</gpxdata:hr>
     <gpxdata:distance>1161.50</gpxdata:distance>
     <gpxdata:speed>0.764</gpxdata:speed>
    </extensions>
   </trkpt>
   <trkpt lat="46.5261055" lon="12.0176586">
    <ele>2303</ele>
    <time>2026-10-02T12:31:57Z</time>
    <extensions>
     <gpxdata:hr>155</gpxdata:hr>
     <gpxdata:distance>1162.00</gpxdata:distance>
     <gpxdata:speed>0.764</gpxdata:speed>
    </extensions>
   </trkpt>
   <trkpt lat="46.5261110" lon="12.0176594">
    <ele>2303</ele>
    <time>2026-10-02T12:31:58Z</time>
    <extensions>
     <gpxdata:hr>155</gpxdata:hr>
     <gpxdata:distance>1163.00</gpxdata:distance>
     <gpxdata:speed>0.761</gpxdata:speed>
    </extensions>
   </trkpt>
   <trkpt lat="46.5261170" lon="12.0176605">
    <ele>2304</ele>
    <time>2026-10-02T12:31:59Z</time>
    <extensions>
     <gpxdata:hr>155</gpxdata:hr>
     <gpxdata:distance>1164.00</gpxdata:distance>
     <gpxdata:speed>0.758</gpxdata:speed>
    </extensions>
   </trkpt>
   <trkpt lat="46.5261234" lon="12.0176616">
    <ele>2304</ele>
    <time>2026-10-02T12:32:00Z</time>
    <extensions>
     <gpxdata:hr>156</gpxdata:hr>
     <gpxdata:distance>1164.50</gpxdata:distance>
     <gpxdata:speed>0.756</gpxdata:speed>
    </extensions>
   </trkpt>
   <trkpt lat="46.5261298" lon="12.0176623">
    <ele>2304</ele>
    <time>2026-10-02T12:32:01Z</time>
    <extensions>
     <gpxdata:hr>156</gpxdata:hr>
     <gpxdata:distance>1165.00</gpxdata:distance>
     <gpxdata:speed>0.756</gpxdata:speed>
    </extensions>
   </trkpt>
   <trkpt lat="46.5261364" lon="12.0176626">
    <ele>2304</ele>
    <time>2026-10-02T12:32:02Z</time>
    <extensions>
     <gpxdata:hr>157</gpxdata:hr>
     <gpxdata:distance>1166.00</gpxdata:distance>
     <gpxdata:speed>0.753</gpxdata:speed>
    </extensions>
   </trkpt>
   <trkpt lat="46.5261449" lon="12.0176622">
    <ele>2305</ele>
    <time>2026-10-02T12:32:03Z</time>
    <extensions>
     <gpxdata:hr>157</gpxdata:hr>
     <gpxdata:distance>1167.00</gpxdata:distance>
     <gpxdata:speed>0.753</gpxdata:speed>
    </extensions>
   </trkpt>
   <trkpt lat="46.5261527" lon="12.0176622">
    <ele>2305</ele>
    <time>2026-10-02T12:32:04Z</time>
    <extensions>
     <gpxdata:hr>158</gpxdata:hr>
     <gpxdata:distance>1167.50</gpxdata:distance>
     <gpxdata:speed>0.750</gpxdata:speed>
    </extensions>
   </trkpt>
  </trkseg>
  <trkseg>
   <trkpt lat="46.5261647" lon="12.0176601">
    <ele>2306</ele>
    <time>2026-10-02T12:32:14Z</time>
    <extensions>
     <gpxdata:hr>160</gpxdata:hr>
     <gpxdata:distance>1169.00</gpxdata:distance>
    </extensions>
   </trkpt>
   <trkpt lat="46.5261734" lon="12.0176575">
    <ele>2307</ele>
    <time>2026-10-02T12:32:15Z</time>
    <extensions>
     <gpxdata:hr>161</gpxdata:hr>
     <gpxdata:distance>1169.00</gpxdata:distance>
    </extensions>
   </trkpt>
   <trkpt lat="46.5261803" lon="12.0176549">
    <ele>2307</ele>
    <time>2026-10-02T12:32:16Z</time>
    <extensions>
     <gpxdata:hr>161</gpxdata:hr>
     <gpxdata:distance>1169.00</gpxdata:distance>
     <gpxdata:speed>0.397</gpxdata:speed>
    </extensions>
   </trkpt>
   <trkpt lat="46.5261862" lon="12.0176527">
    <ele>2307</ele>
    <time>2026-10-02T12:32:17Z</time>
    <extensions>
     <gpxdata:hr>161</gpxdata:hr>
     <gpxdata:distance>1169.00</gpxdata:distance>
     <gpxdata:speed>0.794</gpxdata:speed>
    </extensions>
   </trkpt>
   <trkpt lat="46.5261916" lon="12.0176509">
    <ele>2307</ele>
    <time>2026-10-02T12:32:18Z</time>
    <extensions>
     <gpxdata:hr>161</gpxdata:hr>
     <gpxdata:distance>1171.00</gpxdata:distance>
     <gpxdata:speed>0.397</gpxdata:speed>
    </extensions>
   </trkpt>
   <trkpt lat="46.5261968" lon="12.0176498">
    <ele>2307</ele>
    <time>2026-10-02T12:32:19Z</time>
    <extensions>
     <gpxdata:hr>161</gpxdata:hr>
     <gpxdata:distance>1173.00</gpxdata:distance>
    </extensions>
   </trkpt>
   <trkpt lat="46.5262019" lon="12.0176493">
    <ele>2307</ele>
    <time>2026-10-02T12:32:20Z</time>
    <extensions>
     <gpxdata:hr>161</gpxdata:hr>
     <gpxdata:distance>1173.00</gpxdata:distance>
    </extensions>
   </trkpt>
   <trkpt lat="46.5262071" lon="12.0176495">
    <ele>2307</ele>
    <time>2026-10-02T12:32:21Z</time>
    <extensions>
     <gpxdata:hr>161</gpxdata:hr>
     <gpxdata:distance>1173.00</gpxdata:distance>
    </extensions>
   </trkpt>
   <trkpt lat="46.5262126" lon="12.0176504">
    <ele>2307</ele>
    <time>2026-10-02T12:32:22Z</time>
    <extensions>
     <gpxdata:hr>161</gpxdata:hr>
     <gpxdata:distance>1174.00</gpxdata:distance>
     <gpxdata:speed>0.225</gpxdata:speed>
    </extensions>
   </trkpt>
   <trkpt lat="46.5262186" lon="12.0176519">
    <ele>2308</ele>
    <time>2026-10-02T12:32:23Z</time>
    <extensions>
     <gpxdata:hr>161</gpxdata:hr>
     <gpxdata:distance>1175.00</gpxdata:distance>
     <gpxdata:speed>0.450</gpxdata:speed>
    </extensions>
   </trkpt>
   <trkpt lat="46.5262246" lon="12.0176529">
    <ele>2308</ele>
    <time>2026-10-02T12:32:24Z</time>
    <extensions>
     <gpxdata:hr>161</gpxdata:hr>
     <gpxdata:distance>1175.50</gpxdata:distance>
     <gpxdata:speed>0.458</gpxdata:speed>
    </extensions>
   </trkpt>
   <trkpt lat="46.5262318" lon="12.0176528">
    <ele>2308</ele>
    <time>2026-10-02T12:32:25Z</time>
    <extensions>
     <gpxdata:hr>161</gpxdata:hr>
     <gpxdata:distance>1176.00</gpxdata:distance>
     <gpxdata:speed>0.467</gpxdata:speed>
    </extensions>
   </trkpt>
   <trkpt lat="46.5262379" lon="12.0176522">
    <ele>2308</ele>
    <time>2026-10-02T12:32:26Z</time>
    <extensions>
     <gpxdata:hr>161</gpxdata:hr>
     <gpxdata:distance>1176.00</gpxdata:distance>
     <gpxdata:speed>0.233</gpxdata:speed>
    </extensions>
   </trkpt>
   <trkpt lat="46.5262434" lon="12.0176517">
    <ele>2308</ele>
    <time>2026-10-02T12:32:27Z</time>
    <extensions>
     <gpxdata:hr>160</gpxdata:hr>
     <gpxdata:distance>1176.00</gpxdata:distance>
    </extensions>
   </trkpt>
   <trkpt lat="46.5262487" lon="12.0176510">
    <ele>2308</ele>
    <time>2026-10-02T12:32:28Z</time>
    <extensions>
     <gpxdata:hr>160</gpxdata:hr>
     <gpxdata:distance>1176.00</gpxdata:distance>
     <gpxdata:speed>0.422</gpxdata:speed>
    </extensions>
   </trkpt>
   <trkpt lat="46.5262543" lon="12.0176504">
    <ele>2308</ele>
    <time>2026-10-02T12:32:29Z</time>
    <extensions>
     <gpxdata:hr>159</gpxdata:hr>
     <gpxdata:distance>1176.00</gpxdata:distance>
     <gpxdata:speed>0.844</gpxdata:speed>
    </extensions>
   </trkpt>
   <trkpt lat="46.5262603" lon="12.0176503">
    <ele>2308</ele>
    <time>2026-10-02T12:32:30Z</time>
    <extensions>
     <gpxdata:hr>158</gpxdata:hr>
     <gpxdata:distance>1178.00</gpxdata:distance>
     <gpxdata:speed>0.678</gpxdata:speed>
    </extensions>
   </trkpt>
   <trkpt lat="46.5262662" lon="12.0176514">
    <ele>2309</ele>
    <time>2026-10-02T12:32:31Z</time>
    <extensions>
     <gpxdata:hr>157</gpxdata:hr>
     <gpxdata:distance>1180.00</gpxdata:distance>
     <gpxdata:speed>0.514</gpxdata:speed>
    </extensions>
   </trkpt>
   <trkpt lat="46.5262720" lon="12.0176531">
    <ele>2309</ele>
    <time>2026-10-02T12:32:32Z</time>
    <extensions>
     <gpxdata:hr>157</gpxdata:hr>
     <gpxdata:distance>1180.50</gpxdata:distance>
     <gpxdata:speed>0.517</gpxdata:speed>
    </extensions>
   </trkpt>
   <trkpt lat="46.5262779" lon="12.0176533">
    <ele>2309</ele>
    <time>2026-10-02T12:32:33Z</time>
    <extensions>
     <gpxdata:hr>157</gpxdata:hr>
     <gpxdata:distance>1181.00</gpxdata:distance>
     <gpxdata:speed>0.519</gpxdata:speed>
    </extensions>
   </trkpt>
   <trkpt lat="46.5262837" lon="12.0176521">
    <ele>2309</ele>
    <time>2026-10-02T12:32:34Z</time>
    <extensions>
     <gpxdata:hr>157</gpxdata:hr>
     <gpxdata:distance>1181.50</gpxdata:distance>
     <gpxdata:speed>0.522</gpxdata:speed>
    </extensions>
   </trkpt>
   <trkpt lat="46.5262897" lon="12.0176507">
    <ele>2310</ele>
    <time>2026-10-02T12:32:35Z</time>
    <extensions>
     <gpxdata:hr>157</gpxdata:hr>
     <gpxdata:distance>1182.00</gpxdata:distance>
     <gpxdata:speed>0.528</gpxdata:speed>
    </extensions>
   </trkpt>
   <trkpt lat="46.5262964" lon="12.0176498">
    <ele>2310</ele>
    <time>2026-10-02T12:32:36Z</time>
    <extensions>
     <gpxdata:hr>157</gpxdata:hr>
     <gpxdata:distance>1183.00</gpxdata:distance>
     <gpxdata:speed>0.531</gpxdata:speed>
    </extensions>
   </trkpt>
   <trkpt lat="46.5263034" lon="12.0176497">
    <ele>2310</ele>
    <time>2026-10-02T12:32:37Z</time>
    <extensions>
     <gpxdata:hr>157</gpxdata:hr>
     <gpxdata:distance>1184.00</gpxdata:distance>
     <gpxdata:speed>0.533</gpxdata:speed>
    </extensions>
   </trkpt>
   <trkpt lat="46.5263105" lon="12.0176500">
    <ele>2310</ele>
    <time>2026-10-02T12:32:38Z</time>
    <extensions>
     <gpxdata:hr>158</gpxdata:hr>
     <gpxdata:distance>1185.00</gpxdata:distance>
     <gpxdata:speed>0.539</gpxdata:speed>
    </extensions>
   </trkpt>
   <trkpt lat="46.5263179" lon="12.0176497">
    <ele>2310</ele>
    <time>2026-10-02T12:32:39Z</time>
    <extensions>
     <gpxdata:hr>158</gpxdata:hr>
     <gpxdata:distance>1186.00</gpxdata:distance>
     <gpxdata:speed>0.544</gpxdata:speed>
    </extensions>
   </trkpt>
   <trkpt lat="46.5263260" lon="12.0176490">
    <ele>2310</ele>
    <time>2026-10-02T12:32:40Z</time>
    <extensions>
     <gpxdata:hr>158</gpxdata:hr>
     <gpxdata:distance>1186.50</gpxdata:distance>
     <gpxdata:speed>0.547</gpxdata:speed>
    </extensions>
   </trkpt>
   <trkpt lat="46.5263346" lon="12.0176478">
    <ele>2310</ele>
    <time>2026-10-02T12:32:41Z</time>
    <extensions>
     <gpxdata:hr>158</gpxdata:hr>
     <gpxdata:distance>1187.00</gpxdata:distance>
     <gpxdata:speed>0.550</gpxdata:speed>
    </extensions>
   </trkpt>
   <trkpt lat="46.5263433" lon="12.0176464">
    <ele>2310</ele>
    <time>2026-10-02T12:32:42Z</time>
    <extensions>
     <gpxdata:hr>158</gpxdata:hr>
     <gpxdata:distance>1188.00</gpxdata:distance>
     <gpxdata:speed>0.553</gpxdata:speed>
    </extensions>
   </trkpt>
   <trkpt lat="46.5263518" lon="12.0176450">
    <ele>2311</ele>
    <time>2026-10-02T12:32:43Z</time>
    <extensions>
     <gpxdata:hr>159</gpxdata:hr>
     <gpxdata:distance>1189.00</gpxdata:distance>
     <gpxdata:speed>0.558</gpxdata:speed>
    </extensions>
   </trkpt>
   <trkpt lat="46.5263606" lon="12.0176443">
    <ele>2311</ele>
    <time>2026-10-02T12:32:44Z</time>
    <extensions>
     <gpxdata:hr>159</gpxdata:hr>
     <gpxdata:distance>1190.00</gpxdata:distance>
     <gpxdata:speed>0.564</gpxdata:speed>
    </extensions>
   </trkpt>
   <trkpt lat="46.5263692" lon="12.0176444">
    <ele>2311</ele>
    <time>2026-10-02T12:32:45Z</time>
    <extensions>
     <gpxdata:hr>159</gpxdata:hr>
     <gpxdata:distance>1191.00</gpxdata:distance>
     <gpxdata:speed>0.572</gpxdata:speed>
    </extensions>
   </trkpt>
   <trkpt lat="46.5263775" lon="12.0176447">
    <ele>2311</ele>
    <time>2026-10-02T12:32:46Z</time>
    <extensions>
     <gpxdata:hr>158</gpxdata:hr>
     <gpxdata:distance>1192.00</gpxdata:distance>
     <gpxdata:speed>0.578</gpxdata:speed>
    </extensions>
   </trkpt>
   <trkpt lat="46.5263855" lon="12.0176447">
    <ele>2311</ele>
    <time>2026-10-02T12:32:47Z</time>
    <extensions>
     <gpxdata:hr>158</gpxdata:hr>
     <gpxdata:distance>1193.00</gpxdata:distance>
     <gpxdata:speed>0.583</gpxdata:speed>
    </extensions>
   </trkpt>
   <trkpt lat="46.5263938" lon="12.0176445">
    <ele>2311</ele>
    <time>2026-10-02T12:32:48Z</time>
    <extensions>
     <gpxdata:hr>158</gpxdata:hr>
     <gpxdata:distance>1194.00</gpxdata:distance>
     <gpxdata:speed>0.589</gpxdata:speed>
    </extensions>
   </trkpt>
   <trkpt lat="46.5263969" lon="12.0176439">
    <ele>2311</ele>
    <time>2026-10-02T12:32:49Z</time>
    <extensions>
     <gpxdata:hr>158</gpxdata:hr>
     <gpxdata:distance>1195.00</gpxdata:distance>
     <gpxdata:speed>0.594</gpxdata:speed>
    </extensions>
   </trkpt>
   <trkpt lat="46.5264000" lon="12.0176434">
    <ele>2311</ele>
    <time>2026-10-02T12:32:50Z</time>
    <extensions>
     <gpxdata:hr>157</gpxdata:hr>
     <gpxdata:distance>1195.50</gpxdata:distance>
     <gpxdata:speed>0.600</gpxdata:speed>
    </extensions>
   </trkpt>
   <trkpt lat="46.5264031" lon="12.0176428">
    <ele>2312</ele>
    <time>2026-10-02T12:32:51Z</time>
    <extensions>
     <gpxdata:hr>157</gpxdata:hr>
     <gpxdata:distance>1196.00</gpxdata:distance>
     <gpxdata:speed>0.606</gpxdata:speed>
    </extensions>
   </trkpt>
   <trkpt lat="46.5264104" lon="12.0176391">
    <ele>2312</ele>
    <time>2026-10-02T12:32:52Z</time>
    <extensions>
     <gpxdata:hr>156</gpxdata:hr>
     <gpxdata:distance>1196.50</gpxdata:distance>
     <gpxdata:speed>0.608</gpxdata:speed>
    </extensions>
   </trkpt>
   <trkpt lat="46.5264166" lon="12.0176344">
    <ele>2312</ele>
    <time>2026-10-02T12:32:53Z</time>
    <extensions>
     <gpxdata:hr>156</gpxdata:hr>
     <gpxdata:distance>1197.00</gpxdata:distance>
     <gpxdata:speed>0.611</gpxdata:speed>
    </extensions>
   </trkpt>
   <trkpt lat="46.5264224" lon="12.0176304">
    <ele>2312</ele>
    <time>2026-10-02T12:32:54Z</time>
    <extensions>
     <gpxdata:hr>156</gpxdata:hr>
     <gpxdata:distance>1198.00</gpxdata:distance>
     <gpxdata:speed>0.614</gpxdata:speed>
    </extensions>
   </trkpt>
   <trkpt lat="46.5264279" lon="12.0176278">
    <ele>2312</ele>
    <time>2026-10-02T12:32:55Z</time>
    <extensions>
     <gpxdata:hr>156</gpxdata:hr>
     <gpxdata:distance>1199.00</gpxdata:distance>
     <gpxdata:speed>0.619</gpxdata:speed>
    </extensions>
   </trkpt>
   <trkpt lat="46.5264333" lon="12.0176265">
    <ele>2312</ele>
    <time>2026-10-02T12:32:56Z</time>
    <extensions>
     <gpxdata:hr>157</gpxdata:hr>
     <gpxdata:distance>1199.50</gpxdata:distance>
     <gpxdata:speed>0.622</gpxdata:speed>
    </extensions>
   </trkpt>
   <trkpt lat="46.5264384" lon="12.0176252">
    <ele>2312</ele>
    <time>2026-10-02T12:32:57Z</time>
    <extensions>
     <gpxdata:hr>157</gpxdata:hr>
     <gpxdata:distance>1200.00</gpxdata:distance>
     <gpxdata:speed>0.625</gpxdata:speed>
    </extensions>
   </trkpt>
   <trkpt lat="46.5264437" lon="12.0176236">
    <ele>2312</ele>
    <time>2026-10-02T12:32:58Z</time>
    <extensions>
     <gpxdata:hr>159</gpxdata:hr>
     <gpxdata:distance>1200.50</gpxdata:distance>
     <gpxdata:speed>0.633</gpxdata:speed>
    </extensions>
   </trkpt>
   <trkpt lat="46.5264491" lon="12.0176220">
    <ele>2313</ele>
    <time>2026-10-02T12:32:59Z</time>
    <extensions>
     <gpxdata:hr>159</gpxdata:hr>
     <gpxdata:distance>1201.00</gpxdata:distance>
     <gpxdata:speed>0.644</gpxdata:speed>
    </extensions>
   </trkpt>
   <trkpt lat="46.5264547" lon="12.0176202">
    <ele>2313</ele>
    <time>2026-10-02T12:33:00Z</time>
    <extensions>
     <gpxdata:hr>159</gpxdata:hr>
     <gpxdata:distance>1201.50</gpxdata:distance>
     <gpxdata:speed>0.656</gpxdata:speed>
    </extensions>
   </trkpt>
   <trkpt lat="46.5264603" lon="12.0176186">
    <ele>2313</ele>
    <time>2026-10-02T12:33:01Z</time>
    <extensions>
     <gpxdata:hr>160</gpxdata:hr>
     <gpxdata:distance>1202.00</gpxdata:distance>
     <gpxdata:speed>0.667</gpxdata:speed>
    </extensions>
   </trkpt>
   <trkpt lat="46.5264656" lon="12.0176175">
    <ele>2313</ele>
    <time>2026-10-02T12:33:02Z</time>
    <extensions>
     <gpxdata:hr>160</gpxdata:hr>
     <gpxdata:distance>1202.50</gpxdata:distance>
     <gpxdata:speed>0.669</gpxdata:speed>
    </extensions>
   </trkpt>
   <trkpt lat="46.5264707" lon="12.0176168">
    <ele>2313</ele>
    <time>2026-10-02T12:33:03Z</time>
    <extensions>
     <gpxdata:hr>160</gpxdata:hr>
     <gpxdata:distance>1203.00</gpxdata:distance>
     <gpxdata:speed>0.672</gpxdata:speed>
    </extensions>
   </trkpt>
   <trkpt lat="46.5264759" lon="12.0176163">
    <ele>2313</ele>
    <time>2026-10-02T12:33:04Z</time>
    <extensions>
     <gpxdata:hr>160</gpxdata:hr>
     <gpxdata:distance>1203.00</gpxdata:distance>
     <gpxdata:speed>0.672</gpxdata:speed>
    </extensions>
   </trkpt>
   <trkpt lat="46.5264813" lon="12.0176159">
    <ele>2313</ele>
    <time>2026-10-02T12:33:05Z</time>
    <extensions>
     <gpxdata:hr>160</gpxdata:hr>
     <gpxdata:distance>1203.00</gpxdata:distance>
     <gpxdata:speed>0.672</gpxdata:speed>
    </extensions>
   </trkpt>
   <trkpt lat="46.5264867" lon="12.0176157">
    <ele>2313</ele>
    <time>2026-10-02T12:33:06Z</time>
    <extensions>
     <gpxdata:hr>160</gpxdata:hr>
     <gpxdata:distance>1204.50</gpxdata:distance>
     <gpxdata:speed>0.669</gpxdata:speed>
    </extensions>
   </trkpt>
   <trkpt lat="46.5264922" lon="12.0176152">
    <ele>2314</ele>
    <time>2026-10-02T12:33:07Z</time>
    <extensions>
     <gpxdata:hr>159</gpxdata:hr>
     <gpxdata:distance>1206.00</gpxdata:distance>
     <gpxdata:speed>0.667</gpxdata:speed>
    </extensions>
   </trkpt>
   <trkpt lat="46.5264979" lon="12.0176138">
    <ele>2314</ele>
    <time>2026-10-02T12:33:08Z</time>
    <extensions>
     <gpxdata:hr>159</gpxdata:hr>
     <gpxdata:distance>1206.50</gpxdata:distance>
     <gpxdata:speed>0.667</gpxdata:speed>
    </extensions>
   </trkpt>
   <trkpt lat="46.5265045" lon="12.0176116">
    <ele>2314</ele>
    <time>2026-10-02T12:33:09Z</time>
    <extensions>
     <gpxdata:hr>159</gpxdata:hr>
     <gpxdata:distance>1207.00</gpxdata:distance>
     <gpxdata:speed>0.667</gpxdata:speed>
    </extensions>
   </trkpt>
   <trkpt lat="46.5265117" lon="12.0176093">
    <ele>2314</ele>
    <time>2026-10-02T12:33:10Z</time>
    <extensions>
     <gpxdata:hr>159</gpxdata:hr>
     <gpxdata:distance>1208.00</gpxdata:distance>
     <gpxdata:speed>0.667</gpxdata:speed>
    </extensions>
   </trkpt>
   <trkpt lat="46.5265193" lon="12.0176065">
    <ele>2315</ele>
    <time>2026-10-02T12:33:11Z</time>
    <extensions>
     <gpxdata:hr>159</gpxdata:hr>
     <gpxdata:distance>1209.00</gpxdata:distance>
     <gpxdata:speed>0.667</gpxdata:speed>
    </extensions>
   </trkpt>
   <trkpt lat="46.5265268" lon="12.0176032">
    <ele>2315</ele>
    <time>2026-10-02T12:33:12Z</time>
    <extensions>
     <gpxdata:hr>159</gpxdata:hr>
     <gpxdata:distance>1210.00</gpxdata:distance>
     <gpxdata:speed>0.667</gpxdata:speed>
    </extensions>
   </trkpt>
   <trkpt lat="46.5265345" lon="12.0176001">
    <ele>2315</ele>
    <time>2026-10-02T12:33:13Z</time>
    <extensions>
     <gpxdata:hr>159</gpxdata:hr>
     <gpxdata:distance>1211.00</gpxdata:distance>
     <gpxdata:speed>0.669</gpxdata:speed>
    </extensions>
   </trkpt>
   <trkpt lat="46.5265427" lon="12.0175975">
    <ele>2315</ele>
    <time>2026-10-02T12:33:14Z</time>
    <extensions>
     <gpxdata:hr>159</gpxdata:hr>
     <gpxdata:distance>1212.00</gpxdata:distance>
     <gpxdata:speed>0.672</gpxdata:speed>
    </extensions>
   </trkpt>
   <trkpt lat="46.5265508" lon="12.0175957">
    <ele>2315</ele>
    <time>2026-10-02T12:33:15Z</time>
    <extensions>
     <gpxdata:hr>159</gpxdata:hr>
     <gpxdata:distance>1213.00</gpxdata:distance>
     <gpxdata:speed>0.678</gpxdata:speed>
    </extensions>
   </trkpt>
   <trkpt lat="46.5265594" lon="12.0175949">
    <ele>2315</ele>
    <time>2026-10-02T12:33:16Z</time>
    <extensions>
     <gpxdata:hr>159</gpxdata:hr>
     <gpxdata:distance>1214.00</gpxdata:distance>
     <gpxdata:speed>0.681</gpxdata:speed>
    </extensions>
   </trkpt>
   <trkpt lat="46.5265676" lon="12.0175946">
    <ele>2315</ele>
    <time>2026-10-02T12:33:17Z</time>
    <extensions>
     <gpxdata:hr>159</gpxdata:hr>
     <gpxdata:distance>1215.00</gpxdata:distance>
     <gpxdata:speed>0.683</gpxdata:speed>
    </extensions>
   </trkpt>
  </trkseg>
  <trkseg>
   <trkpt lat="46.5265717" lon="12.0175995">
    <ele>2317</ele>
    <time>2026-10-02T12:33:41Z</time>
    <extensions>
     <gpxdata:hr>154</gpxdata:hr>
     <gpxdata:distance>1216.00</gpxdata:distance>
    </extensions>
   </trkpt>
   <trkpt lat="46.5265751" lon="12.0176033">
    <ele>2317</ele>
    <time>2026-10-02T12:33:42Z</time>
    <extensions>
     <gpxdata:hr>155</gpxdata:hr>
     <gpxdata:distance>1216.00</gpxdata:distance>
    </extensions>
   </trkpt>
   <trkpt lat="46.5265787" lon="12.0176060">
    <ele>2318</ele>
    <time>2026-10-02T12:33:43Z</time>
    <extensions>
     <gpxdata:hr>155</gpxdata:hr>
     <gpxdata:distance>1216.00</gpxdata:distance>
    </extensions>
   </trkpt>
   <trkpt lat="46.5265835" lon="12.0176078">
    <ele>2318</ele>
    <time>2026-10-02T12:33:44Z</time>
    <extensions>
     <gpxdata:hr>156</gpxdata:hr>
     <gpxdata:distance>1217.00</gpxdata:distance>
    </extensions>
   </trkpt>
   <trkpt lat="46.5265899" lon="12.0176087">
    <ele>2318</ele>
    <time>2026-10-02T12:33:45Z</time>
    <extensions>
     <gpxdata:hr>156</gpxdata:hr>
     <gpxdata:distance>1218.00</gpxdata:distance>
    </extensions>
   </trkpt>
   <trkpt lat="46.5265975" lon="12.0176088">
    <ele>2318</ele>
    <time>2026-10-02T12:33:46Z</time>
    <extensions>
     <gpxdata:hr>156</gpxdata:hr>
     <gpxdata:distance>1219.00</gpxdata:distance>
    </extensions>
   </trkpt>
   <trkpt lat="46.5266059" lon="12.0176082">
    <ele>2318</ele>
    <time>2026-10-02T12:33:47Z</time>
    <extensions>
     <gpxdata:hr>155</gpxdata:hr>
     <gpxdata:distance>1220.00</gpxdata:distance>
    </extensions>
   </trkpt>
   <trkpt lat="46.5266143" lon="12.0176072">
    <ele>2318</ele>
    <time>2026-10-02T12:33:48Z</time>
    <extensions>
     <gpxdata:hr>155</gpxdata:hr>
     <gpxdata:distance>1220.50</gpxdata:distance>
    </extensions>
   </trkpt>
   <trkpt lat="46.5266228" lon="12.0176064">
    <ele>2318</ele>
    <time>2026-10-02T12:33:49Z</time>
    <extensions>
     <gpxdata:hr>155</gpxdata:hr>
     <gpxdata:distance>1221.00</gpxdata:distance>
    </extensions>
   </trkpt>
   <trkpt lat="46.5266314" lon="12.0176054">
    <ele>2318</ele>
    <time>2026-10-02T12:33:50Z</time>
    <extensions>
     <gpxdata:hr>154</gpxdata:hr>
     <gpxdata:distance>1222.00</gpxdata:distance>
    </extensions>
   </trkpt>
   <trkpt lat="46.5266397" lon="12.0176043">
    <ele>2318</ele>
    <time>2026-10-02T12:33:51Z</time>
    <extensions>
     <gpxdata:hr>153</gpxdata:hr>
     <gpxdata:distance>1223.00</gpxdata:distance>
    </extensions>
   </trkpt>
   <trkpt lat="46.5266478" lon="12.0176029">
    <ele>2318</ele>
    <time>2026-10-02T12:33:52Z</time>
    <extensions>
     <gpxdata:hr>151</gpxdata:hr>
     <gpxdata:distance>1224.00</gpxdata:distance>
    </extensions>
   </trkpt>
   <trkpt lat="46.5266557" lon="12.0176015">
    <ele>2318</ele>
    <time>2026-10-02T12:33:53Z</time>
    <extensions>
     <gpxdata:hr>148</gpxdata:hr>
     <gpxdata:distance>1225.00</gpxdata:distance>
    </extensions>
   </trkpt>
   <trkpt lat="46.5266636" lon="12.0175995">
    <ele>2318</ele>
    <time>2026-10-02T12:33:54Z</time>
    <extensions>
     <gpxdata:hr>146</gpxdata:hr>
     <gpxdata:distance>1226.00</gpxdata:distance>
    </extensions>
   </trkpt>
   <trkpt lat="46.5266717" lon="12.0175972">
    <ele>2319</ele>
    <time>2026-10-02T12:33:55Z</time>
    <extensions>
     <gpxdata:hr>145</gpxdata:hr>
     <gpxdata:distance>1227.00</gpxdata:distance>
    </extensions>
   </trkpt>
   <trkpt lat="46.5266801" lon="12.0175949">
    <ele>2319</ele>
    <time>2026-10-02T12:33:56Z</time>
    <extensions>
     <gpxdata:hr>144</gpxdata:hr>
     <gpxdata:distance>1228.00</gpxdata:distance>
    </extensions>
   </trkpt>
   <trkpt lat="46.5266890" lon="12.0175928">
    <ele>2319</ele>
    <time>2026-10-02T12:33:57Z</time>
    <extensions>
     <gpxdata:hr>144</gpxdata:hr>
     <gpxdata:distance>1229.00</gpxdata:distance>
    </extensions>
   </trkpt>
   <trkpt lat="46.5266990" lon="12.0175911">
    <ele>2319</ele>
    <time>2026-10-02T12:33:58Z</time>
    <extensions>
     <gpxdata:hr>144</gpxdata:hr>
     <gpxdata:distance>1230.00</gpxdata:distance>
    </extensions>
   </trkpt>
   <trkpt lat="46.5267093" lon="12.0175899">
    <ele>2320</ele>
    <time>2026-10-02T12:33:59Z</time>
    <extensions>
     <gpxdata:hr>144</gpxdata:hr>
     <gpxdata:distance>1231.00</gpxdata:distance>
    </extensions>
   </trkpt>
   <trkpt lat="46.5267193" lon="12.0175890">
    <ele>2320</ele>
    <time>2026-10-02T12:34:00Z</time>
    <extensions>
     <gpxdata:hr>144</gpxdata:hr>
     <gpxdata:distance>1232.00</gpxdata:distance>
    </extensions>
   </trkpt>
   <trkpt lat="46.5267290" lon="12.0175881">
    <ele>2320</ele>
    <time>2026-10-02T12:34:01Z</time>
    <extensions>
     <gpxdata:hr>144</gpxdata:hr>
     <gpxdata:distance>1233.00</gpxdata:distance>
    </extensions>
   </trkpt>
   <trkpt lat="46.5267381" lon="12.0175873">
    <ele>2320</ele>
    <time>2026-10-02T12:34:02Z</time>
    <extensions>
     <gpxdata:hr>144</gpxdata:hr>
     <gpxdata:distance>1234.00</gpxdata:distance>
    </extensions>
   </trkpt>
   <trkpt lat="46.5267467" lon="12.0175869">
    <ele>2321</ele>
    <time>2026-10-02T12:34:03Z</time>
    <extensions>
     <gpxdata:hr>144</gpxdata:hr>
     <gpxdata:distance>1235.00</gpxdata:distance>
    </extensions>
   </trkpt>
   <trkpt lat="46.5267549" lon="12.0175873">
    <ele>2321</ele>
    <time>2026-10-02T12:34:04Z</time>
    <extensions>
     <gpxdata:hr>145</gpxdata:hr>
     <gpxdata:distance>1236.00</gpxdata:distance>
     <gpxdata:speed>0.419</gpxdata:speed>
    </extensions>
   </trkpt>
   <trkpt lat="46.5267625" lon="12.0175885">
    <ele>2321</ele>
    <time>2026-10-02T12:34:05Z</time>
    <extensions>
     <gpxdata:hr>145</gpxdata:hr>
     <gpxdata:distance>1237.00</gpxdata:distance>
     <gpxdata:speed>0.842</gpxdata:speed>
    </extensions>
   </trkpt>
   <trkpt lat="46.5267696" lon="12.0175900">
    <ele>2321</ele>
    <time>2026-10-02T12:34:06Z</time>
    <extensions>
     <gpxdata:hr>145</gpxdata:hr>
     <gpxdata:distance>1237.50</gpxdata:distance>
     <gpxdata:speed>0.831</gpxdata:speed>
    </extensions>
   </trkpt>
   <trkpt lat="46.5267763" lon="12.0175916">
    <ele>2322</ele>
    <time>2026-10-02T12:34:07Z</time>
    <extensions>
     <gpxdata:hr>145</gpxdata:hr>
     <gpxdata:distance>1238.00</gpxdata:distance>
     <gpxdata:speed>0.822</gpxdata:speed>
    </extensions>
   </trkpt>
   <trkpt lat="46.5267829" lon="12.0175930">
    <ele>2322</ele>
    <time>2026-10-02T12:34:08Z</time>
    <extensions>
     <gpxdata:hr>146</gpxdata:hr>
     <gpxdata:distance>1239.00</gpxdata:distance>
     <gpxdata:speed>0.808</gpxdata:speed>
    </extensions>
   </trkpt>
   <trkpt lat="46.5267893" lon="12.0175942">
    <ele>2322</ele>
    <time>2026-10-02T12:34:09Z</time>
    <extensions>
     <gpxdata:hr>146</gpxdata:hr>
     <gpxdata:distance>1240.00</gpxdata:distance>
     <gpxdata:speed>0.797</gpxdata:speed>
    </extensions>
   </trkpt>
   <trkpt lat="46.5267956" lon="12.0175948">
    <ele>2322</ele>
    <time>2026-10-02T12:34:10Z</time>
    <extensions>
     <gpxdata:hr>146</gpxdata:hr>
     <gpxdata:distance>1240.50</gpxdata:distance>
     <gpxdata:speed>0.792</gpxdata:speed>
    </extensions>
   </trkpt>
   <trkpt lat="46.5268021" lon="12.0175955">
    <ele>2322</ele>
    <time>2026-10-02T12:34:11Z</time>
    <extensions>
     <gpxdata:hr>147</gpxdata:hr>
     <gpxdata:distance>1241.00</gpxdata:distance>
     <gpxdata:speed>0.786</gpxdata:speed>
    </extensions>
   </trkpt>
   <trkpt lat="46.5268084" lon="12.0175969">
    <ele>2322</ele>
    <time>2026-10-02T12:34:12Z</time>
    <extensions>
     <gpxdata:hr>147</gpxdata:hr>
     <gpxdata:distance>1241.50</gpxdata:distance>
     <gpxdata:speed>0.783</gpxdata:speed>
    </extensions>
   </trkpt>
   <trkpt lat="46.5268140" lon="12.0175996">
    <ele>2322</ele>
    <time>2026-10-02T12:34:13Z</time>
    <extensions>
     <gpxdata:hr>148</gpxdata:hr>
     <gpxdata:distance>1242.00</gpxdata:distance>
     <gpxdata:speed>0.781</gpxdata:speed>
    </extensions>
   </trkpt>
   <trkpt lat="46.5268191" lon="12.0176029">
    <ele>2322</ele>
    <time>2026-10-02T12:34:14Z</time>
    <extensions>
     <gpxdata:hr>149</gpxdata:hr>
     <gpxdata:distance>1243.00</gpxdata:distance>
     <gpxdata:speed>0.775</gpxdata:speed>
    </extensions>
   </trkpt>
   <trkpt lat="46.5268240" lon="12.0176060">
    <ele>2323</ele>
    <time>2026-10-02T12:34:15Z</time>
    <extensions>
     <gpxdata:hr>150</gpxdata:hr>
     <gpxdata:distance>1244.00</gpxdata:distance>
     <gpxdata:speed>0.769</gpxdata:speed>
    </extensions>
   </trkpt>
   <trkpt lat="46.5268293" lon="12.0176096">
    <ele>2323</ele>
    <time>2026-10-02T12:34:16Z</time>
    <extensions>
     <gpxdata:hr>150</gpxdata:hr>
     <gpxdata:distance>1244.50</gpxdata:distance>
     <gpxdata:speed>0.764</gpxdata:speed>
    </extensions>
   </trkpt>
   <trkpt lat="46.5268352" lon="12.0176135">
    <ele>2323</ele>
    <time>2026-10-02T12:34:17Z</time>
    <extensions>
     <gpxdata:hr>150</gpxdata:hr>
     <gpxdata:distance>1245.00</gpxdata:distance>
     <gpxdata:speed>0.761</gpxdata:speed>
    </extensions>
   </trkpt>
   <trkpt lat="46.5268415" lon="12.0176175">
    <ele>2323</ele>
    <time>2026-10-02T12:34:18Z</time>
    <extensions>
     <gpxdata:hr>150</gpxdata:hr>
     <gpxdata:distance>1246.00</gpxdata:distance>
     <gpxdata:speed>0.756</gpxdata:speed>
    </extensions>
   </trkpt>
   <trkpt lat="46.5268482" lon="12.0176207">
    <ele>2324</ele>
    <time>2026-10-02T12:34:19Z</time>
    <extensions>
     <gpxdata:hr>150</gpxdata:hr>
     <gpxdata:distance>1247.00</gpxdata:distance>
     <gpxdata:speed>0.750</gpxdata:speed>
    </extensions>
   </trkpt>
   <trkpt lat="46.5268553" lon="12.0176227">
    <ele>2324</ele>
    <time>2026-10-02T12:34:20Z</time>
    <extensions>
     <gpxdata:hr>150</gpxdata:hr>
     <gpxdata:distance>1247.50</gpxdata:distance>
     <gpxdata:speed>0.747</gpxdata:speed>
    </extensions>
   </trkpt>
   <trkpt lat="46.5268628" lon="12.0176228">
    <ele>2324</ele>
    <time>2026-10-02T12:34:21Z</time>
    <extensions>
     <gpxdata:hr>150</gpxdata:hr>
     <gpxdata:distance>1248.00</gpxdata:distance>
     <gpxdata:speed>0.744</gpxdata:speed>
    </extensions>
   </trkpt>
   <trkpt lat="46.5268703" lon="12.0176205">
    <ele>2324</ele>
    <time>2026-10-02T12:34:22Z</time>
    <extensions>
     <gpxdata:hr>150</gpxdata:hr>
     <gpxdata:distance>1249.00</gpxdata:distance>
     <gpxdata:speed>0.744</gpxdata:speed>
    </extensions>
   </trkpt>
   <trkpt lat="46.5268774" lon="12.0176165">
    <ele>2324</ele>
    <time>2026-10-02T12:34:23Z</time>
    <extensions>
     <gpxdata:hr>149</gpxdata:hr>
     <gpxdata:distance>1250.00</gpxdata:distance>
     <gpxdata:speed>0.747</gpxdata:speed>
    </extensions>
   </trkpt>
   <trkpt lat="46.5268843" lon="12.0176117">
    <ele>2324</ele>
    <time>2026-10-02T12:34:24Z</time>
    <extensions>
     <gpxdata:hr>149</gpxdata:hr>
     <gpxdata:distance>1251.00</gpxdata:distance>
     <gpxdata:speed>0.761</gpxdata:speed>
    </extensions>
   </trkpt>
   <trkpt lat="46.5268912" lon="12.0176069">
    <ele>2325</ele>
    <time>2026-10-02T12:34:25Z</time>
    <extensions>
     <gpxdata:hr>150</gpxdata:hr>
     <gpxdata:distance>1252.00</gpxdata:distance>
     <gpxdata:speed>0.775</gpxdata:speed>
    </extensions>
   </trkpt>
   <trkpt lat="46.5268984" lon="12.0176034">
    <ele>2325</ele>
    <time>2026-10-02T12:34:26Z</time>
    <extensions>
     <gpxdata:hr>150</gpxdata:hr>
     <gpxdata:distance>1253.00</gpxdata:distance>
     <gpxdata:speed>0.789</gpxdata:speed>
    </extensions>
   </trkpt>
   <trkpt lat="46.5269057" lon="12.0176016">
    <ele>2326</ele>
    <time>2026-10-02T12:34:27Z</time>
    <extensions>
     <gpxdata:hr>150</gpxdata:hr>
     <gpxdata:distance>1254.00</gpxdata:distance>
     <gpxdata:speed>0.806</gpxdata:speed>
    </extensions>
   </trkpt>
   <trkpt lat="46.5269124" lon="12.0176018">
    <ele>2326</ele>
    <time>2026-10-02T12:34:28Z</time>
    <extensions>
     <gpxdata:hr>150</gpxdata:hr>
     <gpxdata:distance>1254.50</gpxdata:distance>
     <gpxdata:speed>0.819</gpxdata:speed>
    </extensions>
   </trkpt>
   <trkpt lat="46.5269188" lon="12.0176032">
    <ele>2326</ele>
    <time>2026-10-02T12:34:29Z</time>
    <extensions>
     <gpxdata:hr>151</gpxdata:hr>
     <gpxdata:distance>1255.00</gpxdata:distance>
     <gpxdata:speed>0.833</gpxdata:speed>
    </extensions>
   </trkpt>
   <trkpt lat="46.5269250" lon="12.0176053">
    <ele>2326</ele>
    <time>2026-10-02T12:34:30Z</time>
    <extensions>
     <gpxdata:hr>151</gpxdata:hr>
     <gpxdata:distance>1255.50</gpxdata:distance>
     <gpxdata:speed>0.831</gpxdata:speed>
    </extensions>
   </trkpt>
   <trkpt lat="46.5269315" lon="12.0176068">
    <ele>2327</ele>
    <time>2026-10-02T12:34:31Z</time>
    <extensions>
     <gpxdata:hr>151</gpxdata:hr>
     <gpxdata:distance>1256.00</gpxdata:distance>
     <gpxdata:speed>0.831</gpxdata:speed>
    </extensions>
   </trkpt>
   <trkpt lat="46.5269385" lon="12.0176073">
    <ele>2327</ele>
    <time>2026-10-02T12:34:32Z</time>
    <extensions>
     <gpxdata:hr>151</gpxdata:hr>
     <gpxdata:distance>1257.00</gpxdata:distance>
     <gpxdata:speed>0.825</gpxdata:speed>
    </extensions>
   </trkpt>
   <trkpt lat="46.5269459" lon="12.0176068">
    <ele>2327</ele>
    <time>2026-10-02T12:34:33Z</time>
    <extensions>
     <gpxdata:hr>151</gpxdata:hr>
     <gpxdata:distance>1258.00</gpxdata:distance>
     <gpxdata:speed>0.819</gpxdata:speed>
    </extensions>
   </trkpt>
   <trkpt lat="46.5269532" lon="12.0176057">
    <ele>2327</ele>
    <time>2026-10-02T12:34:34Z</time>
    <extensions>
     <gpxdata:hr>152</gpxdata:hr>
     <gpxdata:distance>1259.00</gpxdata:distance>
     <gpxdata:speed>0.817</gpxdata:speed>
    </extensions>
   </trkpt>
   <trkpt lat="46.5269602" lon="12.0176049">
    <ele>2328</ele>
    <time>2026-10-02T12:34:35Z</time>
    <extensions>
     <gpxdata:hr>152</gpxdata:hr>
     <gpxdata:distance>1260.00</gpxdata:distance>
     <gpxdata:speed>0.814</gpxdata:speed>
    </extensions>
   </trkpt>
   <trkpt lat="46.5269664" lon="12.0176050">
    <ele>2328</ele>
    <time>2026-10-02T12:34:36Z</time>
    <extensions>
     <gpxdata:hr>152</gpxdata:hr>
     <gpxdata:distance>1260.50</gpxdata:distance>
     <gpxdata:speed>0.806</gpxdata:speed>
    </extensions>
   </trkpt>
  </trkseg>
  <trkseg>
   <trkpt lat="46.5269799" lon="12.0176055">
    <ele>2329</ele>
    <time>2026-10-02T12:34:42Z</time>
    <extensions>
     <gpxdata:hr>152</gpxdata:hr>
     <gpxdata:distance>1261.00</gpxdata:distance>
     <gpxdata:speed>0.742</gpxdata:speed>
    </extensions>
   </trkpt>
   <trkpt lat="46.5269919" lon="12.0176059">
    <ele>2330</ele>
    <time>2026-10-02T12:34:43Z</time>
    <extensions>
     <gpxdata:hr>152</gpxdata:hr>
     <gpxdata:distance>1261.00</gpxdata:distance>
     <gpxdata:speed>0.742</gpxdata:speed>
    </extensions>
   </trkpt>
   <trkpt lat="46.5270014" lon="12.0176065">
    <ele>2330</ele>
    <time>2026-10-02T12:34:44Z</time>
    <extensions>
     <gpxdata:hr>152</gpxdata:hr>
     <gpxdata:distance>1261.00</gpxdata:distance>
     <gpxdata:speed>0.742</gpxdata:speed>
    </extensions>
   </trkpt>
   <trkpt lat="46.5270095" lon="12.0176075">
    <ele>2330</ele>
    <time>2026-10-02T12:34:45Z</time>
    <extensions>
     <gpxdata:hr>152</gpxdata:hr>
     <gpxdata:distance>1261.00</gpxdata:distance>
     <gpxdata:speed>0.742</gpxdata:speed>
    </extensions>
   </trkpt>
   <trkpt lat="46.5270167" lon="12.0176086">
    <ele>2330</ele>
    <time>2026-10-02T12:34:46Z</time>
    <extensions>
     <gpxdata:hr>152</gpxdata:hr>
     <gpxdata:distance>1262.50</gpxdata:distance>
     <gpxdata:speed>0.722</gpxdata:speed>
    </extensions>
   </trkpt>
  </trkseg>
  <trkseg>
   <trkpt lat="46.5270238" lon="12.0176077">
    <ele>2332</ele>
    <time>2026-10-02T12:34:56Z</time>
    <extensions>
     <gpxdata:hr>157</gpxdata:hr>
     <gpxdata:distance>1267.00</gpxdata:distance>
    </extensions>
   </trkpt>
   <trkpt lat="46.5270291" lon="12.0176058">
    <ele>2332</ele>
    <time>2026-10-02T12:34:57Z</time>
    <extensions>
     <gpxdata:hr>156</gpxdata:hr>
     <gpxdata:distance>1267.00</gpxdata:distance>
    </extensions>
   </trkpt>
   <trkpt lat="46.5270342" lon="12.0176035">
    <ele>2332</ele>
    <time>2026-10-02T12:34:58Z</time>
    <extensions>
     <gpxdata:hr>156</gpxdata:hr>
     <gpxdata:distance>1267.00</gpxdata:distance>
    </extensions>
   </trkpt>
   <trkpt lat="46.5270399" lon="12.0176012">
    <ele>2332</ele>
    <time>2026-10-02T12:34:59Z</time>
    <extensions>
     <gpxdata:hr>156</gpxdata:hr>
     <gpxdata:distance>1267.00</gpxdata:distance>
    </extensions>
   </trkpt>
   <trkpt lat="46.5270478" lon="12.0175970">
    <ele>2332</ele>
    <time>2026-10-02T12:35:00Z</time>
    <extensions>
     <gpxdata:hr>155</gpxdata:hr>
     <gpxdata:distance>1268.50</gpxdata:distance>
    </extensions>
   </trkpt>
   <trkpt lat="46.5270555" lon="12.0175936">
    <ele>2332</ele>
    <time>2026-10-02T12:35:01Z</time>
    <extensions>
     <gpxdata:hr>155</gpxdata:hr>
     <gpxdata:distance>1270.00</gpxdata:distance>
    </extensions>
   </trkpt>
   <trkpt lat="46.5270584" lon="12.0175931">
    <ele>2332</ele>
    <time>2026-10-02T12:35:02Z</time>
    <extensions>
     <gpxdata:hr>155</gpxdata:hr>
     <gpxdata:distance>1271.00</gpxdata:distance>
     <gpxdata:speed>0.350</gpxdata:speed>
    </extensions>
   </trkpt>
   <trkpt lat="46.5270613" lon="12.0175925">
    <ele>2333</ele>
    <time>2026-10-02T12:35:03Z</time>
    <extensions>
     <gpxdata:hr>155</gpxdata:hr>
     <gpxdata:distance>1272.00</gpxdata:distance>
     <gpxdata:speed>0.703</gpxdata:speed>
    </extensions>
   </trkpt>
   <trkpt lat="46.5270642" lon="12.0175920">
    <ele>2333</ele>
    <time>2026-10-02T12:35:04Z</time>
    <extensions>
     <gpxdata:hr>154</gpxdata:hr>
     <gpxdata:distance>1272.00</gpxdata:distance>
     <gpxdata:speed>0.692</gpxdata:speed>
    </extensions>
   </trkpt>
  </trkseg>
  <trkseg>
   <trkpt lat="46.5270807" lon="12.0175927">
    <ele>2334</ele>
    <time>2026-10-02T12:35:11Z</time>
    <extensions>
     <gpxdata:hr>152</gpxdata:hr>
     <gpxdata:distance>1272.00</gpxdata:distance>
     <gpxdata:speed>0.594</gpxdata:speed>
    </extensions>
   </trkpt>
   <trkpt lat="46.5270850" lon="12.0175929">
    <ele>2334</ele>
    <time>2026-10-02T12:35:12Z</time>
    <extensions>
     <gpxdata:hr>152</gpxdata:hr>
     <gpxdata:distance>1272.00</gpxdata:distance>
     <gpxdata:speed>0.589</gpxdata:speed>
    </extensions>
   </trkpt>
   <trkpt lat="46.5270897" lon="12.0175932">
    <ele>2334</ele>
    <time>2026-10-02T12:35:13Z</time>
    <extensions>
     <gpxdata:hr>153</gpxdata:hr>
     <gpxdata:distance>1272.00</gpxdata:distance>
     <gpxdata:speed>0.583</gpxdata:speed>
    </extensions>
   </trkpt>
   <trkpt lat="46.5270950" lon="12.0175935">
    <ele>2334</ele>
    <time>2026-10-02T12:35:14Z</time>
    <extensions>
     <gpxdata:hr>153</gpxdata:hr>
     <gpxdata:distance>1274.00</gpxdata:distance>
     <gpxdata:speed>0.292</gpxdata:speed>
    </extensions>
   </trkpt>
   <trkpt lat="46.5271054" lon="12.0175943">
    <ele>2335</ele>
    <time>2026-10-02T12:35:15Z</time>
    <extensions>
     <gpxdata:hr>153</gpxdata:hr>
     <gpxdata:distance>1276.00</gpxdata:distance>
    </extensions>
   </trkpt>
   <trkpt lat="46.5271139" lon="12.0175959">
    <ele>2335</ele>
    <time>2026-10-02T12:35:16Z</time>
    <extensions>
     <gpxdata:hr>153</gpxdata:hr>
     <gpxdata:distance>1276.00</gpxdata:distance>
     <gpxdata:speed>0.586</gpxdata:speed>
    </extensions>
   </trkpt>
   <trkpt lat="46.5271217" lon="12.0175979">
    <ele>2335</ele>
    <time>2026-10-02T12:35:17Z</time>
    <extensions>
     <gpxdata:hr>153</gpxdata:hr>
     <gpxdata:distance>1276.00</gpxdata:distance>
     <gpxdata:speed>1.175</gpxdata:speed>
    </extensions>
   </trkpt>
   <trkpt lat="46.5271287" lon="12.0176008">
    <ele>2335</ele>
    <time>2026-10-02T12:35:18Z</time>
    <extensions>
     <gpxdata:hr>153</gpxdata:hr>
     <gpxdata:distance>1278.00</gpxdata:distance>
     <gpxdata:speed>0.861</gpxdata:speed>
    </extensions>
   </trkpt>
   <trkpt lat="46.5271352" lon="12.0176046">
    <ele>2335</ele>
    <time>2026-10-02T12:35:19Z</time>
    <extensions>
     <gpxdata:hr>154</gpxdata:hr>
     <gpxdata:distance>1280.00</gpxdata:distance>
     <gpxdata:speed>0.547</gpxdata:speed>
    </extensions>
   </trkpt>
   <trkpt lat="46.5271415" lon="12.0176088">
    <ele>2335</ele>
    <time>2026-10-02T12:35:20Z</time>
    <extensions>
     <gpxdata:hr>155</gpxdata:hr>
     <gpxdata:distance>1280.50</gpxdata:distance>
     <gpxdata:speed>0.556</gpxdata:speed>
    </extensions>
   </trkpt>
   <trkpt lat="46.5271483" lon="12.0176116">
    <ele>2335</ele>
    <time>2026-10-02T12:35:21Z</time>
    <extensions>
     <gpxdata:hr>155</gpxdata:hr>
     <gpxdata:distance>1281.00</gpxdata:distance>
     <gpxdata:speed>0.564</gpxdata:speed>
    </extensions>
   </trkpt>
   <trkpt lat="46.5271568" lon="12.0176123">
    <ele>2335</ele>
    <time>2026-10-02T12:35:22Z</time>
    <extensions>
     <gpxdata:hr>156</gpxdata:hr>
     <gpxdata:distance>1281.50</gpxdata:distance>
     <gpxdata:speed>0.572</gpxdata:speed>
    </extensions>
   </trkpt>
  </trkseg>
  <trkseg>
   <trkpt lat="46.5271716" lon="12.0176086">
    <ele>2339</ele>
    <time>2026-10-02T12:35:37Z</time>
    <extensions>
     <gpxdata:hr>158</gpxdata:hr>
     <gpxdata:distance>1283.00</gpxdata:distance>
    </extensions>
   </trkpt>
   <trkpt lat="46.5271821" lon="12.0176047">
    <ele>2339</ele>
    <time>2026-10-02T12:35:38Z</time>
    <extensions>
     <gpxdata:hr>158</gpxdata:hr>
     <gpxdata:distance>1283.00</gpxdata:distance>
    </extensions>
   </trkpt>
   <trkpt lat="46.5271906" lon="12.0176015">
    <ele>2339</ele>
    <time>2026-10-02T12:35:39Z</time>
    <extensions>
     <gpxdata:hr>158</gpxdata:hr>
     <gpxdata:distance>1283.00</gpxdata:distance>
    </extensions>
   </trkpt>
   <trkpt lat="46.5271981" lon="12.0175996">
    <ele>2339</ele>
    <time>2026-10-02T12:35:40Z</time>
    <extensions>
     <gpxdata:hr>159</gpxdata:hr>
     <gpxdata:distance>1285.50</gpxdata:distance>
     <gpxdata:speed>0.244</gpxdata:speed>
    </extensions>
   </trkpt>
   <trkpt lat="46.5272052" lon="12.0175981">
    <ele>2339</ele>
    <time>2026-10-02T12:35:41Z</time>
    <extensions>
     <gpxdata:hr>159</gpxdata:hr>
     <gpxdata:distance>1288.00</gpxdata:distance>
     <gpxdata:speed>0.489</gpxdata:speed>
    </extensions>
   </trkpt>
   <trkpt lat="46.5272121" lon="12.0175959">
    <ele>2339</ele>
    <time>2026-10-02T12:35:42Z</time>
    <extensions>
     <gpxdata:hr>159</gpxdata:hr>
     <gpxdata:distance>1288.50</gpxdata:distance>
     <gpxdata:speed>0.492</gpxdata:speed>
    </extensions>
   </trkpt>
   <trkpt lat="46.5272194" lon="12.0175935">
    <ele>2339</ele>
    <time>2026-10-02T12:35:43Z</time>
    <extensions>
     <gpxdata:hr>159</gpxdata:hr>
     <gpxdata:distance>1289.00</gpxdata:distance>
     <gpxdata:speed>0.497</gpxdata:speed>
    </extensions>
   </trkpt>
   <trkpt lat="46.5272267" lon="12.0175912">
    <ele>2339</ele>
    <time>2026-10-02T12:35:44Z</time>
    <extensions>
     <gpxdata:hr>159</gpxdata:hr>
     <gpxdata:distance>1290.00</gpxdata:distance>
     <gpxdata:speed>0.506</gpxdata:speed>
    </extensions>
   </trkpt>
   <trkpt lat="46.5272335" lon="12.0175888">
    <ele>2339</ele>
    <time>2026-10-02T12:35:45Z</time>
    <extensions>
     <gpxdata:hr>158</gpxdata:hr>
     <gpxdata:distance>1291.00</gpxdata:distance>
     <gpxdata:speed>0.514</gpxdata:speed>
    </extensions>
   </trkpt>
   <trkpt lat="46.5272402" lon="12.0175862">
    <ele>2339</ele>
    <time>2026-10-02T12:35:46Z</time>
    <extensions>
     <gpxdata:hr>157</gpxdata:hr>
     <gpxdata:distance>1291.50</gpxdata:distance>
     <gpxdata:speed>0.528</gpxdata:speed>
    </extensions>
   </trkpt>
   <trkpt lat="46.5272473" lon="12.0175844">
    <ele>2340</ele>
    <time>2026-10-02T12:35:47Z</time>
    <extensions>
     <gpxdata:hr>157</gpxdata:hr>
     <gpxdata:distance>1292.00</gpxdata:distance>
     <gpxdata:speed>0.544</gpxdata:speed>
    </extensions>
   </trkpt>
   <trkpt lat="46.5272547" lon="12.0175837">
    <ele>2340</ele>
    <time>2026-10-02T12:35:48Z</time>
    <extensions>
     <gpxdata:hr>157</gpxdata:hr>
     <gpxdata:distance>1293.00</gpxdata:distance>
     <gpxdata:speed>0.583</gpxdata:speed>
    </extensions>
   </trkpt>
   <trkpt lat="46.5272618" lon="12.0175842">
    <ele>2340</ele>
    <time>2026-10-02T12:35:49Z</time>
    <extensions>
     <gpxdata:hr>157</gpxdata:hr>
     <gpxdata:distance>1294.00</gpxdata:distance>
     <gpxdata:speed>0.625</gpxdata:speed>
    </extensions>
   </trkpt>
  </trkseg>
  <trkseg>
   <trkpt lat="46.5272705" lon="12.0175801">
    <ele>2342</ele>
    <time>2026-10-02T12:36:02Z</time>
    <extensions>
     <gpxdata:hr>159</gpxdata:hr>
     <gpxdata:distance>1295.00</gpxdata:distance>
     <gpxdata:speed>0.656</gpxdata:speed>
    </extensions>
   </trkpt>
   <trkpt lat="46.5272767" lon="12.0175762">
    <ele>2343</ele>
    <time>2026-10-02T12:36:03Z</time>
    <extensions>
     <gpxdata:hr>159</gpxdata:hr>
     <gpxdata:distance>1295.00</gpxdata:distance>
     <gpxdata:speed>0.656</gpxdata:speed>
    </extensions>
   </trkpt>
   <trkpt lat="46.5272819" lon="12.0175724">
    <ele>2343</ele>
    <time>2026-10-02T12:36:04Z</time>
    <extensions>
     <gpxdata:hr>159</gpxdata:hr>
     <gpxdata:distance>1295.00</gpxdata:distance>
     <gpxdata:speed>0.656</gpxdata:speed>
    </extensions>
   </trkpt>
   <trkpt lat="46.5272864" lon="12.0175678">
    <ele>2343</ele>
    <time>2026-10-02T12:36:05Z</time>
    <extensions>
     <gpxdata:hr>159</gpxdata:hr>
     <gpxdata:distance>1295.00</gpxdata:distance>
     <gpxdata:speed>0.656</gpxdata:speed>
    </extensions>
   </trkpt>
   <trkpt lat="46.5272907" lon="12.0175616">
    <ele>2343</ele>
    <time>2026-10-02T12:36:06Z</time>
    <extensions>
     <gpxdata:hr>159</gpxdata:hr>
     <gpxdata:distance>1297.00</gpxdata:distance>
     <gpxdata:speed>0.619</gpxdata:speed>
    </extensions>
   </trkpt>
   <trkpt lat="46.5272947" lon="12.0175539">
    <ele>2343</ele>
    <time>2026-10-02T12:36:07Z</time>
    <extensions>
     <gpxdata:hr>160</gpxdata:hr>
     <gpxdata:distance>1299.00</gpxdata:distance>
     <gpxdata:speed>0.586</gpxdata:speed>
    </extensions>
   </trkpt>
   <trkpt lat="46.5272985" lon="12.0175430">
    <ele>2343</ele>
    <time>2026-10-02T12:36:08Z</time>
    <extensions>
     <gpxdata:hr>160</gpxdata:hr>
     <gpxdata:distance>1299.00</gpxdata:distance>
     <gpxdata:speed>0.569</gpxdata:speed>
    </extensions>
   </trkpt>
   <trkpt lat="46.5272994" lon="12.0175390">
    <ele>2343</ele>
    <time>2026-10-02T12:36:09Z</time>
    <extensions>
     <gpxdata:hr>160</gpxdata:hr>
     <gpxdata:distance>1299.00</gpxdata:distance>
     <gpxdata:speed>0.553</gpxdata:speed>
    </extensions>
   </trkpt>
   <trkpt lat="46.5273003" lon="12.0175350">
    <ele>2343</ele>
    <time>2026-10-02T12:36:10Z</time>
    <extensions>
     <gpxdata:hr>160</gpxdata:hr>
     <gpxdata:distance>1299.50</gpxdata:distance>
     <gpxdata:speed>0.547</gpxdata:speed>
    </extensions>
   </trkpt>
   <trkpt lat="46.5273012" lon="12.0175310">
    <ele>2343</ele>
    <time>2026-10-02T12:36:11Z</time>
    <extensions>
     <gpxdata:hr>160</gpxdata:hr>
     <gpxdata:distance>1300.00</gpxdata:distance>
     <gpxdata:speed>0.542</gpxdata:speed>
    </extensions>
   </trkpt>
   <trkpt lat="46.5273038" lon="12.0175209">
    <ele>2343</ele>
    <time>2026-10-02T12:36:12Z</time>
    <extensions>
     <gpxdata:hr>159</gpxdata:hr>
     <gpxdata:distance>1300.00</gpxdata:distance>
     <gpxdata:speed>0.539</gpxdata:speed>
    </extensions>
   </trkpt>
   <trkpt lat="46.5273062" lon="12.0175121">
    <ele>2343</ele>
    <time>2026-10-02T12:36:13Z</time>
    <extensions>
     <gpxdata:hr>158</gpxdata:hr>
     <gpxdata:distance>1300.00</gpxdata:distance>
     <gpxdata:speed>0.536</gpxdata:speed>
    </extensions>
   </trkpt>
   <trkpt lat="46.5273083" lon="12.0175041">
    <ele>2343</ele>
    <time>2026-10-02T12:36:14Z</time>
    <extensions>
     <gpxdata:hr>157</gpxdata:hr>
     <gpxdata:distance>1301.50</gpxdata:distance>
     <gpxdata:speed>0.267</gpxdata:speed>
    </extensions>
   </trkpt>
   <trkpt lat="46.5273100" lon="12.0174961">
    <ele>2344</ele>
    <time>2026-10-02T12:36:15Z</time>
    <extensions>
     <gpxdata:hr>157</gpxdata:hr>
     <gpxdata:distance>1303.00</gpxdata:distance>
    </extensions>
   </trkpt>
   <trkpt lat="46.5273108" lon="12.0174880">
    <ele>2344</ele>
    <time>2026-10-02T12:36:16Z</time>
    <extensions>
     <gpxdata:hr>156</gpxdata:hr>
     <gpxdata:distance>1303.50</gpxdata:distance>
     <gpxdata:speed>0.269</gpxdata:speed>
    </extensions>
   </trkpt>
   <trkpt lat="46.5273107" lon="12.0174796">
    <ele>2344</ele>
    <time>2026-10-02T12:36:17Z</time>
    <extensions>
     <gpxdata:hr>157</gpxdata:hr>
     <gpxdata:distance>1304.00</gpxdata:distance>
     <gpxdata:speed>0.539</gpxdata:speed>
    </extensions>
   </trkpt>
   <trkpt lat="46.5273102" lon="12.0174703">
    <ele>2344</ele>
    <time>2026-10-02T12:36:18Z</time>
    <extensions>
     <gpxdata:hr>157</gpxdata:hr>
     <gpxdata:distance>1305.00</gpxdata:distance>
     <gpxdata:speed>0.544</gpxdata:speed>
    </extensions>
   </trkpt>
   <trkpt lat="46.5273097" lon="12.0174584">
    <ele>2345</ele>
    <time>2026-10-02T12:36:19Z</time>
    <extensions>
     <gpxdata:hr>156</gpxdata:hr>
     <gpxdata:distance>1306.00</gpxdata:distance>
     <gpxdata:speed>0.550</gpxdata:speed>
    </extensions>
   </trkpt>
   <trkpt lat="46.5273096" lon="12.0174482">
    <ele>2345</ele>
    <time>2026-10-02T12:36:20Z</time>
    <extensions>
     <gpxdata:hr>156</gpxdata:hr>
     <gpxdata:distance>1306.50</gpxdata:distance>
     <gpxdata:speed>0.553</gpxdata:speed>
    </extensions>
   </trkpt>
   <trkpt lat="46.5273104" lon="12.0174390">
    <ele>2345</ele>
    <time>2026-10-02T12:36:21Z</time>
    <extensions>
     <gpxdata:hr>157</gpxdata:hr>
     <gpxdata:distance>1307.00</gpxdata:distance>
     <gpxdata:speed>0.558</gpxdata:speed>
    </extensions>
   </trkpt>
   <trkpt lat="46.5273111" lon="12.0174352">
    <ele>2345</ele>
    <time>2026-10-02T12:36:22Z</time>
    <extensions>
     <gpxdata:hr>157</gpxdata:hr>
     <gpxdata:distance>1307.50</gpxdata:distance>
     <gpxdata:speed>0.561</gpxdata:speed>
    </extensions>
   </trkpt>
   <trkpt lat="46.5273118" lon="12.0174315">
    <ele>2345</ele>
    <time>2026-10-02T12:36:23Z</time>
    <extensions>
     <gpxdata:hr>157</gpxdata:hr>
     <gpxdata:distance>1308.00</gpxdata:distance>
     <gpxdata:speed>0.564</gpxdata:speed>
    </extensions>
   </trkpt>
   <trkpt lat="46.5273125" lon="12.0174278">
    <ele>2345</ele>
    <time>2026-10-02T12:36:24Z</time>
    <extensions>
     <gpxdata:hr>158</gpxdata:hr>
     <gpxdata:distance>1308.50</gpxdata:distance>
     <gpxdata:speed>0.564</gpxdata:speed>
    </extensions>
   </trkpt>
   <trkpt lat="46.5273148" lon="12.0174180">
    <ele>2345</ele>
    <time>2026-10-02T12:36:25Z</time>
    <extensions>
     <gpxdata:hr>158</gpxdata:hr>
     <gpxdata:distance>1309.00</gpxdata:distance>
     <gpxdata:speed>0.567</gpxdata:speed>
    </extensions>
   </trkpt>
   <trkpt lat="46.5273169" lon="12.0174088">
    <ele>2345</ele>
    <time>2026-10-02T12:36:26Z</time>
    <extensions>
     <gpxdata:hr>159</gpxdata:hr>
     <gpxdata:distance>1309.50</gpxdata:distance>
     <gpxdata:speed>0.569</gpxdata:speed>
    </extensions>
   </trkpt>
   <trkpt lat="46.5273190" lon="12.0173995">
    <ele>2346</ele>
    <time>2026-10-02T12:36:27Z</time>
    <extensions>
     <gpxdata:hr>158</gpxdata:hr>
     <gpxdata:distance>1310.00</gpxdata:distance>
     <gpxdata:speed>0.572</gpxdata:speed>
    </extensions>
   </trkpt>
   <trkpt lat="46.5273217" lon="12.0173875">
    <ele>2346</ele>
    <time>2026-10-02T12:36:28Z</time>
    <extensions>
     <gpxdata:hr>158</gpxdata:hr>
     <gpxdata:distance>1310.50</gpxdata:distance>
     <gpxdata:speed>0.572</gpxdata:speed>
    </extensions>
   </trkpt>
   <trkpt lat="46.5273248" lon="12.0173766">
    <ele>2346</ele>
    <time>2026-10-02T12:36:29Z</time>
    <extensions>
     <gpxdata:hr>157</gpxdata:hr>
     <gpxdata:distance>1311.00</gpxdata:distance>
     <gpxdata:speed>0.575</gpxdata:speed>
    </extensions>
   </trkpt>
   <trkpt lat="46.5273256" lon="12.0173727">
    <ele>2346</ele>
    <time>2026-10-02T12:36:30Z</time>
    <extensions>
     <gpxdata:hr>157</gpxdata:hr>
     <gpxdata:distance>1312.00</gpxdata:distance>
     <gpxdata:speed>0.578</gpxdata:speed>
    </extensions>
   </trkpt>
   <trkpt lat="46.5273265" lon="12.0173687">
    <ele>2347</ele>
    <time>2026-10-02T12:36:31Z</time>
    <extensions>
     <gpxdata:hr>157</gpxdata:hr>
     <gpxdata:distance>1313.00</gpxdata:distance>
     <gpxdata:speed>0.581</gpxdata:speed>
    </extensions>
   </trkpt>
   <trkpt lat="46.5273273" lon="12.0173647">
    <ele>2347</ele>
    <time>2026-10-02T12:36:32Z</time>
    <extensions>
     <gpxdata:hr>157</gpxdata:hr>
     <gpxdata:distance>1313.00</gpxdata:distance>
     <gpxdata:speed>0.581</gpxdata:speed>
    </extensions>
   </trkpt>
   <trkpt lat="46.5273289" lon="12.0173540">
    <ele>2347</ele>
    <time>2026-10-02T12:36:33Z</time>
    <extensions>
     <gpxdata:hr>157</gpxdata:hr>
     <gpxdata:distance>1313.00</gpxdata:distance>
     <gpxdata:speed>0.581</gpxdata:speed>
    </extensions>
   </trkpt>
   <trkpt lat="46.5273301" lon="12.0173442">
    <ele>2347</ele>
    <time>2026-10-02T12:36:34Z</time>
    <extensions>
     <gpxdata:hr>156</gpxdata:hr>
     <gpxdata:distance>1313.00</gpxdata:distance>
     <gpxdata:speed>0.581</gpxdata:speed>
    </extensions>
   </trkpt>
   <trkpt lat="46.5273313" lon="12.0173353">
    <ele>2348</ele>
    <time>2026-10-02T12:36:35Z</time>
    <extensions>
     <gpxdata:hr>156</gpxdata:hr>
     <gpxdata:distance>1313.00</gpxdata:distance>
     <gpxdata:speed>0.581</gpxdata:speed>
    </extensions>
   </trkpt>
   <trkpt lat="46.5273326" lon="12.0173261">
    <ele>2348</ele>
    <time>2026-10-02T12:36:36Z</time>
    <extensions>
     <gpxdata:hr>156</gpxdata:hr>
     <gpxdata:distance>1315.00</gpxdata:distance>
     <gpxdata:speed>0.586</gpxdata:speed>
    </extensions>
   </trkpt>
   <trkpt lat="46.5273337" lon="12.0173165">
    <ele>2348</ele>
    <time>2026-10-02T12:36:37Z</time>
    <extensions>
     <gpxdata:hr>156</gpxdata:hr>
     <gpxdata:distance>1317.00</gpxdata:distance>
     <gpxdata:speed>0.592</gpxdata:speed>
    </extensions>
   </trkpt>
   <trkpt lat="46.5273347" lon="12.0173068">
    <ele>2348</ele>
    <time>2026-10-02T12:36:38Z</time>
    <extensions>
     <gpxdata:hr>156</gpxdata:hr>
     <gpxdata:distance>1318.00</gpxdata:distance>
     <gpxdata:speed>0.594</gpxdata:speed>
    </extensions>
   </trkpt>
   <trkpt lat="46.5273360" lon="12.0172972">
    <ele>2349</ele>
    <time>2026-10-02T12:36:39Z</time>
    <extensions>
     <gpxdata:hr>156</gpxdata:hr>
     <gpxdata:distance>1319.00</gpxdata:distance>
     <gpxdata:speed>0.597</gpxdata:speed>
    </extensions>
   </trkpt>
   <trkpt lat="46.5273371" lon="12.0172876">
    <ele>2349</ele>
    <time>2026-10-02T12:36:40Z</time>
    <extensions>
     <gpxdata:hr>156</gpxdata:hr>
     <gpxdata:distance>1319.50</gpxdata:distance>
     <gpxdata:speed>0.597</gpxdata:speed>
    </extensions>
   </trkpt>
   <trkpt lat="46.5273378" lon="12.0172779">
    <ele>2349</ele>
    <time>2026-10-02T12:36:41Z</time>
    <extensions>
     <gpxdata:hr>156</gpxdata:hr>
     <gpxdata:distance>1320.00</gpxdata:distance>
     <gpxdata:speed>0.600</gpxdata:speed>
    </extensions>
   </trkpt>
   <trkpt lat="46.5273384" lon="12.0172680">
    <ele>2349</ele>
    <time>2026-10-02T12:36:42Z</time>
    <extensions>
     <gpxdata:hr>156</gpxdata:hr>
     <gpxdata:distance>1321.00</gpxdata:distance>
     <gpxdata:speed>0.603</gpxdata:speed>
    </extensions>
   </trkpt>
   <trkpt lat="46.5273391" lon="12.0172580">
    <ele>2350</ele>
    <time>2026-10-02T12:36:43Z</time>
    <extensions>
     <gpxdata:hr>156</gpxdata:hr>
     <gpxdata:distance>1322.00</gpxdata:distance>
     <gpxdata:speed>0.606</gpxdata:speed>
    </extensions>
   </trkpt>
   <trkpt lat="46.5273401" lon="12.0172486">
    <ele>2350</ele>
    <time>2026-10-02T12:36:44Z</time>
    <extensions>
     <gpxdata:hr>156</gpxdata:hr>
     <gpxdata:distance>1322.50</gpxdata:distance>
     <gpxdata:speed>0.608</gpxdata:speed>
    </extensions>
   </trkpt>
   <trkpt lat="46.5273411" lon="12.0172395">
    <ele>2350</ele>
    <time>2026-10-02T12:36:45Z</time>
    <extensions>
     <gpxdata:hr>156</gpxdata:hr>
     <gpxdata:distance>1323.00</gpxdata:distance>
     <gpxdata:speed>0.611</gpxdata:speed>
    </extensions>
   </trkpt>
   <trkpt lat="46.5273423" lon="12.0172304">
    <ele>2350</ele>
    <time>2026-10-02T12:36:46Z</time>
    <extensions>
     <gpxdata:hr>157</gpxdata:hr>
     <gpxdata:distance>1323.50</gpxdata:distance>
     <gpxdata:speed>0.614</gpxdata:speed>
    </extensions>
   </trkpt>
   <trkpt lat="46.5273434" lon="12.0172211">
    <ele>2351</ele>
    <time>2026-10-02T12:36:47Z</time>
    <extensions>
     <gpxdata:hr>157</gpxdata:hr>
     <gpxdata:distance>1324.00</gpxdata:distance>
     <gpxdata:speed>0.617</gpxdata:speed>
    </extensions>
   </trkpt>
   <trkpt lat="46.5273446" lon="12.0172115">
    <ele>2351</ele>
    <time>2026-10-02T12:36:48Z</time>
    <extensions>
     <gpxdata:hr>158</gpxdata:hr>
     <gpxdata:distance>1325.00</gpxdata:distance>
     <gpxdata:speed>0.617</gpxdata:speed>
    </extensions>
   </trkpt>
   <trkpt lat="46.5273460" lon="12.0172012">
    <ele>2351</ele>
    <time>2026-10-02T12:36:49Z</time>
    <extensions>
     <gpxdata:hr>158</gpxdata:hr>
     <gpxdata:distance>1326.00</gpxdata:distance>
     <gpxdata:speed>0.619</gpxdata:speed>
    </extensions>
   </trkpt>
   <trkpt lat="46.5273474" lon="12.0171909">
    <ele>2351</ele>
    <time>2026-10-02T12:36:50Z</time>
    <extensions>
     <gpxdata:hr>158</gpxdata:hr>
     <gpxdata:distance>1327.00</gpxdata:distance>
     <gpxdata:speed>0.622</gpxdata:speed>
    </extensions>
   </trkpt>
   <trkpt lat="46.5273488" lon="12.0171803">
    <ele>2352</ele>
    <time>2026-10-02T12:36:51Z</time>
    <extensions>
     <gpxdata:hr>158</gpxdata:hr>
     <gpxdata:distance>1328.00</gpxdata:distance>
     <gpxdata:speed>0.628</gpxdata:speed>
    </extensions>
   </trkpt>
   <trkpt lat="46.5273504" lon="12.0171693">
    <ele>2352</ele>
    <time>2026-10-02T12:36:52Z</time>
    <extensions>
     <gpxdata:hr>158</gpxdata:hr>
     <gpxdata:distance>1329.00</gpxdata:distance>
     <gpxdata:speed>0.639</gpxdata:speed>
    </extensions>
   </trkpt>
   <trkpt lat="46.5273525" lon="12.0171581">
    <ele>2352</ele>
    <time>2026-10-02T12:36:53Z</time>
    <extensions>
     <gpxdata:hr>158</gpxdata:hr>
     <gpxdata:distance>1330.00</gpxdata:distance>
     <gpxdata:speed>0.653</gpxdata:speed>
    </extensions>
   </trkpt>
   <trkpt lat="46.5273552" lon="12.0171480">
    <ele>2352</ele>
    <time>2026-10-02T12:36:54Z</time>
    <extensions>
     <gpxdata:hr>158</gpxdata:hr>
     <gpxdata:distance>1330.50</gpxdata:distance>
     <gpxdata:speed>0.672</gpxdata:speed>
    </extensions>
   </trkpt>
   <trkpt lat="46.5273569" lon="12.0171450">
    <ele>2353</ele>
    <time>2026-10-02T12:36:55Z</time>
    <extensions>
     <gpxdata:hr>158</gpxdata:hr>
     <gpxdata:distance>1331.00</gpxdata:distance>
     <gpxdata:speed>0.694</gpxdata:speed>
    </extensions>
   </trkpt>
   <trkpt lat="46.5273586" lon="12.0171420">
    <ele>2353</ele>
    <time>2026-10-02T12:36:56Z</time>
    <extensions>
     <gpxdata:hr>158</gpxdata:hr>
     <gpxdata:distance>1331.00</gpxdata:distance>
     <gpxdata:speed>0.700</gpxdata:speed>
    </extensions>
   </trkpt>
   <trkpt lat="46.5273603" lon="12.0171390">
    <ele>2354</ele>
    <time>2026-10-02T12:36:57Z</time>
    <extensions>
     <gpxdata:hr>159</gpxdata:hr>
     <gpxdata:distance>1331.00</gpxdata:distance>
     <gpxdata:speed>0.706</gpxdata:speed>
    </extensions>
   </trkpt>
   <trkpt lat="46.5273620" lon="12.0171359">
    <ele>2354</ele>
    <time>2026-10-02T12:36:58Z</time>
    <extensions>
     <gpxdata:hr>160</gpxdata:hr>
     <gpxdata:distance>1331.00</gpxdata:distance>
     <gpxdata:speed>0.353</gpxdata:speed>
    </extensions>
   </trkpt>
   <trkpt lat="46.5273676" lon="12.0171269">
    <ele>2355</ele>
    <time>2026-10-02T12:36:59Z</time>
    <extensions>
     <gpxdata:hr>161</gpxdata:hr>
     <gpxdata:distance>1331.00</gpxdata:distance>
    </extensions>
   </trkpt>
   <trkpt lat="46.5273727" lon="12.0171200">
    <ele>2355</ele>
    <time>2026-10-02T12:37:00Z</time>
    <extensions>
     <gpxdata:hr>161</gpxdata:hr>
     <gpxdata:distance>1331.00</gpxdata:distance>
     <gpxdata:speed>0.539</gpxdata:speed>
    </extensions>
   </trkpt>
   <trkpt lat="46.5273778" lon="12.0171148">
    <ele>2355</ele>
    <time>2026-10-02T12:37:01Z</time>
    <extensions>
     <gpxdata:hr>161</gpxdata:hr>
     <gpxdata:distance>1331.00</gpxdata:distance>
     <gpxdata:speed>1.078</gpxdata:speed>
    </extensions>
   </trkpt>
   <trkpt lat="46.5273827" lon="12.0171114">
    <ele>2355</ele>
    <time>2026-10-02T12:37:02Z</time>
    <extensions>
     <gpxdata:hr>161</gpxdata:hr>
     <gpxdata:distance>1333.00</gpxdata:distance>
     <gpxdata:speed>0.867</gpxdata:speed>
    </extensions>
   </trkpt>
   <trkpt lat="46.5273879" lon="12.0171094">
    <ele>2356</ele>
    <time>2026-10-02T12:37:03Z</time>
    <extensions>
     <gpxdata:hr>161</gpxdata:hr>
     <gpxdata:distance>1335.00</gpxdata:distance>
     <gpxdata:speed>0.656</gpxdata:speed>
    </extensions>
   </trkpt>
   <trkpt lat="46.5273933" lon="12.0171089">
    <ele>2356</ele>
    <time>2026-10-02T12:37:04Z</time>
    <extensions>
     <gpxdata:hr>161</gpxdata:hr>
     <gpxdata:distance>1335.50</gpxdata:distance>
     <gpxdata:speed>0.653</gpxdata:speed>
    </extensions>
   </trkpt>
  </trkseg>
  <trkseg>
   <trkpt lat="46.5274075" lon="12.0171121">
    <ele>2357</ele>
    <time>2026-10-02T12:37:12Z</time>
    <extensions>
     <gpxdata:hr>164</gpxdata:hr>
     <gpxdata:distance>1336.00</gpxdata:distance>
     <gpxdata:speed>0.633</gpxdata:speed>
    </extensions>
   </trkpt>
   <trkpt lat="46.5274120" lon="12.0171131">
    <ele>2357</ele>
    <time>2026-10-02T12:37:13Z</time>
    <extensions>
     <gpxdata:hr>164</gpxdata:hr>
     <gpxdata:distance>1336.00</gpxdata:distance>
     <gpxdata:speed>0.633</gpxdata:speed>
    </extensions>
   </trkpt>
   <trkpt lat="46.5274166" lon="12.0171141">
    <ele>2357</ele>
    <time>2026-10-02T12:37:14Z</time>
    <extensions>
     <gpxdata:hr>164</gpxdata:hr>
     <gpxdata:distance>1336.00</gpxdata:distance>
     <gpxdata:speed>0.633</gpxdata:speed>
    </extensions>
   </trkpt>
   <trkpt lat="46.5274211" lon="12.0171151">
    <ele>2358</ele>
    <time>2026-10-02T12:37:15Z</time>
    <extensions>
     <gpxdata:hr>164</gpxdata:hr>
     <gpxdata:distance>1336.00</gpxdata:distance>
     <gpxdata:speed>0.633</gpxdata:speed>
    </extensions>
   </trkpt>
   <trkpt lat="46.5274318" lon="12.0171173">
    <ele>2358</ele>
    <time>2026-10-02T12:37:16Z</time>
    <extensions>
     <gpxdata:hr>163</gpxdata:hr>
     <gpxdata:distance>1337.50</gpxdata:distance>
     <gpxdata:speed>0.617</gpxdata:speed>
    </extensions>
   </trkpt>
   <trkpt lat="46.5274411" lon="12.0171195">
    <ele>2358</ele>
    <time>2026-10-02T12:37:17Z</time>
    <extensions>
     <gpxdata:hr>163</gpxdata:hr>
     <gpxdata:distance>1339.00</gpxdata:distance>
     <gpxdata:speed>0.600</gpxdata:speed>
    </extensions>
   </trkpt>
   <trkpt lat="46.5274498" lon="12.0171217">
    <ele>2358</ele>
    <time>2026-10-02T12:37:18Z</time>
    <extensions>
     <gpxdata:hr>162</gpxdata:hr>
     <gpxdata:distance>1341.00</gpxdata:distance>
     <gpxdata:speed>0.575</gpxdata:speed>
    </extensions>
   </trkpt>
   <trkpt lat="46.5274582" lon="12.0171241">
    <ele>2358</ele>
    <time>2026-10-02T12:37:19Z</time>
    <extensions>
     <gpxdata:hr>162</gpxdata:hr>
     <gpxdata:distance>1343.00</gpxdata:distance>
     <gpxdata:speed>0.550</gpxdata:speed>
    </extensions>
   </trkpt>
   <trkpt lat="46.5274661" lon="12.0171258">
    <ele>2358</ele>
    <time>2026-10-02T12:37:20Z</time>
    <extensions>
     <gpxdata:hr>163</gpxdata:hr>
     <gpxdata:distance>1344.00</gpxdata:distance>
     <gpxdata:speed>0.550</gpxdata:speed>
    </extensions>
   </trkpt>
   <trkpt lat="46.5274735" lon="12.0171264">
    <ele>2358</ele>
    <time>2026-10-02T12:37:21Z</time>
    <extensions>
     <gpxdata:hr>164</gpxdata:hr>
     <gpxdata:distance>1345.00</gpxdata:distance>
     <gpxdata:speed>0.550</gpxdata:speed>
    </extensions>
   </trkpt>
   <trkpt lat="46.5274806" lon="12.0171260">
    <ele>2358</ele>
    <time>2026-10-02T12:37:22Z</time>
    <extensions>
     <gpxdata:hr>164</gpxdata:hr>
     <gpxdata:distance>1345.50</gpxdata:distance>
     <gpxdata:speed>0.556</gpxdata:speed>
    </extensions>
   </trkpt>
  </trkseg>
  <trkseg>
   <trkpt lat="46.5274963" lon="12.0171235">
    <ele>2360</ele>
    <time>2026-10-02T12:37:31Z</time>
    <extensions>
     <gpxdata:hr>163</gpxdata:hr>
     <gpxdata:distance>1346.00</gpxdata:distance>
    </extensions>
   </trkpt>
   <trkpt lat="46.5275006" lon="12.0171229">
    <ele>2360</ele>
    <time>2026-10-02T12:37:32Z</time>
    <extensions>
     <gpxdata:hr>163</gpxdata:hr>
     <gpxdata:distance>1346.00</gpxdata:distance>
    </extensions>
   </trkpt>
   <trkpt lat="46.5275048" lon="12.0171224">
    <ele>2360</ele>
    <time>2026-10-02T12:37:33Z</time>
    <extensions>
     <gpxdata:hr>164</gpxdata:hr>
     <gpxdata:distance>1346.00</gpxdata:distance>
    </extensions>
   </trkpt>
   <trkpt lat="46.5275088" lon="12.0171218">
    <ele>2360</ele>
    <time>2026-10-02T12:37:34Z</time>
    <extensions>
     <gpxdata:hr>164</gpxdata:hr>
     <gpxdata:distance>1348.00</gpxdata:distance>
     <gpxdata:speed>0.269</gpxdata:speed>
    </extensions>
   </trkpt>
   <trkpt lat="46.5275126" lon="12.0171213">
    <ele>2361</ele>
    <time>2026-10-02T12:37:35Z</time>
    <extensions>
     <gpxdata:hr>164</gpxdata:hr>
     <gpxdata:distance>1350.00</gpxdata:distance>
     <gpxdata:speed>0.542</gpxdata:speed>
    </extensions>
   </trkpt>
   <trkpt lat="46.5275252" lon="12.0171198">
    <ele>2361</ele>
    <time>2026-10-02T12:37:36Z</time>
    <extensions>
     <gpxdata:hr>164</gpxdata:hr>
     <gpxdata:distance>1350.00</gpxdata:distance>
     <gpxdata:speed>0.542</gpxdata:speed>
    </extensions>
   </trkpt>
   <trkpt lat="46.5275356" lon="12.0171200">
    <ele>2361</ele>
    <time>2026-10-02T12:37:37Z</time>
    <extensions>
     <gpxdata:hr>164</gpxdata:hr>
     <gpxdata:distance>1350.00</gpxdata:distance>
     <gpxdata:speed>0.542</gpxdata:speed>
    </extensions>
   </trkpt>
   <trkpt lat="46.5275446" lon="12.0171211">
    <ele>2361</ele>
    <time>2026-10-02T12:37:38Z</time>
    <extensions>
     <gpxdata:hr>163</gpxdata:hr>
     <gpxdata:distance>1352.00</gpxdata:distance>
     <gpxdata:speed>0.544</gpxdata:speed>
    </extensions>
   </trkpt>
   <trkpt lat="46.5275544" lon="12.0171235">
    <ele>2361</ele>
    <time>2026-10-02T12:37:39Z</time>
    <extensions>
     <gpxdata:hr>163</gpxdata:hr>
     <gpxdata:distance>1354.00</gpxdata:distance>
     <gpxdata:speed>0.547</gpxdata:speed>
    </extensions>
   </trkpt>
   <trkpt lat="46.5275629" lon="12.0171256">
    <ele>2361</ele>
    <time>2026-10-02T12:37:40Z</time>
    <extensions>
     <gpxdata:hr>162</gpxdata:hr>
     <gpxdata:distance>1354.50</gpxdata:distance>
     <gpxdata:speed>0.550</gpxdata:speed>
    </extensions>
   </trkpt>
   <trkpt lat="46.5275707" lon="12.0171274">
    <ele>2361</ele>
    <time>2026-10-02T12:37:41Z</time>
    <extensions>
     <gpxdata:hr>162</gpxdata:hr>
     <gpxdata:distance>1355.00</gpxdata:distance>
     <gpxdata:speed>0.553</gpxdata:speed>
    </extensions>
   </trkpt>
   <trkpt lat="46.5275780" lon="12.0171294">
    <ele>2361</ele>
    <time>2026-10-02T12:37:42Z</time>
    <extensions>
     <gpxdata:hr>162</gpxdata:hr>
     <gpxdata:distance>1356.00</gpxdata:distance>
     <gpxdata:speed>0.556</gpxdata:speed>
    </extensions>
   </trkpt>
   <trkpt lat="46.5275847" lon="12.0171314">
    <ele>2362</ele>
    <time>2026-10-02T12:37:43Z</time>
    <extensions>
     <gpxdata:hr>163</gpxdata:hr>
     <gpxdata:distance>1357.00</gpxdata:distance>
     <gpxdata:speed>0.558</gpxdata:speed>
    </extensions>
   </trkpt>
   <trkpt lat="46.5275912" lon="12.0171332">
    <ele>2362</ele>
    <time>2026-10-02T12:37:44Z</time>
    <extensions>
     <gpxdata:hr>163</gpxdata:hr>
     <gpxdata:distance>1357.50</gpxdata:distance>
     <gpxdata:speed>0.561</gpxdata:speed>
    </extensions>
   </trkpt>
   <trkpt lat="46.5275977" lon="12.0171355">
    <ele>2362</ele>
    <time>2026-10-02T12:37:45Z</time>
    <extensions>
     <gpxdata:hr>163</gpxdata:hr>
     <gpxdata:distance>1358.00</gpxdata:distance>
     <gpxdata:speed>0.564</gpxdata:speed>
    </extensions>
   </trkpt>
   <trkpt lat="46.5276040" lon="12.0171379">
    <ele>2362</ele>
    <time>2026-10-02T12:37:46Z</time>
    <extensions>
     <gpxdata:hr>163</gpxdata:hr>
     <gpxdata:distance>1358.50</gpxdata:distance>
     <gpxdata:speed>0.564</gpxdata:speed>
    </extensions>
   </trkpt>
   <trkpt lat="46.5276102" lon="12.0171402">
    <ele>2363</ele>
    <time>2026-10-02T12:37:47Z</time>
    <extensions>
     <gpxdata:hr>164</gpxdata:hr>
     <gpxdata:distance>1359.00</gpxdata:distance>
     <gpxdata:speed>0.567</gpxdata:speed>
    </extensions>
   </trkpt>
   <trkpt lat="46.5276165" lon="12.0171418">
    <ele>2363</ele>
    <time>2026-10-02T12:37:48Z</time>
    <extensions>
     <gpxdata:hr>164</gpxdata:hr>
     <gpxdata:distance>1360.00</gpxdata:distance>
     <gpxdata:speed>0.569</gpxdata:speed>
    </extensions>
   </trkpt>
   <trkpt lat="46.5276227" lon="12.0171430">
    <ele>2363</ele>
    <time>2026-10-02T12:37:49Z</time>
    <extensions>
     <gpxdata:hr>164</gpxdata:hr>
     <gpxdata:distance>1361.00</gpxdata:distance>
     <gpxdata:speed>0.572</gpxdata:speed>
    </extensions>
   </trkpt>
   <trkpt lat="46.5276286" lon="12.0171439">
    <ele>2363</ele>
    <time>2026-10-02T12:37:50Z</time>
    <extensions>
     <gpxdata:hr>163</gpxdata:hr>
     <gpxdata:distance>1361.50</gpxdata:distance>
     <gpxdata:speed>0.572</gpxdata:speed>
    </extensions>
   </trkpt>
   <trkpt lat="46.5276342" lon="12.0171443">
    <ele>2364</ele>
    <time>2026-10-02T12:37:51Z</time>
    <extensions>
     <gpxdata:hr>163</gpxdata:hr>
     <gpxdata:distance>1362.00</gpxdata:distance>
     <gpxdata:speed>0.575</gpxdata:speed>
    </extensions>
   </trkpt>
   <trkpt lat="46.5276400" lon="12.0171443">
    <ele>2364</ele>
    <time>2026-10-02T12:37:52Z</time>
    <extensions>
     <gpxdata:hr>162</gpxdata:hr>
     <gpxdata:distance>1362.50</gpxdata:distance>
     <gpxdata:speed>0.575</gpxdata:speed>
    </extensions>
   </trkpt>
   <trkpt lat="46.5276463" lon="12.0171444">
    <ele>2364</ele>
    <time>2026-10-02T12:37:53Z</time>
    <extensions>
     <gpxdata:hr>162</gpxdata:hr>
     <gpxdata:distance>1363.00</gpxdata:distance>
     <gpxdata:speed>0.578</gpxdata:speed>
    </extensions>
   </trkpt>
   <trkpt lat="46.5276531" lon="12.0171447">
    <ele>2364</ele>
    <time>2026-10-02T12:37:54Z</time>
    <extensions>
     <gpxdata:hr>161</gpxdata:hr>
     <gpxdata:distance>1364.00</gpxdata:distance>
     <gpxdata:speed>0.578</gpxdata:speed>
    </extensions>
   </trkpt>
   <trkpt lat="46.5276600" lon="12.0171458">
    <ele>2365</ele>
    <time>2026-10-02T12:37:55Z</time>
    <extensions>
     <gpxdata:hr>161</gpxdata:hr>
     <gpxdata:distance>1365.00</gpxdata:distance>
     <gpxdata:speed>0.581</gpxdata:speed>
    </extensions>
   </trkpt>
   <trkpt lat="46.5276668" lon="12.0171473">
    <ele>2365</ele>
    <time>2026-10-02T12:37:56Z</time>
    <extensions>
     <gpxdata:hr>163</gpxdata:hr>
     <gpxdata:distance>1365.50</gpxdata:distance>
     <gpxdata:speed>0.581</gpxdata:speed>
    </extensions>
   </trkpt>
   <trkpt lat="46.5276736" lon="12.0171491">
    <ele>2365</ele>
    <time>2026-10-02T12:37:57Z</time>
    <extensions>
     <gpxdata:hr>162</gpxdata:hr>
     <gpxdata:distance>1366.00</gpxdata:distance>
     <gpxdata:speed>0.583</gpxdata:speed>
    </extensions>
   </trkpt>
   <trkpt lat="46.5276764" lon="12.0171500">
    <ele>2365</ele>
    <time>2026-10-02T12:37:58Z</time>
    <extensions>
     <gpxdata:hr>162</gpxdata:hr>
     <gpxdata:distance>1367.00</gpxdata:distance>
     <gpxdata:speed>0.586</gpxdata:speed>
    </extensions>
   </trkpt>
   <trkpt lat="46.5276793" lon="12.0171508">
    <ele>2366</ele>
    <time>2026-10-02T12:37:59Z</time>
    <extensions>
     <gpxdata:hr>162</gpxdata:hr>
     <gpxdata:distance>1368.00</gpxdata:distance>
     <gpxdata:speed>0.589</gpxdata:speed>
    </extensions>
   </trkpt>
   <trkpt lat="46.5276821" lon="12.0171517">
    <ele>2366</ele>
    <time>2026-10-02T12:38:00Z</time>
    <extensions>
     <gpxdata:hr>162</gpxdata:hr>
     <gpxdata:distance>1368.50</gpxdata:distance>
     <gpxdata:speed>0.589</gpxdata:speed>
    </extensions>
   </trkpt>
   <trkpt lat="46.5276898" lon="12.0171539">
    <ele>2366</ele>
    <time>2026-10-02T12:38:01Z</time>
    <extensions>
     <gpxdata:hr>162</gpxdata:hr>
     <gpxdata:distance>1369.00</gpxdata:distance>
     <gpxdata:speed>0.592</gpxdata:speed>
    </extensions>
   </trkpt>
   <trkpt lat="46.5276969" lon="12.0171557">
    <ele>2366</ele>
    <time>2026-10-02T12:38:02Z</time>
    <extensions>
     <gpxdata:hr>162</gpxdata:hr>
     <gpxdata:distance>1370.00</gpxdata:distance>
     <gpxdata:speed>0.594</gpxdata:speed>
    </extensions>
   </trkpt>
   <trkpt lat="46.5277035" lon="12.0171575">
    <ele>2366</ele>
    <time>2026-10-02T12:38:03Z</time>
    <extensions>
     <gpxdata:hr>161</gpxdata:hr>
     <gpxdata:distance>1371.00</gpxdata:distance>
     <gpxdata:speed>0.597</gpxdata:speed>
    </extensions>
   </trkpt>
   <trkpt lat="46.5277110" lon="12.0171604">
    <ele>2366</ele>
    <time>2026-10-02T12:38:04Z</time>
    <extensions>
     <gpxdata:hr>161</gpxdata:hr>
     <gpxdata:distance>1371.00</gpxdata:distance>
     <gpxdata:speed>0.597</gpxdata:speed>
    </extensions>
   </trkpt>
   <trkpt lat="46.5277174" lon="12.0171635">
    <ele>2366</ele>
    <time>2026-10-02T12:38:05Z</time>
    <extensions>
     <gpxdata:hr>161</gpxdata:hr>
     <gpxdata:distance>1371.00</gpxdata:distance>
     <gpxdata:speed>0.600</gpxdata:speed>
    </extensions>
   </trkpt>
   <trkpt lat="46.5277229" lon="12.0171671">
    <ele>2366</ele>
    <time>2026-10-02T12:38:06Z</time>
    <extensions>
     <gpxdata:hr>161</gpxdata:hr>
     <gpxdata:distance>1371.50</gpxdata:distance>
     <gpxdata:speed>0.600</gpxdata:speed>
    </extensions>
   </trkpt>
   <trkpt lat="46.5277281" lon="12.0171700">
    <ele>2367</ele>
    <time>2026-10-02T12:38:07Z</time>
    <extensions>
     <gpxdata:hr>161</gpxdata:hr>
     <gpxdata:distance>1372.00</gpxdata:distance>
     <gpxdata:speed>0.603</gpxdata:speed>
    </extensions>
   </trkpt>
   <trkpt lat="46.5277335" lon="12.0171723">
    <ele>2367</ele>
    <time>2026-10-02T12:38:08Z</time>
    <extensions>
     <gpxdata:hr>161</gpxdata:hr>
     <gpxdata:distance>1373.00</gpxdata:distance>
     <gpxdata:speed>0.603</gpxdata:speed>
    </extensions>
   </trkpt>
   <trkpt lat="46.5277387" lon="12.0171746">
    <ele>2367</ele>
    <time>2026-10-02T12:38:09Z</time>
    <extensions>
     <gpxdata:hr>161</gpxdata:hr>
     <gpxdata:distance>1374.00</gpxdata:distance>
     <gpxdata:speed>0.603</gpxdata:speed>
    </extensions>
   </trkpt>
   <trkpt lat="46.5277440" lon="12.0171767">
    <ele>2367</ele>
    <time>2026-10-02T12:38:10Z</time>
    <extensions>
     <gpxdata:hr>161</gpxdata:hr>
     <gpxdata:distance>1374.50</gpxdata:distance>
     <gpxdata:speed>0.603</gpxdata:speed>
    </extensions>
   </trkpt>
   <trkpt lat="46.5277462" lon="12.0171777">
    <ele>2368</ele>
    <time>2026-10-02T12:38:11Z</time>
    <extensions>
     <gpxdata:hr>161</gpxdata:hr>
     <gpxdata:distance>1375.00</gpxdata:distance>
     <gpxdata:speed>0.606</gpxdata:speed>
    </extensions>
   </trkpt>
   <trkpt lat="46.5277485" lon="12.0171788">
    <ele>2368</ele>
    <time>2026-10-02T12:38:12Z</time>
    <extensions>
     <gpxdata:hr>164</gpxdata:hr>
     <gpxdata:distance>1375.50</gpxdata:distance>
     <gpxdata:speed>0.606</gpxdata:speed>
    </extensions>
   </trkpt>
   <trkpt lat="46.5277507" lon="12.0171798">
    <ele>2368</ele>
    <time>2026-10-02T12:38:13Z</time>
    <extensions>
     <gpxdata:hr>164</gpxdata:hr>
     <gpxdata:distance>1376.00</gpxdata:distance>
     <gpxdata:speed>0.606</gpxdata:speed>
    </extensions>
   </trkpt>
  </trkseg>
  <trkseg>
   <trkpt lat="46.5277649" lon="12.0171864">
    <ele>2369</ele>
    <time>2026-10-02T12:38:20Z</time>
    <extensions>
     <gpxdata:hr>167</gpxdata:hr>
     <gpxdata:distance>1377.00</gpxdata:distance>
     <gpxdata:speed>0.608</gpxdata:speed>
    </extensions>
   </trkpt>
  </trkseg>
  <trkseg>
   <trkpt lat="46.5277843" lon="12.0171968">
    <ele>2371</ele>
    <time>2026-10-02T12:38:29Z</time>
    <extensions>
     <gpxdata:hr>167</gpxdata:hr>
     <gpxdata:distance>1380.00</gpxdata:distance>
    </extensions>
   </trkpt>
   <trkpt lat="46.5277883" lon="12.0171988">
    <ele>2371</ele>
    <time>2026-10-02T12:38:30Z</time>
    <extensions>
     <gpxdata:hr>167</gpxdata:hr>
     <gpxdata:distance>1380.00</gpxdata:distance>
     <gpxdata:speed>0.539</gpxdata:speed>
    </extensions>
   </trkpt>
   <trkpt lat="46.5277923" lon="12.0172008">
    <ele>2371</ele>
    <time>2026-10-02T12:38:31Z</time>
    <extensions>
     <gpxdata:hr>167</gpxdata:hr>
     <gpxdata:distance>1380.00</gpxdata:distance>
     <gpxdata:speed>1.078</gpxdata:speed>
    </extensions>
   </trkpt>
   <trkpt lat="46.5277964" lon="12.0172028">
    <ele>2371</ele>
    <time>2026-10-02T12:38:32Z</time>
    <extensions>
     <gpxdata:hr>167</gpxdata:hr>
     <gpxdata:distance>1381.50</gpxdata:distance>
     <gpxdata:speed>1.078</gpxdata:speed>
    </extensions>
   </trkpt>
   <trkpt lat="46.5278006" lon="12.0172049">
    <ele>2371</ele>
    <time>2026-10-02T12:38:33Z</time>
    <extensions>
     <gpxdata:hr>167</gpxdata:hr>
     <gpxdata:distance>1383.00</gpxdata:distance>
     <gpxdata:speed>1.078</gpxdata:speed>
    </extensions>
   </trkpt>
   <trkpt lat="46.5278127" lon="12.0172106">
    <ele>2371</ele>
    <time>2026-10-02T12:38:34Z</time>
    <extensions>
     <gpxdata:hr>167</gpxdata:hr>
     <gpxdata:distance>1383.00</gpxdata:distance>
     <gpxdata:speed>0.539</gpxdata:speed>
    </extensions>
   </trkpt>
   <trkpt lat="46.5278222" lon="12.0172151">
    <ele>2372</ele>
    <time>2026-10-02T12:38:35Z</time>
    <extensions>
     <gpxdata:hr>167</gpxdata:hr>
     <gpxdata:distance>1383.00</gpxdata:distance>
    </extensions>
   </trkpt>
   <trkpt lat="46.5278300" lon="12.0172191">
    <ele>2372</ele>
    <time>2026-10-02T12:38:36Z</time>
    <extensions>
     <gpxdata:hr>167</gpxdata:hr>
     <gpxdata:distance>1385.00</gpxdata:distance>
     <gpxdata:speed>0.281</gpxdata:speed>
    </extensions>
   </trkpt>
   <trkpt lat="46.5278367" lon="12.0172233">
    <ele>2372</ele>
    <time>2026-10-02T12:38:37Z</time>
    <extensions>
     <gpxdata:hr>167</gpxdata:hr>
     <gpxdata:distance>1387.00</gpxdata:distance>
     <gpxdata:speed>0.561</gpxdata:speed>
    </extensions>
   </trkpt>
   <trkpt lat="46.5278430" lon="12.0172282">
    <ele>2372</ele>
    <time>2026-10-02T12:38:38Z</time>
    <extensions>
     <gpxdata:hr>167</gpxdata:hr>
     <gpxdata:distance>1387.50</gpxdata:distance>
     <gpxdata:speed>0.575</gpxdata:speed>
    </extensions>
   </trkpt>
   <trkpt lat="46.5278488" lon="12.0172334">
    <ele>2373</ele>
    <time>2026-10-02T12:38:39Z</time>
    <extensions>
     <gpxdata:hr>167</gpxdata:hr>
     <gpxdata:distance>1388.00</gpxdata:distance>
     <gpxdata:speed>0.592</gpxdata:speed>
    </extensions>
   </trkpt>
   <trkpt lat="46.5278548" lon="12.0172385">
    <ele>2373</ele>
    <time>2026-10-02T12:38:40Z</time>
    <extensions>
     <gpxdata:hr>167</gpxdata:hr>
     <gpxdata:distance>1388.50</gpxdata:distance>
     <gpxdata:speed>0.614</gpxdata:speed>
    </extensions>
   </trkpt>
   <trkpt lat="46.5278614" lon="12.0172429">
    <ele>2373</ele>
    <time>2026-10-02T12:38:41Z</time>
    <extensions>
     <gpxdata:hr>167</gpxdata:hr>
     <gpxdata:distance>1389.00</gpxdata:distance>
     <gpxdata:speed>0.639</gpxdata:speed>
    </extensions>
   </trkpt>
   <trkpt lat="46.5278692" lon="12.0172464">
    <ele>2373</ele>
    <time>2026-10-02T12:38:42Z</time>
    <extensions>
     <gpxdata:hr>167</gpxdata:hr>
     <gpxdata:distance>1390.50</gpxdata:distance>
     <gpxdata:speed>0.678</gpxdata:speed>
    </extensions>
   </trkpt>
   <trkpt lat="46.5278777" lon="12.0172485">
    <ele>2373</ele>
    <time>2026-10-02T12:38:43Z</time>
    <extensions>
     <gpxdata:hr>167</gpxdata:hr>
     <gpxdata:distance>1392.00</gpxdata:distance>
     <gpxdata:speed>0.719</gpxdata:speed>
    </extensions>
   </trkpt>
   <trkpt lat="46.5278865" lon="12.0172493">
    <ele>2373</ele>
    <time>2026-10-02T12:38:44Z</time>
    <extensions>
     <gpxdata:hr>167</gpxdata:hr>
     <gpxdata:distance>1392.50</gpxdata:distance>
     <gpxdata:speed>0.758</gpxdata:speed>
    </extensions>
   </trkpt>
   <trkpt lat="46.5278952" lon="12.0172488">
    <ele>2373</ele>
    <time>2026-10-02T12:38:45Z</time>
    <extensions>
     <gpxdata:hr>167</gpxdata:hr>
     <gpxdata:distance>1393.00</gpxdata:distance>
     <gpxdata:speed>0.800</gpxdata:speed>
    </extensions>
   </trkpt>
   <trkpt lat="46.5279037" lon="12.0172476">
    <ele>2373</ele>
    <time>2026-10-02T12:38:46Z</time>
    <extensions>
     <gpxdata:hr>167</gpxdata:hr>
     <gpxdata:distance>1394.00</gpxdata:distance>
     <gpxdata:speed>0.811</gpxdata:speed>
    </extensions>
   </trkpt>
   <trkpt lat="46.5279119" lon="12.0172465">
    <ele>2374</ele>
    <time>2026-10-02T12:38:47Z</time>
    <extensions>
     <gpxdata:hr>167</gpxdata:hr>
     <gpxdata:distance>1395.00</gpxdata:distance>
     <gpxdata:speed>0.825</gpxdata:speed>
    </extensions>
   </trkpt>
   <trkpt lat="46.5279196" lon="12.0172459">
    <ele>2374</ele>
    <time>2026-10-02T12:38:48Z</time>
    <extensions>
     <gpxdata:hr>167</gpxdata:hr>
     <gpxdata:distance>1396.00</gpxdata:distance>
     <gpxdata:speed>0.828</gpxdata:speed>
    </extensions>
   </trkpt>
   <trkpt lat="46.5279268" lon="12.0172460">
    <ele>2374</ele>
    <time>2026-10-02T12:38:49Z</time>
    <extensions>
     <gpxdata:hr>167</gpxdata:hr>
     <gpxdata:distance>1397.00</gpxdata:distance>
     <gpxdata:speed>0.833</gpxdata:speed>
    </extensions>
   </trkpt>
   <trkpt lat="46.5279343" lon="12.0172474">
    <ele>2374</ele>
    <time>2026-10-02T12:38:50Z</time>
    <extensions>
     <gpxdata:hr>167</gpxdata:hr>
     <gpxdata:distance>1398.00</gpxdata:distance>
     <gpxdata:speed>0.833</gpxdata:speed>
    </extensions>
   </trkpt>
   <trkpt lat="46.5279419" lon="12.0172506">
    <ele>2375</ele>
    <time>2026-10-02T12:38:51Z</time>
    <extensions>
     <gpxdata:hr>167</gpxdata:hr>
     <gpxdata:distance>1399.00</gpxdata:distance>
     <gpxdata:speed>0.836</gpxdata:speed>
    </extensions>
   </trkpt>
   <trkpt lat="46.5279494" lon="12.0172548">
    <ele>2375</ele>
    <time>2026-10-02T12:38:52Z</time>
    <extensions>
     <gpxdata:hr>167</gpxdata:hr>
     <gpxdata:distance>1399.50</gpxdata:distance>
     <gpxdata:speed>0.836</gpxdata:speed>
    </extensions>
   </trkpt>
   <trkpt lat="46.5279565" lon="12.0172602">
    <ele>2375</ele>
    <time>2026-10-02T12:38:53Z</time>
    <extensions>
     <gpxdata:hr>167</gpxdata:hr>
     <gpxdata:distance>1400.00</gpxdata:distance>
     <gpxdata:speed>0.839</gpxdata:speed>
    </extensions>
   </trkpt>
   <trkpt lat="46.5279630" lon="12.0172667">
    <ele>2375</ele>
    <time>2026-10-02T12:38:54Z</time>
    <extensions>
     <gpxdata:hr>167</gpxdata:hr>
     <gpxdata:distance>1401.00</gpxdata:distance>
     <gpxdata:speed>0.839</gpxdata:speed>
    </extensions>
   </trkpt>
   <trkpt lat="46.5279687" lon="12.0172746">
    <ele>2376</ele>
    <time>2026-10-02T12:38:55Z</time>
    <extensions>
     <gpxdata:hr>168</gpxdata:hr>
     <gpxdata:distance>1402.00</gpxdata:distance>
     <gpxdata:speed>0.842</gpxdata:speed>
    </extensions>
   </trkpt>
   <trkpt lat="46.5279731" lon="12.0172850">
    <ele>2376</ele>
    <time>2026-10-02T12:38:56Z</time>
    <extensions>
     <gpxdata:hr>168</gpxdata:hr>
     <gpxdata:distance>1403.00</gpxdata:distance>
     <gpxdata:speed>0.844</gpxdata:speed>
    </extensions>
   </trkpt>
   <trkpt lat="46.5279761" lon="12.0172971">
    <ele>2376</ele>
    <time>2026-10-02T12:38:57Z</time>
    <extensions>
     <gpxdata:hr>168</gpxdata:hr>
     <gpxdata:distance>1404.00</gpxdata:distance>
     <gpxdata:speed>0.847</gpxdata:speed>
    </extensions>
   </trkpt>
   <trkpt lat="46.5279783" lon="12.0173099">
    <ele>2376</ele>
    <time>2026-10-02T12:38:58Z</time>
    <extensions>
     <gpxdata:hr>168</gpxdata:hr>
     <gpxdata:distance>1405.00</gpxdata:distance>
     <gpxdata:speed>0.847</gpxdata:speed>
    </extensions>
   </trkpt>
   <trkpt lat="46.5279802" lon="12.0173225">
    <ele>2377</ele>
    <time>2026-10-02T12:38:59Z</time>
    <extensions>
     <gpxdata:hr>168</gpxdata:hr>
     <gpxdata:distance>1406.00</gpxdata:distance>
     <gpxdata:speed>0.850</gpxdata:speed>
    </extensions>
   </trkpt>
   <trkpt lat="46.5279821" lon="12.0173354">
    <ele>2377</ele>
    <time>2026-10-02T12:39:00Z</time>
    <extensions>
     <gpxdata:hr>168</gpxdata:hr>
     <gpxdata:distance>1407.00</gpxdata:distance>
     <gpxdata:speed>0.858</gpxdata:speed>
    </extensions>
   </trkpt>
   <trkpt lat="46.5279833" lon="12.0173484">
    <ele>2377</ele>
    <time>2026-10-02T12:39:01Z</time>
    <extensions>
     <gpxdata:hr>168</gpxdata:hr>
     <gpxdata:distance>1408.00</gpxdata:distance>
     <gpxdata:speed>0.867</gpxdata:speed>
    </extensions>
   </trkpt>
  </trkseg>
  <trkseg>
   <trkpt lat="46.5279869" lon="12.0173715">
    <ele>2379</ele>
    <time>2026-10-02T12:39:47Z</time>
    <extensions>
     <gpxdata:hr>142</gpxdata:hr>
     <gpxdata:distance>1409.00</gpxdata:distance>
    </extensions>
   </trkpt>
   <trkpt lat="46.5279879" lon="12.0173766">
    <ele>2379</ele>
    <time>2026-10-02T12:39:48Z</time>
    <extensions>
     <gpxdata:hr>138</gpxdata:hr>
     <gpxdata:distance>1409.00</gpxdata:distance>
    </extensions>
   </trkpt>
   <trkpt lat="46.5279888" lon="12.0173818">
    <ele>2379</ele>
    <time>2026-10-02T12:39:49Z</time>
    <extensions>
     <gpxdata:hr>135</gpxdata:hr>
     <gpxdata:distance>1409.00</gpxdata:distance>
    </extensions>
   </trkpt>
   <trkpt lat="46.5279898" lon="12.0173869">
    <ele>2379</ele>
    <time>2026-10-02T12:39:50Z</time>
    <extensions>
     <gpxdata:hr>133</gpxdata:hr>
     <gpxdata:distance>1410.50</gpxdata:distance>
    </extensions>
   </trkpt>
   <trkpt lat="46.5279929" lon="12.0173962">
    <ele>2380</ele>
    <time>2026-10-02T12:39:51Z</time>
    <extensions>
     <gpxdata:hr>133</gpxdata:hr>
     <gpxdata:distance>1412.00</gpxdata:distance>
    </extensions>
   </trkpt>
   <trkpt lat="46.5279968" lon="12.0174024">
    <ele>2380</ele>
    <time>2026-10-02T12:39:52Z</time>
    <extensions>
     <gpxdata:hr>133</gpxdata:hr>
     <gpxdata:distance>1412.00</gpxdata:distance>
    </extensions>
   </trkpt>
   <trkpt lat="46.5280015" lon="12.0174071">
    <ele>2380</ele>
    <time>2026-10-02T12:39:53Z</time>
    <extensions>
     <gpxdata:hr>133</gpxdata:hr>
     <gpxdata:distance>1412.00</gpxdata:distance>
    </extensions>
   </trkpt>
   <trkpt lat="46.5280070" lon="12.0174109">
    <ele>2380</ele>
    <time>2026-10-02T12:39:54Z</time>
    <extensions>
     <gpxdata:hr>133</gpxdata:hr>
     <gpxdata:distance>1413.50</gpxdata:distance>
     <gpxdata:speed>0.289</gpxdata:speed>
    </extensions>
   </trkpt>
   <trkpt lat="46.5280134" lon="12.0174134">
    <ele>2380</ele>
    <time>2026-10-02T12:39:55Z</time>
    <extensions>
     <gpxdata:hr>133</gpxdata:hr>
     <gpxdata:distance>1415.00</gpxdata:distance>
     <gpxdata:speed>0.578</gpxdata:speed>
    </extensions>
   </trkpt>
   <trkpt lat="46.5280207" lon="12.0174141">
    <ele>2380</ele>
    <time>2026-10-02T12:39:56Z</time>
    <extensions>
     <gpxdata:hr>133</gpxdata:hr>
     <gpxdata:distance>1415.50</gpxdata:distance>
     <gpxdata:speed>0.611</gpxdata:speed>
    </extensions>
   </trkpt>
   <trkpt lat="46.5280282" lon="12.0174129">
    <ele>2380</ele>
    <time>2026-10-02T12:39:57Z</time>
    <extensions>
     <gpxdata:hr>132</gpxdata:hr>
     <gpxdata:distance>1416.00</gpxdata:distance>
     <gpxdata:speed>0.647</gpxdata:speed>
    </extensions>
   </trkpt>
   <trkpt lat="46.5280351" lon="12.0174101">
    <ele>2380</ele>
    <time>2026-10-02T12:39:58Z</time>
    <extensions>
     <gpxdata:hr>132</gpxdata:hr>
     <gpxdata:distance>1417.00</gpxdata:distance>
     <gpxdata:speed>0.664</gpxdata:speed>
    </extensions>
   </trkpt>
   <trkpt lat="46.5280417" lon="12.0174063">
    <ele>2380</ele>
    <time>2026-10-02T12:39:59Z</time>
    <extensions>
     <gpxdata:hr>131</gpxdata:hr>
     <gpxdata:distance>1418.00</gpxdata:distance>
     <gpxdata:speed>0.681</gpxdata:speed>
    </extensions>
   </trkpt>
   <trkpt lat="46.5280481" lon="12.0174021">
    <ele>2380</ele>
    <time>2026-10-02T12:40:00Z</time>
    <extensions>
     <gpxdata:hr>131</gpxdata:hr>
     <gpxdata:distance>1418.50</gpxdata:distance>
     <gpxdata:speed>0.703</gpxdata:speed>
    </extensions>
   </trkpt>
   <trkpt lat="46.5280540" lon="12.0173982">
    <ele>2380</ele>
    <time>2026-10-02T12:40:01Z</time>
    <extensions>
     <gpxdata:hr>131</gpxdata:hr>
     <gpxdata:distance>1419.00</gpxdata:distance>
     <gpxdata:speed>0.728</gpxdata:speed>
    </extensions>
   </trkpt>
   <trkpt lat="46.5280596" lon="12.0173948">
    <ele>2380</ele>
    <time>2026-10-02T12:40:02Z</time>
    <extensions>
     <gpxdata:hr>130</gpxdata:hr>
     <gpxdata:distance>1419.50</gpxdata:distance>
     <gpxdata:speed>0.733</gpxdata:speed>
    </extensions>
   </trkpt>
   <trkpt lat="46.5280662" lon="12.0173917">
    <ele>2381</ele>
    <time>2026-10-02T12:40:03Z</time>
    <extensions>
     <gpxdata:hr>130</gpxdata:hr>
     <gpxdata:distance>1420.00</gpxdata:distance>
     <gpxdata:speed>0.742</gpxdata:speed>
    </extensions>
   </trkpt>
   <trkpt lat="46.5280719" lon="12.0173891">
    <ele>2381</ele>
    <time>2026-10-02T12:40:04Z</time>
    <extensions>
     <gpxdata:hr>130</gpxdata:hr>
     <gpxdata:distance>1420.00</gpxdata:distance>
     <gpxdata:speed>0.369</gpxdata:speed>
    </extensions>
   </trkpt>
   <trkpt lat="46.5280769" lon="12.0173860">
    <ele>2381</ele>
    <time>2026-10-02T12:40:05Z</time>
    <extensions>
     <gpxdata:hr>131</gpxdata:hr>
     <gpxdata:distance>1420.00</gpxdata:distance>
    </extensions>
   </trkpt>
   <trkpt lat="46.5280818" lon="12.0173829">
    <ele>2381</ele>
    <time>2026-10-02T12:40:06Z</time>
    <extensions>
     <gpxdata:hr>131</gpxdata:hr>
     <gpxdata:distance>1420.00</gpxdata:distance>
     <gpxdata:speed>0.364</gpxdata:speed>
    </extensions>
   </trkpt>
  </trkseg>
  <trkseg>
   <trkpt lat="46.5280880" lon="12.0173770">
    <ele>2382</ele>
    <time>2026-10-02T12:40:12Z</time>
    <extensions>
     <gpxdata:hr>132</gpxdata:hr>
     <gpxdata:distance>1423.00</gpxdata:distance>
    </extensions>
   </trkpt>
   <trkpt lat="46.5280928" lon="12.0173714">
    <ele>2382</ele>
    <time>2026-10-02T12:40:13Z</time>
    <extensions>
     <gpxdata:hr>133</gpxdata:hr>
     <gpxdata:distance>1423.00</gpxdata:distance>
    </extensions>
   </trkpt>
   <trkpt lat="46.5280968" lon="12.0173657">
    <ele>2382</ele>
    <time>2026-10-02T12:40:14Z</time>
    <extensions>
     <gpxdata:hr>134</gpxdata:hr>
     <gpxdata:distance>1423.00</gpxdata:distance>
     <gpxdata:speed>0.364</gpxdata:speed>
    </extensions>
   </trkpt>
   <trkpt lat="46.5281007" lon="12.0173604">
    <ele>2382</ele>
    <time>2026-10-02T12:40:15Z</time>
    <extensions>
     <gpxdata:hr>134</gpxdata:hr>
     <gpxdata:distance>1423.00</gpxdata:distance>
     <gpxdata:speed>0.731</gpxdata:speed>
    </extensions>
   </trkpt>
   <trkpt lat="46.5281047" lon="12.0173555">
    <ele>2382</ele>
    <time>2026-10-02T12:40:16Z</time>
    <extensions>
     <gpxdata:hr>134</gpxdata:hr>
     <gpxdata:distance>1424.50</gpxdata:distance>
     <gpxdata:speed>0.661</gpxdata:speed>
    </extensions>
   </trkpt>
   <trkpt lat="46.5281066" lon="12.0173539">
    <ele>2382</ele>
    <time>2026-10-02T12:40:17Z</time>
    <extensions>
     <gpxdata:hr>135</gpxdata:hr>
     <gpxdata:distance>1426.00</gpxdata:distance>
     <gpxdata:speed>0.594</gpxdata:speed>
    </extensions>
   </trkpt>
   <trkpt lat="46.5281085" lon="12.0173522">
    <ele>2382</ele>
    <time>2026-10-02T12:40:18Z</time>
    <extensions>
     <gpxdata:hr>135</gpxdata:hr>
     <gpxdata:distance>1426.00</gpxdata:distance>
     <gpxdata:speed>0.661</gpxdata:speed>
    </extensions>
   </trkpt>
   <trkpt lat="46.5281104" lon="12.0173506">
    <ele>2383</ele>
    <time>2026-10-02T12:40:19Z</time>
    <extensions>
     <gpxdata:hr>135</gpxdata:hr>
     <gpxdata:distance>1426.00</gpxdata:distance>
     <gpxdata:speed>0.731</gpxdata:speed>
    </extensions>
   </trkpt>
   <trkpt lat="46.5281155" lon="12.0173463">
    <ele>2383</ele>
    <time>2026-10-02T12:40:20Z</time>
    <extensions>
     <gpxdata:hr>135</gpxdata:hr>
     <gpxdata:distance>1426.00</gpxdata:distance>
     <gpxdata:speed>0.731</gpxdata:speed>
    </extensions>
   </trkpt>
   <trkpt lat="46.5281205" lon="12.0173424">
    <ele>2383</ele>
    <time>2026-10-02T12:40:21Z</time>
    <extensions>
     <gpxdata:hr>135</gpxdata:hr>
     <gpxdata:distance>1426.00</gpxdata:distance>
     <gpxdata:speed>0.731</gpxdata:speed>
    </extensions>
   </trkpt>
   <trkpt lat="46.5281257" lon="12.0173383">
    <ele>2383</ele>
    <time>2026-10-02T12:40:22Z</time>
    <extensions>
     <gpxdata:hr>135</gpxdata:hr>
     <gpxdata:distance>1427.50</gpxdata:distance>
     <gpxdata:speed>0.694</gpxdata:speed>
    </extensions>
   </trkpt>
   <trkpt lat="46.5281314" lon="12.0173343">
    <ele>2383</ele>
    <time>2026-10-02T12:40:23Z</time>
    <extensions>
     <gpxdata:hr>135</gpxdata:hr>
     <gpxdata:distance>1429.00</gpxdata:distance>
     <gpxdata:speed>0.658</gpxdata:speed>
    </extensions>
   </trkpt>
   <trkpt lat="46.5281394" lon="12.0173298">
    <ele>2383</ele>
    <time>2026-10-02T12:40:24Z</time>
    <extensions>
     <gpxdata:hr>135</gpxdata:hr>
     <gpxdata:distance>1429.50</gpxdata:distance>
     <gpxdata:speed>0.647</gpxdata:speed>
    </extensions>
   </trkpt>
   <trkpt lat="46.5281475" lon="12.0173261">
    <ele>2383</ele>
    <time>2026-10-02T12:40:25Z</time>
    <extensions>
     <gpxdata:hr>136</gpxdata:hr>
     <gpxdata:distance>1430.00</gpxdata:distance>
     <gpxdata:speed>0.636</gpxdata:speed>
    </extensions>
   </trkpt>
   <trkpt lat="46.5281559" lon="12.0173233">
    <ele>2383</ele>
    <time>2026-10-02T12:40:26Z</time>
    <extensions>
     <gpxdata:hr>136</gpxdata:hr>
     <gpxdata:distance>1431.00</gpxdata:distance>
     <gpxdata:speed>0.644</gpxdata:speed>
    </extensions>
   </trkpt>
   <trkpt lat="46.5281645" lon="12.0173215">
    <ele>2384</ele>
    <time>2026-10-02T12:40:27Z</time>
    <extensions>
     <gpxdata:hr>138</gpxdata:hr>
     <gpxdata:distance>1432.00</gpxdata:distance>
     <gpxdata:speed>0.653</gpxdata:speed>
    </extensions>
   </trkpt>
   <trkpt lat="46.5281736" lon="12.0173211">
    <ele>2384</ele>
    <time>2026-10-02T12:40:28Z</time>
    <extensions>
     <gpxdata:hr>138</gpxdata:hr>
     <gpxdata:distance>1433.00</gpxdata:distance>
     <gpxdata:speed>0.678</gpxdata:speed>
    </extensions>
   </trkpt>
   <trkpt lat="46.5281829" lon="12.0173221">
    <ele>2384</ele>
    <time>2026-10-02T12:40:29Z</time>
    <extensions>
     <gpxdata:hr>139</gpxdata:hr>
     <gpxdata:distance>1434.00</gpxdata:distance>
     <gpxdata:speed>0.706</gpxdata:speed>
    </extensions>
   </trkpt>
   <trkpt lat="46.5281921" lon="12.0173243">
    <ele>2384</ele>
    <time>2026-10-02T12:40:30Z</time>
    <extensions>
     <gpxdata:hr>139</gpxdata:hr>
     <gpxdata:distance>1435.50</gpxdata:distance>
     <gpxdata:speed>0.722</gpxdata:speed>
    </extensions>
   </trkpt>
   <trkpt lat="46.5282012" lon="12.0173272">
    <ele>2384</ele>
    <time>2026-10-02T12:40:31Z</time>
    <extensions>
     <gpxdata:hr>140</gpxdata:hr>
     <gpxdata:distance>1437.00</gpxdata:distance>
     <gpxdata:speed>0.742</gpxdata:speed>
    </extensions>
   </trkpt>
   <trkpt lat="46.5282101" lon="12.0173318">
    <ele>2384</ele>
    <time>2026-10-02T12:40:32Z</time>
    <extensions>
     <gpxdata:hr>140</gpxdata:hr>
     <gpxdata:distance>1437.50</gpxdata:distance>
     <gpxdata:speed>0.750</gpxdata:speed>
    </extensions>
   </trkpt>
   <trkpt lat="46.5282186" lon="12.0173381">
    <ele>2385</ele>
    <time>2026-10-02T12:40:33Z</time>
    <extensions>
     <gpxdata:hr>141</gpxdata:hr>
     <gpxdata:distance>1438.00</gpxdata:distance>
     <gpxdata:speed>0.758</gpxdata:speed>
    </extensions>
   </trkpt>
   <trkpt lat="46.5282263" lon="12.0173454">
    <ele>2385</ele>
    <time>2026-10-02T12:40:34Z</time>
    <extensions>
     <gpxdata:hr>141</gpxdata:hr>
     <gpxdata:distance>1439.50</gpxdata:distance>
     <gpxdata:speed>0.764</gpxdata:speed>
    </extensions>
   </trkpt>
   <trkpt lat="46.5282333" lon="12.0173538">
    <ele>2386</ele>
    <time>2026-10-02T12:40:35Z</time>
    <extensions>
     <gpxdata:hr>142</gpxdata:hr>
     <gpxdata:distance>1441.00</gpxdata:distance>
     <gpxdata:speed>0.772</gpxdata:speed>
    </extensions>
   </trkpt>
   <trkpt lat="46.5282394" lon="12.0173631">
    <ele>2386</ele>
    <time>2026-10-02T12:40:36Z</time>
    <extensions>
     <gpxdata:hr>143</gpxdata:hr>
     <gpxdata:distance>1441.50</gpxdata:distance>
     <gpxdata:speed>0.803</gpxdata:speed>
    </extensions>
   </trkpt>
   <trkpt lat="46.5282441" lon="12.0173733">
    <ele>2386</ele>
    <time>2026-10-02T12:40:37Z</time>
    <extensions>
     <gpxdata:hr>145</gpxdata:hr>
     <gpxdata:distance>1442.00</gpxdata:distance>
     <gpxdata:speed>0.833</gpxdata:speed>
    </extensions>
   </trkpt>
   <trkpt lat="46.5282475" lon="12.0173846">
    <ele>2386</ele>
    <time>2026-10-02T12:40:38Z</time>
    <extensions>
     <gpxdata:hr>146</gpxdata:hr>
     <gpxdata:distance>1443.00</gpxdata:distance>
     <gpxdata:speed>0.853</gpxdata:speed>
    </extensions>
   </trkpt>
   <trkpt lat="46.5282500" lon="12.0173965">
    <ele>2386</ele>
    <time>2026-10-02T12:40:39Z</time>
    <extensions>
     <gpxdata:hr>147</gpxdata:hr>
     <gpxdata:distance>1444.00</gpxdata:distance>
     <gpxdata:speed>0.875</gpxdata:speed>
    </extensions>
   </trkpt>
   <trkpt lat="46.5282520" lon="12.0174085">
    <ele>2386</ele>
    <time>2026-10-02T12:40:40Z</time>
    <extensions>
     <gpxdata:hr>147</gpxdata:hr>
     <gpxdata:distance>1445.00</gpxdata:distance>
     <gpxdata:speed>0.883</gpxdata:speed>
    </extensions>
   </trkpt>
   <trkpt lat="46.5282535" lon="12.0174203">
    <ele>2386</ele>
    <time>2026-10-02T12:40:41Z</time>
    <extensions>
     <gpxdata:hr>149</gpxdata:hr>
     <gpxdata:distance>1446.00</gpxdata:distance>
     <gpxdata:speed>0.892</gpxdata:speed>
    </extensions>
   </trkpt>
   <trkpt lat="46.5282545" lon="12.0174317">
    <ele>2386</ele>
    <time>2026-10-02T12:40:42Z</time>
    <extensions>
     <gpxdata:hr>150</gpxdata:hr>
     <gpxdata:distance>1447.00</gpxdata:distance>
     <gpxdata:speed>0.894</gpxdata:speed>
    </extensions>
   </trkpt>
   <trkpt lat="46.5282549" lon="12.0174430">
    <ele>2387</ele>
    <time>2026-10-02T12:40:43Z</time>
    <extensions>
     <gpxdata:hr>151</gpxdata:hr>
     <gpxdata:distance>1448.00</gpxdata:distance>
     <gpxdata:speed>0.897</gpxdata:speed>
    </extensions>
   </trkpt>
   <trkpt lat="46.5282543" lon="12.0174544">
    <ele>2387</ele>
    <time>2026-10-02T12:40:44Z</time>
    <extensions>
     <gpxdata:hr>151</gpxdata:hr>
     <gpxdata:distance>1449.00</gpxdata:distance>
     <gpxdata:speed>0.897</gpxdata:speed>
    </extensions>
   </trkpt>
   <trkpt lat="46.5282530" lon="12.0174661">
    <ele>2387</ele>
    <time>2026-10-02T12:40:45Z</time>
    <extensions>
     <gpxdata:hr>151</gpxdata:hr>
     <gpxdata:distance>1450.00</gpxdata:distance>
     <gpxdata:speed>0.900</gpxdata:speed>
    </extensions>
   </trkpt>
   <trkpt lat="46.5282511" lon="12.0174780">
    <ele>2387</ele>
    <time>2026-10-02T12:40:46Z</time>
    <extensions>
     <gpxdata:hr>152</gpxdata:hr>
     <gpxdata:distance>1451.00</gpxdata:distance>
     <gpxdata:speed>0.903</gpxdata:speed>
    </extensions>
   </trkpt>
   <trkpt lat="46.5282489" lon="12.0174898">
    <ele>2388</ele>
    <time>2026-10-02T12:40:47Z</time>
    <extensions>
     <gpxdata:hr>152</gpxdata:hr>
     <gpxdata:distance>1452.00</gpxdata:distance>
     <gpxdata:speed>0.908</gpxdata:speed>
    </extensions>
   </trkpt>
   <trkpt lat="46.5282467" lon="12.0175008">
    <ele>2388</ele>
    <time>2026-10-02T12:40:48Z</time>
    <extensions>
     <gpxdata:hr>153</gpxdata:hr>
     <gpxdata:distance>1452.50</gpxdata:distance>
     <gpxdata:speed>0.908</gpxdata:speed>
    </extensions>
   </trkpt>
   <trkpt lat="46.5282452" lon="12.0175112">
    <ele>2388</ele>
    <time>2026-10-02T12:40:49Z</time>
    <extensions>
     <gpxdata:hr>153</gpxdata:hr>
     <gpxdata:distance>1453.00</gpxdata:distance>
     <gpxdata:speed>0.911</gpxdata:speed>
    </extensions>
   </trkpt>
   <trkpt lat="46.5282443" lon="12.0175220">
    <ele>2388</ele>
    <time>2026-10-02T12:40:50Z</time>
    <extensions>
     <gpxdata:hr>155</gpxdata:hr>
     <gpxdata:distance>1454.00</gpxdata:distance>
     <gpxdata:speed>0.911</gpxdata:speed>
    </extensions>
   </trkpt>
   <trkpt lat="46.5282434" lon="12.0175337">
    <ele>2389</ele>
    <time>2026-10-02T12:40:51Z</time>
    <extensions>
     <gpxdata:hr>156</gpxdata:hr>
     <gpxdata:distance>1455.00</gpxdata:distance>
     <gpxdata:speed>0.911</gpxdata:speed>
    </extensions>
   </trkpt>
   <trkpt lat="46.5282423" lon="12.0175453">
    <ele>2389</ele>
    <time>2026-10-02T12:40:52Z</time>
    <extensions>
     <gpxdata:hr>156</gpxdata:hr>
     <gpxdata:distance>1456.00</gpxdata:distance>
     <gpxdata:speed>0.908</gpxdata:speed>
    </extensions>
   </trkpt>
   <trkpt lat="46.5282409" lon="12.0175562">
    <ele>2389</ele>
    <time>2026-10-02T12:40:53Z</time>
    <extensions>
     <gpxdata:hr>156</gpxdata:hr>
     <gpxdata:distance>1457.00</gpxdata:distance>
     <gpxdata:speed>0.906</gpxdata:speed>
    </extensions>
   </trkpt>
   <trkpt lat="46.5282391" lon="12.0175675">
    <ele>2389</ele>
    <time>2026-10-02T12:40:54Z</time>
    <extensions>
     <gpxdata:hr>157</gpxdata:hr>
     <gpxdata:distance>1457.50</gpxdata:distance>
     <gpxdata:speed>0.903</gpxdata:speed>
    </extensions>
   </trkpt>
   <trkpt lat="46.5282370" lon="12.0175796">
    <ele>2390</ele>
    <time>2026-10-02T12:40:55Z</time>
    <extensions>
     <gpxdata:hr>157</gpxdata:hr>
     <gpxdata:distance>1458.00</gpxdata:distance>
     <gpxdata:speed>0.900</gpxdata:speed>
    </extensions>
   </trkpt>
   <trkpt lat="46.5282347" lon="12.0175920">
    <ele>2390</ele>
    <time>2026-10-02T12:40:56Z</time>
    <extensions>
     <gpxdata:hr>157</gpxdata:hr>
     <gpxdata:distance>1459.50</gpxdata:distance>
     <gpxdata:speed>0.900</gpxdata:speed>
    </extensions>
   </trkpt>
   <trkpt lat="46.5282324" lon="12.0176040">
    <ele>2390</ele>
    <time>2026-10-02T12:40:57Z</time>
    <extensions>
     <gpxdata:hr>158</gpxdata:hr>
     <gpxdata:distance>1461.00</gpxdata:distance>
     <gpxdata:speed>0.900</gpxdata:speed>
    </extensions>
   </trkpt>
   <trkpt lat="46.5282315" lon="12.0176085">
    <ele>2390</ele>
    <time>2026-10-02T12:40:58Z</time>
    <extensions>
     <gpxdata:hr>159</gpxdata:hr>
     <gpxdata:distance>1461.50</gpxdata:distance>
     <gpxdata:speed>0.900</gpxdata:speed>
    </extensions>
   </trkpt>
   <trkpt lat="46.5282306" lon="12.0176131">
    <ele>2391</ele>
    <time>2026-10-02T12:40:59Z</time>
    <extensions>
     <gpxdata:hr>159</gpxdata:hr>
     <gpxdata:distance>1462.00</gpxdata:distance>
     <gpxdata:speed>0.903</gpxdata:speed>
    </extensions>
   </trkpt>
   <trkpt lat="46.5282297" lon="12.0176176">
    <ele>2391</ele>
    <time>2026-10-02T12:41:00Z</time>
    <extensions>
     <gpxdata:hr>159</gpxdata:hr>
     <gpxdata:distance>1462.50</gpxdata:distance>
     <gpxdata:speed>0.903</gpxdata:speed>
    </extensions>
   </trkpt>
   <trkpt lat="46.5282276" lon="12.0176290">
    <ele>2391</ele>
    <time>2026-10-02T12:41:01Z</time>
    <extensions>
     <gpxdata:hr>159</gpxdata:hr>
     <gpxdata:distance>1463.00</gpxdata:distance>
     <gpxdata:speed>0.903</gpxdata:speed>
    </extensions>
   </trkpt>
   <trkpt lat="46.5282261" lon="12.0176394">
    <ele>2391</ele>
    <time>2026-10-02T12:41:02Z</time>
    <extensions>
     <gpxdata:hr>159</gpxdata:hr>
     <gpxdata:distance>1464.00</gpxdata:distance>
     <gpxdata:speed>0.897</gpxdata:speed>
    </extensions>
   </trkpt>
   <trkpt lat="46.5282246" lon="12.0176495">
    <ele>2392</ele>
    <time>2026-10-02T12:41:03Z</time>
    <extensions>
     <gpxdata:hr>159</gpxdata:hr>
     <gpxdata:distance>1465.00</gpxdata:distance>
     <gpxdata:speed>0.894</gpxdata:speed>
    </extensions>
   </trkpt>
   <trkpt lat="46.5282230" lon="12.0176598">
    <ele>2392</ele>
    <time>2026-10-02T12:41:04Z</time>
    <extensions>
     <gpxdata:hr>158</gpxdata:hr>
     <gpxdata:distance>1466.00</gpxdata:distance>
     <gpxdata:speed>0.892</gpxdata:speed>
    </extensions>
   </trkpt>
   <trkpt lat="46.5282218" lon="12.0176708">
    <ele>2392</ele>
    <time>2026-10-02T12:41:05Z</time>
    <extensions>
     <gpxdata:hr>158</gpxdata:hr>
     <gpxdata:distance>1467.00</gpxdata:distance>
     <gpxdata:speed>0.889</gpxdata:speed>
    </extensions>
   </trkpt>
   <trkpt lat="46.5282210" lon="12.0176820">
    <ele>2392</ele>
    <time>2026-10-02T12:41:06Z</time>
    <extensions>
     <gpxdata:hr>158</gpxdata:hr>
     <gpxdata:distance>1467.50</gpxdata:distance>
     <gpxdata:speed>0.881</gpxdata:speed>
    </extensions>
   </trkpt>
   <trkpt lat="46.5282209" lon="12.0176932">
    <ele>2392</ele>
    <time>2026-10-02T12:41:07Z</time>
    <extensions>
     <gpxdata:hr>158</gpxdata:hr>
     <gpxdata:distance>1468.00</gpxdata:distance>
     <gpxdata:speed>0.875</gpxdata:speed>
    </extensions>
   </trkpt>
   <trkpt lat="46.5282222" lon="12.0177042">
    <ele>2392</ele>
    <time>2026-10-02T12:41:08Z</time>
    <extensions>
     <gpxdata:hr>159</gpxdata:hr>
     <gpxdata:distance>1469.00</gpxdata:distance>
     <gpxdata:speed>0.875</gpxdata:speed>
    </extensions>
   </trkpt>
   <trkpt lat="46.5282247" lon="12.0177147">
    <ele>2392</ele>
    <time>2026-10-02T12:41:09Z</time>
    <extensions>
     <gpxdata:hr>160</gpxdata:hr>
     <gpxdata:distance>1470.00</gpxdata:distance>
     <gpxdata:speed>0.875</gpxdata:speed>
    </extensions>
   </trkpt>
   <trkpt lat="46.5282278" lon="12.0177246">
    <ele>2392</ele>
    <time>2026-10-02T12:41:10Z</time>
    <extensions>
     <gpxdata:hr>161</gpxdata:hr>
     <gpxdata:distance>1471.00</gpxdata:distance>
     <gpxdata:speed>0.872</gpxdata:speed>
    </extensions>
   </trkpt>
   <trkpt lat="46.5282312" lon="12.0177340">
    <ele>2393</ele>
    <time>2026-10-02T12:41:11Z</time>
    <extensions>
     <gpxdata:hr>161</gpxdata:hr>
     <gpxdata:distance>1472.00</gpxdata:distance>
     <gpxdata:speed>0.872</gpxdata:speed>
    </extensions>
   </trkpt>
   <trkpt lat="46.5282348" lon="12.0177432">
    <ele>2393</ele>
    <time>2026-10-02T12:41:12Z</time>
    <extensions>
     <gpxdata:hr>161</gpxdata:hr>
     <gpxdata:distance>1472.50</gpxdata:distance>
     <gpxdata:speed>0.869</gpxdata:speed>
    </extensions>
   </trkpt>
   <trkpt lat="46.5282383" lon="12.0177523">
    <ele>2393</ele>
    <time>2026-10-02T12:41:13Z</time>
    <extensions>
     <gpxdata:hr>161</gpxdata:hr>
     <gpxdata:distance>1473.00</gpxdata:distance>
     <gpxdata:speed>0.869</gpxdata:speed>
    </extensions>
   </trkpt>
   <trkpt lat="46.5282416" lon="12.0177611">
    <ele>2393</ele>
    <time>2026-10-02T12:41:14Z</time>
    <extensions>
     <gpxdata:hr>161</gpxdata:hr>
     <gpxdata:distance>1474.00</gpxdata:distance>
     <gpxdata:speed>0.864</gpxdata:speed>
    </extensions>
   </trkpt>
   <trkpt lat="46.5282448" lon="12.0177694">
    <ele>2394</ele>
    <time>2026-10-02T12:41:15Z</time>
    <extensions>
     <gpxdata:hr>161</gpxdata:hr>
     <gpxdata:distance>1475.00</gpxdata:distance>
     <gpxdata:speed>0.861</gpxdata:speed>
    </extensions>
   </trkpt>
   <trkpt lat="46.5282481" lon="12.0177774">
    <ele>2394</ele>
    <time>2026-10-02T12:41:16Z</time>
    <extensions>
     <gpxdata:hr>161</gpxdata:hr>
     <gpxdata:distance>1475.50</gpxdata:distance>
     <gpxdata:speed>0.853</gpxdata:speed>
    </extensions>
   </trkpt>
   <trkpt lat="46.5282516" lon="12.0177850">
    <ele>2394</ele>
    <time>2026-10-02T12:41:17Z</time>
    <extensions>
     <gpxdata:hr>162</gpxdata:hr>
     <gpxdata:distance>1476.00</gpxdata:distance>
     <gpxdata:speed>0.844</gpxdata:speed>
    </extensions>
   </trkpt>
   <trkpt lat="46.5282553" lon="12.0177926">
    <ele>2394</ele>
    <time>2026-10-02T12:41:18Z</time>
    <extensions>
     <gpxdata:hr>163</gpxdata:hr>
     <gpxdata:distance>1477.00</gpxdata:distance>
     <gpxdata:speed>0.836</gpxdata:speed>
    </extensions>
   </trkpt>
   <trkpt lat="46.5282595" lon="12.0178002">
    <ele>2395</ele>
    <time>2026-10-02T12:41:19Z</time>
    <extensions>
     <gpxdata:hr>164</gpxdata:hr>
     <gpxdata:distance>1478.00</gpxdata:distance>
     <gpxdata:speed>0.828</gpxdata:speed>
    </extensions>
   </trkpt>
   <trkpt lat="46.5282639" lon="12.0178076">
    <ele>2395</ele>
    <time>2026-10-02T12:41:20Z</time>
    <extensions>
     <gpxdata:hr>165</gpxdata:hr>
     <gpxdata:distance>1478.50</gpxdata:distance>
     <gpxdata:speed>0.822</gpxdata:speed>
    </extensions>
   </trkpt>
   <trkpt lat="46.5282697" lon="12.0178172">
    <ele>2395</ele>
    <time>2026-10-02T12:41:21Z</time>
    <extensions>
     <gpxdata:hr>166</gpxdata:hr>
     <gpxdata:distance>1479.00</gpxdata:distance>
     <gpxdata:speed>0.817</gpxdata:speed>
    </extensions>
   </trkpt>
   <trkpt lat="46.5282752" lon="12.0178257">
    <ele>2395</ele>
    <time>2026-10-02T12:41:22Z</time>
    <extensions>
     <gpxdata:hr>167</gpxdata:hr>
     <gpxdata:distance>1479.50</gpxdata:distance>
     <gpxdata:speed>0.811</gpxdata:speed>
    </extensions>
   </trkpt>
   <trkpt lat="46.5282801" lon="12.0178333">
    <ele>2396</ele>
    <time>2026-10-02T12:41:23Z</time>
    <extensions>
     <gpxdata:hr>167</gpxdata:hr>
     <gpxdata:distance>1480.00</gpxdata:distance>
     <gpxdata:speed>0.808</gpxdata:speed>
    </extensions>
   </trkpt>
   <trkpt lat="46.5282846" lon="12.0178404">
    <ele>2396</ele>
    <time>2026-10-02T12:41:24Z</time>
    <extensions>
     <gpxdata:hr>167</gpxdata:hr>
     <gpxdata:distance>1481.00</gpxdata:distance>
     <gpxdata:speed>0.806</gpxdata:speed>
    </extensions>
   </trkpt>
   <trkpt lat="46.5282890" lon="12.0178471">
    <ele>2396</ele>
    <time>2026-10-02T12:41:25Z</time>
    <extensions>
     <gpxdata:hr>167</gpxdata:hr>
     <gpxdata:distance>1482.00</gpxdata:distance>
     <gpxdata:speed>0.803</gpxdata:speed>
    </extensions>
   </trkpt>
   <trkpt lat="46.5282933" lon="12.0178530">
    <ele>2396</ele>
    <time>2026-10-02T12:41:26Z</time>
    <extensions>
     <gpxdata:hr>167</gpxdata:hr>
     <gpxdata:distance>1482.50</gpxdata:distance>
     <gpxdata:speed>0.797</gpxdata:speed>
    </extensions>
   </trkpt>
   <trkpt lat="46.5282972" lon="12.0178583">
    <ele>2396</ele>
    <time>2026-10-02T12:41:27Z</time>
    <extensions>
     <gpxdata:hr>167</gpxdata:hr>
     <gpxdata:distance>1483.00</gpxdata:distance>
     <gpxdata:speed>0.794</gpxdata:speed>
    </extensions>
   </trkpt>
   <trkpt lat="46.5283008" lon="12.0178634">
    <ele>2396</ele>
    <time>2026-10-02T12:41:28Z</time>
    <extensions>
     <gpxdata:hr>167</gpxdata:hr>
     <gpxdata:distance>1483.50</gpxdata:distance>
     <gpxdata:speed>0.789</gpxdata:speed>
    </extensions>
   </trkpt>
   <trkpt lat="46.5283043" lon="12.0178688">
    <ele>2396</ele>
    <time>2026-10-02T12:41:29Z</time>
    <extensions>
     <gpxdata:hr>167</gpxdata:hr>
     <gpxdata:distance>1484.00</gpxdata:distance>
     <gpxdata:speed>0.783</gpxdata:speed>
    </extensions>
   </trkpt>
   <trkpt lat="46.5283079" lon="12.0178741">
    <ele>2396</ele>
    <time>2026-10-02T12:41:30Z</time>
    <extensions>
     <gpxdata:hr>167</gpxdata:hr>
     <gpxdata:distance>1484.00</gpxdata:distance>
     <gpxdata:speed>0.778</gpxdata:speed>
    </extensions>
   </trkpt>
   <trkpt lat="46.5283115" lon="12.0178799">
    <ele>2397</ele>
    <time>2026-10-02T12:41:31Z</time>
    <extensions>
     <gpxdata:hr>167</gpxdata:hr>
     <gpxdata:distance>1484.00</gpxdata:distance>
     <gpxdata:speed>0.772</gpxdata:speed>
    </extensions>
   </trkpt>
   <trkpt lat="46.5283152" lon="12.0178864">
    <ele>2397</ele>
    <time>2026-10-02T12:41:32Z</time>
    <extensions>
     <gpxdata:hr>167</gpxdata:hr>
     <gpxdata:distance>1485.50</gpxdata:distance>
     <gpxdata:speed>0.764</gpxdata:speed>
    </extensions>
   </trkpt>
   <trkpt lat="46.5283186" lon="12.0178931">
    <ele>2397</ele>
    <time>2026-10-02T12:41:33Z</time>
    <extensions>
     <gpxdata:hr>167</gpxdata:hr>
     <gpxdata:distance>1487.00</gpxdata:distance>
     <gpxdata:speed>0.758</gpxdata:speed>
    </extensions>
   </trkpt>
   <trkpt lat="46.5283216" lon="12.0179004">
    <ele>2397</ele>
    <time>2026-10-02T12:41:34Z</time>
    <extensions>
     <gpxdata:hr>167</gpxdata:hr>
     <gpxdata:distance>1487.50</gpxdata:distance>
     <gpxdata:speed>0.756</gpxdata:speed>
    </extensions>
   </trkpt>
   <trkpt lat="46.5283240" lon="12.0179094">
    <ele>2398</ele>
    <time>2026-10-02T12:41:35Z</time>
    <extensions>
     <gpxdata:hr>167</gpxdata:hr>
     <gpxdata:distance>1488.00</gpxdata:distance>
     <gpxdata:speed>0.753</gpxdata:speed>
    </extensions>
   </trkpt>
   <trkpt lat="46.5283255" lon="12.0179194">
    <ele>2398</ele>
    <time>2026-10-02T12:41:36Z</time>
    <extensions>
     <gpxdata:hr>168</gpxdata:hr>
     <gpxdata:distance>1489.00</gpxdata:distance>
     <gpxdata:speed>0.750</gpxdata:speed>
    </extensions>
   </trkpt>
  </trkseg>
  <trkseg>
   <trkpt lat="46.5283308" lon="12.0179402">
    <ele>2401</ele>
    <time>2026-10-02T12:42:19Z</time>
    <extensions>
     <gpxdata:hr>143</gpxdata:hr>
     <gpxdata:distance>1490.00</gpxdata:distance>
    </extensions>
   </trkpt>
  </trkseg>
  <trkseg>
   <trkpt lat="46.5283350" lon="12.0179558">
    <ele>2403</ele>
    <time>2026-10-02T12:43:00Z</time>
    <extensions>
     <gpxdata:hr>116</gpxdata:hr>
     <gpxdata:distance>1494.00</gpxdata:distance>
    </extensions>
   </trkpt>
   <trkpt lat="46.5283387" lon="12.0179664">
    <ele>2403</ele>
    <time>2026-10-02T12:43:01Z</time>
    <extensions>
     <gpxdata:hr>115</gpxdata:hr>
     <gpxdata:distance>1494.00</gpxdata:distance>
    </extensions>
   </trkpt>
   <trkpt lat="46.5283421" lon="12.0179742">
    <ele>2403</ele>
    <time>2026-10-02T12:43:02Z</time>
    <extensions>
     <gpxdata:hr>114</gpxdata:hr>
     <gpxdata:distance>1494.00</gpxdata:distance>
    </extensions>
   </trkpt>
   <trkpt lat="46.5283456" lon="12.0179805">
    <ele>2403</ele>
    <time>2026-10-02T12:43:03Z</time>
    <extensions>
     <gpxdata:hr>113</gpxdata:hr>
     <gpxdata:distance>1494.00</gpxdata:distance>
    </extensions>
   </trkpt>
   <trkpt lat="46.5283492" lon="12.0179862">
    <ele>2403</ele>
    <time>2026-10-02T12:43:04Z</time>
    <extensions>
     <gpxdata:hr>113</gpxdata:hr>
     <gpxdata:distance>1495.00</gpxdata:distance>
    </extensions>
   </trkpt>
   <trkpt lat="46.5283534" lon="12.0179915">
    <ele>2403</ele>
    <time>2026-10-02T12:43:05Z</time>
    <extensions>
     <gpxdata:hr>114</gpxdata:hr>
     <gpxdata:distance>1496.00</gpxdata:distance>
    </extensions>
   </trkpt>
   <trkpt lat="46.5283582" lon="12.0179965">
    <ele>2403</ele>
    <time>2026-10-02T12:43:06Z</time>
    <extensions>
     <gpxdata:hr>114</gpxdata:hr>
     <gpxdata:distance>1496.00</gpxdata:distance>
    </extensions>
   </trkpt>
   <trkpt lat="46.5283633" lon="12.0180005">
    <ele>2403</ele>
    <time>2026-10-02T12:43:07Z</time>
    <extensions>
     <gpxdata:hr>114</gpxdata:hr>
     <gpxdata:distance>1496.00</gpxdata:distance>
    </extensions>
   </trkpt>
   <trkpt lat="46.5283689" lon="12.0180042">
    <ele>2403</ele>
    <time>2026-10-02T12:43:08Z</time>
    <extensions>
     <gpxdata:hr>115</gpxdata:hr>
     <gpxdata:distance>1497.50</gpxdata:distance>
    </extensions>
   </trkpt>
   <trkpt lat="46.5283745" lon="12.0180081">
    <ele>2403</ele>
    <time>2026-10-02T12:43:09Z</time>
    <extensions>
     <gpxdata:hr>115</gpxdata:hr>
     <gpxdata:distance>1499.00</gpxdata:distance>
    </extensions>
   </trkpt>
   <trkpt lat="46.5283797" lon="12.0180130">
    <ele>2403</ele>
    <time>2026-10-02T12:43:10Z</time>
    <extensions>
     <gpxdata:hr>115</gpxdata:hr>
     <gpxdata:distance>1499.50</gpxdata:distance>
    </extensions>
   </trkpt>
   <trkpt lat="46.5283844" lon="12.0180192">
    <ele>2404</ele>
    <time>2026-10-02T12:43:11Z</time>
    <extensions>
     <gpxdata:hr>115</gpxdata:hr>
     <gpxdata:distance>1500.00</gpxdata:distance>
    </extensions>
   </trkpt>
   <trkpt lat="46.5283892" lon="12.0180260">
    <ele>2404</ele>
    <time>2026-10-02T12:43:12Z</time>
    <extensions>
     <gpxdata:hr>115</gpxdata:hr>
     <gpxdata:distance>1501.00</gpxdata:distance>
    </extensions>
   </trkpt>
   <trkpt lat="46.5283945" lon="12.0180325">
    <ele>2404</ele>
    <time>2026-10-02T12:43:13Z</time>
    <extensions>
     <gpxdata:hr>115</gpxdata:hr>
     <gpxdata:distance>1502.00</gpxdata:distance>
    </extensions>
   </trkpt>
   <trkpt lat="46.5284004" lon="12.0180387">
    <ele>2404</ele>
    <time>2026-10-02T12:43:14Z</time>
    <extensions>
     <gpxdata:hr>114</gpxdata:hr>
     <gpxdata:distance>1502.50</gpxdata:distance>
    </extensions>
   </trkpt>
   <trkpt lat="46.5284068" lon="12.0180448">
    <ele>2404</ele>
    <time>2026-10-02T12:43:15Z</time>
    <extensions>
     <gpxdata:hr>114</gpxdata:hr>
     <gpxdata:distance>1503.00</gpxdata:distance>
    </extensions>
   </trkpt>
   <trkpt lat="46.5284132" lon="12.0180505">
    <ele>2404</ele>
    <time>2026-10-02T12:43:16Z</time>
    <extensions>
     <gpxdata:hr>114</gpxdata:hr>
     <gpxdata:distance>1504.00</gpxdata:distance>
    </extensions>
   </trkpt>
   <trkpt lat="46.5284197" lon="12.0180554">
    <ele>2404</ele>
    <time>2026-10-02T12:43:17Z</time>
    <extensions>
     <gpxdata:hr>114</gpxdata:hr>
     <gpxdata:distance>1505.00</gpxdata:distance>
    </extensions>
   </trkpt>
   <trkpt lat="46.5284261" lon="12.0180592">
    <ele>2404</ele>
    <time>2026-10-02T12:43:18Z</time>
    <extensions>
     <gpxdata:hr>114</gpxdata:hr>
     <gpxdata:distance>1505.50</gpxdata:distance>
    </extensions>
   </trkpt>
   <trkpt lat="46.5284324" lon="12.0180623">
    <ele>2405</ele>
    <time>2026-10-02T12:43:19Z</time>
    <extensions>
     <gpxdata:hr>114</gpxdata:hr>
     <gpxdata:distance>1506.00</gpxdata:distance>
    </extensions>
   </trkpt>
   <trkpt lat="46.5284388" lon="12.0180649">
    <ele>2405</ele>
    <time>2026-10-02T12:43:20Z</time>
    <extensions>
     <gpxdata:hr>114</gpxdata:hr>
     <gpxdata:distance>1507.00</gpxdata:distance>
    </extensions>
   </trkpt>
   <trkpt lat="46.5284458" lon="12.0180669">
    <ele>2405</ele>
    <time>2026-10-02T12:43:21Z</time>
    <extensions>
     <gpxdata:hr>115</gpxdata:hr>
     <gpxdata:distance>1508.00</gpxdata:distance>
    </extensions>
   </trkpt>
   <trkpt lat="46.5284532" lon="12.0180692">
    <ele>2405</ele>
    <time>2026-10-02T12:43:22Z</time>
    <extensions>
     <gpxdata:hr>116</gpxdata:hr>
     <gpxdata:distance>1509.00</gpxdata:distance>
    </extensions>
   </trkpt>
   <trkpt lat="46.5284609" lon="12.0180725">
    <ele>2406</ele>
    <time>2026-10-02T12:43:23Z</time>
    <extensions>
     <gpxdata:hr>117</gpxdata:hr>
     <gpxdata:distance>1510.00</gpxdata:distance>
    </extensions>
   </trkpt>
   <trkpt lat="46.5284684" lon="12.0180769">
    <ele>2406</ele>
    <time>2026-10-02T12:43:24Z</time>
    <extensions>
     <gpxdata:hr>117</gpxdata:hr>
     <gpxdata:distance>1511.00</gpxdata:distance>
     <gpxdata:speed>0.406</gpxdata:speed>
    </extensions>
   </trkpt>
   <trkpt lat="46.5284752" lon="12.0180823">
    <ele>2406</ele>
    <time>2026-10-02T12:43:25Z</time>
    <extensions>
     <gpxdata:hr>118</gpxdata:hr>
     <gpxdata:distance>1512.00</gpxdata:distance>
     <gpxdata:speed>0.814</gpxdata:speed>
    </extensions>
   </trkpt>
   <trkpt lat="46.5284764" lon="12.0180833">
    <ele>2406</ele>
    <time>2026-10-02T12:43:26Z</time>
    <extensions>
     <gpxdata:hr>119</gpxdata:hr>
     <gpxdata:distance>1512.00</gpxdata:distance>
     <gpxdata:speed>0.792</gpxdata:speed>
    </extensions>
   </trkpt>
   <trkpt lat="46.5284781" lon="12.0180848">
    <ele>2407</ele>
    <time>2026-10-02T12:43:27Z</time>
    <extensions>
     <gpxdata:hr>120</gpxdata:hr>
     <gpxdata:distance>1512.00</gpxdata:distance>
     <gpxdata:speed>0.772</gpxdata:speed>
    </extensions>
   </trkpt>
   <trkpt lat="46.5284804" lon="12.0180868">
    <ele>2407</ele>
    <time>2026-10-02T12:43:28Z</time>
    <extensions>
     <gpxdata:hr>121</gpxdata:hr>
     <gpxdata:distance>1512.00</gpxdata:distance>
     <gpxdata:speed>0.761</gpxdata:speed>
    </extensions>
   </trkpt>
   <trkpt lat="46.5284833" lon="12.0180893">
    <ele>2407</ele>
    <time>2026-10-02T12:43:29Z</time>
    <extensions>
     <gpxdata:hr>122</gpxdata:hr>
     <gpxdata:distance>1512.00</gpxdata:distance>
     <gpxdata:speed>0.750</gpxdata:speed>
    </extensions>
   </trkpt>
   <trkpt lat="46.5284867" lon="12.0180922">
    <ele>2407</ele>
    <time>2026-10-02T12:43:30Z</time>
    <extensions>
     <gpxdata:hr>123</gpxdata:hr>
     <gpxdata:distance>1512.00</gpxdata:distance>
     <gpxdata:speed>0.747</gpxdata:speed>
    </extensions>
   </trkpt>
   <trkpt lat="46.5284956" lon="12.0181008">
    <ele>2407</ele>
    <time>2026-10-02T12:43:31Z</time>
    <extensions>
     <gpxdata:hr>124</gpxdata:hr>
     <gpxdata:distance>1512.00</gpxdata:distance>
     <gpxdata:speed>0.744</gpxdata:speed>
    </extensions>
   </trkpt>
   <trkpt lat="46.5285029" lon="12.0181084">
    <ele>2407</ele>
    <time>2026-10-02T12:43:32Z</time>
    <extensions>
     <gpxdata:hr>126</gpxdata:hr>
     <gpxdata:distance>1512.00</gpxdata:distance>
     <gpxdata:speed>0.744</gpxdata:speed>
    </extensions>
   </trkpt>
   <trkpt lat="46.5285092" lon="12.0181158">
    <ele>2407</ele>
    <time>2026-10-02T12:43:33Z</time>
    <extensions>
     <gpxdata:hr>127</gpxdata:hr>
     <gpxdata:distance>1512.00</gpxdata:distance>
     <gpxdata:speed>0.744</gpxdata:speed>
    </extensions>
   </trkpt>
   <trkpt lat="46.5285148" lon="12.0181235">
    <ele>2407</ele>
    <time>2026-10-02T12:43:34Z</time>
    <extensions>
     <gpxdata:hr>128</gpxdata:hr>
     <gpxdata:distance>1515.00</gpxdata:distance>
     <gpxdata:speed>0.758</gpxdata:speed>
    </extensions>
   </trkpt>
   <trkpt lat="46.5285200" lon="12.0181317">
    <ele>2408</ele>
    <time>2026-10-02T12:43:35Z</time>
    <extensions>
     <gpxdata:hr>129</gpxdata:hr>
     <gpxdata:distance>1518.00</gpxdata:distance>
     <gpxdata:speed>0.775</gpxdata:speed>
    </extensions>
   </trkpt>
   <trkpt lat="46.5285249" lon="12.0181402">
    <ele>2408</ele>
    <time>2026-10-02T12:43:36Z</time>
    <extensions>
     <gpxdata:hr>130</gpxdata:hr>
     <gpxdata:distance>1519.00</gpxdata:distance>
     <gpxdata:speed>0.775</gpxdata:speed>
    </extensions>
   </trkpt>
   <trkpt lat="46.5285297" lon="12.0181489">
    <ele>2408</ele>
    <time>2026-10-02T12:43:37Z</time>
    <extensions>
     <gpxdata:hr>131</gpxdata:hr>
     <gpxdata:distance>1520.00</gpxdata:distance>
     <gpxdata:speed>0.778</gpxdata:speed>
    </extensions>
   </trkpt>
   <trkpt lat="46.5285343" lon="12.0181577">
    <ele>2408</ele>
    <time>2026-10-02T12:43:38Z</time>
    <extensions>
     <gpxdata:hr>132</gpxdata:hr>
     <gpxdata:distance>1520.50</gpxdata:distance>
     <gpxdata:speed>0.778</gpxdata:speed>
    </extensions>
   </trkpt>
  </trkseg>
  <trkseg>
   <trkpt lat="46.5285442" lon="12.0181679">
    <ele>2411</ele>
    <time>2026-10-02T12:44:03Z</time>
    <extensions>
     <gpxdata:hr>134</gpxdata:hr>
     <gpxdata:distance>1521.00</gpxdata:distance>
    </extensions>
   </trkpt>
   <trkpt lat="46.5285517" lon="12.0181744">
    <ele>2411</ele>
    <time>2026-10-02T12:44:04Z</time>
    <extensions>
     <gpxdata:hr>133</gpxdata:hr>
     <gpxdata:distance>1521.00</gpxdata:distance>
    </extensions>
   </trkpt>
   <trkpt lat="46.5285578" lon="12.0181792">
    <ele>2411</ele>
    <time>2026-10-02T12:44:05Z</time>
    <extensions>
     <gpxdata:hr>134</gpxdata:hr>
     <gpxdata:distance>1521.00</gpxdata:distance>
    </extensions>
   </trkpt>
   <trkpt lat="46.5285635" lon="12.0181834">
    <ele>2411</ele>
    <time>2026-10-02T12:44:06Z</time>
    <extensions>
     <gpxdata:hr>133</gpxdata:hr>
     <gpxdata:distance>1523.00</gpxdata:distance>
     <gpxdata:speed>0.303</gpxdata:speed>
    </extensions>
   </trkpt>
   <trkpt lat="46.5285696" lon="12.0181873">
    <ele>2411</ele>
    <time>2026-10-02T12:44:07Z</time>
    <extensions>
     <gpxdata:hr>133</gpxdata:hr>
     <gpxdata:distance>1525.00</gpxdata:distance>
     <gpxdata:speed>0.606</gpxdata:speed>
    </extensions>
   </trkpt>
   <trkpt lat="46.5285762" lon="12.0181919">
    <ele>2411</ele>
    <time>2026-10-02T12:44:08Z</time>
    <extensions>
     <gpxdata:hr>133</gpxdata:hr>
     <gpxdata:distance>1526.00</gpxdata:distance>
     <gpxdata:speed>0.622</gpxdata:speed>
    </extensions>
   </trkpt>
   <trkpt lat="46.5285832" lon="12.0181969">
    <ele>2411</ele>
    <time>2026-10-02T12:44:09Z</time>
    <extensions>
     <gpxdata:hr>133</gpxdata:hr>
     <gpxdata:distance>1527.00</gpxdata:distance>
     <gpxdata:speed>0.642</gpxdata:speed>
    </extensions>
   </trkpt>
   <trkpt lat="46.5285902" lon="12.0182018">
    <ele>2411</ele>
    <time>2026-10-02T12:44:10Z</time>
    <extensions>
     <gpxdata:hr>133</gpxdata:hr>
     <gpxdata:distance>1527.50</gpxdata:distance>
     <gpxdata:speed>0.658</gpxdata:speed>
    </extensions>
   </trkpt>
   <trkpt lat="46.5285971" lon="12.0182073">
    <ele>2411</ele>
    <time>2026-10-02T12:44:11Z</time>
    <extensions>
     <gpxdata:hr>132</gpxdata:hr>
     <gpxdata:distance>1528.00</gpxdata:distance>
     <gpxdata:speed>0.675</gpxdata:speed>
    </extensions>
   </trkpt>
   <trkpt lat="46.5286039" lon="12.0182132">
    <ele>2411</ele>
    <time>2026-10-02T12:44:12Z</time>
    <extensions>
     <gpxdata:hr>132</gpxdata:hr>
     <gpxdata:distance>1529.00</gpxdata:distance>
     <gpxdata:speed>0.689</gpxdata:speed>
    </extensions>
   </trkpt>
   <trkpt lat="46.5286104" lon="12.0182194">
    <ele>2411</ele>
    <time>2026-10-02T12:44:13Z</time>
    <extensions>
     <gpxdata:hr>132</gpxdata:hr>
     <gpxdata:distance>1530.00</gpxdata:distance>
     <gpxdata:speed>0.706</gpxdata:speed>
    </extensions>
   </trkpt>
   <trkpt lat="46.5286168" lon="12.0182258">
    <ele>2411</ele>
    <time>2026-10-02T12:44:14Z</time>
    <extensions>
     <gpxdata:hr>130</gpxdata:hr>
     <gpxdata:distance>1531.00</gpxdata:distance>
     <gpxdata:speed>0.714</gpxdata:speed>
    </extensions>
   </trkpt>
   <trkpt lat="46.5286231" lon="12.0182320">
    <ele>2412</ele>
    <time>2026-10-02T12:44:15Z</time>
    <extensions>
     <gpxdata:hr>128</gpxdata:hr>
     <gpxdata:distance>1532.00</gpxdata:distance>
     <gpxdata:speed>0.725</gpxdata:speed>
    </extensions>
   </trkpt>
   <trkpt lat="46.5286292" lon="12.0182379">
    <ele>2412</ele>
    <time>2026-10-02T12:44:16Z</time>
    <extensions>
     <gpxdata:hr>128</gpxdata:hr>
     <gpxdata:distance>1532.50</gpxdata:distance>
     <gpxdata:speed>0.728</gpxdata:speed>
    </extensions>
   </trkpt>
   <trkpt lat="46.5286349" lon="12.0182431">
    <ele>2412</ele>
    <time>2026-10-02T12:44:17Z</time>
    <extensions>
     <gpxdata:hr>127</gpxdata:hr>
     <gpxdata:distance>1533.00</gpxdata:distance>
     <gpxdata:speed>0.733</gpxdata:speed>
    </extensions>
   </trkpt>
  </trkseg>
  <trkseg>
   <trkpt lat="46.5286423" lon="12.0182508">
    <ele>2414</ele>
    <time>2026-10-02T12:44:31Z</time>
    <extensions>
     <gpxdata:hr>128</gpxdata:hr>
     <gpxdata:distance>1534.00</gpxdata:distance>
    </extensions>
   </trkpt>
   <trkpt lat="46.5286484" lon="12.0182560">
    <ele>2414</ele>
    <time>2026-10-02T12:44:32Z</time>
    <extensions>
     <gpxdata:hr>128</gpxdata:hr>
     <gpxdata:distance>1534.00</gpxdata:distance>
    </extensions>
   </trkpt>
   <trkpt lat="46.5286539" lon="12.0182602">
    <ele>2414</ele>
    <time>2026-10-02T12:44:33Z</time>
    <extensions>
     <gpxdata:hr>129</gpxdata:hr>
     <gpxdata:distance>1534.00</gpxdata:distance>
    </extensions>
   </trkpt>
   <trkpt lat="46.5286592" lon="12.0182639">
    <ele>2414</ele>
    <time>2026-10-02T12:44:34Z</time>
    <extensions>
     <gpxdata:hr>129</gpxdata:hr>
     <gpxdata:distance>1535.50</gpxdata:distance>
    </extensions>
   </trkpt>
   <trkpt lat="46.5286649" lon="12.0182671">
    <ele>2414</ele>
    <time>2026-10-02T12:44:35Z</time>
    <extensions>
     <gpxdata:hr>129</gpxdata:hr>
     <gpxdata:distance>1537.00</gpxdata:distance>
    </extensions>
   </trkpt>
   <trkpt lat="46.5286713" lon="12.0182697">
    <ele>2414</ele>
    <time>2026-10-02T12:44:36Z</time>
    <extensions>
     <gpxdata:hr>130</gpxdata:hr>
     <gpxdata:distance>1538.00</gpxdata:distance>
     <gpxdata:speed>0.356</gpxdata:speed>
    </extensions>
   </trkpt>
   <trkpt lat="46.5286780" lon="12.0182720">
    <ele>2414</ele>
    <time>2026-10-02T12:44:37Z</time>
    <extensions>
     <gpxdata:hr>130</gpxdata:hr>
     <gpxdata:distance>1539.00</gpxdata:distance>
     <gpxdata:speed>0.711</gpxdata:speed>
    </extensions>
   </trkpt>
   <trkpt lat="46.5286844" lon="12.0182740">
    <ele>2414</ele>
    <time>2026-10-02T12:44:38Z</time>
    <extensions>
     <gpxdata:hr>130</gpxdata:hr>
     <gpxdata:distance>1539.50</gpxdata:distance>
     <gpxdata:speed>0.708</gpxdata:speed>
    </extensions>
   </trkpt>
   <trkpt lat="46.5286909" lon="12.0182763">
    <ele>2414</ele>
    <time>2026-10-02T12:44:39Z</time>
    <extensions>
     <gpxdata:hr>130</gpxdata:hr>
     <gpxdata:distance>1540.00</gpxdata:distance>
     <gpxdata:speed>0.706</gpxdata:speed>
    </extensions>
   </trkpt>
   <trkpt lat="46.5286974" lon="12.0182787">
    <ele>2414</ele>
    <time>2026-10-02T12:44:40Z</time>
    <extensions>
     <gpxdata:hr>130</gpxdata:hr>
     <gpxdata:distance>1541.00</gpxdata:distance>
     <gpxdata:speed>0.711</gpxdata:speed>
    </extensions>
   </trkpt>
   <trkpt lat="46.5287034" lon="12.0182817">
    <ele>2414</ele>
    <time>2026-10-02T12:44:41Z</time>
    <extensions>
     <gpxdata:hr>130</gpxdata:hr>
     <gpxdata:distance>1542.00</gpxdata:distance>
     <gpxdata:speed>0.717</gpxdata:speed>
    </extensions>
   </trkpt>
   <trkpt lat="46.5287090" lon="12.0182851">
    <ele>2414</ele>
    <time>2026-10-02T12:44:42Z</time>
    <extensions>
     <gpxdata:hr>130</gpxdata:hr>
     <gpxdata:distance>1542.50</gpxdata:distance>
     <gpxdata:speed>0.717</gpxdata:speed>
    </extensions>
   </trkpt>
   <trkpt lat="46.5287146" lon="12.0182877">
    <ele>2415</ele>
    <time>2026-10-02T12:44:43Z</time>
    <extensions>
     <gpxdata:hr>130</gpxdata:hr>
     <gpxdata:distance>1543.00</gpxdata:distance>
     <gpxdata:speed>0.717</gpxdata:speed>
    </extensions>
   </trkpt>
   <trkpt lat="46.5287200" lon="12.0182895">
    <ele>2415</ele>
    <time>2026-10-02T12:44:44Z</time>
    <extensions>
     <gpxdata:hr>130</gpxdata:hr>
     <gpxdata:distance>1543.50</gpxdata:distance>
     <gpxdata:speed>0.711</gpxdata:speed>
    </extensions>
   </trkpt>
   <trkpt lat="46.5287254" lon="12.0182911">
    <ele>2415</ele>
    <time>2026-10-02T12:44:45Z</time>
    <extensions>
     <gpxdata:hr>130</gpxdata:hr>
     <gpxdata:distance>1544.00</gpxdata:distance>
     <gpxdata:speed>0.708</gpxdata:speed>
    </extensions>
   </trkpt>
   <trkpt lat="46.5287307" lon="12.0182932">
    <ele>2415</ele>
    <time>2026-10-02T12:44:46Z</time>
    <extensions>
     <gpxdata:hr>129</gpxdata:hr>
     <gpxdata:distance>1544.50</gpxdata:distance>
     <gpxdata:speed>0.703</gpxdata:speed>
    </extensions>
   </trkpt>
   <trkpt lat="46.5287360" lon="12.0182963">
    <ele>2416</ele>
    <time>2026-10-02T12:44:47Z</time>
    <extensions>
     <gpxdata:hr>130</gpxdata:hr>
     <gpxdata:distance>1545.00</gpxdata:distance>
     <gpxdata:speed>0.700</gpxdata:speed>
    </extensions>
   </trkpt>
   <trkpt lat="46.5287413" lon="12.0183008">
    <ele>2416</ele>
    <time>2026-10-02T12:44:48Z</time>
    <extensions>
     <gpxdata:hr>130</gpxdata:hr>
     <gpxdata:distance>1546.00</gpxdata:distance>
     <gpxdata:speed>0.697</gpxdata:speed>
    </extensions>
   </trkpt>
   <trkpt lat="46.5287477" lon="12.0183058">
    <ele>2416</ele>
    <time>2026-10-02T12:44:49Z</time>
    <extensions>
     <gpxdata:hr>131</gpxdata:hr>
     <gpxdata:distance>1547.00</gpxdata:distance>
     <gpxdata:speed>0.694</gpxdata:speed>
    </extensions>
   </trkpt>
   <trkpt lat="46.5287531" lon="12.0183097">
    <ele>2416</ele>
    <time>2026-10-02T12:44:50Z</time>
    <extensions>
     <gpxdata:hr>131</gpxdata:hr>
     <gpxdata:distance>1547.00</gpxdata:distance>
     <gpxdata:speed>0.686</gpxdata:speed>
    </extensions>
   </trkpt>
   <trkpt lat="46.5287583" lon="12.0183133">
    <ele>2417</ele>
    <time>2026-10-02T12:44:51Z</time>
    <extensions>
     <gpxdata:hr>130</gpxdata:hr>
     <gpxdata:distance>1547.00</gpxdata:distance>
     <gpxdata:speed>0.681</gpxdata:speed>
    </extensions>
   </trkpt>
   <trkpt lat="46.5287634" lon="12.0183170">
    <ele>2417</ele>
    <time>2026-10-02T12:44:52Z</time>
    <extensions>
     <gpxdata:hr>130</gpxdata:hr>
     <gpxdata:distance>1548.00</gpxdata:distance>
     <gpxdata:speed>0.675</gpxdata:speed>
    </extensions>
   </trkpt>
   <trkpt lat="46.5287654" lon="12.0183190">
    <ele>2417</ele>
    <time>2026-10-02T12:44:53Z</time>
    <extensions>
     <gpxdata:hr>130</gpxdata:hr>
     <gpxdata:distance>1549.00</gpxdata:distance>
     <gpxdata:speed>0.672</gpxdata:speed>
    </extensions>
   </trkpt>
   <trkpt lat="46.5287674" lon="12.0183211">
    <ele>2417</ele>
    <time>2026-10-02T12:44:54Z</time>
    <extensions>
     <gpxdata:hr>131</gpxdata:hr>
     <gpxdata:distance>1549.00</gpxdata:distance>
     <gpxdata:speed>0.669</gpxdata:speed>
    </extensions>
   </trkpt>
   <trkpt lat="46.5287695" lon="12.0183232">
    <ele>2417</ele>
    <time>2026-10-02T12:44:55Z</time>
    <extensions>
     <gpxdata:hr>131</gpxdata:hr>
     <gpxdata:distance>1549.00</gpxdata:distance>
     <gpxdata:speed>0.667</gpxdata:speed>
    </extensions>
   </trkpt>
   <trkpt lat="46.5287747" lon="12.0183291">
    <ele>2417</ele>
    <time>2026-10-02T12:44:56Z</time>
    <extensions>
     <gpxdata:hr>131</gpxdata:hr>
     <gpxdata:distance>1550.00</gpxdata:distance>
     <gpxdata:speed>0.664</gpxdata:speed>
    </extensions>
   </trkpt>
   <trkpt lat="46.5287773" lon="12.0183306">
    <ele>2417</ele>
    <time>2026-10-02T12:44:57Z</time>
    <extensions>
     <gpxdata:hr>131</gpxdata:hr>
     <gpxdata:distance>1551.00</gpxdata:distance>
     <gpxdata:speed>0.664</gpxdata:speed>
    </extensions>
   </trkpt>
   <trkpt lat="46.5287798" lon="12.0183322">
    <ele>2417</ele>
    <time>2026-10-02T12:44:58Z</time>
    <extensions>
     <gpxdata:hr>132</gpxdata:hr>
     <gpxdata:distance>1551.00</gpxdata:distance>
     <gpxdata:speed>0.661</gpxdata:speed>
    </extensions>
   </trkpt>
   <trkpt lat="46.5287824" lon="12.0183337">
    <ele>2418</ele>
    <time>2026-10-02T12:44:59Z</time>
    <extensions>
     <gpxdata:hr>131</gpxdata:hr>
     <gpxdata:distance>1551.00</gpxdata:distance>
     <gpxdata:speed>0.658</gpxdata:speed>
    </extensions>
   </trkpt>
   <trkpt lat="46.5287896" lon="12.0183364">
    <ele>2418</ele>
    <time>2026-10-02T12:45:00Z</time>
    <extensions>
     <gpxdata:hr>132</gpxdata:hr>
     <gpxdata:distance>1551.00</gpxdata:distance>
     <gpxdata:speed>0.656</gpxdata:speed>
    </extensions>
   </trkpt>
   <trkpt lat="46.5287961" lon="12.0183388">
    <ele>2418</ele>
    <time>2026-10-02T12:45:01Z</time>
    <extensions>
     <gpxdata:hr>132</gpxdata:hr>
     <gpxdata:distance>1551.00</gpxdata:distance>
     <gpxdata:speed>0.656</gpxdata:speed>
    </extensions>
   </trkpt>
   <trkpt lat="46.5288022" lon="12.0183417">
    <ele>2418</ele>
    <time>2026-10-02T12:45:02Z</time>
    <extensions>
     <gpxdata:hr>133</gpxdata:hr>
     <gpxdata:distance>1552.50</gpxdata:distance>
     <gpxdata:speed>0.653</gpxdata:speed>
    </extensions>
   </trkpt>
   <trkpt lat="46.5288080" lon="12.0183462">
    <ele>2418</ele>
    <time>2026-10-02T12:45:03Z</time>
    <extensions>
     <gpxdata:hr>133</gpxdata:hr>
     <gpxdata:distance>1554.00</gpxdata:distance>
     <gpxdata:speed>0.650</gpxdata:speed>
    </extensions>
   </trkpt>
   <trkpt lat="46.5288136" lon="12.0183518">
    <ele>2418</ele>
    <time>2026-10-02T12:45:04Z</time>
    <extensions>
     <gpxdata:hr>134</gpxdata:hr>
     <gpxdata:distance>1555.00</gpxdata:distance>
     <gpxdata:speed>0.647</gpxdata:speed>
    </extensions>
   </trkpt>
   <trkpt lat="46.5288191" lon="12.0183582">
    <ele>2418</ele>
    <time>2026-10-02T12:45:05Z</time>
    <extensions>
     <gpxdata:hr>135</gpxdata:hr>
     <gpxdata:distance>1556.00</gpxdata:distance>
     <gpxdata:speed>0.644</gpxdata:speed>
    </extensions>
   </trkpt>
   <trkpt lat="46.5288249" lon="12.0183650">
    <ele>2418</ele>
    <time>2026-10-02T12:45:06Z</time>
    <extensions>
     <gpxdata:hr>135</gpxdata:hr>
     <gpxdata:distance>1557.00</gpxdata:distance>
     <gpxdata:speed>0.644</gpxdata:speed>
    </extensions>
   </trkpt>
   <trkpt lat="46.5288307" lon="12.0183724">
    <ele>2419</ele>
    <time>2026-10-02T12:45:07Z</time>
    <extensions>
     <gpxdata:hr>136</gpxdata:hr>
     <gpxdata:distance>1558.00</gpxdata:distance>
     <gpxdata:speed>0.644</gpxdata:speed>
    </extensions>
   </trkpt>
   <trkpt lat="46.5288382" lon="12.0183817">
    <ele>2419</ele>
    <time>2026-10-02T12:45:08Z</time>
    <extensions>
     <gpxdata:hr>138</gpxdata:hr>
     <gpxdata:distance>1558.50</gpxdata:distance>
     <gpxdata:speed>0.647</gpxdata:speed>
    </extensions>
   </trkpt>
   <trkpt lat="46.5288448" lon="12.0183891">
    <ele>2419</ele>
    <time>2026-10-02T12:45:09Z</time>
    <extensions>
     <gpxdata:hr>139</gpxdata:hr>
     <gpxdata:distance>1559.00</gpxdata:distance>
     <gpxdata:speed>0.650</gpxdata:speed>
    </extensions>
   </trkpt>
   <trkpt lat="46.5288508" lon="12.0183949">
    <ele>2419</ele>
    <time>2026-10-02T12:45:10Z</time>
    <extensions>
     <gpxdata:hr>140</gpxdata:hr>
     <gpxdata:distance>1559.50</gpxdata:distance>
     <gpxdata:speed>0.656</gpxdata:speed>
    </extensions>
   </trkpt>
   <trkpt lat="46.5288565" lon="12.0183993">
    <ele>2420</ele>
    <time>2026-10-02T12:45:11Z</time>
    <extensions>
     <gpxdata:hr>141</gpxdata:hr>
     <gpxdata:distance>1560.00</gpxdata:distance>
     <gpxdata:speed>0.661</gpxdata:speed>
    </extensions>
   </trkpt>
   <trkpt lat="46.5288624" lon="12.0184024">
    <ele>2420</ele>
    <time>2026-10-02T12:45:12Z</time>
    <extensions>
     <gpxdata:hr>141</gpxdata:hr>
     <gpxdata:distance>1561.00</gpxdata:distance>
     <gpxdata:speed>0.664</gpxdata:speed>
    </extensions>
   </trkpt>
  </trkseg>
  <trkseg>
   <trkpt lat="46.5288654" lon="12.0184060">
    <ele>2423</ele>
    <time>2026-10-02T12:48:35Z</time>
    <extensions>
     <gpxdata:hr>110</gpxdata:hr>
     <gpxdata:distance>1562.00</gpxdata:distance>
    </extensions>
   </trkpt>
   <trkpt lat="46.5288685" lon="12.0184077">
    <ele>2422</ele>
    <time>2026-10-02T12:48:36Z</time>
    <extensions>
     <gpxdata:hr>110</gpxdata:hr>
     <gpxdata:distance>1562.00</gpxdata:distance>
    </extensions>
   </trkpt>
   <trkpt lat="46.5288723" lon="12.0184082">
    <ele>2422</ele>
    <time>2026-10-02T12:48:37Z</time>
    <extensions>
     <gpxdata:hr>109</gpxdata:hr>
     <gpxdata:distance>1562.00</gpxdata:distance>
    </extensions>
   </trkpt>
   <trkpt lat="46.5288771" lon="12.0184078">
    <ele>2422</ele>
    <time>2026-10-02T12:48:38Z</time>
    <extensions>
     <gpxdata:hr>109</gpxdata:hr>
     <gpxdata:distance>1563.50</gpxdata:distance>
    </extensions>
   </trkpt>
  </trkseg>
  <trkseg>
   <trkpt lat="46.5288917" lon="12.0184133">
    <ele>2424</ele>
    <time>2026-10-02T12:51:57Z</time>
    <extensions>
     <gpxdata:hr>95</gpxdata:hr>
     <gpxdata:distance>1565.00</gpxdata:distance>
    </extensions>
   </trkpt>
  </trkseg>
  <trkseg>
   <trkpt lat="46.5289109" lon="12.0184220">
    <ele>2425</ele>
    <time>2026-10-02T12:56:16Z</time>
    <extensions>
     <gpxdata:hr>84</gpxdata:hr>
     <gpxdata:distance>1568.00</gpxdata:distance>
    </extensions>
   </trkpt>
  </trkseg>
  <trkseg>
   <trkpt lat="46.5289254" lon="12.0184266">
    <ele>2425</ele>
    <time>2026-10-02T12:56:30Z</time>
    <extensions>
     <gpxdata:hr>90</gpxdata:hr>
     <gpxdata:distance>1571.00</gpxdata:distance>
    </extensions>
   </trkpt>
   <trkpt lat="46.5289358" lon="12.0184299">
    <ele>2425</ele>
    <time>2026-10-02T12:56:31Z</time>
    <extensions>
     <gpxdata:hr>91</gpxdata:hr>
     <gpxdata:distance>1571.00</gpxdata:distance>
    </extensions>
   </trkpt>
   <trkpt lat="46.5289440" lon="12.0184333">
    <ele>2425</ele>
    <time>2026-10-02T12:56:32Z</time>
    <extensions>
     <gpxdata:hr>91</gpxdata:hr>
     <gpxdata:distance>1571.00</gpxdata:distance>
    </extensions>
   </trkpt>
   <trkpt lat="46.5289512" lon="12.0184374">
    <ele>2425</ele>
    <time>2026-10-02T12:56:33Z</time>
    <extensions>
     <gpxdata:hr>91</gpxdata:hr>
     <gpxdata:distance>1571.00</gpxdata:distance>
    </extensions>
   </trkpt>
   <trkpt lat="46.5289575" lon="12.0184428">
    <ele>2425</ele>
    <time>2026-10-02T12:56:34Z</time>
    <extensions>
     <gpxdata:hr>91</gpxdata:hr>
     <gpxdata:distance>1572.50</gpxdata:distance>
    </extensions>
   </trkpt>
   <trkpt lat="46.5289631" lon="12.0184496">
    <ele>2426</ele>
    <time>2026-10-02T12:56:35Z</time>
    <extensions>
     <gpxdata:hr>91</gpxdata:hr>
     <gpxdata:distance>1574.00</gpxdata:distance>
    </extensions>
   </trkpt>
   <trkpt lat="46.5289683" lon="12.0184573">
    <ele>2426</ele>
    <time>2026-10-02T12:56:36Z</time>
    <extensions>
     <gpxdata:hr>91</gpxdata:hr>
     <gpxdata:distance>1575.00</gpxdata:distance>
    </extensions>
   </trkpt>
   <trkpt lat="46.5289738" lon="12.0184652">
    <ele>2426</ele>
    <time>2026-10-02T12:56:37Z</time>
    <extensions>
     <gpxdata:hr>90</gpxdata:hr>
     <gpxdata:distance>1576.00</gpxdata:distance>
    </extensions>
   </trkpt>
   <trkpt lat="46.5289799" lon="12.0184733">
    <ele>2426</ele>
    <time>2026-10-02T12:56:38Z</time>
    <extensions>
     <gpxdata:hr>90</gpxdata:hr>
     <gpxdata:distance>1577.00</gpxdata:distance>
    </extensions>
   </trkpt>
   <trkpt lat="46.5289863" lon="12.0184818">
    <ele>2426</ele>
    <time>2026-10-02T12:56:39Z</time>
    <extensions>
     <gpxdata:hr>90</gpxdata:hr>
     <gpxdata:distance>1578.00</gpxdata:distance>
    </extensions>
   </trkpt>
   <trkpt lat="46.5289926" lon="12.0184904">
    <ele>2426</ele>
    <time>2026-10-02T12:56:40Z</time>
    <extensions>
     <gpxdata:hr>90</gpxdata:hr>
     <gpxdata:distance>1578.50</gpxdata:distance>
    </extensions>
   </trkpt>
   <trkpt lat="46.5289989" lon="12.0184989">
    <ele>2426</ele>
    <time>2026-10-02T12:56:41Z</time>
    <extensions>
     <gpxdata:hr>89</gpxdata:hr>
     <gpxdata:distance>1579.00</gpxdata:distance>
    </extensions>
   </trkpt>
   <trkpt lat="46.5290052" lon="12.0185071">
    <ele>2426</ele>
    <time>2026-10-02T12:56:42Z</time>
    <extensions>
     <gpxdata:hr>88</gpxdata:hr>
     <gpxdata:distance>1580.00</gpxdata:distance>
    </extensions>
   </trkpt>
   <trkpt lat="46.5290114" lon="12.0185148">
    <ele>2427</ele>
    <time>2026-10-02T12:56:43Z</time>
    <extensions>
     <gpxdata:hr>88</gpxdata:hr>
     <gpxdata:distance>1581.00</gpxdata:distance>
    </extensions>
   </trkpt>
   <trkpt lat="46.5290185" lon="12.0185227">
    <ele>2427</ele>
    <time>2026-10-02T12:56:44Z</time>
    <extensions>
     <gpxdata:hr>87</gpxdata:hr>
     <gpxdata:distance>1581.50</gpxdata:distance>
    </extensions>
   </trkpt>
   <trkpt lat="46.5290245" lon="12.0185281">
    <ele>2427</ele>
    <time>2026-10-02T12:56:45Z</time>
    <extensions>
     <gpxdata:hr>87</gpxdata:hr>
     <gpxdata:distance>1582.00</gpxdata:distance>
    </extensions>
   </trkpt>
   <trkpt lat="46.5290305" lon="12.0185317">
    <ele>2427</ele>
    <time>2026-10-02T12:56:46Z</time>
    <extensions>
     <gpxdata:hr>87</gpxdata:hr>
     <gpxdata:distance>1582.50</gpxdata:distance>
    </extensions>
   </trkpt>
   <trkpt lat="46.5290365" lon="12.0185341">
    <ele>2427</ele>
    <time>2026-10-02T12:56:47Z</time>
    <extensions>
     <gpxdata:hr>87</gpxdata:hr>
     <gpxdata:distance>1583.00</gpxdata:distance>
    </extensions>
   </trkpt>
   <trkpt lat="46.5290430" lon="12.0185364">
    <ele>2427</ele>
    <time>2026-10-02T12:56:48Z</time>
    <extensions>
     <gpxdata:hr>88</gpxdata:hr>
     <gpxdata:distance>1584.00</gpxdata:distance>
     <gpxdata:speed>0.275</gpxdata:speed>
    </extensions>
   </trkpt>
   <trkpt lat="46.5290497" lon="12.0185399">
    <ele>2427</ele>
    <time>2026-10-02T12:56:49Z</time>
    <extensions>
     <gpxdata:hr>88</gpxdata:hr>
     <gpxdata:distance>1585.00</gpxdata:distance>
     <gpxdata:speed>0.553</gpxdata:speed>
    </extensions>
   </trkpt>
   <trkpt lat="46.5290562" lon="12.0185455">
    <ele>2427</ele>
    <time>2026-10-02T12:56:50Z</time>
    <extensions>
     <gpxdata:hr>89</gpxdata:hr>
     <gpxdata:distance>1586.00</gpxdata:distance>
     <gpxdata:speed>0.592</gpxdata:speed>
    </extensions>
   </trkpt>
   <trkpt lat="46.5290617" lon="12.0185535">
    <ele>2428</ele>
    <time>2026-10-02T12:56:51Z</time>
    <extensions>
     <gpxdata:hr>88</gpxdata:hr>
     <gpxdata:distance>1587.00</gpxdata:distance>
     <gpxdata:speed>0.633</gpxdata:speed>
    </extensions>
   </trkpt>
   <trkpt lat="46.5290664" lon="12.0185626">
    <ele>2428</ele>
    <time>2026-10-02T12:56:52Z</time>
    <extensions>
     <gpxdata:hr>89</gpxdata:hr>
     <gpxdata:distance>1588.00</gpxdata:distance>
     <gpxdata:speed>0.717</gpxdata:speed>
    </extensions>
   </trkpt>
   <trkpt lat="46.5290706" lon="12.0185719">
    <ele>2428</ele>
    <time>2026-10-02T12:56:53Z</time>
    <extensions>
     <gpxdata:hr>89</gpxdata:hr>
     <gpxdata:distance>1589.00</gpxdata:distance>
     <gpxdata:speed>0.800</gpxdata:speed>
    </extensions>
   </trkpt>
   <trkpt lat="46.5290748" lon="12.0185808">
    <ele>2428</ele>
    <time>2026-10-02T12:56:54Z</time>
    <extensions>
     <gpxdata:hr>90</gpxdata:hr>
     <gpxdata:distance>1589.50</gpxdata:distance>
     <gpxdata:speed>0.819</gpxdata:speed>
    </extensions>
   </trkpt>
  </trkseg>
  <trkseg>
   <trkpt lat="46.5290844" lon="12.0185964">
    <ele>2429</ele>
    <time>2026-10-02T12:57:06Z</time>
    <extensions>
     <gpxdata:hr>91</gpxdata:hr>
     <gpxdata:distance>1591.00</gpxdata:distance>
     <gpxdata:speed>0.681</gpxdata:speed>
    </extensions>
   </trkpt>
   <trkpt lat="46.5290913" lon="12.0186076">
    <ele>2429</ele>
    <time>2026-10-02T12:57:07Z</time>
    <extensions>
     <gpxdata:hr>91</gpxdata:hr>
     <gpxdata:distance>1591.00</gpxdata:distance>
     <gpxdata:speed>1.361</gpxdata:speed>
    </extensions>
   </trkpt>
   <trkpt lat="46.5290964" lon="12.0186169">
    <ele>2429</ele>
    <time>2026-10-02T12:57:08Z</time>
    <extensions>
     <gpxdata:hr>91</gpxdata:hr>
     <gpxdata:distance>1591.00</gpxdata:distance>
     <gpxdata:speed>1.361</gpxdata:speed>
    </extensions>
   </trkpt>
   <trkpt lat="46.5291004" lon="12.0186250">
    <ele>2429</ele>
    <time>2026-10-02T12:57:09Z</time>
    <extensions>
     <gpxdata:hr>91</gpxdata:hr>
     <gpxdata:distance>1591.00</gpxdata:distance>
     <gpxdata:speed>1.361</gpxdata:speed>
    </extensions>
   </trkpt>
   <trkpt lat="46.5291039" lon="12.0186325">
    <ele>2429</ele>
    <time>2026-10-02T12:57:10Z</time>
    <extensions>
     <gpxdata:hr>91</gpxdata:hr>
     <gpxdata:distance>1593.50</gpxdata:distance>
     <gpxdata:speed>0.681</gpxdata:speed>
    </extensions>
   </trkpt>
   <trkpt lat="46.5291078" lon="12.0186388">
    <ele>2429</ele>
    <time>2026-10-02T12:57:11Z</time>
    <extensions>
     <gpxdata:hr>91</gpxdata:hr>
     <gpxdata:distance>1596.00</gpxdata:distance>
    </extensions>
   </trkpt>
   <trkpt lat="46.5291123" lon="12.0186439">
    <ele>2429</ele>
    <time>2026-10-02T12:57:12Z</time>
    <extensions>
     <gpxdata:hr>91</gpxdata:hr>
     <gpxdata:distance>1596.50</gpxdata:distance>
     <gpxdata:speed>0.275</gpxdata:speed>
    </extensions>
   </trkpt>
   <trkpt lat="46.5291177" lon="12.0186477">
    <ele>2429</ele>
    <time>2026-10-02T12:57:13Z</time>
    <extensions>
     <gpxdata:hr>92</gpxdata:hr>
     <gpxdata:distance>1597.00</gpxdata:distance>
     <gpxdata:speed>0.550</gpxdata:speed>
    </extensions>
   </trkpt>
   <trkpt lat="46.5291234" lon="12.0186508">
    <ele>2429</ele>
    <time>2026-10-02T12:57:14Z</time>
    <extensions>
     <gpxdata:hr>92</gpxdata:hr>
     <gpxdata:distance>1597.50</gpxdata:distance>
     <gpxdata:speed>0.583</gpxdata:speed>
    </extensions>
   </trkpt>
   <trkpt lat="46.5291291" lon="12.0186531">
    <ele>2429</ele>
    <time>2026-10-02T12:57:15Z</time>
    <extensions>
     <gpxdata:hr>93</gpxdata:hr>
     <gpxdata:distance>1598.00</gpxdata:distance>
     <gpxdata:speed>0.619</gpxdata:speed>
    </extensions>
   </trkpt>
  </trkseg>
  <trkseg>
   <trkpt lat="46.5291420" lon="12.0186487">
    <ele>2430</ele>
    <time>2026-10-02T12:57:22Z</time>
    <extensions>
     <gpxdata:hr>92</gpxdata:hr>
     <gpxdata:distance>1599.00</gpxdata:distance>
     <gpxdata:speed>0.622</gpxdata:speed>
    </extensions>
   </trkpt>
  </trkseg>
  <trkseg>
   <trkpt lat="46.5291551" lon="12.0186345">
    <ele>2432</ele>
    <time>2026-10-02T12:57:44Z</time>
    <extensions>
     <gpxdata:hr>96</gpxdata:hr>
     <gpxdata:distance>1602.00</gpxdata:distance>
    </extensions>
   </trkpt>
   <trkpt lat="46.5291641" lon="12.0186248">
    <ele>2432</ele>
    <time>2026-10-02T12:57:45Z</time>
    <extensions>
     <gpxdata:hr>97</gpxdata:hr>
     <gpxdata:distance>1602.00</gpxdata:distance>
    </extensions>
   </trkpt>
   <trkpt lat="46.5291713" lon="12.0186177">
    <ele>2432</ele>
    <time>2026-10-02T12:57:46Z</time>
    <extensions>
     <gpxdata:hr>97</gpxdata:hr>
     <gpxdata:distance>1602.00</gpxdata:distance>
    </extensions>
   </trkpt>
   <trkpt lat="46.5291777" lon="12.0186126">
    <ele>2432</ele>
    <time>2026-10-02T12:57:47Z</time>
    <extensions>
     <gpxdata:hr>98</gpxdata:hr>
     <gpxdata:distance>1602.00</gpxdata:distance>
    </extensions>
   </trkpt>
   <trkpt lat="46.5291843" lon="12.0186088">
    <ele>2432</ele>
    <time>2026-10-02T12:57:48Z</time>
    <extensions>
     <gpxdata:hr>98</gpxdata:hr>
     <gpxdata:distance>1604.50</gpxdata:distance>
    </extensions>
   </trkpt>
   <trkpt lat="46.5291912" lon="12.0186065">
    <ele>2432</ele>
    <time>2026-10-02T12:57:49Z</time>
    <extensions>
     <gpxdata:hr>99</gpxdata:hr>
     <gpxdata:distance>1607.00</gpxdata:distance>
    </extensions>
   </trkpt>
   <trkpt lat="46.5291983" lon="12.0186056">
    <ele>2432</ele>
    <time>2026-10-02T12:57:50Z</time>
    <extensions>
     <gpxdata:hr>99</gpxdata:hr>
     <gpxdata:distance>1607.50</gpxdata:distance>
    </extensions>
   </trkpt>
   <trkpt lat="46.5292052" lon="12.0186056">
    <ele>2432</ele>
    <time>2026-10-02T12:57:51Z</time>
    <extensions>
     <gpxdata:hr>100</gpxdata:hr>
     <gpxdata:distance>1608.00</gpxdata:distance>
    </extensions>
   </trkpt>
  </trkseg>
  <trkseg>
   <trkpt lat="46.5292172" lon="12.0186100">
    <ele>2434</ele>
    <time>2026-10-02T12:59:21Z</time>
    <extensions>
     <gpxdata:hr>94</gpxdata:hr>
     <gpxdata:distance>1609.00</gpxdata:distance>
    </extensions>
   </trkpt>
   <trkpt lat="46.5292256" lon="12.0186122">
    <ele>2434</ele>
    <time>2026-10-02T12:59:22Z</time>
    <extensions>
     <gpxdata:hr>94</gpxdata:hr>
     <gpxdata:distance>1609.00</gpxdata:distance>
    </extensions>
   </trkpt>
   <trkpt lat="46.5292322" lon="12.0186128">
    <ele>2434</ele>
    <time>2026-10-02T12:59:23Z</time>
    <extensions>
     <gpxdata:hr>94</gpxdata:hr>
     <gpxdata:distance>1609.00</gpxdata:distance>
    </extensions>
   </trkpt>
   <trkpt lat="46.5292383" lon="12.0186122">
    <ele>2434</ele>
    <time>2026-10-02T12:59:24Z</time>
    <extensions>
     <gpxdata:hr>94</gpxdata:hr>
     <gpxdata:distance>1611.00</gpxdata:distance>
    </extensions>
   </trkpt>
   <trkpt lat="46.5292444" lon="12.0186110">
    <ele>2434</ele>
    <time>2026-10-02T12:59:25Z</time>
    <extensions>
     <gpxdata:hr>94</gpxdata:hr>
     <gpxdata:distance>1613.00</gpxdata:distance>
    </extensions>
   </trkpt>
   <trkpt lat="46.5292463" lon="12.0186100">
    <ele>2434</ele>
    <time>2026-10-02T12:59:26Z</time>
    <extensions>
     <gpxdata:hr>95</gpxdata:hr>
     <gpxdata:distance>1613.00</gpxdata:distance>
    </extensions>
   </trkpt>
   <trkpt lat="46.5292481" lon="12.0186090">
    <ele>2434</ele>
    <time>2026-10-02T12:59:27Z</time>
    <extensions>
     <gpxdata:hr>95</gpxdata:hr>
     <gpxdata:distance>1613.00</gpxdata:distance>
    </extensions>
   </trkpt>
   <trkpt lat="46.5292500" lon="12.0186080">
    <ele>2434</ele>
    <time>2026-10-02T12:59:28Z</time>
    <extensions>
     <gpxdata:hr>96</gpxdata:hr>
     <gpxdata:distance>1613.00</gpxdata:distance>
    </extensions>
   </trkpt>
   <trkpt lat="46.5292518" lon="12.0186070">
    <ele>2434</ele>
    <time>2026-10-02T12:59:29Z</time>
    <extensions>
     <gpxdata:hr>96</gpxdata:hr>
     <gpxdata:distance>1613.00</gpxdata:distance>
    </extensions>
   </trkpt>
   <trkpt lat="46.5292537" lon="12.0186060">
    <ele>2434</ele>
    <time>2026-10-02T12:59:30Z</time>
    <extensions>
     <gpxdata:hr>95</gpxdata:hr>
     <gpxdata:distance>1613.00</gpxdata:distance>
    </extensions>
   </trkpt>
   <trkpt lat="46.5292608" lon="12.0186011">
    <ele>2435</ele>
    <time>2026-10-02T12:59:31Z</time>
    <extensions>
     <gpxdata:hr>95</gpxdata:hr>
     <gpxdata:distance>1613.00</gpxdata:distance>
    </extensions>
   </trkpt>
   <trkpt lat="46.5292668" lon="12.0185960">
    <ele>2435</ele>
    <time>2026-10-02T12:59:32Z</time>
    <extensions>
     <gpxdata:hr>96</gpxdata:hr>
     <gpxdata:distance>1613.00</gpxdata:distance>
    </extensions>
   </trkpt>
   <trkpt lat="46.5292721" lon="12.0185906">
    <ele>2435</ele>
    <time>2026-10-02T12:59:33Z</time>
    <extensions>
     <gpxdata:hr>96</gpxdata:hr>
     <gpxdata:distance>1613.00</gpxdata:distance>
    </extensions>
   </trkpt>
  </trkseg>
  <trkseg>
   <trkpt lat="46.5292774" lon="12.0185836">
    <ele>2435</ele>
    <time>2026-10-02T12:59:40Z</time>
    <extensions>
     <gpxdata:hr>100</gpxdata:hr>
     <gpxdata:distance>1617.00</gpxdata:distance>
    </extensions>
   </trkpt>
   <trkpt lat="46.5292812" lon="12.0185767">
    <ele>2435</ele>
    <time>2026-10-02T12:59:41Z</time>
    <extensions>
     <gpxdata:hr>101</gpxdata:hr>
     <gpxdata:distance>1617.00</gpxdata:distance>
    </extensions>
   </trkpt>
   <trkpt lat="46.5292852" lon="12.0185689">
    <ele>2435</ele>
    <time>2026-10-02T12:59:42Z</time>
    <extensions>
     <gpxdata:hr>102</gpxdata:hr>
     <gpxdata:distance>1617.00</gpxdata:distance>
    </extensions>
   </trkpt>
   <trkpt lat="46.5292898" lon="12.0185603">
    <ele>2436</ele>
    <time>2026-10-02T12:59:43Z</time>
    <extensions>
     <gpxdata:hr>102</gpxdata:hr>
     <gpxdata:distance>1617.00</gpxdata:distance>
    </extensions>
   </trkpt>
   <trkpt lat="46.5292948" lon="12.0185518">
    <ele>2436</ele>
    <time>2026-10-02T12:59:44Z</time>
    <extensions>
     <gpxdata:hr>103</gpxdata:hr>
     <gpxdata:distance>1619.00</gpxdata:distance>
    </extensions>
   </trkpt>
   <trkpt lat="46.5293001" lon="12.0185453">
    <ele>2436</ele>
    <time>2026-10-02T12:59:45Z</time>
    <extensions>
     <gpxdata:hr>103</gpxdata:hr>
     <gpxdata:distance>1621.00</gpxdata:distance>
    </extensions>
   </trkpt>
   <trkpt lat="46.5293058" lon="12.0185415">
    <ele>2436</ele>
    <time>2026-10-02T12:59:46Z</time>
    <extensions>
     <gpxdata:hr>103</gpxdata:hr>
     <gpxdata:distance>1621.50</gpxdata:distance>
    </extensions>
   </trkpt>
   <trkpt lat="46.5293113" lon="12.0185387">
    <ele>2436</ele>
    <time>2026-10-02T12:59:47Z</time>
    <extensions>
     <gpxdata:hr>103</gpxdata:hr>
     <gpxdata:distance>1622.00</gpxdata:distance>
    </extensions>
   </trkpt>
   <trkpt lat="46.5293164" lon="12.0185349">
    <ele>2436</ele>
    <time>2026-10-02T12:59:48Z</time>
    <extensions>
     <gpxdata:hr>103</gpxdata:hr>
     <gpxdata:distance>1622.50</gpxdata:distance>
    </extensions>
   </trkpt>
   <trkpt lat="46.5293215" lon="12.0185296">
    <ele>2436</ele>
    <time>2026-10-02T12:59:49Z</time>
    <extensions>
     <gpxdata:hr>103</gpxdata:hr>
     <gpxdata:distance>1623.00</gpxdata:distance>
    </extensions>
   </trkpt>
   <trkpt lat="46.5293269" lon="12.0185221">
    <ele>2436</ele>
    <time>2026-10-02T12:59:50Z</time>
    <extensions>
     <gpxdata:hr>103</gpxdata:hr>
     <gpxdata:distance>1624.00</gpxdata:distance>
    </extensions>
   </trkpt>
   <trkpt lat="46.5293327" lon="12.0185133">
    <ele>2436</ele>
    <time>2026-10-02T12:59:51Z</time>
    <extensions>
     <gpxdata:hr>104</gpxdata:hr>
     <gpxdata:distance>1625.00</gpxdata:distance>
    </extensions>
   </trkpt>
   <trkpt lat="46.5293387" lon="12.0185044">
    <ele>2436</ele>
    <time>2026-10-02T12:59:52Z</time>
    <extensions>
     <gpxdata:hr>105</gpxdata:hr>
     <gpxdata:distance>1626.00</gpxdata:distance>
    </extensions>
   </trkpt>
   <trkpt lat="46.5293449" lon="12.0184960">
    <ele>2436</ele>
    <time>2026-10-02T12:59:53Z</time>
    <extensions>
     <gpxdata:hr>105</gpxdata:hr>
     <gpxdata:distance>1627.00</gpxdata:distance>
    </extensions>
   </trkpt>
   <trkpt lat="46.5293509" lon="12.0184881">
    <ele>2436</ele>
    <time>2026-10-02T12:59:54Z</time>
    <extensions>
     <gpxdata:hr>105</gpxdata:hr>
     <gpxdata:distance>1628.00</gpxdata:distance>
    </extensions>
   </trkpt>
   <trkpt lat="46.5293565" lon="12.0184811">
    <ele>2437</ele>
    <time>2026-10-02T12:59:55Z</time>
    <extensions>
     <gpxdata:hr>105</gpxdata:hr>
     <gpxdata:distance>1629.00</gpxdata:distance>
    </extensions>
   </trkpt>
   <trkpt lat="46.5293624" lon="12.0184751">
    <ele>2437</ele>
    <time>2026-10-02T12:59:56Z</time>
    <extensions>
     <gpxdata:hr>105</gpxdata:hr>
     <gpxdata:distance>1629.50</gpxdata:distance>
     <gpxdata:speed>0.381</gpxdata:speed>
    </extensions>
   </trkpt>
   <trkpt lat="46.5293682" lon="12.0184699">
    <ele>2437</ele>
    <time>2026-10-02T12:59:57Z</time>
    <extensions>
     <gpxdata:hr>106</gpxdata:hr>
     <gpxdata:distance>1630.00</gpxdata:distance>
     <gpxdata:speed>0.761</gpxdata:speed>
    </extensions>
   </trkpt>
   <trkpt lat="46.5293738" lon="12.0184649">
    <ele>2437</ele>
    <time>2026-10-02T12:59:58Z</time>
    <extensions>
     <gpxdata:hr>106</gpxdata:hr>
     <gpxdata:distance>1630.50</gpxdata:distance>
     <gpxdata:speed>0.764</gpxdata:speed>
    </extensions>
   </trkpt>
   <trkpt lat="46.5293792" lon="12.0184593">
    <ele>2438</ele>
    <time>2026-10-02T12:59:59Z</time>
    <extensions>
     <gpxdata:hr>105</gpxdata:hr>
     <gpxdata:distance>1631.00</gpxdata:distance>
     <gpxdata:speed>0.769</gpxdata:speed>
    </extensions>
   </trkpt>
   <trkpt lat="46.5293841" lon="12.0184535">
    <ele>2438</ele>
    <time>2026-10-02T13:00:00Z</time>
    <extensions>
     <gpxdata:hr>106</gpxdata:hr>
     <gpxdata:distance>1632.00</gpxdata:distance>
     <gpxdata:speed>0.764</gpxdata:speed>
    </extensions>
   </trkpt>
   <trkpt lat="46.5293887" lon="12.0184475">
    <ele>2438</ele>
    <time>2026-10-02T13:00:01Z</time>
    <extensions>
     <gpxdata:hr>106</gpxdata:hr>
     <gpxdata:distance>1633.00</gpxdata:distance>
     <gpxdata:speed>0.761</gpxdata:speed>
    </extensions>
   </trkpt>
   <trkpt lat="46.5293930" lon="12.0184413">
    <ele>2438</ele>
    <time>2026-10-02T13:00:02Z</time>
    <extensions>
     <gpxdata:hr>106</gpxdata:hr>
     <gpxdata:distance>1633.50</gpxdata:distance>
     <gpxdata:speed>0.753</gpxdata:speed>
    </extensions>
   </trkpt>
   <trkpt lat="46.5293971" lon="12.0184347">
    <ele>2438</ele>
    <time>2026-10-02T13:00:03Z</time>
    <extensions>
     <gpxdata:hr>107</gpxdata:hr>
     <gpxdata:distance>1634.00</gpxdata:distance>
     <gpxdata:speed>0.747</gpxdata:speed>
    </extensions>
   </trkpt>
   <trkpt lat="46.5294004" lon="12.0184264">
    <ele>2438</ele>
    <time>2026-10-02T13:00:04Z</time>
    <extensions>
     <gpxdata:hr>107</gpxdata:hr>
     <gpxdata:distance>1635.00</gpxdata:distance>
     <gpxdata:speed>0.744</gpxdata:speed>
    </extensions>
   </trkpt>
   <trkpt lat="46.5294031" lon="12.0184164">
    <ele>2438</ele>
    <time>2026-10-02T13:00:05Z</time>
    <extensions>
     <gpxdata:hr>108</gpxdata:hr>
     <gpxdata:distance>1636.00</gpxdata:distance>
     <gpxdata:speed>0.744</gpxdata:speed>
    </extensions>
   </trkpt>
   <trkpt lat="46.5294051" lon="12.0184050">
    <ele>2438</ele>
    <time>2026-10-02T13:00:06Z</time>
    <extensions>
     <gpxdata:hr>108</gpxdata:hr>
     <gpxdata:distance>1637.00</gpxdata:distance>
     <gpxdata:speed>0.758</gpxdata:speed>
    </extensions>
   </trkpt>
   <trkpt lat="46.5294074" lon="12.0183926">
    <ele>2439</ele>
    <time>2026-10-02T13:00:07Z</time>
    <extensions>
     <gpxdata:hr>109</gpxdata:hr>
     <gpxdata:distance>1638.00</gpxdata:distance>
     <gpxdata:speed>0.775</gpxdata:speed>
    </extensions>
   </trkpt>
   <trkpt lat="46.5294108" lon="12.0183795">
    <ele>2439</ele>
    <time>2026-10-02T13:00:08Z</time>
    <extensions>
     <gpxdata:hr>110</gpxdata:hr>
     <gpxdata:distance>1639.00</gpxdata:distance>
     <gpxdata:speed>0.786</gpxdata:speed>
    </extensions>
   </trkpt>
   <trkpt lat="46.5294151" lon="12.0183677">
    <ele>2439</ele>
    <time>2026-10-02T13:00:09Z</time>
    <extensions>
     <gpxdata:hr>111</gpxdata:hr>
     <gpxdata:distance>1640.00</gpxdata:distance>
     <gpxdata:speed>0.800</gpxdata:speed>
    </extensions>
   </trkpt>
   <trkpt lat="46.5294202" lon="12.0183580">
    <ele>2439</ele>
    <time>2026-10-02T13:00:10Z</time>
    <extensions>
     <gpxdata:hr>112</gpxdata:hr>
     <gpxdata:distance>1641.00</gpxdata:distance>
     <gpxdata:speed>0.806</gpxdata:speed>
    </extensions>
   </trkpt>
   <trkpt lat="46.5294257" lon="12.0183502">
    <ele>2440</ele>
    <time>2026-10-02T13:00:11Z</time>
    <extensions>
     <gpxdata:hr>113</gpxdata:hr>
     <gpxdata:distance>1642.00</gpxdata:distance>
     <gpxdata:speed>0.814</gpxdata:speed>
    </extensions>
   </trkpt>
   <trkpt lat="46.5294329" lon="12.0183440">
    <ele>2440</ele>
    <time>2026-10-02T13:00:12Z</time>
    <extensions>
     <gpxdata:hr>115</gpxdata:hr>
     <gpxdata:distance>1642.00</gpxdata:distance>
     <gpxdata:speed>0.817</gpxdata:speed>
    </extensions>
   </trkpt>
  </trkseg>
  <trkseg>
   <trkpt lat="46.5294436" lon="12.0183330">
    <ele>2440</ele>
    <time>2026-10-02T13:00:18Z</time>
    <extensions>
     <gpxdata:hr>120</gpxdata:hr>
     <gpxdata:distance>1643.00</gpxdata:distance>
    </extensions>
   </trkpt>
   <trkpt lat="46.5294514" lon="12.0183234">
    <ele>2441</ele>
    <time>2026-10-02T13:00:19Z</time>
    <extensions>
     <gpxdata:hr>121</gpxdata:hr>
     <gpxdata:distance>1643.00</gpxdata:distance>
    </extensions>
   </trkpt>
   <trkpt lat="46.5294576" lon="12.0183147">
    <ele>2441</ele>
    <time>2026-10-02T13:00:20Z</time>
    <extensions>
     <gpxdata:hr>123</gpxdata:hr>
     <gpxdata:distance>1643.00</gpxdata:distance>
     <gpxdata:speed>0.372</gpxdata:speed>
    </extensions>
   </trkpt>
   <trkpt lat="46.5294624" lon="12.0183065">
    <ele>2441</ele>
    <time>2026-10-02T13:00:21Z</time>
    <extensions>
     <gpxdata:hr>124</gpxdata:hr>
     <gpxdata:distance>1643.00</gpxdata:distance>
     <gpxdata:speed>0.747</gpxdata:speed>
    </extensions>
   </trkpt>
   <trkpt lat="46.5294666" lon="12.0182981">
    <ele>2441</ele>
    <time>2026-10-02T13:00:22Z</time>
    <extensions>
     <gpxdata:hr>125</gpxdata:hr>
     <gpxdata:distance>1646.00</gpxdata:distance>
     <gpxdata:speed>0.744</gpxdata:speed>
    </extensions>
   </trkpt>
   <trkpt lat="46.5294705" lon="12.0182871">
    <ele>2442</ele>
    <time>2026-10-02T13:00:23Z</time>
    <extensions>
     <gpxdata:hr>127</gpxdata:hr>
     <gpxdata:distance>1649.00</gpxdata:distance>
     <gpxdata:speed>0.744</gpxdata:speed>
    </extensions>
   </trkpt>
   <trkpt lat="46.5294718" lon="12.0182832">
    <ele>2442</ele>
    <time>2026-10-02T13:00:24Z</time>
    <extensions>
     <gpxdata:hr>128</gpxdata:hr>
     <gpxdata:distance>1649.50</gpxdata:distance>
     <gpxdata:speed>0.742</gpxdata:speed>
    </extensions>
   </trkpt>
   <trkpt lat="46.5294732" lon="12.0182794">
    <ele>2442</ele>
    <time>2026-10-02T13:00:25Z</time>
    <extensions>
     <gpxdata:hr>129</gpxdata:hr>
     <gpxdata:distance>1650.00</gpxdata:distance>
     <gpxdata:speed>0.742</gpxdata:speed>
    </extensions>
   </trkpt>
   <trkpt lat="46.5294745" lon="12.0182755">
    <ele>2442</ele>
    <time>2026-10-02T13:00:26Z</time>
    <extensions>
     <gpxdata:hr>130</gpxdata:hr>
     <gpxdata:distance>1650.50</gpxdata:distance>
     <gpxdata:speed>0.739</gpxdata:speed>
    </extensions>
   </trkpt>
   <trkpt lat="46.5294776" lon="12.0182657">
    <ele>2442</ele>
    <time>2026-10-02T13:00:27Z</time>
    <extensions>
     <gpxdata:hr>132</gpxdata:hr>
     <gpxdata:distance>1651.00</gpxdata:distance>
     <gpxdata:speed>0.736</gpxdata:speed>
    </extensions>
   </trkpt>
   <trkpt lat="46.5294799" lon="12.0182567">
    <ele>2442</ele>
    <time>2026-10-02T13:00:28Z</time>
    <extensions>
     <gpxdata:hr>133</gpxdata:hr>
     <gpxdata:distance>1651.50</gpxdata:distance>
     <gpxdata:speed>0.733</gpxdata:speed>
    </extensions>
   </trkpt>
   <trkpt lat="46.5294820" lon="12.0182477">
    <ele>2442</ele>
    <time>2026-10-02T13:00:29Z</time>
    <extensions>
     <gpxdata:hr>135</gpxdata:hr>
     <gpxdata:distance>1652.00</gpxdata:distance>
     <gpxdata:speed>0.731</gpxdata:speed>
    </extensions>
   </trkpt>
   <trkpt lat="46.5294829" lon="12.0182445">
    <ele>2442</ele>
    <time>2026-10-02T13:00:30Z</time>
    <extensions>
     <gpxdata:hr>137</gpxdata:hr>
     <gpxdata:distance>1652.50</gpxdata:distance>
     <gpxdata:speed>0.728</gpxdata:speed>
    </extensions>
   </trkpt>
   <trkpt lat="46.5294837" lon="12.0182414">
    <ele>2443</ele>
    <time>2026-10-02T13:00:31Z</time>
    <extensions>
     <gpxdata:hr>140</gpxdata:hr>
     <gpxdata:distance>1653.00</gpxdata:distance>
     <gpxdata:speed>0.728</gpxdata:speed>
    </extensions>
   </trkpt>
   <trkpt lat="46.5294846" lon="12.0182383">
    <ele>2443</ele>
    <time>2026-10-02T13:00:32Z</time>
    <extensions>
     <gpxdata:hr>142</gpxdata:hr>
     <gpxdata:distance>1653.00</gpxdata:distance>
     <gpxdata:speed>0.364</gpxdata:speed>
    </extensions>
   </trkpt>
   <trkpt lat="46.5294854" lon="12.0182352">
    <ele>2443</ele>
    <time>2026-10-02T13:00:33Z</time>
    <extensions>
     <gpxdata:hr>145</gpxdata:hr>
     <gpxdata:distance>1653.00</gpxdata:distance>
    </extensions>
   </trkpt>
   <trkpt lat="46.5294882" lon="12.0182254">
    <ele>2443</ele>
    <time>2026-10-02T13:00:34Z</time>
    <extensions>
     <gpxdata:hr>148</gpxdata:hr>
     <gpxdata:distance>1653.00</gpxdata:distance>
    </extensions>
   </trkpt>
   <trkpt lat="46.5294909" lon="12.0182174">
    <ele>2444</ele>
    <time>2026-10-02T13:00:35Z</time>
    <extensions>
     <gpxdata:hr>150</gpxdata:hr>
     <gpxdata:distance>1653.00</gpxdata:distance>
    </extensions>
   </trkpt>
   <trkpt lat="46.5294939" lon="12.0182106">
    <ele>2444</ele>
    <time>2026-10-02T13:00:36Z</time>
    <extensions>
     <gpxdata:hr>151</gpxdata:hr>
     <gpxdata:distance>1654.50</gpxdata:distance>
     <gpxdata:speed>0.372</gpxdata:speed>
    </extensions>
   </trkpt>
   <trkpt lat="46.5294970" lon="12.0182042">
    <ele>2444</ele>
    <time>2026-10-02T13:00:37Z</time>
    <extensions>
     <gpxdata:hr>152</gpxdata:hr>
     <gpxdata:distance>1656.00</gpxdata:distance>
     <gpxdata:speed>0.744</gpxdata:speed>
    </extensions>
   </trkpt>
   <trkpt lat="46.5295000" lon="12.0181979">
    <ele>2444</ele>
    <time>2026-10-02T13:00:38Z</time>
    <extensions>
     <gpxdata:hr>152</gpxdata:hr>
     <gpxdata:distance>1656.50</gpxdata:distance>
     <gpxdata:speed>0.372</gpxdata:speed>
    </extensions>
   </trkpt>
   <trkpt lat="46.5295030" lon="12.0181916">
    <ele>2444</ele>
    <time>2026-10-02T13:00:39Z</time>
    <extensions>
     <gpxdata:hr>152</gpxdata:hr>
     <gpxdata:distance>1657.00</gpxdata:distance>
    </extensions>
   </trkpt>
  </trkseg>
  <trkseg>
   <trkpt lat="46.5295100" lon="12.0181749">
    <ele>2445</ele>
    <time>2026-10-02T13:00:46Z</time>
    <extensions>
     <gpxdata:hr>153</gpxdata:hr>
     <gpxdata:distance>1657.00</gpxdata:distance>
     <gpxdata:speed>0.714</gpxdata:speed>
    </extensions>
   </trkpt>
   <trkpt lat="46.5295125" lon="12.0181697">
    <ele>2445</ele>
    <time>2026-10-02T13:00:47Z</time>
    <extensions>
     <gpxdata:hr>154</gpxdata:hr>
     <gpxdata:distance>1657.00</gpxdata:distance>
     <gpxdata:speed>0.714</gpxdata:speed>
    </extensions>
   </trkpt>
   <trkpt lat="46.5295149" lon="12.0181646">
    <ele>2445</ele>
    <time>2026-10-02T13:00:48Z</time>
    <extensions>
     <gpxdata:hr>154</gpxdata:hr>
     <gpxdata:distance>1657.00</gpxdata:distance>
     <gpxdata:speed>0.356</gpxdata:speed>
    </extensions>
   </trkpt>
   <trkpt lat="46.5295172" lon="12.0181598">
    <ele>2445</ele>
    <time>2026-10-02T13:00:49Z</time>
    <extensions>
     <gpxdata:hr>154</gpxdata:hr>
     <gpxdata:distance>1657.00</gpxdata:distance>
    </extensions>
   </trkpt>
   <trkpt lat="46.5295229" lon="12.0181487">
    <ele>2445</ele>
    <time>2026-10-02T13:00:50Z</time>
    <extensions>
     <gpxdata:hr>154</gpxdata:hr>
     <gpxdata:distance>1658.50</gpxdata:distance>
    </extensions>
   </trkpt>
   <trkpt lat="46.5295278" lon="12.0181398">
    <ele>2446</ele>
    <time>2026-10-02T13:00:51Z</time>
    <extensions>
     <gpxdata:hr>154</gpxdata:hr>
     <gpxdata:distance>1660.00</gpxdata:distance>
    </extensions>
   </trkpt>
   <trkpt lat="46.5295323" lon="12.0181323">
    <ele>2446</ele>
    <time>2026-10-02T13:00:52Z</time>
    <extensions>
     <gpxdata:hr>154</gpxdata:hr>
     <gpxdata:distance>1661.50</gpxdata:distance>
     <gpxdata:speed>0.244</gpxdata:speed>
    </extensions>
   </trkpt>
   <trkpt lat="46.5295363" lon="12.0181260">
    <ele>2446</ele>
    <time>2026-10-02T13:00:53Z</time>
    <extensions>
     <gpxdata:hr>154</gpxdata:hr>
     <gpxdata:distance>1663.00</gpxdata:distance>
     <gpxdata:speed>0.492</gpxdata:speed>
    </extensions>
   </trkpt>
   <trkpt lat="46.5295398" lon="12.0181202">
    <ele>2446</ele>
    <time>2026-10-02T13:00:54Z</time>
    <extensions>
     <gpxdata:hr>154</gpxdata:hr>
     <gpxdata:distance>1663.00</gpxdata:distance>
     <gpxdata:speed>0.492</gpxdata:speed>
    </extensions>
   </trkpt>
   <trkpt lat="46.5295434" lon="12.0181147">
    <ele>2447</ele>
    <time>2026-10-02T13:00:55Z</time>
    <extensions>
     <gpxdata:hr>154</gpxdata:hr>
     <gpxdata:distance>1663.00</gpxdata:distance>
     <gpxdata:speed>0.492</gpxdata:speed>
    </extensions>
   </trkpt>
   <trkpt lat="46.5295470" lon="12.0181087">
    <ele>2447</ele>
    <time>2026-10-02T13:00:56Z</time>
    <extensions>
     <gpxdata:hr>154</gpxdata:hr>
     <gpxdata:distance>1664.50</gpxdata:distance>
     <gpxdata:speed>0.492</gpxdata:speed>
    </extensions>
   </trkpt>
   <trkpt lat="46.5295504" lon="12.0181024">
    <ele>2447</ele>
    <time>2026-10-02T13:00:57Z</time>
    <extensions>
     <gpxdata:hr>155</gpxdata:hr>
     <gpxdata:distance>1666.00</gpxdata:distance>
     <gpxdata:speed>0.494</gpxdata:speed>
    </extensions>
   </trkpt>
   <trkpt lat="46.5295535" lon="12.0180960">
    <ele>2447</ele>
    <time>2026-10-02T13:00:58Z</time>
    <extensions>
     <gpxdata:hr>155</gpxdata:hr>
     <gpxdata:distance>1666.50</gpxdata:distance>
     <gpxdata:speed>0.497</gpxdata:speed>
    </extensions>
   </trkpt>
  </trkseg>
  <trkseg>
   <trkpt lat="46.5295615" lon="12.0180835">
    <ele>2449</ele>
    <time>2026-10-02T13:01:07Z</time>
    <extensions>
     <gpxdata:hr>154</gpxdata:hr>
     <gpxdata:distance>1667.00</gpxdata:distance>
    </extensions>
   </trkpt>
   <trkpt lat="46.5295678" lon="12.0180737">
    <ele>2449</ele>
    <time>2026-10-02T13:01:08Z</time>
    <extensions>
     <gpxdata:hr>154</gpxdata:hr>
     <gpxdata:distance>1667.00</gpxdata:distance>
     <gpxdata:speed>0.356</gpxdata:speed>
    </extensions>
   </trkpt>
   <trkpt lat="46.5295732" lon="12.0180657">
    <ele>2449</ele>
    <time>2026-10-02T13:01:09Z</time>
    <extensions>
     <gpxdata:hr>155</gpxdata:hr>
     <gpxdata:distance>1667.00</gpxdata:distance>
     <gpxdata:speed>0.714</gpxdata:speed>
    </extensions>
   </trkpt>
   <trkpt lat="46.5295786" lon="12.0180600">
    <ele>2449</ele>
    <time>2026-10-02T13:01:10Z</time>
    <extensions>
     <gpxdata:hr>155</gpxdata:hr>
     <gpxdata:distance>1669.00</gpxdata:distance>
     <gpxdata:speed>0.664</gpxdata:speed>
    </extensions>
   </trkpt>
  </trkseg>
  <trkseg>
   <trkpt lat="46.5295887" lon="12.0180442">
    <ele>2450</ele>
    <time>2026-10-02T13:01:20Z</time>
    <extensions>
     <gpxdata:hr>152</gpxdata:hr>
     <gpxdata:distance>1671.00</gpxdata:distance>
     <gpxdata:speed>0.439</gpxdata:speed>
    </extensions>
   </trkpt>
   <trkpt lat="46.5295955" lon="12.0180334">
    <ele>2450</ele>
    <time>2026-10-02T13:01:21Z</time>
    <extensions>
     <gpxdata:hr>151</gpxdata:hr>
     <gpxdata:distance>1671.00</gpxdata:distance>
     <gpxdata:speed>0.878</gpxdata:speed>
    </extensions>
   </trkpt>
   <trkpt lat="46.5296006" lon="12.0180251">
    <ele>2450</ele>
    <time>2026-10-02T13:01:22Z</time>
    <extensions>
     <gpxdata:hr>151</gpxdata:hr>
     <gpxdata:distance>1671.00</gpxdata:distance>
     <gpxdata:speed>0.878</gpxdata:speed>
    </extensions>
   </trkpt>
   <trkpt lat="46.5296050" lon="12.0180181">
    <ele>2450</ele>
    <time>2026-10-02T13:01:23Z</time>
    <extensions>
     <gpxdata:hr>151</gpxdata:hr>
     <gpxdata:distance>1671.00</gpxdata:distance>
     <gpxdata:speed>0.878</gpxdata:speed>
    </extensions>
   </trkpt>
   <trkpt lat="46.5296092" lon="12.0180115">
    <ele>2450</ele>
    <time>2026-10-02T13:01:24Z</time>
    <extensions>
     <gpxdata:hr>152</gpxdata:hr>
     <gpxdata:distance>1673.50</gpxdata:distance>
     <gpxdata:speed>0.692</gpxdata:speed>
    </extensions>
   </trkpt>
   <trkpt lat="46.5296133" lon="12.0180052">
    <ele>2450</ele>
    <time>2026-10-02T13:01:25Z</time>
    <extensions>
     <gpxdata:hr>152</gpxdata:hr>
     <gpxdata:distance>1676.00</gpxdata:distance>
     <gpxdata:speed>0.508</gpxdata:speed>
    </extensions>
   </trkpt>
  </trkseg>
  <trkseg>
   <trkpt lat="46.5296243" lon="12.0179896">
    <ele>2452</ele>
    <time>2026-10-02T13:01:34Z</time>
    <extensions>
     <gpxdata:hr>154</gpxdata:hr>
     <gpxdata:distance>1677.00</gpxdata:distance>
     <gpxdata:speed>0.539</gpxdata:speed>
    </extensions>
   </trkpt>
   <trkpt lat="46.5296267" lon="12.0179869">
    <ele>2452</ele>
    <time>2026-10-02T13:01:35Z</time>
    <extensions>
     <gpxdata:hr>154</gpxdata:hr>
     <gpxdata:distance>1677.00</gpxdata:distance>
     <gpxdata:speed>0.539</gpxdata:speed>
    </extensions>
   </trkpt>
   <trkpt lat="46.5296293" lon="12.0179842">
    <ele>2452</ele>
    <time>2026-10-02T13:01:36Z</time>
    <extensions>
     <gpxdata:hr>154</gpxdata:hr>
     <gpxdata:distance>1677.00</gpxdata:distance>
     <gpxdata:speed>0.539</gpxdata:speed>
    </extensions>
   </trkpt>
   <trkpt lat="46.5296320" lon="12.0179812">
    <ele>2452</ele>
    <time>2026-10-02T13:01:37Z</time>
    <extensions>
     <gpxdata:hr>155</gpxdata:hr>
     <gpxdata:distance>1677.00</gpxdata:distance>
     <gpxdata:speed>0.539</gpxdata:speed>
    </extensions>
   </trkpt>
   <trkpt lat="46.5296348" lon="12.0179782">
    <ele>2452</ele>
    <time>2026-10-02T13:01:38Z</time>
    <extensions>
     <gpxdata:hr>155</gpxdata:hr>
     <gpxdata:distance>1678.50</gpxdata:distance>
     <gpxdata:speed>0.539</gpxdata:speed>
    </extensions>
   </trkpt>
   <trkpt lat="46.5296377" lon="12.0179750">
    <ele>2453</ele>
    <time>2026-10-02T13:01:39Z</time>
    <extensions>
     <gpxdata:hr>154</gpxdata:hr>
     <gpxdata:distance>1680.00</gpxdata:distance>
     <gpxdata:speed>0.539</gpxdata:speed>
    </extensions>
   </trkpt>
   <trkpt lat="46.5296477" lon="12.0179647">
    <ele>2453</ele>
    <time>2026-10-02T13:01:40Z</time>
    <extensions>
     <gpxdata:hr>154</gpxdata:hr>
     <gpxdata:distance>1680.00</gpxdata:distance>
     <gpxdata:speed>0.269</gpxdata:speed>
    </extensions>
   </trkpt>
   <trkpt lat="46.5296554" lon="12.0179557">
    <ele>2453</ele>
    <time>2026-10-02T13:01:41Z</time>
    <extensions>
     <gpxdata:hr>154</gpxdata:hr>
     <gpxdata:distance>1680.00</gpxdata:distance>
    </extensions>
   </trkpt>
   <trkpt lat="46.5296617" lon="12.0179470">
    <ele>2453</ele>
    <time>2026-10-02T13:01:42Z</time>
    <extensions>
     <gpxdata:hr>154</gpxdata:hr>
     <gpxdata:distance>1682.00</gpxdata:distance>
     <gpxdata:speed>0.289</gpxdata:speed>
    </extensions>
   </trkpt>
   <trkpt lat="46.5296670" lon="12.0179381">
    <ele>2454</ele>
    <time>2026-10-02T13:01:43Z</time>
    <extensions>
     <gpxdata:hr>154</gpxdata:hr>
     <gpxdata:distance>1684.00</gpxdata:distance>
     <gpxdata:speed>0.581</gpxdata:speed>
    </extensions>
   </trkpt>
   <trkpt lat="46.5296715" lon="12.0179293">
    <ele>2454</ele>
    <time>2026-10-02T13:01:44Z</time>
    <extensions>
     <gpxdata:hr>153</gpxdata:hr>
     <gpxdata:distance>1684.50</gpxdata:distance>
     <gpxdata:speed>0.617</gpxdata:speed>
    </extensions>
   </trkpt>
   <trkpt lat="46.5296750" lon="12.0179204">
    <ele>2454</ele>
    <time>2026-10-02T13:01:45Z</time>
    <extensions>
     <gpxdata:hr>154</gpxdata:hr>
     <gpxdata:distance>1685.00</gpxdata:distance>
     <gpxdata:speed>0.656</gpxdata:speed>
    </extensions>
   </trkpt>
   <trkpt lat="46.5296777" lon="12.0179111">
    <ele>2454</ele>
    <time>2026-10-02T13:01:46Z</time>
    <extensions>
     <gpxdata:hr>154</gpxdata:hr>
     <gpxdata:distance>1686.00</gpxdata:distance>
     <gpxdata:speed>0.669</gpxdata:speed>
    </extensions>
   </trkpt>
   <trkpt lat="46.5296797" lon="12.0179019">
    <ele>2455</ele>
    <time>2026-10-02T13:01:47Z</time>
    <extensions>
     <gpxdata:hr>155</gpxdata:hr>
     <gpxdata:distance>1687.00</gpxdata:distance>
     <gpxdata:speed>0.683</gpxdata:speed>
    </extensions>
   </trkpt>
   <trkpt lat="46.5296814" lon="12.0178932">
    <ele>2455</ele>
    <time>2026-10-02T13:01:48Z</time>
    <extensions>
     <gpxdata:hr>155</gpxdata:hr>
     <gpxdata:distance>1687.50</gpxdata:distance>
     <gpxdata:speed>0.683</gpxdata:speed>
    </extensions>
   </trkpt>
   <trkpt lat="46.5296827" lon="12.0178845">
    <ele>2455</ele>
    <time>2026-10-02T13:01:49Z</time>
    <extensions>
     <gpxdata:hr>156</gpxdata:hr>
     <gpxdata:distance>1688.00</gpxdata:distance>
     <gpxdata:speed>0.686</gpxdata:speed>
    </extensions>
   </trkpt>
   <trkpt lat="46.5296842" lon="12.0178733">
    <ele>2455</ele>
    <time>2026-10-02T13:01:50Z</time>
    <extensions>
     <gpxdata:hr>156</gpxdata:hr>
     <gpxdata:distance>1688.50</gpxdata:distance>
     <gpxdata:speed>0.681</gpxdata:speed>
    </extensions>
   </trkpt>
   <trkpt lat="46.5296856" lon="12.0178626">
    <ele>2456</ele>
    <time>2026-10-02T13:01:51Z</time>
    <extensions>
     <gpxdata:hr>155</gpxdata:hr>
     <gpxdata:distance>1689.00</gpxdata:distance>
     <gpxdata:speed>0.675</gpxdata:speed>
    </extensions>
   </trkpt>
   <trkpt lat="46.5296869" lon="12.0178523">
    <ele>2456</ele>
    <time>2026-10-02T13:01:52Z</time>
    <extensions>
     <gpxdata:hr>156</gpxdata:hr>
     <gpxdata:distance>1690.00</gpxdata:distance>
     <gpxdata:speed>0.672</gpxdata:speed>
    </extensions>
   </trkpt>
   <trkpt lat="46.5296880" lon="12.0178419">
    <ele>2456</ele>
    <time>2026-10-02T13:01:53Z</time>
    <extensions>
     <gpxdata:hr>156</gpxdata:hr>
     <gpxdata:distance>1691.00</gpxdata:distance>
     <gpxdata:speed>0.672</gpxdata:speed>
    </extensions>
   </trkpt>
   <trkpt lat="46.5296893" lon="12.0178313">
    <ele>2456</ele>
    <time>2026-10-02T13:01:54Z</time>
    <extensions>
     <gpxdata:hr>156</gpxdata:hr>
     <gpxdata:distance>1691.50</gpxdata:distance>
     <gpxdata:speed>0.669</gpxdata:speed>
    </extensions>
   </trkpt>
   <trkpt lat="46.5296912" lon="12.0178209">
    <ele>2457</ele>
    <time>2026-10-02T13:01:55Z</time>
    <extensions>
     <gpxdata:hr>156</gpxdata:hr>
     <gpxdata:distance>1692.00</gpxdata:distance>
     <gpxdata:speed>0.669</gpxdata:speed>
    </extensions>
   </trkpt>
   <trkpt lat="46.5296935" lon="12.0178109">
    <ele>2457</ele>
    <time>2026-10-02T13:01:56Z</time>
    <extensions>
     <gpxdata:hr>156</gpxdata:hr>
     <gpxdata:distance>1693.00</gpxdata:distance>
     <gpxdata:speed>0.675</gpxdata:speed>
    </extensions>
   </trkpt>
   <trkpt lat="46.5296959" lon="12.0178015">
    <ele>2457</ele>
    <time>2026-10-02T13:01:57Z</time>
    <extensions>
     <gpxdata:hr>156</gpxdata:hr>
     <gpxdata:distance>1694.00</gpxdata:distance>
     <gpxdata:speed>0.683</gpxdata:speed>
    </extensions>
   </trkpt>
   <trkpt lat="46.5296981" lon="12.0177920">
    <ele>2457</ele>
    <time>2026-10-02T13:01:58Z</time>
    <extensions>
     <gpxdata:hr>156</gpxdata:hr>
     <gpxdata:distance>1694.50</gpxdata:distance>
     <gpxdata:speed>0.692</gpxdata:speed>
    </extensions>
   </trkpt>
   <trkpt lat="46.5296997" lon="12.0177817">
    <ele>2458</ele>
    <time>2026-10-02T13:01:59Z</time>
    <extensions>
     <gpxdata:hr>156</gpxdata:hr>
     <gpxdata:distance>1695.00</gpxdata:distance>
     <gpxdata:speed>0.700</gpxdata:speed>
    </extensions>
   </trkpt>
   <trkpt lat="46.5297008" lon="12.0177706">
    <ele>2458</ele>
    <time>2026-10-02T13:02:00Z</time>
    <extensions>
     <gpxdata:hr>156</gpxdata:hr>
     <gpxdata:distance>1696.00</gpxdata:distance>
     <gpxdata:speed>0.706</gpxdata:speed>
    </extensions>
   </trkpt>
   <trkpt lat="46.5297014" lon="12.0177586">
    <ele>2458</ele>
    <time>2026-10-02T13:02:01Z</time>
    <extensions>
     <gpxdata:hr>156</gpxdata:hr>
     <gpxdata:distance>1697.00</gpxdata:distance>
     <gpxdata:speed>0.711</gpxdata:speed>
    </extensions>
   </trkpt>
   <trkpt lat="46.5297009" lon="12.0177464">
    <ele>2458</ele>
    <time>2026-10-02T13:02:02Z</time>
    <extensions>
     <gpxdata:hr>156</gpxdata:hr>
     <gpxdata:distance>1698.00</gpxdata:distance>
     <gpxdata:speed>0.717</gpxdata:speed>
    </extensions>
   </trkpt>
   <trkpt lat="46.5296996" lon="12.0177346">
    <ele>2459</ele>
    <time>2026-10-02T13:02:03Z</time>
    <extensions>
     <gpxdata:hr>157</gpxdata:hr>
     <gpxdata:distance>1699.00</gpxdata:distance>
     <gpxdata:speed>0.725</gpxdata:speed>
    </extensions>
   </trkpt>
   <trkpt lat="46.5296981" lon="12.0177230">
    <ele>2459</ele>
    <time>2026-10-02T13:02:04Z</time>
    <extensions>
     <gpxdata:hr>157</gpxdata:hr>
     <gpxdata:distance>1700.00</gpxdata:distance>
     <gpxdata:speed>0.750</gpxdata:speed>
    </extensions>
   </trkpt>
   <trkpt lat="46.5296973" lon="12.0177117">
    <ele>2459</ele>
    <time>2026-10-02T13:02:05Z</time>
    <extensions>
     <gpxdata:hr>158</gpxdata:hr>
     <gpxdata:distance>1701.00</gpxdata:distance>
     <gpxdata:speed>0.775</gpxdata:speed>
    </extensions>
   </trkpt>
   <trkpt lat="46.5296973" lon="12.0177003">
    <ele>2459</ele>
    <time>2026-10-02T13:02:06Z</time>
    <extensions>
     <gpxdata:hr>159</gpxdata:hr>
     <gpxdata:distance>1702.00</gpxdata:distance>
     <gpxdata:speed>0.800</gpxdata:speed>
    </extensions>
   </trkpt>
   <trkpt lat="46.5296978" lon="12.0176883">
    <ele>2460</ele>
    <time>2026-10-02T13:02:07Z</time>
    <extensions>
     <gpxdata:hr>159</gpxdata:hr>
     <gpxdata:distance>1703.00</gpxdata:distance>
     <gpxdata:speed>0.828</gpxdata:speed>
    </extensions>
   </trkpt>
   <trkpt lat="46.5296984" lon="12.0176760">
    <ele>2460</ele>
    <time>2026-10-02T13:02:08Z</time>
    <extensions>
     <gpxdata:hr>159</gpxdata:hr>
     <gpxdata:distance>1704.00</gpxdata:distance>
     <gpxdata:speed>0.850</gpxdata:speed>
    </extensions>
   </trkpt>
   <trkpt lat="46.5296989" lon="12.0176633">
    <ele>2460</ele>
    <time>2026-10-02T13:02:09Z</time>
    <extensions>
     <gpxdata:hr>159</gpxdata:hr>
     <gpxdata:distance>1705.00</gpxdata:distance>
     <gpxdata:speed>0.872</gpxdata:speed>
    </extensions>
   </trkpt>
   <trkpt lat="46.5296993" lon="12.0176505">
    <ele>2460</ele>
    <time>2026-10-02T13:02:10Z</time>
    <extensions>
     <gpxdata:hr>159</gpxdata:hr>
     <gpxdata:distance>1706.00</gpxdata:distance>
     <gpxdata:speed>0.886</gpxdata:speed>
    </extensions>
   </trkpt>
   <trkpt lat="46.5296997" lon="12.0176379">
    <ele>2461</ele>
    <time>2026-10-02T13:02:11Z</time>
    <extensions>
     <gpxdata:hr>159</gpxdata:hr>
     <gpxdata:distance>1707.00</gpxdata:distance>
     <gpxdata:speed>0.900</gpxdata:speed>
    </extensions>
   </trkpt>
   <trkpt lat="46.5297004" lon="12.0176262">
    <ele>2461</ele>
    <time>2026-10-02T13:02:12Z</time>
    <extensions>
     <gpxdata:hr>159</gpxdata:hr>
     <gpxdata:distance>1707.50</gpxdata:distance>
     <gpxdata:speed>0.914</gpxdata:speed>
    </extensions>
   </trkpt>
  </trkseg>
  <trkseg>
   <trkpt lat="46.5297027" lon="12.0176166">
    <ele>2462</ele>
    <time>2026-10-02T13:02:27Z</time>
    <extensions>
     <gpxdata:hr>162</gpxdata:hr>
     <gpxdata:distance>1709.00</gpxdata:distance>
    </extensions>
   </trkpt>
   <trkpt lat="46.5297040" lon="12.0176093">
    <ele>2462</ele>
    <time>2026-10-02T13:02:28Z</time>
    <extensions>
     <gpxdata:hr>162</gpxdata:hr>
     <gpxdata:distance>1709.00</gpxdata:distance>
    </extensions>
   </trkpt>
   <trkpt lat="46.5297046" lon="12.0176024">
    <ele>2462</ele>
    <time>2026-10-02T13:02:29Z</time>
    <extensions>
     <gpxdata:hr>162</gpxdata:hr>
     <gpxdata:distance>1709.00</gpxdata:distance>
    </extensions>
   </trkpt>
   <trkpt lat="46.5297044" lon="12.0175944">
    <ele>2462</ele>
    <time>2026-10-02T13:02:30Z</time>
    <extensions>
     <gpxdata:hr>162</gpxdata:hr>
     <gpxdata:distance>1710.50</gpxdata:distance>
    </extensions>
   </trkpt>
   <trkpt lat="46.5297037" lon="12.0175843">
    <ele>2462</ele>
    <time>2026-10-02T13:02:31Z</time>
    <extensions>
     <gpxdata:hr>162</gpxdata:hr>
     <gpxdata:distance>1712.00</gpxdata:distance>
    </extensions>
   </trkpt>
   <trkpt lat="46.5297025" lon="12.0175721">
    <ele>2462</ele>
    <time>2026-10-02T13:02:32Z</time>
    <extensions>
     <gpxdata:hr>162</gpxdata:hr>
     <gpxdata:distance>1713.00</gpxdata:distance>
    </extensions>
   </trkpt>
   <trkpt lat="46.5297010" lon="12.0175585">
    <ele>2462</ele>
    <time>2026-10-02T13:02:33Z</time>
    <extensions>
     <gpxdata:hr>161</gpxdata:hr>
     <gpxdata:distance>1714.00</gpxdata:distance>
    </extensions>
   </trkpt>
   <trkpt lat="46.5297000" lon="12.0175445">
    <ele>2462</ele>
    <time>2026-10-02T13:02:34Z</time>
    <extensions>
     <gpxdata:hr>161</gpxdata:hr>
     <gpxdata:distance>1715.00</gpxdata:distance>
     <gpxdata:speed>0.472</gpxdata:speed>
    </extensions>
   </trkpt>
   <trkpt lat="46.5296996" lon="12.0175306">
    <ele>2462</ele>
    <time>2026-10-02T13:02:35Z</time>
    <extensions>
     <gpxdata:hr>161</gpxdata:hr>
     <gpxdata:distance>1716.00</gpxdata:distance>
     <gpxdata:speed>0.944</gpxdata:speed>
    </extensions>
   </trkpt>
   <trkpt lat="46.5296998" lon="12.0175166">
    <ele>2462</ele>
    <time>2026-10-02T13:02:36Z</time>
    <extensions>
     <gpxdata:hr>160</gpxdata:hr>
     <gpxdata:distance>1717.00</gpxdata:distance>
     <gpxdata:speed>0.964</gpxdata:speed>
    </extensions>
   </trkpt>
   <trkpt lat="46.5297000" lon="12.0175020">
    <ele>2462</ele>
    <time>2026-10-02T13:02:37Z</time>
    <extensions>
     <gpxdata:hr>160</gpxdata:hr>
     <gpxdata:distance>1718.00</gpxdata:distance>
     <gpxdata:speed>0.983</gpxdata:speed>
    </extensions>
   </trkpt>
   <trkpt lat="46.5297002" lon="12.0174864">
    <ele>2462</ele>
    <time>2026-10-02T13:02:38Z</time>
    <extensions>
     <gpxdata:hr>159</gpxdata:hr>
     <gpxdata:distance>1719.50</gpxdata:distance>
     <gpxdata:speed>1.017</gpxdata:speed>
    </extensions>
   </trkpt>
   <trkpt lat="46.5297001" lon="12.0174704">
    <ele>2463</ele>
    <time>2026-10-02T13:02:39Z</time>
    <extensions>
     <gpxdata:hr>159</gpxdata:hr>
     <gpxdata:distance>1721.00</gpxdata:distance>
     <gpxdata:speed>1.053</gpxdata:speed>
    </extensions>
   </trkpt>
   <trkpt lat="46.5296997" lon="12.0174541">
    <ele>2463</ele>
    <time>2026-10-02T13:02:40Z</time>
    <extensions>
     <gpxdata:hr>159</gpxdata:hr>
     <gpxdata:distance>1722.00</gpxdata:distance>
     <gpxdata:speed>1.083</gpxdata:speed>
    </extensions>
   </trkpt>
   <trkpt lat="46.5296991" lon="12.0174380">
    <ele>2463</ele>
    <time>2026-10-02T13:02:41Z</time>
    <extensions>
     <gpxdata:hr>159</gpxdata:hr>
     <gpxdata:distance>1723.00</gpxdata:distance>
     <gpxdata:speed>1.117</gpxdata:speed>
    </extensions>
   </trkpt>
   <trkpt lat="46.5296982" lon="12.0174223">
    <ele>2463</ele>
    <time>2026-10-02T13:02:42Z</time>
    <extensions>
     <gpxdata:hr>160</gpxdata:hr>
     <gpxdata:distance>1724.00</gpxdata:distance>
     <gpxdata:speed>1.133</gpxdata:speed>
    </extensions>
   </trkpt>
   <trkpt lat="46.5296972" lon="12.0174065">
    <ele>2463</ele>
    <time>2026-10-02T13:02:43Z</time>
    <extensions>
     <gpxdata:hr>160</gpxdata:hr>
     <gpxdata:distance>1725.00</gpxdata:distance>
     <gpxdata:speed>1.150</gpxdata:speed>
    </extensions>
   </trkpt>
   <trkpt lat="46.5296962" lon="12.0173909">
    <ele>2463</ele>
    <time>2026-10-02T13:02:44Z</time>
    <extensions>
     <gpxdata:hr>160</gpxdata:hr>
     <gpxdata:distance>1726.50</gpxdata:distance>
     <gpxdata:speed>1.161</gpxdata:speed>
    </extensions>
   </trkpt>
   <trkpt lat="46.5296956" lon="12.0173753">
    <ele>2463</ele>
    <time>2026-10-02T13:02:45Z</time>
    <extensions>
     <gpxdata:hr>160</gpxdata:hr>
     <gpxdata:distance>1728.00</gpxdata:distance>
     <gpxdata:speed>1.172</gpxdata:speed>
    </extensions>
   </trkpt>
   <trkpt lat="46.5296956" lon="12.0173604">
    <ele>2463</ele>
    <time>2026-10-02T13:02:46Z</time>
    <extensions>
     <gpxdata:hr>161</gpxdata:hr>
     <gpxdata:distance>1729.00</gpxdata:distance>
     <gpxdata:speed>1.175</gpxdata:speed>
    </extensions>
   </trkpt>
   <trkpt lat="46.5296954" lon="12.0173463">
    <ele>2464</ele>
    <time>2026-10-02T13:02:47Z</time>
    <extensions>
     <gpxdata:hr>161</gpxdata:hr>
     <gpxdata:distance>1730.00</gpxdata:distance>
     <gpxdata:speed>1.178</gpxdata:speed>
    </extensions>
   </trkpt>
   <trkpt lat="46.5296943" lon="12.0173330">
    <ele>2464</ele>
    <time>2026-10-02T13:02:48Z</time>
    <extensions>
     <gpxdata:hr>161</gpxdata:hr>
     <gpxdata:distance>1731.00</gpxdata:distance>
     <gpxdata:speed>1.181</gpxdata:speed>
    </extensions>
   </trkpt>
   <trkpt lat="46.5296928" lon="12.0173201">
    <ele>2464</ele>
    <time>2026-10-02T13:02:49Z</time>
    <extensions>
     <gpxdata:hr>162</gpxdata:hr>
     <gpxdata:distance>1732.00</gpxdata:distance>
     <gpxdata:speed>1.186</gpxdata:speed>
    </extensions>
   </trkpt>
   <trkpt lat="46.5296914" lon="12.0173075">
    <ele>2464</ele>
    <time>2026-10-02T13:02:50Z</time>
    <extensions>
     <gpxdata:hr>163</gpxdata:hr>
     <gpxdata:distance>1733.00</gpxdata:distance>
     <gpxdata:speed>1.175</gpxdata:speed>
    </extensions>
   </trkpt>
   <trkpt lat="46.5296907" lon="12.0172954">
    <ele>2465</ele>
    <time>2026-10-02T13:02:51Z</time>
    <extensions>
     <gpxdata:hr>163</gpxdata:hr>
     <gpxdata:distance>1734.00</gpxdata:distance>
     <gpxdata:speed>1.167</gpxdata:speed>
    </extensions>
   </trkpt>
   <trkpt lat="46.5296906" lon="12.0172834">
    <ele>2465</ele>
    <time>2026-10-02T13:02:52Z</time>
    <extensions>
     <gpxdata:hr>164</gpxdata:hr>
     <gpxdata:distance>1735.00</gpxdata:distance>
     <gpxdata:speed>1.150</gpxdata:speed>
    </extensions>
   </trkpt>
   <trkpt lat="46.5296903" lon="12.0172707">
    <ele>2465</ele>
    <time>2026-10-02T13:02:53Z</time>
    <extensions>
     <gpxdata:hr>164</gpxdata:hr>
     <gpxdata:distance>1736.00</gpxdata:distance>
     <gpxdata:speed>1.133</gpxdata:speed>
    </extensions>
   </trkpt>
   <trkpt lat="46.5296896" lon="12.0172574">
    <ele>2465</ele>
    <time>2026-10-02T13:02:54Z</time>
    <extensions>
     <gpxdata:hr>164</gpxdata:hr>
     <gpxdata:distance>1737.00</gpxdata:distance>
     <gpxdata:speed>1.119</gpxdata:speed>
    </extensions>
   </trkpt>
   <trkpt lat="46.5296881" lon="12.0172433">
    <ele>2466</ele>
    <time>2026-10-02T13:02:55Z</time>
    <extensions>
     <gpxdata:hr>164</gpxdata:hr>
     <gpxdata:distance>1738.00</gpxdata:distance>
     <gpxdata:speed>1.108</gpxdata:speed>
    </extensions>
   </trkpt>
   <trkpt lat="46.5296860" lon="12.0172284">
    <ele>2466</ele>
    <time>2026-10-02T13:02:56Z</time>
    <extensions>
     <gpxdata:hr>163</gpxdata:hr>
     <gpxdata:distance>1739.50</gpxdata:distance>
     <gpxdata:speed>1.103</gpxdata:speed>
    </extensions>
   </trkpt>
   <trkpt lat="46.5296835" lon="12.0172128">
    <ele>2466</ele>
    <time>2026-10-02T13:02:57Z</time>
    <extensions>
     <gpxdata:hr>163</gpxdata:hr>
     <gpxdata:distance>1741.00</gpxdata:distance>
     <gpxdata:speed>1.100</gpxdata:speed>
    </extensions>
   </trkpt>
   <trkpt lat="46.5296810" lon="12.0171967">
    <ele>2466</ele>
    <time>2026-10-02T13:02:58Z</time>
    <extensions>
     <gpxdata:hr>163</gpxdata:hr>
     <gpxdata:distance>1742.00</gpxdata:distance>
     <gpxdata:speed>1.103</gpxdata:speed>
    </extensions>
   </trkpt>
   <trkpt lat="46.5296789" lon="12.0171805">
    <ele>2466</ele>
    <time>2026-10-02T13:02:59Z</time>
    <extensions>
     <gpxdata:hr>162</gpxdata:hr>
     <gpxdata:distance>1743.00</gpxdata:distance>
     <gpxdata:speed>1.106</gpxdata:speed>
    </extensions>
   </trkpt>
   <trkpt lat="46.5296769" lon="12.0171646">
    <ele>2466</ele>
    <time>2026-10-02T13:03:00Z</time>
    <extensions>
     <gpxdata:hr>162</gpxdata:hr>
     <gpxdata:distance>1744.00</gpxdata:distance>
     <gpxdata:speed>1.128</gpxdata:speed>
    </extensions>
   </trkpt>
   <trkpt lat="46.5296749" lon="12.0171493">
    <ele>2466</ele>
    <time>2026-10-02T13:03:01Z</time>
    <extensions>
     <gpxdata:hr>161</gpxdata:hr>
     <gpxdata:distance>1745.00</gpxdata:distance>
     <gpxdata:speed>1.150</gpxdata:speed>
    </extensions>
   </trkpt>
   <trkpt lat="46.5296730" lon="12.0171341">
    <ele>2466</ele>
    <time>2026-10-02T13:03:02Z</time>
    <extensions>
     <gpxdata:hr>161</gpxdata:hr>
     <gpxdata:distance>1746.50</gpxdata:distance>
     <gpxdata:speed>1.158</gpxdata:speed>
    </extensions>
   </trkpt>
   <trkpt lat="46.5296716" lon="12.0171190">
    <ele>2467</ele>
    <time>2026-10-02T13:03:03Z</time>
    <extensions>
     <gpxdata:hr>160</gpxdata:hr>
     <gpxdata:distance>1748.00</gpxdata:distance>
     <gpxdata:speed>1.167</gpxdata:speed>
    </extensions>
   </trkpt>
   <trkpt lat="46.5296704" lon="12.0171044">
    <ele>2467</ele>
    <time>2026-10-02T13:03:04Z</time>
    <extensions>
     <gpxdata:hr>160</gpxdata:hr>
     <gpxdata:distance>1749.00</gpxdata:distance>
     <gpxdata:speed>1.169</gpxdata:speed>
    </extensions>
   </trkpt>
   <trkpt lat="46.5296693" lon="12.0170914">
    <ele>2467</ele>
    <time>2026-10-02T13:03:05Z</time>
    <extensions>
     <gpxdata:hr>160</gpxdata:hr>
     <gpxdata:distance>1750.00</gpxdata:distance>
     <gpxdata:speed>1.175</gpxdata:speed>
    </extensions>
   </trkpt>
  </trkseg>
  <trkseg>
   <trkpt lat="46.5296673" lon="12.0170781">
    <ele>2468</ele>
    <time>2026-10-02T13:03:12Z</time>
    <extensions>
     <gpxdata:hr>158</gpxdata:hr>
     <gpxdata:distance>1750.00</gpxdata:distance>
    </extensions>
   </trkpt>
   <trkpt lat="46.5296654" lon="12.0170689">
    <ele>2468</ele>
    <time>2026-10-02T13:03:13Z</time>
    <extensions>
     <gpxdata:hr>159</gpxdata:hr>
     <gpxdata:distance>1750.00</gpxdata:distance>
    </extensions>
   </trkpt>
   <trkpt lat="46.5296634" lon="12.0170603">
    <ele>2468</ele>
    <time>2026-10-02T13:03:14Z</time>
    <extensions>
     <gpxdata:hr>160</gpxdata:hr>
     <gpxdata:distance>1750.00</gpxdata:distance>
    </extensions>
   </trkpt>
   <trkpt lat="46.5296611" lon="12.0170501">
    <ele>2469</ele>
    <time>2026-10-02T13:03:15Z</time>
    <extensions>
     <gpxdata:hr>160</gpxdata:hr>
     <gpxdata:distance>1750.00</gpxdata:distance>
    </extensions>
   </trkpt>
   <trkpt lat="46.5296579" lon="12.0170375">
    <ele>2468</ele>
    <time>2026-10-02T13:03:16Z</time>
    <extensions>
     <gpxdata:hr>160</gpxdata:hr>
     <gpxdata:distance>1753.00</gpxdata:distance>
    </extensions>
   </trkpt>
   <trkpt lat="46.5296537" lon="12.0170233">
    <ele>2468</ele>
    <time>2026-10-02T13:03:17Z</time>
    <extensions>
     <gpxdata:hr>160</gpxdata:hr>
     <gpxdata:distance>1756.00</gpxdata:distance>
    </extensions>
   </trkpt>
   <trkpt lat="46.5296495" lon="12.0170082">
    <ele>2468</ele>
    <time>2026-10-02T13:03:18Z</time>
    <extensions>
     <gpxdata:hr>160</gpxdata:hr>
     <gpxdata:distance>1757.00</gpxdata:distance>
    </extensions>
   </trkpt>
   <trkpt lat="46.5296455" lon="12.0169919">
    <ele>2468</ele>
    <time>2026-10-02T13:03:19Z</time>
    <extensions>
     <gpxdata:hr>160</gpxdata:hr>
     <gpxdata:distance>1758.00</gpxdata:distance>
    </extensions>
   </trkpt>
   <trkpt lat="46.5296414" lon="12.0169748">
    <ele>2468</ele>
    <time>2026-10-02T13:03:20Z</time>
    <extensions>
     <gpxdata:hr>160</gpxdata:hr>
     <gpxdata:distance>1759.50</gpxdata:distance>
     <gpxdata:speed>0.603</gpxdata:speed>
    </extensions>
   </trkpt>
   <trkpt lat="46.5296372" lon="12.0169566">
    <ele>2468</ele>
    <time>2026-10-02T13:03:21Z</time>
    <extensions>
     <gpxdata:hr>160</gpxdata:hr>
     <gpxdata:distance>1761.00</gpxdata:distance>
     <gpxdata:speed>1.206</gpxdata:speed>
    </extensions>
   </trkpt>
   <trkpt lat="46.5296331" lon="12.0169378">
    <ele>2468</ele>
    <time>2026-10-02T13:03:22Z</time>
    <extensions>
     <gpxdata:hr>160</gpxdata:hr>
     <gpxdata:distance>1762.50</gpxdata:distance>
     <gpxdata:speed>1.239</gpxdata:speed>
    </extensions>
   </trkpt>
   <trkpt lat="46.5296288" lon="12.0169192">
    <ele>2469</ele>
    <time>2026-10-02T13:03:23Z</time>
    <extensions>
     <gpxdata:hr>160</gpxdata:hr>
     <gpxdata:distance>1764.00</gpxdata:distance>
     <gpxdata:speed>1.275</gpxdata:speed>
    </extensions>
   </trkpt>
   <trkpt lat="46.5296244" lon="12.0169016">
    <ele>2469</ele>
    <time>2026-10-02T13:03:24Z</time>
    <extensions>
     <gpxdata:hr>160</gpxdata:hr>
     <gpxdata:distance>1765.50</gpxdata:distance>
     <gpxdata:speed>1.297</gpxdata:speed>
    </extensions>
   </trkpt>
   <trkpt lat="46.5296205" lon="12.0168859">
    <ele>2469</ele>
    <time>2026-10-02T13:03:25Z</time>
    <extensions>
     <gpxdata:hr>160</gpxdata:hr>
     <gpxdata:distance>1767.00</gpxdata:distance>
     <gpxdata:speed>1.319</gpxdata:speed>
    </extensions>
   </trkpt>
  </trkseg>
  <trkseg>
   <trkpt lat="46.5296182" lon="12.0168723">
    <ele>2469</ele>
    <time>2026-10-02T13:03:31Z</time>
    <extensions>
     <gpxdata:hr>159</gpxdata:hr>
     <gpxdata:distance>1767.00</gpxdata:distance>
    </extensions>
   </trkpt>
   <trkpt lat="46.5296178" lon="12.0168624">
    <ele>2469</ele>
    <time>2026-10-02T13:03:32Z</time>
    <extensions>
     <gpxdata:hr>159</gpxdata:hr>
     <gpxdata:distance>1767.00</gpxdata:distance>
    </extensions>
   </trkpt>
   <trkpt lat="46.5296177" lon="12.0168523">
    <ele>2469</ele>
    <time>2026-10-02T13:03:33Z</time>
    <extensions>
     <gpxdata:hr>159</gpxdata:hr>
     <gpxdata:distance>1767.00</gpxdata:distance>
    </extensions>
   </trkpt>
   <trkpt lat="46.5296170" lon="12.0168409">
    <ele>2469</ele>
    <time>2026-10-02T13:03:34Z</time>
    <extensions>
     <gpxdata:hr>159</gpxdata:hr>
     <gpxdata:distance>1769.00</gpxdata:distance>
    </extensions>
   </trkpt>
   <trkpt lat="46.5296149" lon="12.0168281">
    <ele>2470</ele>
    <time>2026-10-02T13:03:35Z</time>
    <extensions>
     <gpxdata:hr>159</gpxdata:hr>
     <gpxdata:distance>1771.00</gpxdata:distance>
    </extensions>
   </trkpt>
   <trkpt lat="46.5296111" lon="12.0168138">
    <ele>2470</ele>
    <time>2026-10-02T13:03:36Z</time>
    <extensions>
     <gpxdata:hr>159</gpxdata:hr>
     <gpxdata:distance>1772.50</gpxdata:distance>
    </extensions>
   </trkpt>
   <trkpt lat="46.5296066" lon="12.0167983">
    <ele>2470</ele>
    <time>2026-10-02T13:03:37Z</time>
    <extensions>
     <gpxdata:hr>159</gpxdata:hr>
     <gpxdata:distance>1774.00</gpxdata:distance>
    </extensions>
   </trkpt>
   <trkpt lat="46.5296026" lon="12.0167824">
    <ele>2470</ele>
    <time>2026-10-02T13:03:38Z</time>
    <extensions>
     <gpxdata:hr>159</gpxdata:hr>
     <gpxdata:distance>1775.00</gpxdata:distance>
     <gpxdata:speed>0.597</gpxdata:speed>
    </extensions>
   </trkpt>
   <trkpt lat="46.5295993" lon="12.0167668">
    <ele>2470</ele>
    <time>2026-10-02T13:03:39Z</time>
    <extensions>
     <gpxdata:hr>159</gpxdata:hr>
     <gpxdata:distance>1776.00</gpxdata:distance>
     <gpxdata:speed>1.197</gpxdata:speed>
    </extensions>
   </trkpt>
   <trkpt lat="46.5295962" lon="12.0167523">
    <ele>2470</ele>
    <time>2026-10-02T13:03:40Z</time>
    <extensions>
     <gpxdata:hr>159</gpxdata:hr>
     <gpxdata:distance>1777.00</gpxdata:distance>
     <gpxdata:speed>1.203</gpxdata:speed>
    </extensions>
   </trkpt>
   <trkpt lat="46.5295928" lon="12.0167391">
    <ele>2470</ele>
    <time>2026-10-02T13:03:41Z</time>
    <extensions>
     <gpxdata:hr>159</gpxdata:hr>
     <gpxdata:distance>1778.00</gpxdata:distance>
     <gpxdata:speed>1.208</gpxdata:speed>
    </extensions>
   </trkpt>
   <trkpt lat="46.5295892" lon="12.0167271">
    <ele>2470</ele>
    <time>2026-10-02T13:03:42Z</time>
    <extensions>
     <gpxdata:hr>159</gpxdata:hr>
     <gpxdata:distance>1779.00</gpxdata:distance>
     <gpxdata:speed>1.194</gpxdata:speed>
    </extensions>
   </trkpt>
   <trkpt lat="46.5295853" lon="12.0167156">
    <ele>2470</ele>
    <time>2026-10-02T13:03:43Z</time>
    <extensions>
     <gpxdata:hr>158</gpxdata:hr>
     <gpxdata:distance>1780.00</gpxdata:distance>
     <gpxdata:speed>1.183</gpxdata:speed>
    </extensions>
   </trkpt>
   <trkpt lat="46.5295811" lon="12.0167040">
    <ele>2470</ele>
    <time>2026-10-02T13:03:44Z</time>
    <extensions>
     <gpxdata:hr>158</gpxdata:hr>
     <gpxdata:distance>1781.00</gpxdata:distance>
     <gpxdata:speed>1.164</gpxdata:speed>
    </extensions>
   </trkpt>
   <trkpt lat="46.5295767" lon="12.0166920">
    <ele>2470</ele>
    <time>2026-10-02T13:03:45Z</time>
    <extensions>
     <gpxdata:hr>158</gpxdata:hr>
     <gpxdata:distance>1782.00</gpxdata:distance>
     <gpxdata:speed>1.147</gpxdata:speed>
    </extensions>
   </trkpt>
   <trkpt lat="46.5295724" lon="12.0166796">
    <ele>2470</ele>
    <time>2026-10-02T13:03:46Z</time>
    <extensions>
     <gpxdata:hr>157</gpxdata:hr>
     <gpxdata:distance>1783.00</gpxdata:distance>
     <gpxdata:speed>1.133</gpxdata:speed>
    </extensions>
   </trkpt>
   <trkpt lat="46.5295683" lon="12.0166668">
    <ele>2471</ele>
    <time>2026-10-02T13:03:47Z</time>
    <extensions>
     <gpxdata:hr>157</gpxdata:hr>
     <gpxdata:distance>1784.00</gpxdata:distance>
     <gpxdata:speed>1.119</gpxdata:speed>
    </extensions>
   </trkpt>
   <trkpt lat="46.5295644" lon="12.0166539">
    <ele>2471</ele>
    <time>2026-10-02T13:03:48Z</time>
    <extensions>
     <gpxdata:hr>156</gpxdata:hr>
     <gpxdata:distance>1785.50</gpxdata:distance>
     <gpxdata:speed>1.114</gpxdata:speed>
    </extensions>
   </trkpt>
   <trkpt lat="46.5295606" lon="12.0166409">
    <ele>2471</ele>
    <time>2026-10-02T13:03:49Z</time>
    <extensions>
     <gpxdata:hr>156</gpxdata:hr>
     <gpxdata:distance>1787.00</gpxdata:distance>
     <gpxdata:speed>1.108</gpxdata:speed>
    </extensions>
   </trkpt>
   <trkpt lat="46.5295566" lon="12.0166279">
    <ele>2471</ele>
    <time>2026-10-02T13:03:50Z</time>
    <extensions>
     <gpxdata:hr>155</gpxdata:hr>
     <gpxdata:distance>1788.00</gpxdata:distance>
     <gpxdata:speed>1.106</gpxdata:speed>
    </extensions>
   </trkpt>
   <trkpt lat="46.5295520" lon="12.0166150">
    <ele>2471</ele>
    <time>2026-10-02T13:03:51Z</time>
    <extensions>
     <gpxdata:hr>155</gpxdata:hr>
     <gpxdata:distance>1789.00</gpxdata:distance>
     <gpxdata:speed>1.103</gpxdata:speed>
    </extensions>
   </trkpt>
   <trkpt lat="46.5295472" lon="12.0166021">
    <ele>2471</ele>
    <time>2026-10-02T13:03:52Z</time>
    <extensions>
     <gpxdata:hr>155</gpxdata:hr>
     <gpxdata:distance>1790.00</gpxdata:distance>
     <gpxdata:speed>1.103</gpxdata:speed>
    </extensions>
   </trkpt>
   <trkpt lat="46.5295425" lon="12.0165892">
    <ele>2471</ele>
    <time>2026-10-02T13:03:53Z</time>
    <extensions>
     <gpxdata:hr>155</gpxdata:hr>
     <gpxdata:distance>1791.00</gpxdata:distance>
     <gpxdata:speed>1.103</gpxdata:speed>
    </extensions>
   </trkpt>
   <trkpt lat="46.5295382" lon="12.0165764">
    <ele>2471</ele>
    <time>2026-10-02T13:03:54Z</time>
    <extensions>
     <gpxdata:hr>154</gpxdata:hr>
     <gpxdata:distance>1792.00</gpxdata:distance>
     <gpxdata:speed>1.103</gpxdata:speed>
    </extensions>
   </trkpt>
   <trkpt lat="46.5295342" lon="12.0165634">
    <ele>2472</ele>
    <time>2026-10-02T13:03:55Z</time>
    <extensions>
     <gpxdata:hr>154</gpxdata:hr>
     <gpxdata:distance>1793.00</gpxdata:distance>
     <gpxdata:speed>1.103</gpxdata:speed>
    </extensions>
   </trkpt>
   <trkpt lat="46.5295303" lon="12.0165504">
    <ele>2472</ele>
    <time>2026-10-02T13:03:56Z</time>
    <extensions>
     <gpxdata:hr>153</gpxdata:hr>
     <gpxdata:distance>1794.00</gpxdata:distance>
     <gpxdata:speed>1.103</gpxdata:speed>
    </extensions>
   </trkpt>
   <trkpt lat="46.5295262" lon="12.0165372">
    <ele>2472</ele>
    <time>2026-10-02T13:03:57Z</time>
    <extensions>
     <gpxdata:hr>153</gpxdata:hr>
     <gpxdata:distance>1795.00</gpxdata:distance>
     <gpxdata:speed>1.103</gpxdata:speed>
    </extensions>
   </trkpt>
   <trkpt lat="46.5295222" lon="12.0165236">
    <ele>2472</ele>
    <time>2026-10-02T13:03:58Z</time>
    <extensions>
     <gpxdata:hr>152</gpxdata:hr>
     <gpxdata:distance>1796.50</gpxdata:distance>
     <gpxdata:speed>1.103</gpxdata:speed>
    </extensions>
   </trkpt>
   <trkpt lat="46.5295186" lon="12.0165101">
    <ele>2473</ele>
    <time>2026-10-02T13:03:59Z</time>
    <extensions>
     <gpxdata:hr>152</gpxdata:hr>
     <gpxdata:distance>1798.00</gpxdata:distance>
     <gpxdata:speed>1.103</gpxdata:speed>
    </extensions>
   </trkpt>
   <trkpt lat="46.5295155" lon="12.0164970">
    <ele>2473</ele>
    <time>2026-10-02T13:04:00Z</time>
    <extensions>
     <gpxdata:hr>151</gpxdata:hr>
     <gpxdata:distance>1799.00</gpxdata:distance>
     <gpxdata:speed>1.103</gpxdata:speed>
    </extensions>
   </trkpt>
   <trkpt lat="46.5295125" lon="12.0164849">
    <ele>2473</ele>
    <time>2026-10-02T13:04:01Z</time>
    <extensions>
     <gpxdata:hr>151</gpxdata:hr>
     <gpxdata:distance>1800.00</gpxdata:distance>
     <gpxdata:speed>1.103</gpxdata:speed>
    </extensions>
   </trkpt>
   <trkpt lat="46.5295093" lon="12.0164734">
    <ele>2473</ele>
    <time>2026-10-02T13:04:02Z</time>
    <extensions>
     <gpxdata:hr>150</gpxdata:hr>
     <gpxdata:distance>1800.50</gpxdata:distance>
     <gpxdata:speed>1.100</gpxdata:speed>
    </extensions>
   </trkpt>
   <trkpt lat="46.5295056" lon="12.0164624">
    <ele>2473</ele>
    <time>2026-10-02T13:04:03Z</time>
    <extensions>
     <gpxdata:hr>150</gpxdata:hr>
     <gpxdata:distance>1801.00</gpxdata:distance>
     <gpxdata:speed>1.100</gpxdata:speed>
    </extensions>
   </trkpt>
   <trkpt lat="46.5295007" lon="12.0164522">
    <ele>2473</ele>
    <time>2026-10-02T13:04:04Z</time>
    <extensions>
     <gpxdata:hr>149</gpxdata:hr>
     <gpxdata:distance>1802.00</gpxdata:distance>
     <gpxdata:speed>1.094</gpxdata:speed>
    </extensions>
   </trkpt>
   <trkpt lat="46.5294949" lon="12.0164436">
    <ele>2473</ele>
    <time>2026-10-02T13:04:05Z</time>
    <extensions>
     <gpxdata:hr>149</gpxdata:hr>
     <gpxdata:distance>1803.00</gpxdata:distance>
     <gpxdata:speed>1.089</gpxdata:speed>
    </extensions>
   </trkpt>
   <trkpt lat="46.5294885" lon="12.0164361">
    <ele>2473</ele>
    <time>2026-10-02T13:04:06Z</time>
    <extensions>
     <gpxdata:hr>149</gpxdata:hr>
     <gpxdata:distance>1804.00</gpxdata:distance>
     <gpxdata:speed>1.083</gpxdata:speed>
    </extensions>
   </trkpt>
  </trkseg>
  <trkseg>
   <trkpt lat="46.5294839" lon="12.0164221">
    <ele>2475</ele>
    <time>2026-10-02T13:04:40Z</time>
    <extensions>
     <gpxdata:hr>139</gpxdata:hr>
     <gpxdata:distance>1805.00</gpxdata:distance>
    </extensions>
   </trkpt>
   <trkpt lat="46.5294807" lon="12.0164118">
    <ele>2475</ele>
    <time>2026-10-02T13:04:41Z</time>
    <extensions>
     <gpxdata:hr>139</gpxdata:hr>
     <gpxdata:distance>1805.00</gpxdata:distance>
    </extensions>
   </trkpt>
   <trkpt lat="46.5294781" lon="12.0164036">
    <ele>2475</ele>
    <time>2026-10-02T13:04:42Z</time>
    <extensions>
     <gpxdata:hr>138</gpxdata:hr>
     <gpxdata:distance>1805.00</gpxdata:distance>
    </extensions>
   </trkpt>
   <trkpt lat="46.5294756" lon="12.0163963">
    <ele>2475</ele>
    <time>2026-10-02T13:04:43Z</time>
    <extensions>
     <gpxdata:hr>137</gpxdata:hr>
     <gpxdata:distance>1805.00</gpxdata:distance>
    </extensions>
   </trkpt>
   <trkpt lat="46.5294731" lon="12.0163885">
    <ele>2475</ele>
    <time>2026-10-02T13:04:44Z</time>
    <extensions>
     <gpxdata:hr>135</gpxdata:hr>
     <gpxdata:distance>1807.00</gpxdata:distance>
    </extensions>
   </trkpt>
   <trkpt lat="46.5294706" lon="12.0163797">
    <ele>2475</ele>
    <time>2026-10-02T13:04:45Z</time>
    <extensions>
     <gpxdata:hr>134</gpxdata:hr>
     <gpxdata:distance>1809.00</gpxdata:distance>
    </extensions>
   </trkpt>
   <trkpt lat="46.5294677" lon="12.0163706">
    <ele>2475</ele>
    <time>2026-10-02T13:04:46Z</time>
    <extensions>
     <gpxdata:hr>134</gpxdata:hr>
     <gpxdata:distance>1810.00</gpxdata:distance>
    </extensions>
   </trkpt>
   <trkpt lat="46.5294638" lon="12.0163622">
    <ele>2475</ele>
    <time>2026-10-02T13:04:47Z</time>
    <extensions>
     <gpxdata:hr>134</gpxdata:hr>
     <gpxdata:distance>1811.00</gpxdata:distance>
    </extensions>
   </trkpt>
   <trkpt lat="46.5294591" lon="12.0163545">
    <ele>2475</ele>
    <time>2026-10-02T13:04:48Z</time>
    <extensions>
     <gpxdata:hr>134</gpxdata:hr>
     <gpxdata:distance>1811.50</gpxdata:distance>
    </extensions>
   </trkpt>
   <trkpt lat="46.5294540" lon="12.0163475">
    <ele>2475</ele>
    <time>2026-10-02T13:04:49Z</time>
    <extensions>
     <gpxdata:hr>134</gpxdata:hr>
     <gpxdata:distance>1812.00</gpxdata:distance>
    </extensions>
   </trkpt>
   <trkpt lat="46.5294490" lon="12.0163407">
    <ele>2475</ele>
    <time>2026-10-02T13:04:50Z</time>
    <extensions>
     <gpxdata:hr>134</gpxdata:hr>
     <gpxdata:distance>1812.50</gpxdata:distance>
    </extensions>
   </trkpt>
   <trkpt lat="46.5294444" lon="12.0163343">
    <ele>2475</ele>
    <time>2026-10-02T13:04:51Z</time>
    <extensions>
     <gpxdata:hr>134</gpxdata:hr>
     <gpxdata:distance>1813.00</gpxdata:distance>
    </extensions>
   </trkpt>
   <trkpt lat="46.5294403" lon="12.0163276">
    <ele>2475</ele>
    <time>2026-10-02T13:04:52Z</time>
    <extensions>
     <gpxdata:hr>134</gpxdata:hr>
     <gpxdata:distance>1814.00</gpxdata:distance>
    </extensions>
   </trkpt>
   <trkpt lat="46.5294364" lon="12.0163203">
    <ele>2475</ele>
    <time>2026-10-02T13:04:53Z</time>
    <extensions>
     <gpxdata:hr>134</gpxdata:hr>
     <gpxdata:distance>1815.00</gpxdata:distance>
    </extensions>
   </trkpt>
   <trkpt lat="46.5294333" lon="12.0163110">
    <ele>2475</ele>
    <time>2026-10-02T13:04:54Z</time>
    <extensions>
     <gpxdata:hr>134</gpxdata:hr>
     <gpxdata:distance>1815.50</gpxdata:distance>
    </extensions>
   </trkpt>
   <trkpt lat="46.5294327" lon="12.0163084">
    <ele>2475</ele>
    <time>2026-10-02T13:04:55Z</time>
    <extensions>
     <gpxdata:hr>134</gpxdata:hr>
     <gpxdata:distance>1816.00</gpxdata:distance>
    </extensions>
   </trkpt>
   <trkpt lat="46.5294322" lon="12.0163058">
    <ele>2475</ele>
    <time>2026-10-02T13:04:56Z</time>
    <extensions>
     <gpxdata:hr>134</gpxdata:hr>
     <gpxdata:distance>1816.00</gpxdata:distance>
    </extensions>
   </trkpt>
   <trkpt lat="46.5294316" lon="12.0163032">
    <ele>2475</ele>
    <time>2026-10-02T13:04:57Z</time>
    <extensions>
     <gpxdata:hr>132</gpxdata:hr>
     <gpxdata:distance>1816.00</gpxdata:distance>
    </extensions>
   </trkpt>
   <trkpt lat="46.5294297" lon="12.0162974">
    <ele>2475</ele>
    <time>2026-10-02T13:04:58Z</time>
    <extensions>
     <gpxdata:hr>132</gpxdata:hr>
     <gpxdata:distance>1816.00</gpxdata:distance>
    </extensions>
   </trkpt>
   <trkpt lat="46.5294270" lon="12.0162919">
    <ele>2476</ele>
    <time>2026-10-02T13:04:59Z</time>
    <extensions>
     <gpxdata:hr>131</gpxdata:hr>
     <gpxdata:distance>1816.00</gpxdata:distance>
    </extensions>
   </trkpt>
   <trkpt lat="46.5294240" lon="12.0162854">
    <ele>2476</ele>
    <time>2026-10-02T13:05:00Z</time>
    <extensions>
     <gpxdata:hr>131</gpxdata:hr>
     <gpxdata:distance>1817.50</gpxdata:distance>
     <gpxdata:speed>0.353</gpxdata:speed>
    </extensions>
   </trkpt>
   <trkpt lat="46.5294209" lon="12.0162776">
    <ele>2476</ele>
    <time>2026-10-02T13:05:01Z</time>
    <extensions>
     <gpxdata:hr>131</gpxdata:hr>
     <gpxdata:distance>1819.00</gpxdata:distance>
     <gpxdata:speed>0.708</gpxdata:speed>
    </extensions>
   </trkpt>
   <trkpt lat="46.5294203" lon="12.0162761">
    <ele>2476</ele>
    <time>2026-10-02T13:05:02Z</time>
    <extensions>
     <gpxdata:hr>130</gpxdata:hr>
     <gpxdata:distance>1819.00</gpxdata:distance>
     <gpxdata:speed>0.683</gpxdata:speed>
    </extensions>
   </trkpt>
   <trkpt lat="46.5294195" lon="12.0162741">
    <ele>2476</ele>
    <time>2026-10-02T13:05:03Z</time>
    <extensions>
     <gpxdata:hr>130</gpxdata:hr>
     <gpxdata:distance>1819.00</gpxdata:distance>
     <gpxdata:speed>0.661</gpxdata:speed>
    </extensions>
   </trkpt>
   <trkpt lat="46.5294185" lon="12.0162716">
    <ele>2476</ele>
    <time>2026-10-02T13:05:04Z</time>
    <extensions>
     <gpxdata:hr>128</gpxdata:hr>
     <gpxdata:distance>1819.00</gpxdata:distance>
     <gpxdata:speed>0.656</gpxdata:speed>
    </extensions>
   </trkpt>
   <trkpt lat="46.5294173" lon="12.0162687">
    <ele>2476</ele>
    <time>2026-10-02T13:05:05Z</time>
    <extensions>
     <gpxdata:hr>127</gpxdata:hr>
     <gpxdata:distance>1819.00</gpxdata:distance>
     <gpxdata:speed>0.653</gpxdata:speed>
    </extensions>
   </trkpt>
   <trkpt lat="46.5294159" lon="12.0162652">
    <ele>2476</ele>
    <time>2026-10-02T13:05:06Z</time>
    <extensions>
     <gpxdata:hr>127</gpxdata:hr>
     <gpxdata:distance>1819.00</gpxdata:distance>
     <gpxdata:speed>0.325</gpxdata:speed>
    </extensions>
   </trkpt>
   <trkpt lat="46.5294117" lon="12.0162554">
    <ele>2476</ele>
    <time>2026-10-02T13:05:07Z</time>
    <extensions>
     <gpxdata:hr>126</gpxdata:hr>
     <gpxdata:distance>1819.00</gpxdata:distance>
    </extensions>
   </trkpt>
   <trkpt lat="46.5294083" lon="12.0162470">
    <ele>2476</ele>
    <time>2026-10-02T13:05:08Z</time>
    <extensions>
     <gpxdata:hr>126</gpxdata:hr>
     <gpxdata:distance>1819.00</gpxdata:distance>
    </extensions>
   </trkpt>
   <trkpt lat="46.5294051" lon="12.0162389">
    <ele>2476</ele>
    <time>2026-10-02T13:05:09Z</time>
    <extensions>
     <gpxdata:hr>126</gpxdata:hr>
     <gpxdata:distance>1819.00</gpxdata:distance>
    </extensions>
   </trkpt>
   <trkpt lat="46.5294024" lon="12.0162300">
    <ele>2476</ele>
    <time>2026-10-02T13:05:10Z</time>
    <extensions>
     <gpxdata:hr>126</gpxdata:hr>
     <gpxdata:distance>1821.50</gpxdata:distance>
    </extensions>
   </trkpt>
   <trkpt lat="46.5293999" lon="12.0162197">
    <ele>2477</ele>
    <time>2026-10-02T13:05:11Z</time>
    <extensions>
     <gpxdata:hr>126</gpxdata:hr>
     <gpxdata:distance>1824.00</gpxdata:distance>
    </extensions>
   </trkpt>
   <trkpt lat="46.5293972" lon="12.0162083">
    <ele>2477</ele>
    <time>2026-10-02T13:05:12Z</time>
    <extensions>
     <gpxdata:hr>126</gpxdata:hr>
     <gpxdata:distance>1825.00</gpxdata:distance>
    </extensions>
   </trkpt>
   <trkpt lat="46.5293940" lon="12.0161964">
    <ele>2477</ele>
    <time>2026-10-02T13:05:13Z</time>
    <extensions>
     <gpxdata:hr>127</gpxdata:hr>
     <gpxdata:distance>1826.00</gpxdata:distance>
    </extensions>
   </trkpt>
   <trkpt lat="46.5293905" lon="12.0161848">
    <ele>2477</ele>
    <time>2026-10-02T13:05:14Z</time>
    <extensions>
     <gpxdata:hr>127</gpxdata:hr>
     <gpxdata:distance>1827.00</gpxdata:distance>
     <gpxdata:speed>0.433</gpxdata:speed>
    </extensions>
   </trkpt>
   <trkpt lat="46.5293867" lon="12.0161734">
    <ele>2477</ele>
    <time>2026-10-02T13:05:15Z</time>
    <extensions>
     <gpxdata:hr>128</gpxdata:hr>
     <gpxdata:distance>1828.00</gpxdata:distance>
     <gpxdata:speed>0.867</gpxdata:speed>
    </extensions>
   </trkpt>
   <trkpt lat="46.5293823" lon="12.0161620">
    <ele>2477</ele>
    <time>2026-10-02T13:05:16Z</time>
    <extensions>
     <gpxdata:hr>128</gpxdata:hr>
     <gpxdata:distance>1829.00</gpxdata:distance>
     <gpxdata:speed>0.892</gpxdata:speed>
    </extensions>
   </trkpt>
   <trkpt lat="46.5293775" lon="12.0161509">
    <ele>2477</ele>
    <time>2026-10-02T13:05:17Z</time>
    <extensions>
     <gpxdata:hr>128</gpxdata:hr>
     <gpxdata:distance>1830.00</gpxdata:distance>
     <gpxdata:speed>0.917</gpxdata:speed>
    </extensions>
   </trkpt>
   <trkpt lat="46.5293728" lon="12.0161406">
    <ele>2477</ele>
    <time>2026-10-02T13:05:18Z</time>
    <extensions>
     <gpxdata:hr>128</gpxdata:hr>
     <gpxdata:distance>1830.50</gpxdata:distance>
     <gpxdata:speed>0.931</gpxdata:speed>
    </extensions>
   </trkpt>
   <trkpt lat="46.5293676" lon="12.0161307">
    <ele>2478</ele>
    <time>2026-10-02T13:05:19Z</time>
    <extensions>
     <gpxdata:hr>128</gpxdata:hr>
     <gpxdata:distance>1831.00</gpxdata:distance>
     <gpxdata:speed>0.947</gpxdata:speed>
    </extensions>
   </trkpt>
   <trkpt lat="46.5293620" lon="12.0161203">
    <ele>2478</ele>
    <time>2026-10-02T13:05:20Z</time>
    <extensions>
     <gpxdata:hr>129</gpxdata:hr>
     <gpxdata:distance>1832.50</gpxdata:distance>
     <gpxdata:speed>0.950</gpxdata:speed>
    </extensions>
   </trkpt>
   <trkpt lat="46.5293560" lon="12.0161090">
    <ele>2478</ele>
    <time>2026-10-02T13:05:21Z</time>
    <extensions>
     <gpxdata:hr>129</gpxdata:hr>
     <gpxdata:distance>1834.00</gpxdata:distance>
     <gpxdata:speed>0.956</gpxdata:speed>
    </extensions>
   </trkpt>
   <trkpt lat="46.5293501" lon="12.0160976">
    <ele>2478</ele>
    <time>2026-10-02T13:05:22Z</time>
    <extensions>
     <gpxdata:hr>129</gpxdata:hr>
     <gpxdata:distance>1835.00</gpxdata:distance>
     <gpxdata:speed>0.969</gpxdata:speed>
    </extensions>
   </trkpt>
   <trkpt lat="46.5293446" lon="12.0160864">
    <ele>2478</ele>
    <time>2026-10-02T13:05:23Z</time>
    <extensions>
     <gpxdata:hr>129</gpxdata:hr>
     <gpxdata:distance>1836.00</gpxdata:distance>
     <gpxdata:speed>0.983</gpxdata:speed>
    </extensions>
   </trkpt>
   <trkpt lat="46.5293395" lon="12.0160750">
    <ele>2478</ele>
    <time>2026-10-02T13:05:24Z</time>
    <extensions>
     <gpxdata:hr>129</gpxdata:hr>
     <gpxdata:distance>1837.00</gpxdata:distance>
     <gpxdata:speed>0.989</gpxdata:speed>
    </extensions>
   </trkpt>
   <trkpt lat="46.5293348" lon="12.0160635">
    <ele>2478</ele>
    <time>2026-10-02T13:05:25Z</time>
    <extensions>
     <gpxdata:hr>129</gpxdata:hr>
     <gpxdata:distance>1838.00</gpxdata:distance>
     <gpxdata:speed>0.994</gpxdata:speed>
    </extensions>
   </trkpt>
   <trkpt lat="46.5293303" lon="12.0160522">
    <ele>2478</ele>
    <time>2026-10-02T13:05:26Z</time>
    <extensions>
     <gpxdata:hr>129</gpxdata:hr>
     <gpxdata:distance>1839.00</gpxdata:distance>
     <gpxdata:speed>0.997</gpxdata:speed>
    </extensions>
   </trkpt>
   <trkpt lat="46.5293263" lon="12.0160416">
    <ele>2479</ele>
    <time>2026-10-02T13:05:27Z</time>
    <extensions>
     <gpxdata:hr>128</gpxdata:hr>
     <gpxdata:distance>1840.00</gpxdata:distance>
     <gpxdata:speed>1.000</gpxdata:speed>
    </extensions>
   </trkpt>
  </trkseg>
  <trkseg>
   <trkpt lat="46.5293233" lon="12.0160337">
    <ele>2481</ele>
    <time>2026-10-02T13:06:20Z</time>
    <extensions>
     <gpxdata:hr>116</gpxdata:hr>
     <gpxdata:distance>1840.00</gpxdata:distance>
    </extensions>
   </trkpt>
   <trkpt lat="46.5293203" lon="12.0160275">
    <ele>2481</ele>
    <time>2026-10-02T13:06:21Z</time>
    <extensions>
     <gpxdata:hr>116</gpxdata:hr>
     <gpxdata:distance>1840.00</gpxdata:distance>
    </extensions>
   </trkpt>
   <trkpt lat="46.5293172" lon="12.0160219">
    <ele>2481</ele>
    <time>2026-10-02T13:06:22Z</time>
    <extensions>
     <gpxdata:hr>115</gpxdata:hr>
     <gpxdata:distance>1840.00</gpxdata:distance>
    </extensions>
   </trkpt>
   <trkpt lat="46.5293138" lon="12.0160160">
    <ele>2481</ele>
    <time>2026-10-02T13:06:23Z</time>
    <extensions>
     <gpxdata:hr>114</gpxdata:hr>
     <gpxdata:distance>1840.00</gpxdata:distance>
    </extensions>
   </trkpt>
   <trkpt lat="46.5293103" lon="12.0160095">
    <ele>2481</ele>
    <time>2026-10-02T13:06:24Z</time>
    <extensions>
     <gpxdata:hr>113</gpxdata:hr>
     <gpxdata:distance>1842.00</gpxdata:distance>
    </extensions>
   </trkpt>
   <trkpt lat="46.5293065" lon="12.0160025">
    <ele>2481</ele>
    <time>2026-10-02T13:06:25Z</time>
    <extensions>
     <gpxdata:hr>113</gpxdata:hr>
     <gpxdata:distance>1844.00</gpxdata:distance>
    </extensions>
   </trkpt>
   <trkpt lat="46.5293026" lon="12.0159951">
    <ele>2481</ele>
    <time>2026-10-02T13:06:26Z</time>
    <extensions>
     <gpxdata:hr>113</gpxdata:hr>
     <gpxdata:distance>1844.50</gpxdata:distance>
     <gpxdata:speed>0.306</gpxdata:speed>
    </extensions>
   </trkpt>
   <trkpt lat="46.5292987" lon="12.0159869">
    <ele>2482</ele>
    <time>2026-10-02T13:06:27Z</time>
    <extensions>
     <gpxdata:hr>113</gpxdata:hr>
     <gpxdata:distance>1845.00</gpxdata:distance>
     <gpxdata:speed>0.614</gpxdata:speed>
    </extensions>
   </trkpt>
   <trkpt lat="46.5292945" lon="12.0159778">
    <ele>2482</ele>
    <time>2026-10-02T13:06:28Z</time>
    <extensions>
     <gpxdata:hr>114</gpxdata:hr>
     <gpxdata:distance>1846.00</gpxdata:distance>
     <gpxdata:speed>0.642</gpxdata:speed>
    </extensions>
   </trkpt>
   <trkpt lat="46.5292904" lon="12.0159683">
    <ele>2482</ele>
    <time>2026-10-02T13:06:29Z</time>
    <extensions>
     <gpxdata:hr>114</gpxdata:hr>
     <gpxdata:distance>1847.00</gpxdata:distance>
     <gpxdata:speed>0.672</gpxdata:speed>
    </extensions>
   </trkpt>
   <trkpt lat="46.5292860" lon="12.0159592">
    <ele>2482</ele>
    <time>2026-10-02T13:06:30Z</time>
    <extensions>
     <gpxdata:hr>114</gpxdata:hr>
     <gpxdata:distance>1847.50</gpxdata:distance>
     <gpxdata:speed>0.689</gpxdata:speed>
    </extensions>
   </trkpt>
   <trkpt lat="46.5292816" lon="12.0159506">
    <ele>2483</ele>
    <time>2026-10-02T13:06:31Z</time>
    <extensions>
     <gpxdata:hr>114</gpxdata:hr>
     <gpxdata:distance>1848.00</gpxdata:distance>
     <gpxdata:speed>0.708</gpxdata:speed>
    </extensions>
   </trkpt>
   <trkpt lat="46.5292774" lon="12.0159426">
    <ele>2483</ele>
    <time>2026-10-02T13:06:32Z</time>
    <extensions>
     <gpxdata:hr>116</gpxdata:hr>
     <gpxdata:distance>1849.00</gpxdata:distance>
     <gpxdata:speed>0.719</gpxdata:speed>
    </extensions>
   </trkpt>
   <trkpt lat="46.5292734" lon="12.0159356">
    <ele>2483</ele>
    <time>2026-10-02T13:06:33Z</time>
    <extensions>
     <gpxdata:hr>119</gpxdata:hr>
     <gpxdata:distance>1850.00</gpxdata:distance>
     <gpxdata:speed>0.731</gpxdata:speed>
    </extensions>
   </trkpt>
   <trkpt lat="46.5292671" lon="12.0159277">
    <ele>2483</ele>
    <time>2026-10-02T13:06:34Z</time>
    <extensions>
     <gpxdata:hr>121</gpxdata:hr>
     <gpxdata:distance>1850.00</gpxdata:distance>
     <gpxdata:speed>0.728</gpxdata:speed>
    </extensions>
   </trkpt>
   <trkpt lat="46.5292610" lon="12.0159212">
    <ele>2484</ele>
    <time>2026-10-02T13:06:35Z</time>
    <extensions>
     <gpxdata:hr>121</gpxdata:hr>
     <gpxdata:distance>1850.00</gpxdata:distance>
     <gpxdata:speed>0.728</gpxdata:speed>
    </extensions>
   </trkpt>
  </trkseg>
  <trkseg>
   <trkpt lat="46.5292533" lon="12.0159134">
    <ele>2484</ele>
    <time>2026-10-02T13:07:01Z</time>
    <extensions>
     <gpxdata:hr>123</gpxdata:hr>
     <gpxdata:distance>1852.00</gpxdata:distance>
    </extensions>
   </trkpt>
   <trkpt lat="46.5292477" lon="12.0159073">
    <ele>2484</ele>
    <time>2026-10-02T13:07:02Z</time>
    <extensions>
     <gpxdata:hr>123</gpxdata:hr>
     <gpxdata:distance>1852.00</gpxdata:distance>
    </extensions>
   </trkpt>
   <trkpt lat="46.5292429" lon="12.0159016">
    <ele>2484</ele>
    <time>2026-10-02T13:07:03Z</time>
    <extensions>
     <gpxdata:hr>122</gpxdata:hr>
     <gpxdata:distance>1852.00</gpxdata:distance>
    </extensions>
   </trkpt>
   <trkpt lat="46.5292378" lon="12.0158953">
    <ele>2484</ele>
    <time>2026-10-02T13:07:04Z</time>
    <extensions>
     <gpxdata:hr>122</gpxdata:hr>
     <gpxdata:distance>1854.00</gpxdata:distance>
    </extensions>
   </trkpt>
   <trkpt lat="46.5292319" lon="12.0158874">
    <ele>2484</ele>
    <time>2026-10-02T13:07:05Z</time>
    <extensions>
     <gpxdata:hr>122</gpxdata:hr>
     <gpxdata:distance>1856.00</gpxdata:distance>
    </extensions>
   </trkpt>
   <trkpt lat="46.5292251" lon="12.0158773">
    <ele>2484</ele>
    <time>2026-10-02T13:07:06Z</time>
    <extensions>
     <gpxdata:hr>121</gpxdata:hr>
     <gpxdata:distance>1857.50</gpxdata:distance>
    </extensions>
   </trkpt>
   <trkpt lat="46.5292181" lon="12.0158660">
    <ele>2484</ele>
    <time>2026-10-02T13:07:07Z</time>
    <extensions>
     <gpxdata:hr>121</gpxdata:hr>
     <gpxdata:distance>1859.00</gpxdata:distance>
    </extensions>
   </trkpt>
   <trkpt lat="46.5292112" lon="12.0158539">
    <ele>2484</ele>
    <time>2026-10-02T13:07:08Z</time>
    <extensions>
     <gpxdata:hr>121</gpxdata:hr>
     <gpxdata:distance>1860.00</gpxdata:distance>
    </extensions>
   </trkpt>
   <trkpt lat="46.5292040" lon="12.0158414">
    <ele>2484</ele>
    <time>2026-10-02T13:07:09Z</time>
    <extensions>
     <gpxdata:hr>121</gpxdata:hr>
     <gpxdata:distance>1861.00</gpxdata:distance>
    </extensions>
   </trkpt>
   <trkpt lat="46.5291962" lon="12.0158285">
    <ele>2484</ele>
    <time>2026-10-02T13:07:10Z</time>
    <extensions>
     <gpxdata:hr>122</gpxdata:hr>
     <gpxdata:distance>1862.50</gpxdata:distance>
    </extensions>
   </trkpt>
   <trkpt lat="46.5291880" lon="12.0158154">
    <ele>2485</ele>
    <time>2026-10-02T13:07:11Z</time>
    <extensions>
     <gpxdata:hr>122</gpxdata:hr>
     <gpxdata:distance>1864.00</gpxdata:distance>
    </extensions>
   </trkpt>
   <trkpt lat="46.5291797" lon="12.0158028">
    <ele>2485</ele>
    <time>2026-10-02T13:07:12Z</time>
    <extensions>
     <gpxdata:hr>123</gpxdata:hr>
     <gpxdata:distance>1865.00</gpxdata:distance>
     <gpxdata:speed>0.653</gpxdata:speed>
    </extensions>
   </trkpt>
   <trkpt lat="46.5291722" lon="12.0157912">
    <ele>2485</ele>
    <time>2026-10-02T13:07:13Z</time>
    <extensions>
     <gpxdata:hr>123</gpxdata:hr>
     <gpxdata:distance>1866.00</gpxdata:distance>
     <gpxdata:speed>1.306</gpxdata:speed>
    </extensions>
   </trkpt>
  </trkseg>
  <trkseg>
   <trkpt lat="46.5291650" lon="12.0157807">
    <ele>2487</ele>
    <time>2026-10-02T13:07:24Z</time>
    <extensions>
     <gpxdata:hr>128</gpxdata:hr>
     <gpxdata:distance>1867.00</gpxdata:distance>
    </extensions>
   </trkpt>
   <trkpt lat="46.5291602" lon="12.0157754">
    <ele>2487</ele>
    <time>2026-10-02T13:07:25Z</time>
    <extensions>
     <gpxdata:hr>128</gpxdata:hr>
     <gpxdata:distance>1867.00</gpxdata:distance>
    </extensions>
   </trkpt>
   <trkpt lat="46.5291557" lon="12.0157721">
    <ele>2487</ele>
    <time>2026-10-02T13:07:26Z</time>
    <extensions>
     <gpxdata:hr>128</gpxdata:hr>
     <gpxdata:distance>1867.00</gpxdata:distance>
    </extensions>
   </trkpt>
   <trkpt lat="46.5291507" lon="12.0157692">
    <ele>2487</ele>
    <time>2026-10-02T13:07:27Z</time>
    <extensions>
     <gpxdata:hr>128</gpxdata:hr>
     <gpxdata:distance>1867.00</gpxdata:distance>
    </extensions>
   </trkpt>
   <trkpt lat="46.5291451" lon="12.0157655">
    <ele>2487</ele>
    <time>2026-10-02T13:07:28Z</time>
    <extensions>
     <gpxdata:hr>129</gpxdata:hr>
     <gpxdata:distance>1868.50</gpxdata:distance>
    </extensions>
   </trkpt>
   <trkpt lat="46.5291395" lon="12.0157607">
    <ele>2487</ele>
    <time>2026-10-02T13:07:29Z</time>
    <extensions>
     <gpxdata:hr>129</gpxdata:hr>
     <gpxdata:distance>1870.00</gpxdata:distance>
    </extensions>
   </trkpt>
  </trkseg>
  <trkseg>
   <trkpt lat="46.5291305" lon="12.0157535">
    <ele>2488</ele>
    <time>2026-10-02T13:07:36Z</time>
    <extensions>
     <gpxdata:hr>133</gpxdata:hr>
     <gpxdata:distance>1871.00</gpxdata:distance>
    </extensions>
   </trkpt>
   <trkpt lat="46.5291233" lon="12.0157477">
    <ele>2488</ele>
    <time>2026-10-02T13:07:37Z</time>
    <extensions>
     <gpxdata:hr>134</gpxdata:hr>
     <gpxdata:distance>1871.00</gpxdata:distance>
    </extensions>
   </trkpt>
   <trkpt lat="46.5291166" lon="12.0157420">
    <ele>2488</ele>
    <time>2026-10-02T13:07:38Z</time>
    <extensions>
     <gpxdata:hr>135</gpxdata:hr>
     <gpxdata:distance>1871.00</gpxdata:distance>
    </extensions>
   </trkpt>
   <trkpt lat="46.5291097" lon="12.0157358">
    <ele>2488</ele>
    <time>2026-10-02T13:07:39Z</time>
    <extensions>
     <gpxdata:hr>136</gpxdata:hr>
     <gpxdata:distance>1871.00</gpxdata:distance>
    </extensions>
   </trkpt>
   <trkpt lat="46.5291025" lon="12.0157286">
    <ele>2488</ele>
    <time>2026-10-02T13:07:40Z</time>
    <extensions>
     <gpxdata:hr>136</gpxdata:hr>
     <gpxdata:distance>1873.50</gpxdata:distance>
    </extensions>
   </trkpt>
   <trkpt lat="46.5290949" lon="12.0157211">
    <ele>2488</ele>
    <time>2026-10-02T13:07:41Z</time>
    <extensions>
     <gpxdata:hr>137</gpxdata:hr>
     <gpxdata:distance>1876.00</gpxdata:distance>
    </extensions>
   </trkpt>
   <trkpt lat="46.5290866" lon="12.0157137">
    <ele>2488</ele>
    <time>2026-10-02T13:07:42Z</time>
    <extensions>
     <gpxdata:hr>137</gpxdata:hr>
     <gpxdata:distance>1877.00</gpxdata:distance>
    </extensions>
   </trkpt>
   <trkpt lat="46.5290774" lon="12.0157064">
    <ele>2488</ele>
    <time>2026-10-02T13:07:43Z</time>
    <extensions>
     <gpxdata:hr>137</gpxdata:hr>
     <gpxdata:distance>1878.00</gpxdata:distance>
    </extensions>
   </trkpt>
   <trkpt lat="46.5290678" lon="12.0156990">
    <ele>2488</ele>
    <time>2026-10-02T13:07:44Z</time>
    <extensions>
     <gpxdata:hr>137</gpxdata:hr>
     <gpxdata:distance>1879.50</gpxdata:distance>
    </extensions>
   </trkpt>
   <trkpt lat="46.5290587" lon="12.0156909">
    <ele>2488</ele>
    <time>2026-10-02T13:07:45Z</time>
    <extensions>
     <gpxdata:hr>137</gpxdata:hr>
     <gpxdata:distance>1881.00</gpxdata:distance>
    </extensions>
   </trkpt>
   <trkpt lat="46.5290503" lon="12.0156828">
    <ele>2488</ele>
    <time>2026-10-02T13:07:46Z</time>
    <extensions>
     <gpxdata:hr>137</gpxdata:hr>
     <gpxdata:distance>1882.00</gpxdata:distance>
    </extensions>
   </trkpt>
   <trkpt lat="46.5290423" lon="12.0156756">
    <ele>2488</ele>
    <time>2026-10-02T13:07:47Z</time>
    <extensions>
     <gpxdata:hr>137</gpxdata:hr>
     <gpxdata:distance>1883.00</gpxdata:distance>
    </extensions>
   </trkpt>
   <trkpt lat="46.5290336" lon="12.0156714">
    <ele>2488</ele>
    <time>2026-10-02T13:07:48Z</time>
    <extensions>
     <gpxdata:hr>137</gpxdata:hr>
     <gpxdata:distance>1883.50</gpxdata:distance>
    </extensions>
   </trkpt>
   <trkpt lat="46.5290266" lon="12.0156717">
    <ele>2488</ele>
    <time>2026-10-02T13:07:49Z</time>
    <extensions>
     <gpxdata:hr>137</gpxdata:hr>
     <gpxdata:distance>1884.00</gpxdata:distance>
    </extensions>
   </trkpt>
   <trkpt lat="46.5290203" lon="12.0156747">
    <ele>2488</ele>
    <time>2026-10-02T13:07:50Z</time>
    <extensions>
     <gpxdata:hr>137</gpxdata:hr>
     <gpxdata:distance>1884.50</gpxdata:distance>
    </extensions>
   </trkpt>
   <trkpt lat="46.5290147" lon="12.0156793">
    <ele>2488</ele>
    <time>2026-10-02T13:07:51Z</time>
    <extensions>
     <gpxdata:hr>137</gpxdata:hr>
     <gpxdata:distance>1885.00</gpxdata:distance>
    </extensions>
   </trkpt>
  </trkseg>
  <trkseg>
   <trkpt lat="46.5290097" lon="12.0156846">
    <ele>2487</ele>
    <time>2026-10-02T13:08:20Z</time>
    <extensions>
     <gpxdata:hr>117</gpxdata:hr>
     <gpxdata:distance>1887.00</gpxdata:distance>
    </extensions>
   </trkpt>
   <trkpt lat="46.5290055" lon="12.0156893">
    <ele>2487</ele>
    <time>2026-10-02T13:08:21Z</time>
    <extensions>
     <gpxdata:hr>117</gpxdata:hr>
     <gpxdata:distance>1887.00</gpxdata:distance>
    </extensions>
   </trkpt>
   <trkpt lat="46.5290012" lon="12.0156944">
    <ele>2487</ele>
    <time>2026-10-02T13:08:22Z</time>
    <extensions>
     <gpxdata:hr>117</gpxdata:hr>
     <gpxdata:distance>1887.00</gpxdata:distance>
    </extensions>
   </trkpt>
   <trkpt lat="46.5289962" lon="12.0157006">
    <ele>2487</ele>
    <time>2026-10-02T13:08:23Z</time>
    <extensions>
     <gpxdata:hr>116</gpxdata:hr>
     <gpxdata:distance>1887.00</gpxdata:distance>
    </extensions>
   </trkpt>
   <trkpt lat="46.5289904" lon="12.0157083">
    <ele>2487</ele>
    <time>2026-10-02T13:08:24Z</time>
    <extensions>
     <gpxdata:hr>116</gpxdata:hr>
     <gpxdata:distance>1889.00</gpxdata:distance>
    </extensions>
   </trkpt>
   <trkpt lat="46.5289842" lon="12.0157172">
    <ele>2487</ele>
    <time>2026-10-02T13:08:25Z</time>
    <extensions>
     <gpxdata:hr>116</gpxdata:hr>
     <gpxdata:distance>1891.00</gpxdata:distance>
    </extensions>
   </trkpt>
   <trkpt lat="46.5289777" lon="12.0157270">
    <ele>2487</ele>
    <time>2026-10-02T13:08:26Z</time>
    <extensions>
     <gpxdata:hr>116</gpxdata:hr>
     <gpxdata:distance>1892.00</gpxdata:distance>
    </extensions>
   </trkpt>
   <trkpt lat="46.5289711" lon="12.0157374">
    <ele>2487</ele>
    <time>2026-10-02T13:08:27Z</time>
    <extensions>
     <gpxdata:hr>116</gpxdata:hr>
     <gpxdata:distance>1893.00</gpxdata:distance>
    </extensions>
   </trkpt>
   <trkpt lat="46.5289647" lon="12.0157478">
    <ele>2486</ele>
    <time>2026-10-02T13:08:28Z</time>
    <extensions>
     <gpxdata:hr>116</gpxdata:hr>
     <gpxdata:distance>1894.00</gpxdata:distance>
     <gpxdata:speed>0.464</gpxdata:speed>
    </extensions>
   </trkpt>
   <trkpt lat="46.5289591" lon="12.0157597">
    <ele>2486</ele>
    <time>2026-10-02T13:08:29Z</time>
    <extensions>
     <gpxdata:hr>117</gpxdata:hr>
     <gpxdata:distance>1895.00</gpxdata:distance>
     <gpxdata:speed>0.928</gpxdata:speed>
    </extensions>
   </trkpt>
  </trkseg>
  <trkseg>
   <trkpt lat="46.5289574" lon="12.0157684">
    <ele>2487</ele>
    <time>2026-10-02T13:09:07Z</time>
    <extensions>
     <gpxdata:hr>104</gpxdata:hr>
     <gpxdata:distance>1895.00</gpxdata:distance>
    </extensions>
   </trkpt>
   <trkpt lat="46.5289570" lon="12.0157719">
    <ele>2487</ele>
    <time>2026-10-02T13:09:08Z</time>
    <extensions>
     <gpxdata:hr>102</gpxdata:hr>
     <gpxdata:distance>1895.00</gpxdata:distance>
    </extensions>
   </trkpt>
   <trkpt lat="46.5289579" lon="12.0157720">
    <ele>2487</ele>
    <time>2026-10-02T13:09:09Z</time>
    <extensions>
     <gpxdata:hr>101</gpxdata:hr>
     <gpxdata:distance>1895.00</gpxdata:distance>
    </extensions>
   </trkpt>
   <trkpt lat="46.5289598" lon="12.0157693">
    <ele>2487</ele>
    <time>2026-10-02T13:09:10Z</time>
    <extensions>
     <gpxdata:hr>100</gpxdata:hr>
     <gpxdata:distance>1895.50</gpxdata:distance>
    </extensions>
   </trkpt>
   <trkpt lat="46.5289629" lon="12.0157644">
    <ele>2487</ele>
    <time>2026-10-02T13:09:11Z</time>
    <extensions>
     <gpxdata:hr>100</gpxdata:hr>
     <gpxdata:distance>1896.00</gpxdata:distance>
    </extensions>
   </trkpt>
   <trkpt lat="46.5289671" lon="12.0157577">
    <ele>2487</ele>
    <time>2026-10-02T13:09:12Z</time>
    <extensions>
     <gpxdata:hr>100</gpxdata:hr>
     <gpxdata:distance>1897.00</gpxdata:distance>
     <gpxdata:speed>0.372</gpxdata:speed>
    </extensions>
   </trkpt>
   <trkpt lat="46.5289716" lon="12.0157496">
    <ele>2487</ele>
    <time>2026-10-02T13:09:13Z</time>
    <extensions>
     <gpxdata:hr>100</gpxdata:hr>
     <gpxdata:distance>1898.00</gpxdata:distance>
     <gpxdata:speed>0.747</gpxdata:speed>
    </extensions>
   </trkpt>
   <trkpt lat="46.5289762" lon="12.0157408">
    <ele>2487</ele>
    <time>2026-10-02T13:09:14Z</time>
    <extensions>
     <gpxdata:hr>100</gpxdata:hr>
     <gpxdata:distance>1899.00</gpxdata:distance>
     <gpxdata:speed>0.761</gpxdata:speed>
    </extensions>
   </trkpt>
   <trkpt lat="46.5289807" lon="12.0157315">
    <ele>2487</ele>
    <time>2026-10-02T13:09:15Z</time>
    <extensions>
     <gpxdata:hr>100</gpxdata:hr>
     <gpxdata:distance>1900.00</gpxdata:distance>
     <gpxdata:speed>0.778</gpxdata:speed>
    </extensions>
   </trkpt>
   <trkpt lat="46.5289853" lon="12.0157223">
    <ele>2487</ele>
    <time>2026-10-02T13:09:16Z</time>
    <extensions>
     <gpxdata:hr>100</gpxdata:hr>
     <gpxdata:distance>1900.50</gpxdata:distance>
     <gpxdata:speed>0.783</gpxdata:speed>
    </extensions>
   </trkpt>
   <trkpt lat="46.5289898" lon="12.0157134">
    <ele>2487</ele>
    <time>2026-10-02T13:09:17Z</time>
    <extensions>
     <gpxdata:hr>101</gpxdata:hr>
     <gpxdata:distance>1901.00</gpxdata:distance>
     <gpxdata:speed>0.792</gpxdata:speed>
    </extensions>
   </trkpt>
   <trkpt lat="46.5289946" lon="12.0157045">
    <ele>2487</ele>
    <time>2026-10-02T13:09:18Z</time>
    <extensions>
     <gpxdata:hr>102</gpxdata:hr>
     <gpxdata:distance>1902.00</gpxdata:distance>
     <gpxdata:speed>0.794</gpxdata:speed>
    </extensions>
   </trkpt>
   <trkpt lat="46.5289999" lon="12.0156959">
    <ele>2487</ele>
    <time>2026-10-02T13:09:19Z</time>
    <extensions>
     <gpxdata:hr>102</gpxdata:hr>
     <gpxdata:distance>1903.00</gpxdata:distance>
     <gpxdata:speed>0.800</gpxdata:speed>
    </extensions>
   </trkpt>
   <trkpt lat="46.5290052" lon="12.0156875">
    <ele>2487</ele>
    <time>2026-10-02T13:09:20Z</time>
    <extensions>
     <gpxdata:hr>103</gpxdata:hr>
     <gpxdata:distance>1904.00</gpxdata:distance>
     <gpxdata:speed>0.822</gpxdata:speed>
    </extensions>
   </trkpt>
   <trkpt lat="46.5290103" lon="12.0156790">
    <ele>2487</ele>
    <time>2026-10-02T13:09:21Z</time>
    <extensions>
     <gpxdata:hr>103</gpxdata:hr>
     <gpxdata:distance>1905.00</gpxdata:distance>
     <gpxdata:speed>0.847</gpxdata:speed>
    </extensions>
   </trkpt>
   <trkpt lat="46.5290156" lon="12.0156708">
    <ele>2487</ele>
    <time>2026-10-02T13:09:22Z</time>
    <extensions>
     <gpxdata:hr>103</gpxdata:hr>
     <gpxdata:distance>1905.50</gpxdata:distance>
     <gpxdata:speed>0.856</gpxdata:speed>
    </extensions>
   </trkpt>
   <trkpt lat="46.5290207" lon="12.0156636">
    <ele>2488</ele>
    <time>2026-10-02T13:09:23Z</time>
    <extensions>
     <gpxdata:hr>104</gpxdata:hr>
     <gpxdata:distance>1906.00</gpxdata:distance>
     <gpxdata:speed>0.864</gpxdata:speed>
    </extensions>
   </trkpt>
  </trkseg>
  <trkseg>
   <trkpt lat="46.5290285" lon="12.0156573">
    <ele>2489</ele>
    <time>2026-10-02T13:09:37Z</time>
    <extensions>
     <gpxdata:hr>109</gpxdata:hr>
     <gpxdata:distance>1907.00</gpxdata:distance>
    </extensions>
   </trkpt>
   <trkpt lat="46.5290340" lon="12.0156529">
    <ele>2489</ele>
    <time>2026-10-02T13:09:38Z</time>
    <extensions>
     <gpxdata:hr>109</gpxdata:hr>
     <gpxdata:distance>1907.00</gpxdata:distance>
    </extensions>
   </trkpt>
   <trkpt lat="46.5290387" lon="12.0156491">
    <ele>2489</ele>
    <time>2026-10-02T13:09:39Z</time>
    <extensions>
     <gpxdata:hr>110</gpxdata:hr>
     <gpxdata:distance>1907.00</gpxdata:distance>
    </extensions>
   </trkpt>
   <trkpt lat="46.5290432" lon="12.0156463">
    <ele>2489</ele>
    <time>2026-10-02T13:09:40Z</time>
    <extensions>
     <gpxdata:hr>110</gpxdata:hr>
     <gpxdata:distance>1908.50</gpxdata:distance>
    </extensions>
   </trkpt>
  </trkseg>
  <trkseg>
   <trkpt lat="46.5290566" lon="12.0156398">
    <ele>2490</ele>
    <time>2026-10-02T13:10:05Z</time>
    <extensions>
     <gpxdata:hr>102</gpxdata:hr>
     <gpxdata:distance>1910.00</gpxdata:distance>
    </extensions>
   </trkpt>
  </trkseg>
  <trkseg>
   <trkpt lat="46.5290678" lon="12.0156356">
    <ele>2491</ele>
    <time>2026-10-02T13:11:07Z</time>
    <extensions>
     <gpxdata:hr>101</gpxdata:hr>
     <gpxdata:distance>1913.00</gpxdata:distance>
    </extensions>
   </trkpt>
   <trkpt lat="46.5290760" lon="12.0156333">
    <ele>2491</ele>
    <time>2026-10-02T13:11:08Z</time>
    <extensions>
     <gpxdata:hr>100</gpxdata:hr>
     <gpxdata:distance>1913.00</gpxdata:distance>
    </extensions>
   </trkpt>
   <trkpt lat="46.5290826" lon="12.0156319">
    <ele>2491</ele>
    <time>2026-10-02T13:11:09Z</time>
    <extensions>
     <gpxdata:hr>100</gpxdata:hr>
     <gpxdata:distance>1913.00</gpxdata:distance>
    </extensions>
   </trkpt>
   <trkpt lat="46.5290887" lon="12.0156309">
    <ele>2491</ele>
    <time>2026-10-02T13:11:10Z</time>
    <extensions>
     <gpxdata:hr>100</gpxdata:hr>
     <gpxdata:distance>1914.50</gpxdata:distance>
    </extensions>
   </trkpt>
   <trkpt lat="46.5290911" lon="12.0156291">
    <ele>2491</ele>
    <time>2026-10-02T13:11:11Z</time>
    <extensions>
     <gpxdata:hr>99</gpxdata:hr>
     <gpxdata:distance>1916.00</gpxdata:distance>
    </extensions>
   </trkpt>
   <trkpt lat="46.5290934" lon="12.0156274">
    <ele>2491</ele>
    <time>2026-10-02T13:11:12Z</time>
    <extensions>
     <gpxdata:hr>99</gpxdata:hr>
     <gpxdata:distance>1916.00</gpxdata:distance>
    </extensions>
   </trkpt>
   <trkpt lat="46.5290958" lon="12.0156256">
    <ele>2491</ele>
    <time>2026-10-02T13:11:13Z</time>
    <extensions>
     <gpxdata:hr>98</gpxdata:hr>
     <gpxdata:distance>1916.00</gpxdata:distance>
    </extensions>
   </trkpt>
   <trkpt lat="46.5291025" lon="12.0156187">
    <ele>2491</ele>
    <time>2026-10-02T13:11:14Z</time>
    <extensions>
     <gpxdata:hr>98</gpxdata:hr>
     <gpxdata:distance>1916.00</gpxdata:distance>
    </extensions>
   </trkpt>
   <trkpt lat="46.5291090" lon="12.0156112">
    <ele>2491</ele>
    <time>2026-10-02T13:11:15Z</time>
    <extensions>
     <gpxdata:hr>98</gpxdata:hr>
     <gpxdata:distance>1916.00</gpxdata:distance>
    </extensions>
   </trkpt>
   <trkpt lat="46.5291160" lon="12.0156045">
    <ele>2491</ele>
    <time>2026-10-02T13:11:16Z</time>
    <extensions>
     <gpxdata:hr>99</gpxdata:hr>
     <gpxdata:distance>1917.50</gpxdata:distance>
    </extensions>
   </trkpt>
   <trkpt lat="46.5291235" lon="12.0155984">
    <ele>2491</ele>
    <time>2026-10-02T13:11:17Z</time>
    <extensions>
     <gpxdata:hr>99</gpxdata:hr>
     <gpxdata:distance>1919.00</gpxdata:distance>
    </extensions>
   </trkpt>
   <trkpt lat="46.5291315" lon="12.0155927">
    <ele>2491</ele>
    <time>2026-10-02T13:11:18Z</time>
    <extensions>
     <gpxdata:hr>99</gpxdata:hr>
     <gpxdata:distance>1920.00</gpxdata:distance>
    </extensions>
   </trkpt>
   <trkpt lat="46.5291400" lon="12.0155869">
    <ele>2492</ele>
    <time>2026-10-02T13:11:19Z</time>
    <extensions>
     <gpxdata:hr>99</gpxdata:hr>
     <gpxdata:distance>1921.00</gpxdata:distance>
    </extensions>
   </trkpt>
   <trkpt lat="46.5291487" lon="12.0155808">
    <ele>2492</ele>
    <time>2026-10-02T13:11:20Z</time>
    <extensions>
     <gpxdata:hr>100</gpxdata:hr>
     <gpxdata:distance>1922.50</gpxdata:distance>
    </extensions>
   </trkpt>
   <trkpt lat="46.5291573" lon="12.0155736">
    <ele>2492</ele>
    <time>2026-10-02T13:11:21Z</time>
    <extensions>
     <gpxdata:hr>99</gpxdata:hr>
     <gpxdata:distance>1924.00</gpxdata:distance>
    </extensions>
   </trkpt>
   <trkpt lat="46.5291658" lon="12.0155657">
    <ele>2492</ele>
    <time>2026-10-02T13:11:22Z</time>
    <extensions>
     <gpxdata:hr>99</gpxdata:hr>
     <gpxdata:distance>1925.00</gpxdata:distance>
    </extensions>
   </trkpt>
   <trkpt lat="46.5291740" lon="12.0155573">
    <ele>2492</ele>
    <time>2026-10-02T13:11:23Z</time>
    <extensions>
     <gpxdata:hr>100</gpxdata:hr>
     <gpxdata:distance>1926.00</gpxdata:distance>
    </extensions>
   </trkpt>
   <trkpt lat="46.5291819" lon="12.0155488">
    <ele>2492</ele>
    <time>2026-10-02T13:11:24Z</time>
    <extensions>
     <gpxdata:hr>100</gpxdata:hr>
     <gpxdata:distance>1927.00</gpxdata:distance>
    </extensions>
   </trkpt>
   <trkpt lat="46.5291895" lon="12.0155405">
    <ele>2492</ele>
    <time>2026-10-02T13:11:25Z</time>
    <extensions>
     <gpxdata:hr>100</gpxdata:hr>
     <gpxdata:distance>1928.00</gpxdata:distance>
    </extensions>
   </trkpt>
   <trkpt lat="46.5291966" lon="12.0155326">
    <ele>2492</ele>
    <time>2026-10-02T13:11:26Z</time>
    <extensions>
     <gpxdata:hr>100</gpxdata:hr>
     <gpxdata:distance>1929.00</gpxdata:distance>
    </extensions>
   </trkpt>
   <trkpt lat="46.5292038" lon="12.0155252">
    <ele>2493</ele>
    <time>2026-10-02T13:11:27Z</time>
    <extensions>
     <gpxdata:hr>100</gpxdata:hr>
     <gpxdata:distance>1930.00</gpxdata:distance>
    </extensions>
   </trkpt>
   <trkpt lat="46.5292111" lon="12.0155180">
    <ele>2493</ele>
    <time>2026-10-02T13:11:28Z</time>
    <extensions>
     <gpxdata:hr>101</gpxdata:hr>
     <gpxdata:distance>1931.00</gpxdata:distance>
    </extensions>
   </trkpt>
   <trkpt lat="46.5292185" lon="12.0155113">
    <ele>2493</ele>
    <time>2026-10-02T13:11:29Z</time>
    <extensions>
     <gpxdata:hr>102</gpxdata:hr>
     <gpxdata:distance>1932.00</gpxdata:distance>
    </extensions>
   </trkpt>
   <trkpt lat="46.5292258" lon="12.0155053">
    <ele>2493</ele>
    <time>2026-10-02T13:11:30Z</time>
    <extensions>
     <gpxdata:hr>102</gpxdata:hr>
     <gpxdata:distance>1932.50</gpxdata:distance>
     <gpxdata:speed>0.433</gpxdata:speed>
    </extensions>
   </trkpt>
   <trkpt lat="46.5292334" lon="12.0154995">
    <ele>2493</ele>
    <time>2026-10-02T13:11:31Z</time>
    <extensions>
     <gpxdata:hr>101</gpxdata:hr>
     <gpxdata:distance>1933.00</gpxdata:distance>
     <gpxdata:speed>0.869</gpxdata:speed>
    </extensions>
   </trkpt>
   <trkpt lat="46.5292413" lon="12.0154937">
    <ele>2493</ele>
    <time>2026-10-02T13:11:32Z</time>
    <extensions>
     <gpxdata:hr>101</gpxdata:hr>
     <gpxdata:distance>1934.50</gpxdata:distance>
     <gpxdata:speed>0.900</gpxdata:speed>
    </extensions>
   </trkpt>
   <trkpt lat="46.5292496" lon="12.0154881">
    <ele>2493</ele>
    <time>2026-10-02T13:11:33Z</time>
    <extensions>
     <gpxdata:hr>102</gpxdata:hr>
     <gpxdata:distance>1936.00</gpxdata:distance>
     <gpxdata:speed>0.931</gpxdata:speed>
    </extensions>
   </trkpt>
   <trkpt lat="46.5292578" lon="12.0154836">
    <ele>2493</ele>
    <time>2026-10-02T13:11:34Z</time>
    <extensions>
     <gpxdata:hr>102</gpxdata:hr>
     <gpxdata:distance>1936.50</gpxdata:distance>
     <gpxdata:speed>0.947</gpxdata:speed>
    </extensions>
   </trkpt>
   <trkpt lat="46.5292656" lon="12.0154807">
    <ele>2493</ele>
    <time>2026-10-02T13:11:35Z</time>
    <extensions>
     <gpxdata:hr>102</gpxdata:hr>
     <gpxdata:distance>1937.00</gpxdata:distance>
     <gpxdata:speed>0.967</gpxdata:speed>
    </extensions>
   </trkpt>
   <trkpt lat="46.5292730" lon="12.0154782">
    <ele>2493</ele>
    <time>2026-10-02T13:11:36Z</time>
    <extensions>
     <gpxdata:hr>103</gpxdata:hr>
     <gpxdata:distance>1938.00</gpxdata:distance>
     <gpxdata:speed>0.936</gpxdata:speed>
    </extensions>
   </trkpt>
   <trkpt lat="46.5292800" lon="12.0154753">
    <ele>2493</ele>
    <time>2026-10-02T13:11:37Z</time>
    <extensions>
     <gpxdata:hr>103</gpxdata:hr>
     <gpxdata:distance>1939.00</gpxdata:distance>
     <gpxdata:speed>0.906</gpxdata:speed>
    </extensions>
   </trkpt>
   <trkpt lat="46.5292867" lon="12.0154719">
    <ele>2493</ele>
    <time>2026-10-02T13:11:38Z</time>
    <extensions>
     <gpxdata:hr>105</gpxdata:hr>
     <gpxdata:distance>1939.50</gpxdata:distance>
     <gpxdata:speed>0.897</gpxdata:speed>
    </extensions>
   </trkpt>
   <trkpt lat="46.5292933" lon="12.0154682">
    <ele>2493</ele>
    <time>2026-10-02T13:11:39Z</time>
    <extensions>
     <gpxdata:hr>105</gpxdata:hr>
     <gpxdata:distance>1940.00</gpxdata:distance>
     <gpxdata:speed>0.889</gpxdata:speed>
    </extensions>
   </trkpt>
   <trkpt lat="46.5292999" lon="12.0154647">
    <ele>2493</ele>
    <time>2026-10-02T13:11:40Z</time>
    <extensions>
     <gpxdata:hr>106</gpxdata:hr>
     <gpxdata:distance>1941.00</gpxdata:distance>
     <gpxdata:speed>0.886</gpxdata:speed>
    </extensions>
   </trkpt>
   <trkpt lat="46.5293066" lon="12.0154618">
    <ele>2493</ele>
    <time>2026-10-02T13:11:41Z</time>
    <extensions>
     <gpxdata:hr>106</gpxdata:hr>
     <gpxdata:distance>1942.00</gpxdata:distance>
     <gpxdata:speed>0.883</gpxdata:speed>
    </extensions>
   </trkpt>
   <trkpt lat="46.5293131" lon="12.0154596">
    <ele>2493</ele>
    <time>2026-10-02T13:11:42Z</time>
    <extensions>
     <gpxdata:hr>106</gpxdata:hr>
     <gpxdata:distance>1942.50</gpxdata:distance>
     <gpxdata:speed>0.883</gpxdata:speed>
    </extensions>
   </trkpt>
   <trkpt lat="46.5293194" lon="12.0154572">
    <ele>2493</ele>
    <time>2026-10-02T13:11:43Z</time>
    <extensions>
     <gpxdata:hr>107</gpxdata:hr>
     <gpxdata:distance>1943.00</gpxdata:distance>
     <gpxdata:speed>0.883</gpxdata:speed>
    </extensions>
   </trkpt>
   <trkpt lat="46.5293249" lon="12.0154531">
    <ele>2493</ele>
    <time>2026-10-02T13:11:44Z</time>
    <extensions>
     <gpxdata:hr>106</gpxdata:hr>
     <gpxdata:distance>1944.00</gpxdata:distance>
     <gpxdata:speed>0.881</gpxdata:speed>
    </extensions>
   </trkpt>
   <trkpt lat="46.5293296" lon="12.0154479">
    <ele>2493</ele>
    <time>2026-10-02T13:11:45Z</time>
    <extensions>
     <gpxdata:hr>106</gpxdata:hr>
     <gpxdata:distance>1945.00</gpxdata:distance>
     <gpxdata:speed>0.881</gpxdata:speed>
    </extensions>
   </trkpt>
   <trkpt lat="46.5293346" lon="12.0154422">
    <ele>2493</ele>
    <time>2026-10-02T13:11:46Z</time>
    <extensions>
     <gpxdata:hr>106</gpxdata:hr>
     <gpxdata:distance>1945.50</gpxdata:distance>
     <gpxdata:speed>0.878</gpxdata:speed>
    </extensions>
   </trkpt>
   <trkpt lat="46.5293401" lon="12.0154372">
    <ele>2493</ele>
    <time>2026-10-02T13:11:47Z</time>
    <extensions>
     <gpxdata:hr>106</gpxdata:hr>
     <gpxdata:distance>1946.00</gpxdata:distance>
     <gpxdata:speed>0.875</gpxdata:speed>
    </extensions>
   </trkpt>
   <trkpt lat="46.5293464" lon="12.0154332">
    <ele>2493</ele>
    <time>2026-10-02T13:11:48Z</time>
    <extensions>
     <gpxdata:hr>105</gpxdata:hr>
     <gpxdata:distance>1947.00</gpxdata:distance>
     <gpxdata:speed>0.872</gpxdata:speed>
    </extensions>
   </trkpt>
   <trkpt lat="46.5293529" lon="12.0154309">
    <ele>2493</ele>
    <time>2026-10-02T13:11:49Z</time>
    <extensions>
     <gpxdata:hr>104</gpxdata:hr>
     <gpxdata:distance>1948.00</gpxdata:distance>
     <gpxdata:speed>0.872</gpxdata:speed>
    </extensions>
   </trkpt>
   <trkpt lat="46.5293595" lon="12.0154305">
    <ele>2493</ele>
    <time>2026-10-02T13:11:50Z</time>
    <extensions>
     <gpxdata:hr>104</gpxdata:hr>
     <gpxdata:distance>1948.50</gpxdata:distance>
     <gpxdata:speed>0.872</gpxdata:speed>
    </extensions>
   </trkpt>
   <trkpt lat="46.5293668" lon="12.0154315">
    <ele>2493</ele>
    <time>2026-10-02T13:11:51Z</time>
    <extensions>
     <gpxdata:hr>105</gpxdata:hr>
     <gpxdata:distance>1949.00</gpxdata:distance>
     <gpxdata:speed>0.872</gpxdata:speed>
    </extensions>
   </trkpt>
   <trkpt lat="46.5293746" lon="12.0154333">
    <ele>2493</ele>
    <time>2026-10-02T13:11:52Z</time>
    <extensions>
     <gpxdata:hr>105</gpxdata:hr>
     <gpxdata:distance>1950.00</gpxdata:distance>
     <gpxdata:speed>0.872</gpxdata:speed>
    </extensions>
   </trkpt>
   <trkpt lat="46.5293830" lon="12.0154352">
    <ele>2493</ele>
    <time>2026-10-02T13:11:53Z</time>
    <extensions>
     <gpxdata:hr>104</gpxdata:hr>
     <gpxdata:distance>1951.00</gpxdata:distance>
     <gpxdata:speed>0.872</gpxdata:speed>
    </extensions>
   </trkpt>
   <trkpt lat="46.5293915" lon="12.0154364">
    <ele>2493</ele>
    <time>2026-10-02T13:11:54Z</time>
    <extensions>
     <gpxdata:hr>104</gpxdata:hr>
     <gpxdata:distance>1952.00</gpxdata:distance>
     <gpxdata:speed>0.872</gpxdata:speed>
    </extensions>
   </trkpt>
   <trkpt lat="46.5294004" lon="12.0154366">
    <ele>2494</ele>
    <time>2026-10-02T13:11:55Z</time>
    <extensions>
     <gpxdata:hr>104</gpxdata:hr>
     <gpxdata:distance>1953.00</gpxdata:distance>
     <gpxdata:speed>0.872</gpxdata:speed>
    </extensions>
   </trkpt>
   <trkpt lat="46.5294092" lon="12.0154360">
    <ele>2494</ele>
    <time>2026-10-02T13:11:56Z</time>
    <extensions>
     <gpxdata:hr>104</gpxdata:hr>
     <gpxdata:distance>1954.00</gpxdata:distance>
     <gpxdata:speed>0.875</gpxdata:speed>
    </extensions>
   </trkpt>
   <trkpt lat="46.5294173" lon="12.0154347">
    <ele>2494</ele>
    <time>2026-10-02T13:11:57Z</time>
    <extensions>
     <gpxdata:hr>104</gpxdata:hr>
     <gpxdata:distance>1955.00</gpxdata:distance>
     <gpxdata:speed>0.881</gpxdata:speed>
    </extensions>
   </trkpt>
   <trkpt lat="46.5294247" lon="12.0154327">
    <ele>2494</ele>
    <time>2026-10-02T13:11:58Z</time>
    <extensions>
     <gpxdata:hr>104</gpxdata:hr>
     <gpxdata:distance>1956.00</gpxdata:distance>
     <gpxdata:speed>0.875</gpxdata:speed>
    </extensions>
   </trkpt>
   <trkpt lat="46.5294322" lon="12.0154301">
    <ele>2494</ele>
    <time>2026-10-02T13:11:59Z</time>
    <extensions>
     <gpxdata:hr>104</gpxdata:hr>
     <gpxdata:distance>1957.00</gpxdata:distance>
     <gpxdata:speed>0.869</gpxdata:speed>
    </extensions>
   </trkpt>
   <trkpt lat="46.5294400" lon="12.0154269">
    <ele>2494</ele>
    <time>2026-10-02T13:12:00Z</time>
    <extensions>
     <gpxdata:hr>104</gpxdata:hr>
     <gpxdata:distance>1958.00</gpxdata:distance>
     <gpxdata:speed>0.864</gpxdata:speed>
    </extensions>
   </trkpt>
   <trkpt lat="46.5294476" lon="12.0154235">
    <ele>2494</ele>
    <time>2026-10-02T13:12:01Z</time>
    <extensions>
     <gpxdata:hr>105</gpxdata:hr>
     <gpxdata:distance>1959.00</gpxdata:distance>
     <gpxdata:speed>0.861</gpxdata:speed>
    </extensions>
   </trkpt>
   <trkpt lat="46.5294547" lon="12.0154203">
    <ele>2494</ele>
    <time>2026-10-02T13:12:02Z</time>
    <extensions>
     <gpxdata:hr>105</gpxdata:hr>
     <gpxdata:distance>1959.50</gpxdata:distance>
     <gpxdata:speed>0.858</gpxdata:speed>
    </extensions>
   </trkpt>
   <trkpt lat="46.5294613" lon="12.0154165">
    <ele>2495</ele>
    <time>2026-10-02T13:12:03Z</time>
    <extensions>
     <gpxdata:hr>105</gpxdata:hr>
     <gpxdata:distance>1960.00</gpxdata:distance>
     <gpxdata:speed>0.856</gpxdata:speed>
    </extensions>
   </trkpt>
   <trkpt lat="46.5294671" lon="12.0154119">
    <ele>2495</ele>
    <time>2026-10-02T13:12:04Z</time>
    <extensions>
     <gpxdata:hr>105</gpxdata:hr>
     <gpxdata:distance>1960.50</gpxdata:distance>
     <gpxdata:speed>0.856</gpxdata:speed>
    </extensions>
   </trkpt>
   <trkpt lat="46.5294716" lon="12.0154063">
    <ele>2495</ele>
    <time>2026-10-02T13:12:05Z</time>
    <extensions>
     <gpxdata:hr>106</gpxdata:hr>
     <gpxdata:distance>1961.00</gpxdata:distance>
     <gpxdata:speed>0.856</gpxdata:speed>
    </extensions>
   </trkpt>
   <trkpt lat="46.5294736" lon="12.0153989">
    <ele>2495</ele>
    <time>2026-10-02T13:12:06Z</time>
    <extensions>
     <gpxdata:hr>106</gpxdata:hr>
     <gpxdata:distance>1962.00</gpxdata:distance>
     <gpxdata:speed>0.850</gpxdata:speed>
    </extensions>
   </trkpt>
   <trkpt lat="46.5294737" lon="12.0153897">
    <ele>2496</ele>
    <time>2026-10-02T13:12:07Z</time>
    <extensions>
     <gpxdata:hr>106</gpxdata:hr>
     <gpxdata:distance>1963.00</gpxdata:distance>
     <gpxdata:speed>0.844</gpxdata:speed>
    </extensions>
   </trkpt>
   <trkpt lat="46.5294730" lon="12.0153797">
    <ele>2496</ele>
    <time>2026-10-02T13:12:08Z</time>
    <extensions>
     <gpxdata:hr>106</gpxdata:hr>
     <gpxdata:distance>1964.00</gpxdata:distance>
     <gpxdata:speed>0.839</gpxdata:speed>
    </extensions>
   </trkpt>
   <trkpt lat="46.5294719" lon="12.0153692">
    <ele>2496</ele>
    <time>2026-10-02T13:12:09Z</time>
    <extensions>
     <gpxdata:hr>106</gpxdata:hr>
     <gpxdata:distance>1965.00</gpxdata:distance>
     <gpxdata:speed>0.836</gpxdata:speed>
    </extensions>
   </trkpt>
   <trkpt lat="46.5294711" lon="12.0153588">
    <ele>2496</ele>
    <time>2026-10-02T13:12:10Z</time>
    <extensions>
     <gpxdata:hr>106</gpxdata:hr>
     <gpxdata:distance>1965.50</gpxdata:distance>
     <gpxdata:speed>0.833</gpxdata:speed>
    </extensions>
   </trkpt>
   <trkpt lat="46.5294714" lon="12.0153487">
    <ele>2497</ele>
    <time>2026-10-02T13:12:11Z</time>
    <extensions>
     <gpxdata:hr>106</gpxdata:hr>
     <gpxdata:distance>1966.00</gpxdata:distance>
     <gpxdata:speed>0.833</gpxdata:speed>
    </extensions>
   </trkpt>
   <trkpt lat="46.5294730" lon="12.0153394">
    <ele>2497</ele>
    <time>2026-10-02T13:12:12Z</time>
    <extensions>
     <gpxdata:hr>106</gpxdata:hr>
     <gpxdata:distance>1966.50</gpxdata:distance>
     <gpxdata:speed>0.831</gpxdata:speed>
    </extensions>
   </trkpt>
   <trkpt lat="46.5294756" lon="12.0153310">
    <ele>2497</ele>
    <time>2026-10-02T13:12:13Z</time>
    <extensions>
     <gpxdata:hr>106</gpxdata:hr>
     <gpxdata:distance>1967.00</gpxdata:distance>
     <gpxdata:speed>0.828</gpxdata:speed>
    </extensions>
   </trkpt>
   <trkpt lat="46.5294790" lon="12.0153238">
    <ele>2497</ele>
    <time>2026-10-02T13:12:14Z</time>
    <extensions>
     <gpxdata:hr>107</gpxdata:hr>
     <gpxdata:distance>1968.00</gpxdata:distance>
     <gpxdata:speed>0.825</gpxdata:speed>
    </extensions>
   </trkpt>
   <trkpt lat="46.5294831" lon="12.0153171">
    <ele>2498</ele>
    <time>2026-10-02T13:12:15Z</time>
    <extensions>
     <gpxdata:hr>107</gpxdata:hr>
     <gpxdata:distance>1969.00</gpxdata:distance>
     <gpxdata:speed>0.822</gpxdata:speed>
    </extensions>
   </trkpt>
   <trkpt lat="46.5294874" lon="12.0153106">
    <ele>2498</ele>
    <time>2026-10-02T13:12:16Z</time>
    <extensions>
     <gpxdata:hr>107</gpxdata:hr>
     <gpxdata:distance>1969.50</gpxdata:distance>
     <gpxdata:speed>0.819</gpxdata:speed>
    </extensions>
   </trkpt>
   <trkpt lat="46.5294920" lon="12.0153045">
    <ele>2498</ele>
    <time>2026-10-02T13:12:17Z</time>
    <extensions>
     <gpxdata:hr>107</gpxdata:hr>
     <gpxdata:distance>1970.00</gpxdata:distance>
     <gpxdata:speed>0.817</gpxdata:speed>
    </extensions>
   </trkpt>
   <trkpt lat="46.5294967" lon="12.0152982">
    <ele>2498</ele>
    <time>2026-10-02T13:12:18Z</time>
    <extensions>
     <gpxdata:hr>107</gpxdata:hr>
     <gpxdata:distance>1971.00</gpxdata:distance>
     <gpxdata:speed>0.814</gpxdata:speed>
    </extensions>
   </trkpt>
   <trkpt lat="46.5295011" lon="12.0152920">
    <ele>2499</ele>
    <time>2026-10-02T13:12:19Z</time>
    <extensions>
     <gpxdata:hr>107</gpxdata:hr>
     <gpxdata:distance>1972.00</gpxdata:distance>
     <gpxdata:speed>0.811</gpxdata:speed>
    </extensions>
   </trkpt>
   <trkpt lat="46.5295047" lon="12.0152857">
    <ele>2499</ele>
    <time>2026-10-02T13:12:20Z</time>
    <extensions>
     <gpxdata:hr>107</gpxdata:hr>
     <gpxdata:distance>1972.50</gpxdata:distance>
     <gpxdata:speed>0.806</gpxdata:speed>
    </extensions>
   </trkpt>
   <trkpt lat="46.5295071" lon="12.0152785">
    <ele>2499</ele>
    <time>2026-10-02T13:12:21Z</time>
    <extensions>
     <gpxdata:hr>107</gpxdata:hr>
     <gpxdata:distance>1973.00</gpxdata:distance>
     <gpxdata:speed>0.803</gpxdata:speed>
    </extensions>
   </trkpt>
   <trkpt lat="46.5295088" lon="12.0152706">
    <ele>2499</ele>
    <time>2026-10-02T13:12:22Z</time>
    <extensions>
     <gpxdata:hr>106</gpxdata:hr>
     <gpxdata:distance>1973.50</gpxdata:distance>
     <gpxdata:speed>0.800</gpxdata:speed>
    </extensions>
   </trkpt>
   <trkpt lat="46.5295106" lon="12.0152596">
    <ele>2500</ele>
    <time>2026-10-02T13:12:23Z</time>
    <extensions>
     <gpxdata:hr>106</gpxdata:hr>
     <gpxdata:distance>1974.00</gpxdata:distance>
     <gpxdata:speed>0.797</gpxdata:speed>
    </extensions>
   </trkpt>
   <trkpt lat="46.5295122" lon="12.0152496">
    <ele>2500</ele>
    <time>2026-10-02T13:12:24Z</time>
    <extensions>
     <gpxdata:hr>106</gpxdata:hr>
     <gpxdata:distance>1974.50</gpxdata:distance>
     <gpxdata:speed>0.794</gpxdata:speed>
    </extensions>
   </trkpt>
   <trkpt lat="46.5295138" lon="12.0152405">
    <ele>2500</ele>
    <time>2026-10-02T13:12:25Z</time>
    <extensions>
     <gpxdata:hr>105</gpxdata:hr>
     <gpxdata:distance>1975.00</gpxdata:distance>
     <gpxdata:speed>0.792</gpxdata:speed>
    </extensions>
   </trkpt>
   <trkpt lat="46.5295157" lon="12.0152316">
    <ele>2500</ele>
    <time>2026-10-02T13:12:26Z</time>
    <extensions>
     <gpxdata:hr>105</gpxdata:hr>
     <gpxdata:distance>1975.50</gpxdata:distance>
     <gpxdata:speed>0.786</gpxdata:speed>
    </extensions>
   </trkpt>
   <trkpt lat="46.5295167" lon="12.0152278">
    <ele>2501</ele>
    <time>2026-10-02T13:12:27Z</time>
    <extensions>
     <gpxdata:hr>105</gpxdata:hr>
     <gpxdata:distance>1976.00</gpxdata:distance>
     <gpxdata:speed>0.783</gpxdata:speed>
    </extensions>
   </trkpt>
   <trkpt lat="46.5295177" lon="12.0152241">
    <ele>2501</ele>
    <time>2026-10-02T13:12:28Z</time>
    <extensions>
     <gpxdata:hr>105</gpxdata:hr>
     <gpxdata:distance>1976.50</gpxdata:distance>
     <gpxdata:speed>0.781</gpxdata:speed>
    </extensions>
   </trkpt>
   <trkpt lat="46.5295187" lon="12.0152203">
    <ele>2501</ele>
    <time>2026-10-02T13:12:29Z</time>
    <extensions>
     <gpxdata:hr>105</gpxdata:hr>
     <gpxdata:distance>1977.00</gpxdata:distance>
     <gpxdata:speed>0.778</gpxdata:speed>
    </extensions>
   </trkpt>
   <trkpt lat="46.5295217" lon="12.0152108">
    <ele>2501</ele>
    <time>2026-10-02T13:12:30Z</time>
    <extensions>
     <gpxdata:hr>104</gpxdata:hr>
     <gpxdata:distance>1978.00</gpxdata:distance>
     <gpxdata:speed>0.775</gpxdata:speed>
    </extensions>
   </trkpt>
   <trkpt lat="46.5295244" lon="12.0152023">
    <ele>2502</ele>
    <time>2026-10-02T13:12:31Z</time>
    <extensions>
     <gpxdata:hr>104</gpxdata:hr>
     <gpxdata:distance>1979.00</gpxdata:distance>
     <gpxdata:speed>0.772</gpxdata:speed>
    </extensions>
   </trkpt>
   <trkpt lat="46.5295266" lon="12.0151939">
    <ele>2502</ele>
    <time>2026-10-02T13:12:32Z</time>
    <extensions>
     <gpxdata:hr>103</gpxdata:hr>
     <gpxdata:distance>1979.50</gpxdata:distance>
     <gpxdata:speed>0.769</gpxdata:speed>
    </extensions>
   </trkpt>
   <trkpt lat="46.5295289" lon="12.0151836">
    <ele>2502</ele>
    <time>2026-10-02T13:12:33Z</time>
    <extensions>
     <gpxdata:hr>103</gpxdata:hr>
     <gpxdata:distance>1980.00</gpxdata:distance>
     <gpxdata:speed>0.767</gpxdata:speed>
    </extensions>
   </trkpt>
   <trkpt lat="46.5295311" lon="12.0151745">
    <ele>2502</ele>
    <time>2026-10-02T13:12:34Z</time>
    <extensions>
     <gpxdata:hr>102</gpxdata:hr>
     <gpxdata:distance>1980.50</gpxdata:distance>
     <gpxdata:speed>0.764</gpxdata:speed>
    </extensions>
   </trkpt>
   <trkpt lat="46.5295332" lon="12.0151661">
    <ele>2502</ele>
    <time>2026-10-02T13:12:35Z</time>
    <extensions>
     <gpxdata:hr>102</gpxdata:hr>
     <gpxdata:distance>1981.00</gpxdata:distance>
     <gpxdata:speed>0.761</gpxdata:speed>
    </extensions>
   </trkpt>
   <trkpt lat="46.5295343" lon="12.0151627">
    <ele>2502</ele>
    <time>2026-10-02T13:12:36Z</time>
    <extensions>
     <gpxdata:hr>101</gpxdata:hr>
     <gpxdata:distance>1982.00</gpxdata:distance>
     <gpxdata:speed>0.756</gpxdata:speed>
    </extensions>
   </trkpt>
   <trkpt lat="46.5295353" lon="12.0151593">
    <ele>2502</ele>
    <time>2026-10-02T13:12:37Z</time>
    <extensions>
     <gpxdata:hr>101</gpxdata:hr>
     <gpxdata:distance>1983.00</gpxdata:distance>
     <gpxdata:speed>0.753</gpxdata:speed>
    </extensions>
   </trkpt>
   <trkpt lat="46.5295364" lon="12.0151559">
    <ele>2502</ele>
    <time>2026-10-02T13:12:38Z</time>
    <extensions>
     <gpxdata:hr>101</gpxdata:hr>
     <gpxdata:distance>1983.50</gpxdata:distance>
     <gpxdata:speed>0.750</gpxdata:speed>
    </extensions>
   </trkpt>
   <trkpt lat="46.5295393" lon="12.0151462">
    <ele>2503</ele>
    <time>2026-10-02T13:12:39Z</time>
    <extensions>
     <gpxdata:hr>100</gpxdata:hr>
     <gpxdata:distance>1984.00</gpxdata:distance>
     <gpxdata:speed>0.747</gpxdata:speed>
    </extensions>
   </trkpt>
   <trkpt lat="46.5295420" lon="12.0151362">
    <ele>2503</ele>
    <time>2026-10-02T13:12:40Z</time>
    <extensions>
     <gpxdata:hr>100</gpxdata:hr>
     <gpxdata:distance>1984.50</gpxdata:distance>
     <gpxdata:speed>0.744</gpxdata:speed>
    </extensions>
   </trkpt>
   <trkpt lat="46.5295448" lon="12.0151256">
    <ele>2503</ele>
    <time>2026-10-02T13:12:41Z</time>
    <extensions>
     <gpxdata:hr>100</gpxdata:hr>
     <gpxdata:distance>1985.00</gpxdata:distance>
     <gpxdata:speed>0.742</gpxdata:speed>
    </extensions>
   </trkpt>
   <trkpt lat="46.5295475" lon="12.0151153">
    <ele>2503</ele>
    <time>2026-10-02T13:12:42Z</time>
    <extensions>
     <gpxdata:hr>100</gpxdata:hr>
     <gpxdata:distance>1986.00</gpxdata:distance>
     <gpxdata:speed>0.742</gpxdata:speed>
    </extensions>
   </trkpt>
   <trkpt lat="46.5295498" lon="12.0151057">
    <ele>2504</ele>
    <time>2026-10-02T13:12:43Z</time>
    <extensions>
     <gpxdata:hr>100</gpxdata:hr>
     <gpxdata:distance>1987.00</gpxdata:distance>
     <gpxdata:speed>0.742</gpxdata:speed>
    </extensions>
   </trkpt>
   <trkpt lat="46.5295520" lon="12.0150965">
    <ele>2504</ele>
    <time>2026-10-02T13:12:44Z</time>
    <extensions>
     <gpxdata:hr>100</gpxdata:hr>
     <gpxdata:distance>1987.50</gpxdata:distance>
     <gpxdata:speed>0.739</gpxdata:speed>
    </extensions>
   </trkpt>
   <trkpt lat="46.5295543" lon="12.0150871">
    <ele>2504</ele>
    <time>2026-10-02T13:12:45Z</time>
    <extensions>
     <gpxdata:hr>100</gpxdata:hr>
     <gpxdata:distance>1988.00</gpxdata:distance>
     <gpxdata:speed>0.739</gpxdata:speed>
    </extensions>
   </trkpt>
  </trkseg>
  <trkseg>
   <trkpt lat="46.5295550" lon="12.0150688">
    <ele>2506</ele>
    <time>2026-10-02T13:12:51Z</time>
    <extensions>
     <gpxdata:hr>100</gpxdata:hr>
     <gpxdata:distance>1989.00</gpxdata:distance>
     <gpxdata:speed>0.725</gpxdata:speed>
    </extensions>
   </trkpt>
   <trkpt lat="46.5295545" lon="12.0150542">
    <ele>2506</ele>
    <time>2026-10-02T13:12:52Z</time>
    <extensions>
     <gpxdata:hr>99</gpxdata:hr>
     <gpxdata:distance>1989.00</gpxdata:distance>
     <gpxdata:speed>0.725</gpxdata:speed>
    </extensions>
   </trkpt>
   <trkpt lat="46.5295534" lon="12.0150416">
    <ele>2506</ele>
    <time>2026-10-02T13:12:53Z</time>
    <extensions>
     <gpxdata:hr>99</gpxdata:hr>
     <gpxdata:distance>1989.00</gpxdata:distance>
     <gpxdata:speed>0.725</gpxdata:speed>
    </extensions>
   </trkpt>
   <trkpt lat="46.5295521" lon="12.0150299">
    <ele>2506</ele>
    <time>2026-10-02T13:12:54Z</time>
    <extensions>
     <gpxdata:hr>99</gpxdata:hr>
     <gpxdata:distance>1991.50</gpxdata:distance>
     <gpxdata:speed>0.714</gpxdata:speed>
    </extensions>
   </trkpt>
   <trkpt lat="46.5295510" lon="12.0150185">
    <ele>2506</ele>
    <time>2026-10-02T13:12:55Z</time>
    <extensions>
     <gpxdata:hr>99</gpxdata:hr>
     <gpxdata:distance>1994.00</gpxdata:distance>
     <gpxdata:speed>0.706</gpxdata:speed>
    </extensions>
   </trkpt>
   <trkpt lat="46.5295508" lon="12.0150071">
    <ele>2506</ele>
    <time>2026-10-02T13:12:56Z</time>
    <extensions>
     <gpxdata:hr>98</gpxdata:hr>
     <gpxdata:distance>1995.00</gpxdata:distance>
     <gpxdata:speed>0.672</gpxdata:speed>
    </extensions>
   </trkpt>
   <trkpt lat="46.5295513" lon="12.0149963">
    <ele>2506</ele>
    <time>2026-10-02T13:12:57Z</time>
    <extensions>
     <gpxdata:hr>98</gpxdata:hr>
     <gpxdata:distance>1996.00</gpxdata:distance>
     <gpxdata:speed>0.639</gpxdata:speed>
    </extensions>
   </trkpt>
  </trkseg>
  <trkseg>
   <trkpt lat="46.5295530" lon="12.0149750">
    <ele>2509</ele>
    <time>2026-10-02T13:13:19Z</time>
    <extensions>
     <gpxdata:hr>145</gpxdata:hr>
     <gpxdata:distance>1996.00</gpxdata:distance>
    </extensions>
   </trkpt>
   <trkpt lat="46.5295554" lon="12.0149612">
    <ele>2509</ele>
    <time>2026-10-02T13:13:20Z</time>
    <extensions>
     <gpxdata:hr>146</gpxdata:hr>
     <gpxdata:distance>1996.00</gpxdata:distance>
    </extensions>
   </trkpt>
   <trkpt lat="46.5295586" lon="12.0149528">
    <ele>2509</ele>
    <time>2026-10-02T13:13:21Z</time>
    <extensions>
     <gpxdata:hr>146</gpxdata:hr>
     <gpxdata:distance>1996.00</gpxdata:distance>
    </extensions>
   </trkpt>
   <trkpt lat="46.5295628" lon="12.0149483">
    <ele>2509</ele>
    <time>2026-10-02T13:13:22Z</time>
    <extensions>
     <gpxdata:hr>147</gpxdata:hr>
     <gpxdata:distance>1998.00</gpxdata:distance>
    </extensions>
   </trkpt>
   <trkpt lat="46.5295694" lon="12.0149478">
    <ele>2509</ele>
    <time>2026-10-02T13:13:23Z</time>
    <extensions>
     <gpxdata:hr>147</gpxdata:hr>
     <gpxdata:distance>2000.00</gpxdata:distance>
    </extensions>
   </trkpt>
  </trkseg>
  <trkseg>
   <trkpt lat="46.5295788" lon="12.0149487">
    <ele>2512</ele>
    <time>2026-10-02T13:14:21Z</time>
    <extensions>
     <gpxdata:hr>119</gpxdata:hr>
     <gpxdata:distance>2001.00</gpxdata:distance>
    </extensions>
   </trkpt>
   <trkpt lat="46.5295857" lon="12.0149466">
    <ele>2512</ele>
    <time>2026-10-02T13:14:22Z</time>
    <extensions>
     <gpxdata:hr>118</gpxdata:hr>
     <gpxdata:distance>2001.00</gpxdata:distance>
    </extensions>
   </trkpt>
   <trkpt lat="46.5295914" lon="12.0149423">
    <ele>2512</ele>
    <time>2026-10-02T13:14:23Z</time>
    <extensions>
     <gpxdata:hr>118</gpxdata:hr>
     <gpxdata:distance>2001.00</gpxdata:distance>
    </extensions>
   </trkpt>
   <trkpt lat="46.5295962" lon="12.0149363">
    <ele>2512</ele>
    <time>2026-10-02T13:14:24Z</time>
    <extensions>
     <gpxdata:hr>118</gpxdata:hr>
     <gpxdata:distance>2003.00</gpxdata:distance>
    </extensions>
   </trkpt>
  </trkseg>
  <trkseg>
   <trkpt lat="46.5295993" lon="12.0149274">
    <ele>2513</ele>
    <time>2026-10-02T13:14:34Z</time>
    <extensions>
     <gpxdata:hr>112</gpxdata:hr>
     <gpxdata:distance>2005.00</gpxdata:distance>
    </extensions>
   </trkpt>
   <trkpt lat="46.5296019" lon="12.0149204">
    <ele>2513</ele>
    <time>2026-10-02T13:14:35Z</time>
    <extensions>
     <gpxdata:hr>111</gpxdata:hr>
     <gpxdata:distance>2005.00</gpxdata:distance>
    </extensions>
   </trkpt>
   <trkpt lat="46.5296048" lon="12.0149150">
    <ele>2513</ele>
    <time>2026-10-02T13:14:36Z</time>
    <extensions>
     <gpxdata:hr>110</gpxdata:hr>
     <gpxdata:distance>2005.00</gpxdata:distance>
    </extensions>
   </trkpt>
   <trkpt lat="46.5296081" lon="12.0149107">
    <ele>2513</ele>
    <time>2026-10-02T13:14:37Z</time>
    <extensions>
     <gpxdata:hr>109</gpxdata:hr>
     <gpxdata:distance>2005.00</gpxdata:distance>
    </extensions>
   </trkpt>
   <trkpt lat="46.5296121" lon="12.0149075">
    <ele>2513</ele>
    <time>2026-10-02T13:14:38Z</time>
    <extensions>
     <gpxdata:hr>109</gpxdata:hr>
     <gpxdata:distance>2006.00</gpxdata:distance>
    </extensions>
   </trkpt>
  </trkseg>
  <trkseg>
   <trkpt lat="46.5296231" lon="12.0148943">
    <ele>2513</ele>
    <time>2026-10-02T13:14:45Z</time>
    <extensions>
     <gpxdata:hr>120</gpxdata:hr>
     <gpxdata:distance>2007.00</gpxdata:distance>
    </extensions>
   </trkpt>
  </trkseg>
  <trkseg>
   <trkpt lat="46.5296353" lon="12.0148709">
    <ele>2516</ele>
    <time>2026-10-02T13:15:28Z</time>
    <extensions>
     <gpxdata:hr>124</gpxdata:hr>
     <gpxdata:distance>2010.00</gpxdata:distance>
    </extensions>
   </trkpt>
   <trkpt lat="46.5296431" lon="12.0148535">
    <ele>2516</ele>
    <time>2026-10-02T13:15:29Z</time>
    <extensions>
     <gpxdata:hr>123</gpxdata:hr>
     <gpxdata:distance>2010.00</gpxdata:distance>
    </extensions>
   </trkpt>
   <trkpt lat="46.5296481" lon="12.0148397">
    <ele>2516</ele>
    <time>2026-10-02T13:15:30Z</time>
    <extensions>
     <gpxdata:hr>123</gpxdata:hr>
     <gpxdata:distance>2010.00</gpxdata:distance>
    </extensions>
   </trkpt>
   <trkpt lat="46.5296513" lon="12.0148280">
    <ele>2516</ele>
    <time>2026-10-02T13:15:31Z</time>
    <extensions>
     <gpxdata:hr>123</gpxdata:hr>
     <gpxdata:distance>2010.00</gpxdata:distance>
    </extensions>
   </trkpt>
   <trkpt lat="46.5296534" lon="12.0148173">
    <ele>2516</ele>
    <time>2026-10-02T13:15:32Z</time>
    <extensions>
     <gpxdata:hr>122</gpxdata:hr>
     <gpxdata:distance>2011.50</gpxdata:distance>
    </extensions>
   </trkpt>
   <trkpt lat="46.5296544" lon="12.0148070">
    <ele>2516</ele>
    <time>2026-10-02T13:15:33Z</time>
    <extensions>
     <gpxdata:hr>122</gpxdata:hr>
     <gpxdata:distance>2013.00</gpxdata:distance>
    </extensions>
   </trkpt>
  </trkseg>
  <trkseg>
   <trkpt lat="46.5296527" lon="12.0147928">
    <ele>2517</ele>
    <time>2026-10-02T13:16:04Z</time>
    <extensions>
     <gpxdata:hr>108</gpxdata:hr>
     <gpxdata:distance>2017.00</gpxdata:distance>
    </extensions>
   </trkpt>
   <trkpt lat="46.5296513" lon="12.0147822">
    <ele>2517</ele>
    <time>2026-10-02T13:16:05Z</time>
    <extensions>
     <gpxdata:hr>107</gpxdata:hr>
     <gpxdata:distance>2017.00</gpxdata:distance>
    </extensions>
   </trkpt>
   <trkpt lat="46.5296500" lon="12.0147732">
    <ele>2517</ele>
    <time>2026-10-02T13:16:06Z</time>
    <extensions>
     <gpxdata:hr>107</gpxdata:hr>
     <gpxdata:distance>2017.00</gpxdata:distance>
    </extensions>
   </trkpt>
   <trkpt lat="46.5296487" lon="12.0147648">
    <ele>2518</ele>
    <time>2026-10-02T13:16:07Z</time>
    <extensions>
     <gpxdata:hr>106</gpxdata:hr>
     <gpxdata:distance>2017.00</gpxdata:distance>
    </extensions>
   </trkpt>
   <trkpt lat="46.5296472" lon="12.0147565">
    <ele>2518</ele>
    <time>2026-10-02T13:16:08Z</time>
    <extensions>
     <gpxdata:hr>106</gpxdata:hr>
     <gpxdata:distance>2019.00</gpxdata:distance>
    </extensions>
   </trkpt>
   <trkpt lat="46.5296452" lon="12.0147479">
    <ele>2518</ele>
    <time>2026-10-02T13:16:09Z</time>
    <extensions>
     <gpxdata:hr>105</gpxdata:hr>
     <gpxdata:distance>2021.00</gpxdata:distance>
    </extensions>
   </trkpt>
   <trkpt lat="46.5296419" lon="12.0147372">
    <ele>2518</ele>
    <time>2026-10-02T13:16:10Z</time>
    <extensions>
     <gpxdata:hr>105</gpxdata:hr>
     <gpxdata:distance>2021.00</gpxdata:distance>
    </extensions>
   </trkpt>
   <trkpt lat="46.5296386" lon="12.0147275">
    <ele>2518</ele>
    <time>2026-10-02T13:16:11Z</time>
    <extensions>
     <gpxdata:hr>104</gpxdata:hr>
     <gpxdata:distance>2021.00</gpxdata:distance>
    </extensions>
   </trkpt>
   <trkpt lat="46.5296359" lon="12.0147186">
    <ele>2518</ele>
    <time>2026-10-02T13:16:12Z</time>
    <extensions>
     <gpxdata:hr>104</gpxdata:hr>
     <gpxdata:distance>2022.00</gpxdata:distance>
     <gpxdata:speed>0.314</gpxdata:speed>
    </extensions>
   </trkpt>
  </trkseg>
  <trkseg>
   <trkpt lat="46.5296313" lon="12.0146976">
    <ele>2519</ele>
    <time>2026-10-02T13:16:26Z</time>
    <extensions>
     <gpxdata:hr>107</gpxdata:hr>
     <gpxdata:distance>2023.00</gpxdata:distance>
     <gpxdata:speed>1.339</gpxdata:speed>
    </extensions>
   </trkpt>
  </trkseg>
  <trkseg>
   <trkpt lat="46.5296268" lon="12.0146780">
    <ele>2521</ele>
    <time>2026-10-02T13:16:41Z</time>
    <extensions>
     <gpxdata:hr>115</gpxdata:hr>
     <gpxdata:distance>2027.00</gpxdata:distance>
    </extensions>
   </trkpt>
   <trkpt lat="46.5296239" lon="12.0146641">
    <ele>2521</ele>
    <time>2026-10-02T13:16:42Z</time>
    <extensions>
     <gpxdata:hr>116</gpxdata:hr>
     <gpxdata:distance>2027.00</gpxdata:distance>
    </extensions>
   </trkpt>
   <trkpt lat="46.5296227" lon="12.0146534">
    <ele>2521</ele>
    <time>2026-10-02T13:16:43Z</time>
    <extensions>
     <gpxdata:hr>116</gpxdata:hr>
     <gpxdata:distance>2027.00</gpxdata:distance>
    </extensions>
   </trkpt>
   <trkpt lat="46.5296232" lon="12.0146445">
    <ele>2521</ele>
    <time>2026-10-02T13:16:44Z</time>
    <extensions>
     <gpxdata:hr>117</gpxdata:hr>
     <gpxdata:distance>2028.50</gpxdata:distance>
    </extensions>
   </trkpt>
   <trkpt lat="46.5296250" lon="12.0146366">
    <ele>2521</ele>
    <time>2026-10-02T13:16:45Z</time>
    <extensions>
     <gpxdata:hr>118</gpxdata:hr>
     <gpxdata:distance>2030.00</gpxdata:distance>
    </extensions>
   </trkpt>
  </trkseg>
  <trkseg>
   <trkpt lat="46.5296342" lon="12.0146228">
    <ele>2522</ele>
    <time>2026-10-02T13:16:54Z</time>
    <extensions>
     <gpxdata:hr>122</gpxdata:hr>
     <gpxdata:distance>2030.00</gpxdata:distance>
     <gpxdata:speed>0.681</gpxdata:speed>
    </extensions>
   </trkpt>
   <trkpt lat="46.5296413" lon="12.0146126">
    <ele>2523</ele>
    <time>2026-10-02T13:16:55Z</time>
    <extensions>
     <gpxdata:hr>122</gpxdata:hr>
     <gpxdata:distance>2030.00</gpxdata:distance>
     <gpxdata:speed>1.361</gpxdata:speed>
    </extensions>
   </trkpt>
   <trkpt lat="46.5296475" lon="12.0146049">
    <ele>2523</ele>
    <time>2026-10-02T13:16:56Z</time>
    <extensions>
     <gpxdata:hr>122</gpxdata:hr>
     <gpxdata:distance>2030.00</gpxdata:distance>
     <gpxdata:speed>1.361</gpxdata:speed>
    </extensions>
   </trkpt>
   <trkpt lat="46.5296532" lon="12.0145990">
    <ele>2523</ele>
    <time>2026-10-02T13:16:57Z</time>
    <extensions>
     <gpxdata:hr>121</gpxdata:hr>
     <gpxdata:distance>2030.00</gpxdata:distance>
     <gpxdata:speed>1.361</gpxdata:speed>
    </extensions>
   </trkpt>
   <trkpt lat="46.5296591" lon="12.0145942">
    <ele>2523</ele>
    <time>2026-10-02T13:16:58Z</time>
    <extensions>
     <gpxdata:hr>121</gpxdata:hr>
     <gpxdata:distance>2032.50</gpxdata:distance>
     <gpxdata:speed>0.894</gpxdata:speed>
    </extensions>
   </trkpt>
   <trkpt lat="46.5296651" lon="12.0145900">
    <ele>2524</ele>
    <time>2026-10-02T13:16:59Z</time>
    <extensions>
     <gpxdata:hr>122</gpxdata:hr>
     <gpxdata:distance>2035.00</gpxdata:distance>
     <gpxdata:speed>0.431</gpxdata:speed>
    </extensions>
   </trkpt>
   <trkpt lat="46.5296715" lon="12.0145870">
    <ele>2524</ele>
    <time>2026-10-02T13:17:00Z</time>
    <extensions>
     <gpxdata:hr>122</gpxdata:hr>
     <gpxdata:distance>2036.00</gpxdata:distance>
     <gpxdata:speed>0.458</gpxdata:speed>
    </extensions>
   </trkpt>
   <trkpt lat="46.5296795" lon="12.0145849">
    <ele>2524</ele>
    <time>2026-10-02T13:17:01Z</time>
    <extensions>
     <gpxdata:hr>122</gpxdata:hr>
     <gpxdata:distance>2037.00</gpxdata:distance>
     <gpxdata:speed>0.489</gpxdata:speed>
    </extensions>
   </trkpt>
   <trkpt lat="46.5296865" lon="12.0145821">
    <ele>2524</ele>
    <time>2026-10-02T13:17:02Z</time>
    <extensions>
     <gpxdata:hr>123</gpxdata:hr>
     <gpxdata:distance>2037.00</gpxdata:distance>
     <gpxdata:speed>0.494</gpxdata:speed>
    </extensions>
   </trkpt>
   <trkpt lat="46.5296928" lon="12.0145784">
    <ele>2524</ele>
    <time>2026-10-02T13:17:03Z</time>
    <extensions>
     <gpxdata:hr>123</gpxdata:hr>
     <gpxdata:distance>2037.00</gpxdata:distance>
     <gpxdata:speed>0.503</gpxdata:speed>
    </extensions>
   </trkpt>
   <trkpt lat="46.5296988" lon="12.0145739">
    <ele>2524</ele>
    <time>2026-10-02T13:17:04Z</time>
    <extensions>
     <gpxdata:hr>124</gpxdata:hr>
     <gpxdata:distance>2037.00</gpxdata:distance>
     <gpxdata:speed>0.503</gpxdata:speed>
    </extensions>
   </trkpt>
   <trkpt lat="46.5297042" lon="12.0145684">
    <ele>2524</ele>
    <time>2026-10-02T13:17:05Z</time>
    <extensions>
     <gpxdata:hr>124</gpxdata:hr>
     <gpxdata:distance>2037.00</gpxdata:distance>
     <gpxdata:speed>0.506</gpxdata:speed>
    </extensions>
   </trkpt>
   <trkpt lat="46.5297090" lon="12.0145620">
    <ele>2524</ele>
    <time>2026-10-02T13:17:06Z</time>
    <extensions>
     <gpxdata:hr>125</gpxdata:hr>
     <gpxdata:distance>2038.50</gpxdata:distance>
     <gpxdata:speed>0.539</gpxdata:speed>
    </extensions>
   </trkpt>
   <trkpt lat="46.5297136" lon="12.0145556">
    <ele>2524</ele>
    <time>2026-10-02T13:17:07Z</time>
    <extensions>
     <gpxdata:hr>125</gpxdata:hr>
     <gpxdata:distance>2040.00</gpxdata:distance>
     <gpxdata:speed>0.572</gpxdata:speed>
    </extensions>
   </trkpt>
   <trkpt lat="46.5297180" lon="12.0145493">
    <ele>2524</ele>
    <time>2026-10-02T13:17:08Z</time>
    <extensions>
     <gpxdata:hr>125</gpxdata:hr>
     <gpxdata:distance>2041.00</gpxdata:distance>
     <gpxdata:speed>0.581</gpxdata:speed>
    </extensions>
   </trkpt>
   <trkpt lat="46.5297229" lon="12.0145445">
    <ele>2524</ele>
    <time>2026-10-02T13:17:09Z</time>
    <extensions>
     <gpxdata:hr>126</gpxdata:hr>
     <gpxdata:distance>2042.00</gpxdata:distance>
     <gpxdata:speed>0.589</gpxdata:speed>
    </extensions>
   </trkpt>
   <trkpt lat="46.5297281" lon="12.0145417">
    <ele>2524</ele>
    <time>2026-10-02T13:17:10Z</time>
    <extensions>
     <gpxdata:hr>126</gpxdata:hr>
     <gpxdata:distance>2042.50</gpxdata:distance>
     <gpxdata:speed>0.592</gpxdata:speed>
    </extensions>
   </trkpt>
   <trkpt lat="46.5297335" lon="12.0145402">
    <ele>2525</ele>
    <time>2026-10-02T13:17:11Z</time>
    <extensions>
     <gpxdata:hr>127</gpxdata:hr>
     <gpxdata:distance>2043.00</gpxdata:distance>
     <gpxdata:speed>0.594</gpxdata:speed>
    </extensions>
   </trkpt>
   <trkpt lat="46.5297357" lon="12.0145394">
    <ele>2525</ele>
    <time>2026-10-02T13:17:12Z</time>
    <extensions>
     <gpxdata:hr>127</gpxdata:hr>
     <gpxdata:distance>2043.50</gpxdata:distance>
     <gpxdata:speed>0.597</gpxdata:speed>
    </extensions>
   </trkpt>
   <trkpt lat="46.5297381" lon="12.0145386">
    <ele>2525</ele>
    <time>2026-10-02T13:17:13Z</time>
    <extensions>
     <gpxdata:hr>128</gpxdata:hr>
     <gpxdata:distance>2044.00</gpxdata:distance>
     <gpxdata:speed>0.603</gpxdata:speed>
    </extensions>
   </trkpt>
   <trkpt lat="46.5297406" lon="12.0145377">
    <ele>2525</ele>
    <time>2026-10-02T13:17:14Z</time>
    <extensions>
     <gpxdata:hr>128</gpxdata:hr>
     <gpxdata:distance>2044.50</gpxdata:distance>
     <gpxdata:speed>0.603</gpxdata:speed>
    </extensions>
   </trkpt>
   <trkpt lat="46.5297471" lon="12.0145348">
    <ele>2525</ele>
    <time>2026-10-02T13:17:15Z</time>
    <extensions>
     <gpxdata:hr>128</gpxdata:hr>
     <gpxdata:distance>2045.00</gpxdata:distance>
     <gpxdata:speed>0.606</gpxdata:speed>
    </extensions>
   </trkpt>
   <trkpt lat="46.5297537" lon="12.0145317">
    <ele>2525</ele>
    <time>2026-10-02T13:17:16Z</time>
    <extensions>
     <gpxdata:hr>128</gpxdata:hr>
     <gpxdata:distance>2046.00</gpxdata:distance>
     <gpxdata:speed>0.608</gpxdata:speed>
    </extensions>
   </trkpt>
   <trkpt lat="46.5297602" lon="12.0145286">
    <ele>2525</ele>
    <time>2026-10-02T13:17:17Z</time>
    <extensions>
     <gpxdata:hr>128</gpxdata:hr>
     <gpxdata:distance>2047.00</gpxdata:distance>
     <gpxdata:speed>0.611</gpxdata:speed>
    </extensions>
   </trkpt>
   <trkpt lat="46.5297672" lon="12.0145262">
    <ele>2525</ele>
    <time>2026-10-02T13:17:18Z</time>
    <extensions>
     <gpxdata:hr>128</gpxdata:hr>
     <gpxdata:distance>2048.00</gpxdata:distance>
     <gpxdata:speed>0.614</gpxdata:speed>
    </extensions>
   </trkpt>
   <trkpt lat="46.5297746" lon="12.0145242">
    <ele>2526</ele>
    <time>2026-10-02T13:17:19Z</time>
    <extensions>
     <gpxdata:hr>128</gpxdata:hr>
     <gpxdata:distance>2049.00</gpxdata:distance>
     <gpxdata:speed>0.619</gpxdata:speed>
    </extensions>
   </trkpt>
   <trkpt lat="46.5297764" lon="12.0145225">
    <ele>2526</ele>
    <time>2026-10-02T13:17:20Z</time>
    <extensions>
     <gpxdata:hr>129</gpxdata:hr>
     <gpxdata:distance>2049.00</gpxdata:distance>
     <gpxdata:speed>0.622</gpxdata:speed>
    </extensions>
   </trkpt>
   <trkpt lat="46.5297783" lon="12.0145207">
    <ele>2526</ele>
    <time>2026-10-02T13:17:21Z</time>
    <extensions>
     <gpxdata:hr>129</gpxdata:hr>
     <gpxdata:distance>2049.00</gpxdata:distance>
     <gpxdata:speed>0.628</gpxdata:speed>
    </extensions>
   </trkpt>
   <trkpt lat="46.5297802" lon="12.0145189">
    <ele>2526</ele>
    <time>2026-10-02T13:17:22Z</time>
    <extensions>
     <gpxdata:hr>129</gpxdata:hr>
     <gpxdata:distance>2049.00</gpxdata:distance>
     <gpxdata:speed>0.628</gpxdata:speed>
    </extensions>
   </trkpt>
   <trkpt lat="46.5297821" lon="12.0145171">
    <ele>2526</ele>
    <time>2026-10-02T13:17:23Z</time>
    <extensions>
     <gpxdata:hr>129</gpxdata:hr>
     <gpxdata:distance>2049.00</gpxdata:distance>
     <gpxdata:speed>0.631</gpxdata:speed>
    </extensions>
   </trkpt>
   <trkpt lat="46.5297841" lon="12.0145153">
    <ele>2526</ele>
    <time>2026-10-02T13:17:24Z</time>
    <extensions>
     <gpxdata:hr>129</gpxdata:hr>
     <gpxdata:distance>2049.00</gpxdata:distance>
     <gpxdata:speed>0.631</gpxdata:speed>
    </extensions>
   </trkpt>
   <trkpt lat="46.5297903" lon="12.0145068">
    <ele>2526</ele>
    <time>2026-10-02T13:17:25Z</time>
    <extensions>
     <gpxdata:hr>129</gpxdata:hr>
     <gpxdata:distance>2049.00</gpxdata:distance>
     <gpxdata:speed>0.631</gpxdata:speed>
    </extensions>
   </trkpt>
   <trkpt lat="46.5297948" lon="12.0144985">
    <ele>2526</ele>
    <time>2026-10-02T13:17:26Z</time>
    <extensions>
     <gpxdata:hr>129</gpxdata:hr>
     <gpxdata:distance>2049.00</gpxdata:distance>
     <gpxdata:speed>0.631</gpxdata:speed>
    </extensions>
   </trkpt>
   <trkpt lat="46.5297985" lon="12.0144902">
    <ele>2527</ele>
    <time>2026-10-02T13:17:27Z</time>
    <extensions>
     <gpxdata:hr>130</gpxdata:hr>
     <gpxdata:distance>2049.00</gpxdata:distance>
     <gpxdata:speed>0.633</gpxdata:speed>
    </extensions>
   </trkpt>
   <trkpt lat="46.5297996" lon="12.0144866">
    <ele>2527</ele>
    <time>2026-10-02T13:17:28Z</time>
    <extensions>
     <gpxdata:hr>130</gpxdata:hr>
     <gpxdata:distance>2051.00</gpxdata:distance>
     <gpxdata:speed>0.631</gpxdata:speed>
    </extensions>
   </trkpt>
   <trkpt lat="46.5298008" lon="12.0144831">
    <ele>2527</ele>
    <time>2026-10-02T13:17:29Z</time>
    <extensions>
     <gpxdata:hr>130</gpxdata:hr>
     <gpxdata:distance>2053.00</gpxdata:distance>
     <gpxdata:speed>0.631</gpxdata:speed>
    </extensions>
   </trkpt>
   <trkpt lat="46.5298019" lon="12.0144795">
    <ele>2527</ele>
    <time>2026-10-02T13:17:30Z</time>
    <extensions>
     <gpxdata:hr>130</gpxdata:hr>
     <gpxdata:distance>2053.00</gpxdata:distance>
     <gpxdata:speed>0.631</gpxdata:speed>
    </extensions>
   </trkpt>
   <trkpt lat="46.5298030" lon="12.0144711">
    <ele>2527</ele>
    <time>2026-10-02T13:17:31Z</time>
    <extensions>
     <gpxdata:hr>130</gpxdata:hr>
     <gpxdata:distance>2053.00</gpxdata:distance>
     <gpxdata:speed>0.631</gpxdata:speed>
    </extensions>
   </trkpt>
   <trkpt lat="46.5298023" lon="12.0144637">
    <ele>2527</ele>
    <time>2026-10-02T13:17:32Z</time>
    <extensions>
     <gpxdata:hr>130</gpxdata:hr>
     <gpxdata:distance>2053.00</gpxdata:distance>
     <gpxdata:speed>0.631</gpxdata:speed>
    </extensions>
   </trkpt>
   <trkpt lat="46.5298003" lon="12.0144567">
    <ele>2527</ele>
    <time>2026-10-02T13:17:33Z</time>
    <extensions>
     <gpxdata:hr>131</gpxdata:hr>
     <gpxdata:distance>2053.00</gpxdata:distance>
     <gpxdata:speed>0.631</gpxdata:speed>
    </extensions>
   </trkpt>
   <trkpt lat="46.5297984" lon="12.0144497">
    <ele>2527</ele>
    <time>2026-10-02T13:17:34Z</time>
    <extensions>
     <gpxdata:hr>130</gpxdata:hr>
     <gpxdata:distance>2054.50</gpxdata:distance>
     <gpxdata:speed>0.625</gpxdata:speed>
    </extensions>
   </trkpt>
  </trkseg>
  <trkseg>
   <trkpt lat="46.5298006" lon="12.0144311">
    <ele>2529</ele>
    <time>2026-10-02T13:17:43Z</time>
    <extensions>
     <gpxdata:hr>127</gpxdata:hr>
     <gpxdata:distance>2056.00</gpxdata:distance>
     <gpxdata:speed>0.617</gpxdata:speed>
    </extensions>
   </trkpt>
   <trkpt lat="46.5298011" lon="12.0144261">
    <ele>2529</ele>
    <time>2026-10-02T13:17:44Z</time>
    <extensions>
     <gpxdata:hr>128</gpxdata:hr>
     <gpxdata:distance>2056.00</gpxdata:distance>
     <gpxdata:speed>0.617</gpxdata:speed>
    </extensions>
   </trkpt>
   <trkpt lat="46.5298017" lon="12.0144211">
    <ele>2529</ele>
    <time>2026-10-02T13:17:45Z</time>
    <extensions>
     <gpxdata:hr>128</gpxdata:hr>
     <gpxdata:distance>2056.00</gpxdata:distance>
     <gpxdata:speed>0.617</gpxdata:speed>
    </extensions>
   </trkpt>
   <trkpt lat="46.5298022" lon="12.0144161">
    <ele>2529</ele>
    <time>2026-10-02T13:17:46Z</time>
    <extensions>
     <gpxdata:hr>130</gpxdata:hr>
     <gpxdata:distance>2057.50</gpxdata:distance>
     <gpxdata:speed>0.308</gpxdata:speed>
    </extensions>
   </trkpt>
   <trkpt lat="46.5298026" lon="12.0144052">
    <ele>2530</ele>
    <time>2026-10-02T13:17:47Z</time>
    <extensions>
     <gpxdata:hr>131</gpxdata:hr>
     <gpxdata:distance>2059.00</gpxdata:distance>
    </extensions>
   </trkpt>
   <trkpt lat="46.5298028" lon="12.0143954">
    <ele>2530</ele>
    <time>2026-10-02T13:17:48Z</time>
    <extensions>
     <gpxdata:hr>131</gpxdata:hr>
     <gpxdata:distance>2059.00</gpxdata:distance>
     <gpxdata:speed>0.606</gpxdata:speed>
    </extensions>
   </trkpt>
   <trkpt lat="46.5298034" lon="12.0143855">
    <ele>2530</ele>
    <time>2026-10-02T13:17:49Z</time>
    <extensions>
     <gpxdata:hr>132</gpxdata:hr>
     <gpxdata:distance>2059.00</gpxdata:distance>
     <gpxdata:speed>1.214</gpxdata:speed>
    </extensions>
   </trkpt>
   <trkpt lat="46.5298048" lon="12.0143757">
    <ele>2530</ele>
    <time>2026-10-02T13:17:50Z</time>
    <extensions>
     <gpxdata:hr>132</gpxdata:hr>
     <gpxdata:distance>2060.50</gpxdata:distance>
     <gpxdata:speed>0.889</gpxdata:speed>
    </extensions>
   </trkpt>
   <trkpt lat="46.5298072" lon="12.0143668">
    <ele>2530</ele>
    <time>2026-10-02T13:17:51Z</time>
    <extensions>
     <gpxdata:hr>132</gpxdata:hr>
     <gpxdata:distance>2062.00</gpxdata:distance>
     <gpxdata:speed>0.564</gpxdata:speed>
    </extensions>
   </trkpt>
   <trkpt lat="46.5298110" lon="12.0143584">
    <ele>2530</ele>
    <time>2026-10-02T13:17:52Z</time>
    <extensions>
     <gpxdata:hr>133</gpxdata:hr>
     <gpxdata:distance>2062.50</gpxdata:distance>
     <gpxdata:speed>0.564</gpxdata:speed>
    </extensions>
   </trkpt>
   <trkpt lat="46.5298151" lon="12.0143527">
    <ele>2530</ele>
    <time>2026-10-02T13:17:53Z</time>
    <extensions>
     <gpxdata:hr>133</gpxdata:hr>
     <gpxdata:distance>2063.00</gpxdata:distance>
     <gpxdata:speed>0.567</gpxdata:speed>
    </extensions>
   </trkpt>
   <trkpt lat="46.5298193" lon="12.0143482">
    <ele>2530</ele>
    <time>2026-10-02T13:17:54Z</time>
    <extensions>
     <gpxdata:hr>136</gpxdata:hr>
     <gpxdata:distance>2063.00</gpxdata:distance>
     <gpxdata:speed>0.567</gpxdata:speed>
    </extensions>
   </trkpt>
   <trkpt lat="46.5298237" lon="12.0143445">
    <ele>2531</ele>
    <time>2026-10-02T13:17:55Z</time>
    <extensions>
     <gpxdata:hr>137</gpxdata:hr>
     <gpxdata:distance>2063.00</gpxdata:distance>
     <gpxdata:speed>0.567</gpxdata:speed>
    </extensions>
   </trkpt>
   <trkpt lat="46.5298284" lon="12.0143411">
    <ele>2531</ele>
    <time>2026-10-02T13:17:56Z</time>
    <extensions>
     <gpxdata:hr>138</gpxdata:hr>
     <gpxdata:distance>2064.00</gpxdata:distance>
     <gpxdata:speed>0.567</gpxdata:speed>
    </extensions>
   </trkpt>
   <trkpt lat="46.5298331" lon="12.0143376">
    <ele>2531</ele>
    <time>2026-10-02T13:17:57Z</time>
    <extensions>
     <gpxdata:hr>140</gpxdata:hr>
     <gpxdata:distance>2065.00</gpxdata:distance>
     <gpxdata:speed>0.567</gpxdata:speed>
    </extensions>
   </trkpt>
  </trkseg>
  <trkseg>
   <trkpt lat="46.5298410" lon="12.0143214">
    <ele>2532</ele>
    <time>2026-10-02T13:18:07Z</time>
    <extensions>
     <gpxdata:hr>141</gpxdata:hr>
     <gpxdata:distance>2066.00</gpxdata:distance>
     <gpxdata:speed>0.561</gpxdata:speed>
    </extensions>
   </trkpt>
  </trkseg>
  <trkseg>
   <trkpt lat="46.5298523" lon="12.0142997">
    <ele>2534</ele>
    <time>2026-10-02T13:18:23Z</time>
    <extensions>
     <gpxdata:hr>138</gpxdata:hr>
     <gpxdata:distance>2069.00</gpxdata:distance>
    </extensions>
   </trkpt>
  </trkseg>
  <trkseg>
   <trkpt lat="46.5298615" lon="12.0142821">
    <ele>2536</ele>
    <time>2026-10-02T13:18:42Z</time>
    <extensions>
     <gpxdata:hr>144</gpxdata:hr>
     <gpxdata:distance>2072.00</gpxdata:distance>
    </extensions>
   </trkpt>
   <trkpt lat="46.5298682" lon="12.0142703">
    <ele>2536</ele>
    <time>2026-10-02T13:18:43Z</time>
    <extensions>
     <gpxdata:hr>143</gpxdata:hr>
     <gpxdata:distance>2072.00</gpxdata:distance>
    </extensions>
   </trkpt>
   <trkpt lat="46.5298734" lon="12.0142616">
    <ele>2536</ele>
    <time>2026-10-02T13:18:44Z</time>
    <extensions>
     <gpxdata:hr>143</gpxdata:hr>
     <gpxdata:distance>2072.00</gpxdata:distance>
    </extensions>
   </trkpt>
   <trkpt lat="46.5298779" lon="12.0142546">
    <ele>2536</ele>
    <time>2026-10-02T13:18:45Z</time>
    <extensions>
     <gpxdata:hr>142</gpxdata:hr>
     <gpxdata:distance>2072.00</gpxdata:distance>
    </extensions>
   </trkpt>
   <trkpt lat="46.5298821" lon="12.0142480">
    <ele>2536</ele>
    <time>2026-10-02T13:18:46Z</time>
    <extensions>
     <gpxdata:hr>141</gpxdata:hr>
     <gpxdata:distance>2074.00</gpxdata:distance>
    </extensions>
   </trkpt>
   <trkpt lat="46.5298855" lon="12.0142407">
    <ele>2536</ele>
    <time>2026-10-02T13:18:47Z</time>
    <extensions>
     <gpxdata:hr>141</gpxdata:hr>
     <gpxdata:distance>2076.00</gpxdata:distance>
    </extensions>
   </trkpt>
   <trkpt lat="46.5298884" lon="12.0142326">
    <ele>2536</ele>
    <time>2026-10-02T13:18:48Z</time>
    <extensions>
     <gpxdata:hr>140</gpxdata:hr>
     <gpxdata:distance>2076.50</gpxdata:distance>
    </extensions>
   </trkpt>
   <trkpt lat="46.5298917" lon="12.0142241">
    <ele>2536</ele>
    <time>2026-10-02T13:18:49Z</time>
    <extensions>
     <gpxdata:hr>140</gpxdata:hr>
     <gpxdata:distance>2077.00</gpxdata:distance>
    </extensions>
   </trkpt>
   <trkpt lat="46.5298965" lon="12.0142140">
    <ele>2536</ele>
    <time>2026-10-02T13:18:50Z</time>
    <extensions>
     <gpxdata:hr>140</gpxdata:hr>
     <gpxdata:distance>2077.50</gpxdata:distance>
    </extensions>
   </trkpt>
   <trkpt lat="46.5299011" lon="12.0142049">
    <ele>2537</ele>
    <time>2026-10-02T13:18:51Z</time>
    <extensions>
     <gpxdata:hr>140</gpxdata:hr>
     <gpxdata:distance>2078.00</gpxdata:distance>
    </extensions>
   </trkpt>
   <trkpt lat="46.5299024" lon="12.0142013">
    <ele>2537</ele>
    <time>2026-10-02T13:18:52Z</time>
    <extensions>
     <gpxdata:hr>140</gpxdata:hr>
     <gpxdata:distance>2078.50</gpxdata:distance>
    </extensions>
   </trkpt>
   <trkpt lat="46.5299038" lon="12.0141976">
    <ele>2537</ele>
    <time>2026-10-02T13:18:53Z</time>
    <extensions>
     <gpxdata:hr>140</gpxdata:hr>
     <gpxdata:distance>2079.00</gpxdata:distance>
    </extensions>
   </trkpt>
   <trkpt lat="46.5299051" lon="12.0141940">
    <ele>2537</ele>
    <time>2026-10-02T13:18:54Z</time>
    <extensions>
     <gpxdata:hr>140</gpxdata:hr>
     <gpxdata:distance>2079.50</gpxdata:distance>
    </extensions>
   </trkpt>
  </trkseg>
  <trkseg>
   <trkpt lat="46.5299073" lon="12.0141736">
    <ele>2540</ele>
    <time>2026-10-02T13:19:08Z</time>
    <extensions>
     <gpxdata:hr>146</gpxdata:hr>
     <gpxdata:distance>2080.00</gpxdata:distance>
    </extensions>
   </trkpt>
   <trkpt lat="46.5299082" lon="12.0141590">
    <ele>2540</ele>
    <time>2026-10-02T13:19:09Z</time>
    <extensions>
     <gpxdata:hr>146</gpxdata:hr>
     <gpxdata:distance>2080.00</gpxdata:distance>
    </extensions>
   </trkpt>
   <trkpt lat="46.5299082" lon="12.0141477">
    <ele>2540</ele>
    <time>2026-10-02T13:19:10Z</time>
    <extensions>
     <gpxdata:hr>146</gpxdata:hr>
     <gpxdata:distance>2080.00</gpxdata:distance>
    </extensions>
   </trkpt>
   <trkpt lat="46.5299073" lon="12.0141383">
    <ele>2540</ele>
    <time>2026-10-02T13:19:11Z</time>
    <extensions>
     <gpxdata:hr>146</gpxdata:hr>
     <gpxdata:distance>2080.00</gpxdata:distance>
    </extensions>
   </trkpt>
   <trkpt lat="46.5299061" lon="12.0141292">
    <ele>2540</ele>
    <time>2026-10-02T13:19:12Z</time>
    <extensions>
     <gpxdata:hr>146</gpxdata:hr>
     <gpxdata:distance>2082.50</gpxdata:distance>
    </extensions>
   </trkpt>
   <trkpt lat="46.5299050" lon="12.0141202">
    <ele>2540</ele>
    <time>2026-10-02T13:19:13Z</time>
    <extensions>
     <gpxdata:hr>147</gpxdata:hr>
     <gpxdata:distance>2085.00</gpxdata:distance>
    </extensions>
   </trkpt>
   <trkpt lat="46.5299045" lon="12.0141111">
    <ele>2540</ele>
    <time>2026-10-02T13:19:14Z</time>
    <extensions>
     <gpxdata:hr>147</gpxdata:hr>
     <gpxdata:distance>2086.00</gpxdata:distance>
     <gpxdata:speed>0.319</gpxdata:speed>
    </extensions>
   </trkpt>
   <trkpt lat="46.5299047" lon="12.0141021">
    <ele>2541</ele>
    <time>2026-10-02T13:19:15Z</time>
    <extensions>
     <gpxdata:hr>148</gpxdata:hr>
     <gpxdata:distance>2087.00</gpxdata:distance>
     <gpxdata:speed>0.639</gpxdata:speed>
    </extensions>
   </trkpt>
   <trkpt lat="46.5299051" lon="12.0140996">
    <ele>2541</ele>
    <time>2026-10-02T13:19:16Z</time>
    <extensions>
     <gpxdata:hr>148</gpxdata:hr>
     <gpxdata:distance>2087.00</gpxdata:distance>
     <gpxdata:speed>0.633</gpxdata:speed>
    </extensions>
   </trkpt>
   <trkpt lat="46.5299058" lon="12.0140958">
    <ele>2541</ele>
    <time>2026-10-02T13:19:17Z</time>
    <extensions>
     <gpxdata:hr>148</gpxdata:hr>
     <gpxdata:distance>2087.00</gpxdata:distance>
     <gpxdata:speed>0.628</gpxdata:speed>
    </extensions>
   </trkpt>
   <trkpt lat="46.5299067" lon="12.0140908">
    <ele>2541</ele>
    <time>2026-10-02T13:19:18Z</time>
    <extensions>
     <gpxdata:hr>148</gpxdata:hr>
     <gpxdata:distance>2087.00</gpxdata:distance>
     <gpxdata:speed>0.625</gpxdata:speed>
    </extensions>
   </trkpt>
   <trkpt lat="46.5299087" lon="12.0140814">
    <ele>2541</ele>
    <time>2026-10-02T13:19:19Z</time>
    <extensions>
     <gpxdata:hr>148</gpxdata:hr>
     <gpxdata:distance>2087.00</gpxdata:distance>
     <gpxdata:speed>0.625</gpxdata:speed>
    </extensions>
   </trkpt>
   <trkpt lat="46.5299106" lon="12.0140731">
    <ele>2541</ele>
    <time>2026-10-02T13:19:20Z</time>
    <extensions>
     <gpxdata:hr>148</gpxdata:hr>
     <gpxdata:distance>2087.00</gpxdata:distance>
     <gpxdata:speed>0.625</gpxdata:speed>
    </extensions>
   </trkpt>
   <trkpt lat="46.5299122" lon="12.0140651">
    <ele>2541</ele>
    <time>2026-10-02T13:19:21Z</time>
    <extensions>
     <gpxdata:hr>147</gpxdata:hr>
     <gpxdata:distance>2087.00</gpxdata:distance>
     <gpxdata:speed>0.625</gpxdata:speed>
    </extensions>
   </trkpt>
  </trkseg>
  <trkseg>
   <trkpt lat="46.5299118" lon="12.0140446">
    <ele>2544</ele>
    <time>2026-10-02T13:19:44Z</time>
    <extensions>
     <gpxdata:hr>154</gpxdata:hr>
     <gpxdata:distance>2090.00</gpxdata:distance>
    </extensions>
   </trkpt>
  </trkseg>
  <trkseg>
   <trkpt lat="46.5299125" lon="12.0140180">
    <ele>2545</ele>
    <time>2026-10-02T13:19:52Z</time>
    <extensions>
     <gpxdata:hr>151</gpxdata:hr>
     <gpxdata:distance>2093.00</gpxdata:distance>
    </extensions>
   </trkpt>
  </trkseg>
  <trkseg>
   <trkpt lat="46.5299144" lon="12.0139864">
    <ele>2545</ele>
    <time>2026-10-02T13:19:58Z</time>
    <extensions>
     <gpxdata:hr>150</gpxdata:hr>
     <gpxdata:distance>2096.00</gpxdata:distance>
     <gpxdata:speed>0.242</gpxdata:speed>
    </extensions>
   </trkpt>
   <trkpt lat="46.5299162" lon="12.0139632">
    <ele>2546</ele>
    <time>2026-10-02T13:19:59Z</time>
    <extensions>
     <gpxdata:hr>149</gpxdata:hr>
     <gpxdata:distance>2096.00</gpxdata:distance>
     <gpxdata:speed>0.483</gpxdata:speed>
    </extensions>
   </trkpt>
   <trkpt lat="46.5299177" lon="12.0139456">
    <ele>2546</ele>
    <time>2026-10-02T13:20:00Z</time>
    <extensions>
     <gpxdata:hr>148</gpxdata:hr>
     <gpxdata:distance>2096.00</gpxdata:distance>
     <gpxdata:speed>0.242</gpxdata:speed>
    </extensions>
   </trkpt>
   <trkpt lat="46.5299191" lon="12.0139312">
    <ele>2546</ele>
    <time>2026-10-02T13:20:01Z</time>
    <extensions>
     <gpxdata:hr>148</gpxdata:hr>
     <gpxdata:distance>2096.00</gpxdata:distance>
    </extensions>
   </trkpt>
   <trkpt lat="46.5299205" lon="12.0139192">
    <ele>2546</ele>
    <time>2026-10-02T13:20:02Z</time>
    <extensions>
     <gpxdata:hr>147</gpxdata:hr>
     <gpxdata:distance>2099.00</gpxdata:distance>
     <gpxdata:speed>0.297</gpxdata:speed>
    </extensions>
   </trkpt>
   <trkpt lat="46.5299226" lon="12.0139064">
    <ele>2547</ele>
    <time>2026-10-02T13:20:03Z</time>
    <extensions>
     <gpxdata:hr>147</gpxdata:hr>
     <gpxdata:distance>2102.00</gpxdata:distance>
     <gpxdata:speed>0.597</gpxdata:speed>
    </extensions>
   </trkpt>
   <trkpt lat="46.5299244" lon="12.0138960">
    <ele>2547</ele>
    <time>2026-10-02T13:20:04Z</time>
    <extensions>
     <gpxdata:hr>147</gpxdata:hr>
     <gpxdata:distance>2102.50</gpxdata:distance>
     <gpxdata:speed>0.594</gpxdata:speed>
    </extensions>
   </trkpt>
   <trkpt lat="46.5299266" lon="12.0138859">
    <ele>2547</ele>
    <time>2026-10-02T13:20:05Z</time>
    <extensions>
     <gpxdata:hr>148</gpxdata:hr>
     <gpxdata:distance>2103.00</gpxdata:distance>
     <gpxdata:speed>0.592</gpxdata:speed>
    </extensions>
   </trkpt>
   <trkpt lat="46.5299284" lon="12.0138764">
    <ele>2547</ele>
    <time>2026-10-02T13:20:06Z</time>
    <extensions>
     <gpxdata:hr>148</gpxdata:hr>
     <gpxdata:distance>2103.00</gpxdata:distance>
     <gpxdata:speed>0.586</gpxdata:speed>
    </extensions>
   </trkpt>
   <trkpt lat="46.5299303" lon="12.0138674">
    <ele>2548</ele>
    <time>2026-10-02T13:20:07Z</time>
    <extensions>
     <gpxdata:hr>148</gpxdata:hr>
     <gpxdata:distance>2103.00</gpxdata:distance>
     <gpxdata:speed>0.583</gpxdata:speed>
    </extensions>
   </trkpt>
   <trkpt lat="46.5299325" lon="12.0138591">
    <ele>2548</ele>
    <time>2026-10-02T13:20:08Z</time>
    <extensions>
     <gpxdata:hr>148</gpxdata:hr>
     <gpxdata:distance>2104.00</gpxdata:distance>
     <gpxdata:speed>0.589</gpxdata:speed>
    </extensions>
   </trkpt>
  </trkseg>
  <trkseg>
   <trkpt lat="46.5299348" lon="12.0138473">
    <ele>2549</ele>
    <time>2026-10-02T13:20:14Z</time>
    <extensions>
     <gpxdata:hr>147</gpxdata:hr>
     <gpxdata:distance>2106.00</gpxdata:distance>
    </extensions>
   </trkpt>
   <trkpt lat="46.5299364" lon="12.0138381">
    <ele>2549</ele>
    <time>2026-10-02T13:20:15Z</time>
    <extensions>
     <gpxdata:hr>146</gpxdata:hr>
     <gpxdata:distance>2106.00</gpxdata:distance>
    </extensions>
   </trkpt>
   <trkpt lat="46.5299376" lon="12.0138295">
    <ele>2549</ele>
    <time>2026-10-02T13:20:16Z</time>
    <extensions>
     <gpxdata:hr>146</gpxdata:hr>
     <gpxdata:distance>2106.00</gpxdata:distance>
     <gpxdata:speed>0.356</gpxdata:speed>
    </extensions>
   </trkpt>
   <trkpt lat="46.5299387" lon="12.0138211">
    <ele>2549</ele>
    <time>2026-10-02T13:20:17Z</time>
    <extensions>
     <gpxdata:hr>146</gpxdata:hr>
     <gpxdata:distance>2106.00</gpxdata:distance>
     <gpxdata:speed>0.714</gpxdata:speed>
    </extensions>
   </trkpt>
   <trkpt lat="46.5299398" lon="12.0138134">
    <ele>2549</ele>
    <time>2026-10-02T13:20:18Z</time>
    <extensions>
     <gpxdata:hr>146</gpxdata:hr>
     <gpxdata:distance>2107.50</gpxdata:distance>
     <gpxdata:speed>0.631</gpxdata:speed>
    </extensions>
   </trkpt>
   <trkpt lat="46.5299410" lon="12.0138059">
    <ele>2550</ele>
    <time>2026-10-02T13:20:19Z</time>
    <extensions>
     <gpxdata:hr>145</gpxdata:hr>
     <gpxdata:distance>2109.00</gpxdata:distance>
     <gpxdata:speed>0.547</gpxdata:speed>
    </extensions>
   </trkpt>
   <trkpt lat="46.5299419" lon="12.0137984">
    <ele>2550</ele>
    <time>2026-10-02T13:20:20Z</time>
    <extensions>
     <gpxdata:hr>144</gpxdata:hr>
     <gpxdata:distance>2109.00</gpxdata:distance>
     <gpxdata:speed>0.533</gpxdata:speed>
    </extensions>
   </trkpt>
   <trkpt lat="46.5299426" lon="12.0137907">
    <ele>2550</ele>
    <time>2026-10-02T13:20:21Z</time>
    <extensions>
     <gpxdata:hr>144</gpxdata:hr>
     <gpxdata:distance>2109.00</gpxdata:distance>
     <gpxdata:speed>0.522</gpxdata:speed>
    </extensions>
   </trkpt>
   <trkpt lat="46.5299433" lon="12.0137823">
    <ele>2550</ele>
    <time>2026-10-02T13:20:22Z</time>
    <extensions>
     <gpxdata:hr>144</gpxdata:hr>
     <gpxdata:distance>2110.50</gpxdata:distance>
     <gpxdata:speed>0.544</gpxdata:speed>
    </extensions>
   </trkpt>
   <trkpt lat="46.5299442" lon="12.0137732">
    <ele>2550</ele>
    <time>2026-10-02T13:20:23Z</time>
    <extensions>
     <gpxdata:hr>144</gpxdata:hr>
     <gpxdata:distance>2112.00</gpxdata:distance>
     <gpxdata:speed>0.567</gpxdata:speed>
    </extensions>
   </trkpt>
   <trkpt lat="46.5299454" lon="12.0137641">
    <ele>2550</ele>
    <time>2026-10-02T13:20:24Z</time>
    <extensions>
     <gpxdata:hr>146</gpxdata:hr>
     <gpxdata:distance>2113.00</gpxdata:distance>
     <gpxdata:speed>0.592</gpxdata:speed>
    </extensions>
   </trkpt>
   <trkpt lat="46.5299471" lon="12.0137552">
    <ele>2550</ele>
    <time>2026-10-02T13:20:25Z</time>
    <extensions>
     <gpxdata:hr>146</gpxdata:hr>
     <gpxdata:distance>2114.00</gpxdata:distance>
     <gpxdata:speed>0.617</gpxdata:speed>
    </extensions>
   </trkpt>
   <trkpt lat="46.5299493" lon="12.0137439">
    <ele>2550</ele>
    <time>2026-10-02T13:20:26Z</time>
    <extensions>
     <gpxdata:hr>147</gpxdata:hr>
     <gpxdata:distance>2114.00</gpxdata:distance>
     <gpxdata:speed>0.622</gpxdata:speed>
    </extensions>
   </trkpt>
   <trkpt lat="46.5299514" lon="12.0137344">
    <ele>2551</ele>
    <time>2026-10-02T13:20:27Z</time>
    <extensions>
     <gpxdata:hr>147</gpxdata:hr>
     <gpxdata:distance>2114.00</gpxdata:distance>
     <gpxdata:speed>0.631</gpxdata:speed>
    </extensions>
   </trkpt>
   <trkpt lat="46.5299539" lon="12.0137259">
    <ele>2551</ele>
    <time>2026-10-02T13:20:28Z</time>
    <extensions>
     <gpxdata:hr>147</gpxdata:hr>
     <gpxdata:distance>2115.00</gpxdata:distance>
     <gpxdata:speed>0.631</gpxdata:speed>
    </extensions>
   </trkpt>
   <trkpt lat="46.5299564" lon="12.0137171">
    <ele>2551</ele>
    <time>2026-10-02T13:20:29Z</time>
    <extensions>
     <gpxdata:hr>147</gpxdata:hr>
     <gpxdata:distance>2116.00</gpxdata:distance>
     <gpxdata:speed>0.631</gpxdata:speed>
    </extensions>
   </trkpt>
   <trkpt lat="46.5299590" lon="12.0137083">
    <ele>2551</ele>
    <time>2026-10-02T13:20:30Z</time>
    <extensions>
     <gpxdata:hr>146</gpxdata:hr>
     <gpxdata:distance>2116.50</gpxdata:distance>
     <gpxdata:speed>0.633</gpxdata:speed>
    </extensions>
   </trkpt>
   <trkpt lat="46.5299615" lon="12.0136992">
    <ele>2552</ele>
    <time>2026-10-02T13:20:31Z</time>
    <extensions>
     <gpxdata:hr>146</gpxdata:hr>
     <gpxdata:distance>2117.00</gpxdata:distance>
     <gpxdata:speed>0.636</gpxdata:speed>
    </extensions>
   </trkpt>
   <trkpt lat="46.5299645" lon="12.0136894">
    <ele>2552</ele>
    <time>2026-10-02T13:20:32Z</time>
    <extensions>
     <gpxdata:hr>146</gpxdata:hr>
     <gpxdata:distance>2118.00</gpxdata:distance>
     <gpxdata:speed>0.650</gpxdata:speed>
    </extensions>
   </trkpt>
   <trkpt lat="46.5299680" lon="12.0136790">
    <ele>2552</ele>
    <time>2026-10-02T13:20:33Z</time>
    <extensions>
     <gpxdata:hr>146</gpxdata:hr>
     <gpxdata:distance>2119.00</gpxdata:distance>
     <gpxdata:speed>0.667</gpxdata:speed>
    </extensions>
   </trkpt>
   <trkpt lat="46.5299712" lon="12.0136686">
    <ele>2552</ele>
    <time>2026-10-02T13:20:34Z</time>
    <extensions>
     <gpxdata:hr>145</gpxdata:hr>
     <gpxdata:distance>2120.00</gpxdata:distance>
     <gpxdata:speed>0.689</gpxdata:speed>
    </extensions>
   </trkpt>
   <trkpt lat="46.5299737" lon="12.0136593">
    <ele>2553</ele>
    <time>2026-10-02T13:20:35Z</time>
    <extensions>
     <gpxdata:hr>145</gpxdata:hr>
     <gpxdata:distance>2121.00</gpxdata:distance>
     <gpxdata:speed>0.714</gpxdata:speed>
    </extensions>
   </trkpt>
   <trkpt lat="46.5299757" lon="12.0136511">
    <ele>2553</ele>
    <time>2026-10-02T13:20:36Z</time>
    <extensions>
     <gpxdata:hr>144</gpxdata:hr>
     <gpxdata:distance>2121.50</gpxdata:distance>
     <gpxdata:speed>0.731</gpxdata:speed>
    </extensions>
   </trkpt>
   <trkpt lat="46.5299777" lon="12.0136432">
    <ele>2553</ele>
    <time>2026-10-02T13:20:37Z</time>
    <extensions>
     <gpxdata:hr>144</gpxdata:hr>
     <gpxdata:distance>2122.00</gpxdata:distance>
     <gpxdata:speed>0.747</gpxdata:speed>
    </extensions>
   </trkpt>
   <trkpt lat="46.5299795" lon="12.0136349">
    <ele>2553</ele>
    <time>2026-10-02T13:20:38Z</time>
    <extensions>
     <gpxdata:hr>143</gpxdata:hr>
     <gpxdata:distance>2122.00</gpxdata:distance>
     <gpxdata:speed>0.753</gpxdata:speed>
    </extensions>
   </trkpt>
   <trkpt lat="46.5299812" lon="12.0136257">
    <ele>2554</ele>
    <time>2026-10-02T13:20:39Z</time>
    <extensions>
     <gpxdata:hr>143</gpxdata:hr>
     <gpxdata:distance>2122.00</gpxdata:distance>
     <gpxdata:speed>0.758</gpxdata:speed>
    </extensions>
   </trkpt>
   <trkpt lat="46.5299831" lon="12.0136159">
    <ele>2554</ele>
    <time>2026-10-02T13:20:40Z</time>
    <extensions>
     <gpxdata:hr>143</gpxdata:hr>
     <gpxdata:distance>2123.50</gpxdata:distance>
     <gpxdata:speed>0.753</gpxdata:speed>
    </extensions>
   </trkpt>
   <trkpt lat="46.5299852" lon="12.0136061">
    <ele>2554</ele>
    <time>2026-10-02T13:20:41Z</time>
    <extensions>
     <gpxdata:hr>143</gpxdata:hr>
     <gpxdata:distance>2125.00</gpxdata:distance>
     <gpxdata:speed>0.750</gpxdata:speed>
    </extensions>
   </trkpt>
   <trkpt lat="46.5299876" lon="12.0135966">
    <ele>2554</ele>
    <time>2026-10-02T13:20:42Z</time>
    <extensions>
     <gpxdata:hr>142</gpxdata:hr>
     <gpxdata:distance>2126.00</gpxdata:distance>
     <gpxdata:speed>0.747</gpxdata:speed>
    </extensions>
   </trkpt>
   <trkpt lat="46.5299904" lon="12.0135874">
    <ele>2555</ele>
    <time>2026-10-02T13:20:43Z</time>
    <extensions>
     <gpxdata:hr>142</gpxdata:hr>
     <gpxdata:distance>2127.00</gpxdata:distance>
     <gpxdata:speed>0.744</gpxdata:speed>
    </extensions>
   </trkpt>
   <trkpt lat="46.5299935" lon="12.0135782">
    <ele>2555</ele>
    <time>2026-10-02T13:20:44Z</time>
    <extensions>
     <gpxdata:hr>143</gpxdata:hr>
     <gpxdata:distance>2127.50</gpxdata:distance>
     <gpxdata:speed>0.747</gpxdata:speed>
    </extensions>
   </trkpt>
   <trkpt lat="46.5299967" lon="12.0135691">
    <ele>2555</ele>
    <time>2026-10-02T13:20:45Z</time>
    <extensions>
     <gpxdata:hr>143</gpxdata:hr>
     <gpxdata:distance>2128.00</gpxdata:distance>
     <gpxdata:speed>0.750</gpxdata:speed>
    </extensions>
   </trkpt>
   <trkpt lat="46.5300001" lon="12.0135610">
    <ele>2555</ele>
    <time>2026-10-02T13:20:46Z</time>
    <extensions>
     <gpxdata:hr>143</gpxdata:hr>
     <gpxdata:distance>2129.00</gpxdata:distance>
     <gpxdata:speed>0.750</gpxdata:speed>
    </extensions>
   </trkpt>
  </trkseg>
  <trkseg>
   <trkpt lat="46.5300003" lon="12.0135555">
    <ele>2558</ele>
    <time>2026-10-02T13:21:05Z</time>
    <extensions>
     <gpxdata:hr>162</gpxdata:hr>
     <gpxdata:distance>2130.00</gpxdata:distance>
    </extensions>
   </trkpt>
   <trkpt lat="46.5299998" lon="12.0135506">
    <ele>2558</ele>
    <time>2026-10-02T13:21:06Z</time>
    <extensions>
     <gpxdata:hr>162</gpxdata:hr>
     <gpxdata:distance>2130.00</gpxdata:distance>
    </extensions>
   </trkpt>
   <trkpt lat="46.5299988" lon="12.0135454">
    <ele>2559</ele>
    <time>2026-10-02T13:21:07Z</time>
    <extensions>
     <gpxdata:hr>162</gpxdata:hr>
     <gpxdata:distance>2130.00</gpxdata:distance>
    </extensions>
   </trkpt>
   <trkpt lat="46.5299984" lon="12.0135391">
    <ele>2559</ele>
    <time>2026-10-02T13:21:08Z</time>
    <extensions>
     <gpxdata:hr>162</gpxdata:hr>
     <gpxdata:distance>2131.00</gpxdata:distance>
    </extensions>
   </trkpt>
   <trkpt lat="46.5299990" lon="12.0135315">
    <ele>2559</ele>
    <time>2026-10-02T13:21:09Z</time>
    <extensions>
     <gpxdata:hr>162</gpxdata:hr>
     <gpxdata:distance>2132.00</gpxdata:distance>
    </extensions>
   </trkpt>
   <trkpt lat="46.5300007" lon="12.0135229">
    <ele>2559</ele>
    <time>2026-10-02T13:21:10Z</time>
    <extensions>
     <gpxdata:hr>162</gpxdata:hr>
     <gpxdata:distance>2133.00</gpxdata:distance>
    </extensions>
   </trkpt>
   <trkpt lat="46.5300032" lon="12.0135139">
    <ele>2559</ele>
    <time>2026-10-02T13:21:11Z</time>
    <extensions>
     <gpxdata:hr>162</gpxdata:hr>
     <gpxdata:distance>2134.00</gpxdata:distance>
    </extensions>
   </trkpt>
   <trkpt lat="46.5300064" lon="12.0135050">
    <ele>2559</ele>
    <time>2026-10-02T13:21:12Z</time>
    <extensions>
     <gpxdata:hr>162</gpxdata:hr>
     <gpxdata:distance>2134.50</gpxdata:distance>
    </extensions>
   </trkpt>
   <trkpt lat="46.5300097" lon="12.0134960">
    <ele>2559</ele>
    <time>2026-10-02T13:21:13Z</time>
    <extensions>
     <gpxdata:hr>161</gpxdata:hr>
     <gpxdata:distance>2135.00</gpxdata:distance>
    </extensions>
   </trkpt>
   <trkpt lat="46.5300130" lon="12.0134871">
    <ele>2559</ele>
    <time>2026-10-02T13:21:14Z</time>
    <extensions>
     <gpxdata:hr>161</gpxdata:hr>
     <gpxdata:distance>2135.50</gpxdata:distance>
    </extensions>
   </trkpt>
   <trkpt lat="46.5300160" lon="12.0134783">
    <ele>2559</ele>
    <time>2026-10-02T13:21:15Z</time>
    <extensions>
     <gpxdata:hr>160</gpxdata:hr>
     <gpxdata:distance>2136.00</gpxdata:distance>
    </extensions>
   </trkpt>
   <trkpt lat="46.5300185" lon="12.0134697">
    <ele>2559</ele>
    <time>2026-10-02T13:21:16Z</time>
    <extensions>
     <gpxdata:hr>159</gpxdata:hr>
     <gpxdata:distance>2137.00</gpxdata:distance>
    </extensions>
   </trkpt>
   <trkpt lat="46.5300205" lon="12.0134612">
    <ele>2559</ele>
    <time>2026-10-02T13:21:17Z</time>
    <extensions>
     <gpxdata:hr>158</gpxdata:hr>
     <gpxdata:distance>2138.00</gpxdata:distance>
    </extensions>
   </trkpt>
   <trkpt lat="46.5300226" lon="12.0134527">
    <ele>2559</ele>
    <time>2026-10-02T13:21:18Z</time>
    <extensions>
     <gpxdata:hr>157</gpxdata:hr>
     <gpxdata:distance>2138.50</gpxdata:distance>
    </extensions>
   </trkpt>
   <trkpt lat="46.5300250" lon="12.0134441">
    <ele>2560</ele>
    <time>2026-10-02T13:21:19Z</time>
    <extensions>
     <gpxdata:hr>157</gpxdata:hr>
     <gpxdata:distance>2139.00</gpxdata:distance>
    </extensions>
   </trkpt>
   <trkpt lat="46.5300281" lon="12.0134353">
    <ele>2560</ele>
    <time>2026-10-02T13:21:20Z</time>
    <extensions>
     <gpxdata:hr>156</gpxdata:hr>
     <gpxdata:distance>2140.00</gpxdata:distance>
    </extensions>
   </trkpt>
   <trkpt lat="46.5300319" lon="12.0134268">
    <ele>2560</ele>
    <time>2026-10-02T13:21:21Z</time>
    <extensions>
     <gpxdata:hr>155</gpxdata:hr>
     <gpxdata:distance>2141.00</gpxdata:distance>
    </extensions>
   </trkpt>
   <trkpt lat="46.5300363" lon="12.0134190">
    <ele>2560</ele>
    <time>2026-10-02T13:21:22Z</time>
    <extensions>
     <gpxdata:hr>155</gpxdata:hr>
     <gpxdata:distance>2141.50</gpxdata:distance>
    </extensions>
   </trkpt>
   <trkpt lat="46.5300413" lon="12.0134115">
    <ele>2561</ele>
    <time>2026-10-02T13:21:23Z</time>
    <extensions>
     <gpxdata:hr>155</gpxdata:hr>
     <gpxdata:distance>2142.00</gpxdata:distance>
    </extensions>
   </trkpt>
   <trkpt lat="46.5300467" lon="12.0134050">
    <ele>2561</ele>
    <time>2026-10-02T13:21:24Z</time>
    <extensions>
     <gpxdata:hr>155</gpxdata:hr>
     <gpxdata:distance>2143.00</gpxdata:distance>
    </extensions>
   </trkpt>
   <trkpt lat="46.5300521" lon="12.0133998">
    <ele>2561</ele>
    <time>2026-10-02T13:21:25Z</time>
    <extensions>
     <gpxdata:hr>155</gpxdata:hr>
     <gpxdata:distance>2144.00</gpxdata:distance>
    </extensions>
   </trkpt>
  </trkseg>
  <trkseg>
   <trkpt lat="46.5300581" lon="12.0133887">
    <ele>2566</ele>
    <time>2026-10-02T13:22:17Z</time>
    <extensions>
     <gpxdata:hr>107</gpxdata:hr>
     <gpxdata:distance>2144.00</gpxdata:distance>
    </extensions>
   </trkpt>
   <trkpt lat="46.5300614" lon="12.0133801">
    <ele>2566</ele>
    <time>2026-10-02T13:22:18Z</time>
    <extensions>
     <gpxdata:hr>107</gpxdata:hr>
     <gpxdata:distance>2144.00</gpxdata:distance>
    </extensions>
   </trkpt>
   <trkpt lat="46.5300628" lon="12.0133726">
    <ele>2566</ele>
    <time>2026-10-02T13:22:19Z</time>
    <extensions>
     <gpxdata:hr>107</gpxdata:hr>
     <gpxdata:distance>2144.00</gpxdata:distance>
    </extensions>
   </trkpt>
   <trkpt lat="46.5300625" lon="12.0133648">
    <ele>2566</ele>
    <time>2026-10-02T13:22:20Z</time>
    <extensions>
     <gpxdata:hr>107</gpxdata:hr>
     <gpxdata:distance>2146.00</gpxdata:distance>
    </extensions>
   </trkpt>
   <trkpt lat="46.5300603" lon="12.0133554">
    <ele>2566</ele>
    <time>2026-10-02T13:22:21Z</time>
    <extensions>
     <gpxdata:hr>107</gpxdata:hr>
     <gpxdata:distance>2148.00</gpxdata:distance>
    </extensions>
   </trkpt>
   <trkpt lat="46.5300562" lon="12.0133445">
    <ele>2566</ele>
    <time>2026-10-02T13:22:22Z</time>
    <extensions>
     <gpxdata:hr>108</gpxdata:hr>
     <gpxdata:distance>2149.00</gpxdata:distance>
     <gpxdata:speed>0.519</gpxdata:speed>
    </extensions>
   </trkpt>
   <trkpt lat="46.5300507" lon="12.0133333">
    <ele>2566</ele>
    <time>2026-10-02T13:22:23Z</time>
    <extensions>
     <gpxdata:hr>108</gpxdata:hr>
     <gpxdata:distance>2150.00</gpxdata:distance>
     <gpxdata:speed>1.042</gpxdata:speed>
    </extensions>
   </trkpt>
   <trkpt lat="46.5300447" lon="12.0133226">
    <ele>2566</ele>
    <time>2026-10-02T13:22:24Z</time>
    <extensions>
     <gpxdata:hr>108</gpxdata:hr>
     <gpxdata:distance>2151.00</gpxdata:distance>
     <gpxdata:speed>1.036</gpxdata:speed>
    </extensions>
   </trkpt>
   <trkpt lat="46.5300387" lon="12.0133126">
    <ele>2566</ele>
    <time>2026-10-02T13:22:25Z</time>
    <extensions>
     <gpxdata:hr>108</gpxdata:hr>
     <gpxdata:distance>2152.00</gpxdata:distance>
     <gpxdata:speed>1.031</gpxdata:speed>
    </extensions>
   </trkpt>
   <trkpt lat="46.5300329" lon="12.0133031">
    <ele>2566</ele>
    <time>2026-10-02T13:22:26Z</time>
    <extensions>
     <gpxdata:hr>108</gpxdata:hr>
     <gpxdata:distance>2153.00</gpxdata:distance>
     <gpxdata:speed>0.992</gpxdata:speed>
    </extensions>
   </trkpt>
   <trkpt lat="46.5300277" lon="12.0132941">
    <ele>2566</ele>
    <time>2026-10-02T13:22:27Z</time>
    <extensions>
     <gpxdata:hr>109</gpxdata:hr>
     <gpxdata:distance>2154.00</gpxdata:distance>
     <gpxdata:speed>0.956</gpxdata:speed>
    </extensions>
   </trkpt>
   <trkpt lat="46.5300233" lon="12.0132855">
    <ele>2566</ele>
    <time>2026-10-02T13:22:28Z</time>
    <extensions>
     <gpxdata:hr>109</gpxdata:hr>
     <gpxdata:distance>2154.50</gpxdata:distance>
     <gpxdata:speed>0.919</gpxdata:speed>
    </extensions>
   </trkpt>
   <trkpt lat="46.5300202" lon="12.0132779">
    <ele>2566</ele>
    <time>2026-10-02T13:22:29Z</time>
    <extensions>
     <gpxdata:hr>110</gpxdata:hr>
     <gpxdata:distance>2155.00</gpxdata:distance>
     <gpxdata:speed>0.886</gpxdata:speed>
    </extensions>
   </trkpt>
   <trkpt lat="46.5300180" lon="12.0132707">
    <ele>2566</ele>
    <time>2026-10-02T13:22:30Z</time>
    <extensions>
     <gpxdata:hr>111</gpxdata:hr>
     <gpxdata:distance>2155.00</gpxdata:distance>
     <gpxdata:speed>0.850</gpxdata:speed>
    </extensions>
   </trkpt>
   <trkpt lat="46.5300163" lon="12.0132634">
    <ele>2567</ele>
    <time>2026-10-02T13:22:31Z</time>
    <extensions>
     <gpxdata:hr>112</gpxdata:hr>
     <gpxdata:distance>2155.00</gpxdata:distance>
     <gpxdata:speed>0.817</gpxdata:speed>
    </extensions>
   </trkpt>
   <trkpt lat="46.5300145" lon="12.0132558">
    <ele>2567</ele>
    <time>2026-10-02T13:22:32Z</time>
    <extensions>
     <gpxdata:hr>113</gpxdata:hr>
     <gpxdata:distance>2156.00</gpxdata:distance>
     <gpxdata:speed>0.803</gpxdata:speed>
    </extensions>
   </trkpt>
   <trkpt lat="46.5300109" lon="12.0132471">
    <ele>2567</ele>
    <time>2026-10-02T13:22:33Z</time>
    <extensions>
     <gpxdata:hr>113</gpxdata:hr>
     <gpxdata:distance>2157.00</gpxdata:distance>
     <gpxdata:speed>0.789</gpxdata:speed>
    </extensions>
   </trkpt>
   <trkpt lat="46.5300071" lon="12.0132392">
    <ele>2567</ele>
    <time>2026-10-02T13:22:34Z</time>
    <extensions>
     <gpxdata:hr>114</gpxdata:hr>
     <gpxdata:distance>2157.50</gpxdata:distance>
     <gpxdata:speed>0.781</gpxdata:speed>
    </extensions>
   </trkpt>
   <trkpt lat="46.5300031" lon="12.0132312">
    <ele>2567</ele>
    <time>2026-10-02T13:22:35Z</time>
    <extensions>
     <gpxdata:hr>115</gpxdata:hr>
     <gpxdata:distance>2158.00</gpxdata:distance>
     <gpxdata:speed>0.775</gpxdata:speed>
    </extensions>
   </trkpt>
   <trkpt lat="46.5299993" lon="12.0132234">
    <ele>2567</ele>
    <time>2026-10-02T13:22:36Z</time>
    <extensions>
     <gpxdata:hr>114</gpxdata:hr>
     <gpxdata:distance>2159.00</gpxdata:distance>
     <gpxdata:speed>0.767</gpxdata:speed>
    </extensions>
   </trkpt>
  </trkseg>
  <trkseg>
   <trkpt lat="46.5299952" lon="12.0132040">
    <ele>2569</ele>
    <time>2026-10-02T13:22:55Z</time>
    <extensions>
     <gpxdata:hr>116</gpxdata:hr>
     <gpxdata:distance>2161.00</gpxdata:distance>
    </extensions>
   </trkpt>
   <trkpt lat="46.5299923" lon="12.0131893">
    <ele>2569</ele>
    <time>2026-10-02T13:22:56Z</time>
    <extensions>
     <gpxdata:hr>117</gpxdata:hr>
     <gpxdata:distance>2161.00</gpxdata:distance>
     <gpxdata:speed>0.406</gpxdata:speed>
    </extensions>
   </trkpt>
   <trkpt lat="46.5299903" lon="12.0131770">
    <ele>2569</ele>
    <time>2026-10-02T13:22:57Z</time>
    <extensions>
     <gpxdata:hr>118</gpxdata:hr>
     <gpxdata:distance>2161.00</gpxdata:distance>
     <gpxdata:speed>0.811</gpxdata:speed>
    </extensions>
   </trkpt>
   <trkpt lat="46.5299891" lon="12.0131658">
    <ele>2569</ele>
    <time>2026-10-02T13:22:58Z</time>
    <extensions>
     <gpxdata:hr>118</gpxdata:hr>
     <gpxdata:distance>2163.50</gpxdata:distance>
     <gpxdata:speed>0.731</gpxdata:speed>
    </extensions>
   </trkpt>
   <trkpt lat="46.5299887" lon="12.0131550">
    <ele>2570</ele>
    <time>2026-10-02T13:22:59Z</time>
    <extensions>
     <gpxdata:hr>119</gpxdata:hr>
     <gpxdata:distance>2166.00</gpxdata:distance>
     <gpxdata:speed>0.653</gpxdata:speed>
    </extensions>
   </trkpt>
   <trkpt lat="46.5299878" lon="12.0131441">
    <ele>2570</ele>
    <time>2026-10-02T13:23:00Z</time>
    <extensions>
     <gpxdata:hr>120</gpxdata:hr>
     <gpxdata:distance>2166.50</gpxdata:distance>
     <gpxdata:speed>0.617</gpxdata:speed>
    </extensions>
   </trkpt>
   <trkpt lat="46.5299855" lon="12.0131373">
    <ele>2570</ele>
    <time>2026-10-02T13:23:01Z</time>
    <extensions>
     <gpxdata:hr>120</gpxdata:hr>
     <gpxdata:distance>2167.00</gpxdata:distance>
     <gpxdata:speed>0.581</gpxdata:speed>
    </extensions>
   </trkpt>
   <trkpt lat="46.5299815" lon="12.0131336">
    <ele>2570</ele>
    <time>2026-10-02T13:23:02Z</time>
    <extensions>
     <gpxdata:hr>120</gpxdata:hr>
     <gpxdata:distance>2167.00</gpxdata:distance>
     <gpxdata:speed>0.656</gpxdata:speed>
    </extensions>
   </trkpt>
   <trkpt lat="46.5299758" lon="12.0131321">
    <ele>2571</ele>
    <time>2026-10-02T13:23:03Z</time>
    <extensions>
     <gpxdata:hr>121</gpxdata:hr>
     <gpxdata:distance>2167.00</gpxdata:distance>
     <gpxdata:speed>0.731</gpxdata:speed>
    </extensions>
   </trkpt>
   <trkpt lat="46.5299695" lon="12.0131312">
    <ele>2571</ele>
    <time>2026-10-02T13:23:04Z</time>
    <extensions>
     <gpxdata:hr>121</gpxdata:hr>
     <gpxdata:distance>2168.00</gpxdata:distance>
     <gpxdata:speed>0.750</gpxdata:speed>
    </extensions>
   </trkpt>
  </trkseg>
  <trkseg>
   <trkpt lat="46.5299703" lon="12.0131273">
    <ele>2574</ele>
    <time>2026-10-02T13:26:35Z</time>
    <extensions>
     <gpxdata:hr>104</gpxdata:hr>
     <gpxdata:distance>2169.00</gpxdata:distance>
    </extensions>
   </trkpt>
   <trkpt lat="46.5299725" lon="12.0131244">
    <ele>2574</ele>
    <time>2026-10-02T13:26:36Z</time>
    <extensions>
     <gpxdata:hr>106</gpxdata:hr>
     <gpxdata:distance>2169.00</gpxdata:distance>
    </extensions>
   </trkpt>
   <trkpt lat="46.5299758" lon="12.0131220">
    <ele>2574</ele>
    <time>2026-10-02T13:26:37Z</time>
    <extensions>
     <gpxdata:hr>108</gpxdata:hr>
     <gpxdata:distance>2169.00</gpxdata:distance>
    </extensions>
   </trkpt>
   <trkpt lat="46.5299803" lon="12.0131198">
    <ele>2574</ele>
    <time>2026-10-02T13:26:38Z</time>
    <extensions>
     <gpxdata:hr>109</gpxdata:hr>
     <gpxdata:distance>2170.00</gpxdata:distance>
    </extensions>
   </trkpt>
   <trkpt lat="46.5299860" lon="12.0131176">
    <ele>2574</ele>
    <time>2026-10-02T13:26:39Z</time>
    <extensions>
     <gpxdata:hr>110</gpxdata:hr>
     <gpxdata:distance>2171.00</gpxdata:distance>
    </extensions>
   </trkpt>
   <trkpt lat="46.5299932" lon="12.0131160">
    <ele>2574</ele>
    <time>2026-10-02T13:26:40Z</time>
    <extensions>
     <gpxdata:hr>110</gpxdata:hr>
     <gpxdata:distance>2172.00</gpxdata:distance>
    </extensions>
   </trkpt>
   <trkpt lat="46.5300016" lon="12.0131153">
    <ele>2574</ele>
    <time>2026-10-02T13:26:41Z</time>
    <extensions>
     <gpxdata:hr>111</gpxdata:hr>
     <gpxdata:distance>2173.00</gpxdata:distance>
    </extensions>
   </trkpt>
   <trkpt lat="46.5300107" lon="12.0131151">
    <ele>2574</ele>
    <time>2026-10-02T13:26:42Z</time>
    <extensions>
     <gpxdata:hr>111</gpxdata:hr>
     <gpxdata:distance>2174.00</gpxdata:distance>
    </extensions>
   </trkpt>
   <trkpt lat="46.5300195" lon="12.0131148">
    <ele>2575</ele>
    <time>2026-10-02T13:26:43Z</time>
    <extensions>
     <gpxdata:hr>111</gpxdata:hr>
     <gpxdata:distance>2175.00</gpxdata:distance>
    </extensions>
   </trkpt>
   <trkpt lat="46.5300276" lon="12.0131142">
    <ele>2575</ele>
    <time>2026-10-02T13:26:44Z</time>
    <extensions>
     <gpxdata:hr>111</gpxdata:hr>
     <gpxdata:distance>2175.50</gpxdata:distance>
    </extensions>
   </trkpt>
   <trkpt lat="46.5300355" lon="12.0131132">
    <ele>2575</ele>
    <time>2026-10-02T13:26:45Z</time>
    <extensions>
     <gpxdata:hr>110</gpxdata:hr>
     <gpxdata:distance>2176.00</gpxdata:distance>
    </extensions>
   </trkpt>
   <trkpt lat="46.5300436" lon="12.0131118">
    <ele>2575</ele>
    <time>2026-10-02T13:26:46Z</time>
    <extensions>
     <gpxdata:hr>110</gpxdata:hr>
     <gpxdata:distance>2177.00</gpxdata:distance>
     <gpxdata:speed>0.425</gpxdata:speed>
    </extensions>
   </trkpt>
   <trkpt lat="46.5300520" lon="12.0131096">
    <ele>2575</ele>
    <time>2026-10-02T13:26:47Z</time>
    <extensions>
     <gpxdata:hr>110</gpxdata:hr>
     <gpxdata:distance>2178.00</gpxdata:distance>
     <gpxdata:speed>0.853</gpxdata:speed>
    </extensions>
   </trkpt>
   <trkpt lat="46.5300604" lon="12.0131066">
    <ele>2575</ele>
    <time>2026-10-02T13:26:48Z</time>
    <extensions>
     <gpxdata:hr>111</gpxdata:hr>
     <gpxdata:distance>2179.00</gpxdata:distance>
     <gpxdata:speed>0.864</gpxdata:speed>
    </extensions>
   </trkpt>
   <trkpt lat="46.5300691" lon="12.0131031">
    <ele>2575</ele>
    <time>2026-10-02T13:26:49Z</time>
    <extensions>
     <gpxdata:hr>111</gpxdata:hr>
     <gpxdata:distance>2180.00</gpxdata:distance>
     <gpxdata:speed>0.878</gpxdata:speed>
    </extensions>
   </trkpt>
   <trkpt lat="46.5300782" lon="12.0130994">
    <ele>2575</ele>
    <time>2026-10-02T13:26:50Z</time>
    <extensions>
     <gpxdata:hr>111</gpxdata:hr>
     <gpxdata:distance>2181.50</gpxdata:distance>
     <gpxdata:speed>0.892</gpxdata:speed>
    </extensions>
   </trkpt>
   <trkpt lat="46.5300878" lon="12.0130956">
    <ele>2576</ele>
    <time>2026-10-02T13:26:51Z</time>
    <extensions>
     <gpxdata:hr>111</gpxdata:hr>
     <gpxdata:distance>2183.00</gpxdata:distance>
     <gpxdata:speed>0.906</gpxdata:speed>
    </extensions>
   </trkpt>
   <trkpt lat="46.5300976" lon="12.0130915">
    <ele>2576</ele>
    <time>2026-10-02T13:26:52Z</time>
    <extensions>
     <gpxdata:hr>112</gpxdata:hr>
     <gpxdata:distance>2184.00</gpxdata:distance>
     <gpxdata:speed>0.919</gpxdata:speed>
    </extensions>
   </trkpt>
   <trkpt lat="46.5301077" lon="12.0130871">
    <ele>2576</ele>
    <time>2026-10-02T13:26:53Z</time>
    <extensions>
     <gpxdata:hr>112</gpxdata:hr>
     <gpxdata:distance>2185.00</gpxdata:distance>
     <gpxdata:speed>0.933</gpxdata:speed>
    </extensions>
   </trkpt>
   <trkpt lat="46.5301179" lon="12.0130825">
    <ele>2576</ele>
    <time>2026-10-02T13:26:54Z</time>
    <extensions>
     <gpxdata:hr>113</gpxdata:hr>
     <gpxdata:distance>2186.00</gpxdata:distance>
     <gpxdata:speed>0.944</gpxdata:speed>
    </extensions>
   </trkpt>
   <trkpt lat="46.5301282" lon="12.0130781">
    <ele>2576</ele>
    <time>2026-10-02T13:26:55Z</time>
    <extensions>
     <gpxdata:hr>114</gpxdata:hr>
     <gpxdata:distance>2187.00</gpxdata:distance>
     <gpxdata:speed>0.958</gpxdata:speed>
    </extensions>
   </trkpt>
   <trkpt lat="46.5301383" lon="12.0130745">
    <ele>2576</ele>
    <time>2026-10-02T13:26:56Z</time>
    <extensions>
     <gpxdata:hr>115</gpxdata:hr>
     <gpxdata:distance>2188.50</gpxdata:distance>
     <gpxdata:speed>0.969</gpxdata:speed>
    </extensions>
   </trkpt>
   <trkpt lat="46.5301476" lon="12.0130720">
    <ele>2576</ele>
    <time>2026-10-02T13:26:57Z</time>
    <extensions>
     <gpxdata:hr>116</gpxdata:hr>
     <gpxdata:distance>2190.00</gpxdata:distance>
     <gpxdata:speed>0.983</gpxdata:speed>
    </extensions>
   </trkpt>
  </trkseg>
  <trkseg>
   <trkpt lat="46.5301543" lon="12.0130739">
    <ele>2578</ele>
    <time>2026-10-02T13:27:15Z</time>
    <extensions>
     <gpxdata:hr>126</gpxdata:hr>
     <gpxdata:distance>2190.00</gpxdata:distance>
    </extensions>
   </trkpt>
   <trkpt lat="46.5301598" lon="12.0130755">
    <ele>2578</ele>
    <time>2026-10-02T13:27:16Z</time>
    <extensions>
     <gpxdata:hr>126</gpxdata:hr>
     <gpxdata:distance>2190.00</gpxdata:distance>
    </extensions>
   </trkpt>
   <trkpt lat="46.5301655" lon="12.0130768">
    <ele>2578</ele>
    <time>2026-10-02T13:27:17Z</time>
    <extensions>
     <gpxdata:hr>126</gpxdata:hr>
     <gpxdata:distance>2190.00</gpxdata:distance>
    </extensions>
   </trkpt>
   <trkpt lat="46.5301717" lon="12.0130779">
    <ele>2578</ele>
    <time>2026-10-02T13:27:18Z</time>
    <extensions>
     <gpxdata:hr>126</gpxdata:hr>
     <gpxdata:distance>2191.50</gpxdata:distance>
    </extensions>
   </trkpt>
   <trkpt lat="46.5301786" lon="12.0130788">
    <ele>2578</ele>
    <time>2026-10-02T13:27:19Z</time>
    <extensions>
     <gpxdata:hr>125</gpxdata:hr>
     <gpxdata:distance>2193.00</gpxdata:distance>
    </extensions>
   </trkpt>
   <trkpt lat="46.5301859" lon="12.0130792">
    <ele>2578</ele>
    <time>2026-10-02T13:27:20Z</time>
    <extensions>
     <gpxdata:hr>125</gpxdata:hr>
     <gpxdata:distance>2194.00</gpxdata:distance>
    </extensions>
   </trkpt>
   <trkpt lat="46.5301931" lon="12.0130793">
    <ele>2578</ele>
    <time>2026-10-02T13:27:21Z</time>
    <extensions>
     <gpxdata:hr>124</gpxdata:hr>
     <gpxdata:distance>2195.00</gpxdata:distance>
    </extensions>
   </trkpt>
   <trkpt lat="46.5301996" lon="12.0130792">
    <ele>2578</ele>
    <time>2026-10-02T13:27:22Z</time>
    <extensions>
     <gpxdata:hr>124</gpxdata:hr>
     <gpxdata:distance>2195.00</gpxdata:distance>
    </extensions>
   </trkpt>
   <trkpt lat="46.5302057" lon="12.0130793">
    <ele>2578</ele>
    <time>2026-10-02T13:27:23Z</time>
    <extensions>
     <gpxdata:hr>124</gpxdata:hr>
     <gpxdata:distance>2195.00</gpxdata:distance>
    </extensions>
   </trkpt>
   <trkpt lat="46.5302117" lon="12.0130795">
    <ele>2578</ele>
    <time>2026-10-02T13:27:24Z</time>
    <extensions>
     <gpxdata:hr>123</gpxdata:hr>
     <gpxdata:distance>2195.00</gpxdata:distance>
     <gpxdata:speed>0.272</gpxdata:speed>
    </extensions>
   </trkpt>
   <trkpt lat="46.5302179" lon="12.0130796">
    <ele>2578</ele>
    <time>2026-10-02T13:27:25Z</time>
    <extensions>
     <gpxdata:hr>123</gpxdata:hr>
     <gpxdata:distance>2195.00</gpxdata:distance>
     <gpxdata:speed>0.547</gpxdata:speed>
    </extensions>
   </trkpt>
   <trkpt lat="46.5302243" lon="12.0130791">
    <ele>2578</ele>
    <time>2026-10-02T13:27:26Z</time>
    <extensions>
     <gpxdata:hr>122</gpxdata:hr>
     <gpxdata:distance>2197.00</gpxdata:distance>
     <gpxdata:speed>0.575</gpxdata:speed>
    </extensions>
   </trkpt>
   <trkpt lat="46.5302307" lon="12.0130777">
    <ele>2578</ele>
    <time>2026-10-02T13:27:27Z</time>
    <extensions>
     <gpxdata:hr>122</gpxdata:hr>
     <gpxdata:distance>2199.00</gpxdata:distance>
     <gpxdata:speed>0.603</gpxdata:speed>
    </extensions>
   </trkpt>
   <trkpt lat="46.5302376" lon="12.0130752">
    <ele>2578</ele>
    <time>2026-10-02T13:27:28Z</time>
    <extensions>
     <gpxdata:hr>121</gpxdata:hr>
     <gpxdata:distance>2199.50</gpxdata:distance>
     <gpxdata:speed>0.614</gpxdata:speed>
    </extensions>
   </trkpt>
   <trkpt lat="46.5302448" lon="12.0130719">
    <ele>2578</ele>
    <time>2026-10-02T13:27:29Z</time>
    <extensions>
     <gpxdata:hr>120</gpxdata:hr>
     <gpxdata:distance>2200.00</gpxdata:distance>
     <gpxdata:speed>0.628</gpxdata:speed>
    </extensions>
   </trkpt>
   <trkpt lat="46.5302522" lon="12.0130679">
    <ele>2578</ele>
    <time>2026-10-02T13:27:30Z</time>
    <extensions>
     <gpxdata:hr>119</gpxdata:hr>
     <gpxdata:distance>2201.00</gpxdata:distance>
     <gpxdata:speed>0.642</gpxdata:speed>
    </extensions>
   </trkpt>
   <trkpt lat="46.5302599" lon="12.0130632">
    <ele>2578</ele>
    <time>2026-10-02T13:27:31Z</time>
    <extensions>
     <gpxdata:hr>118</gpxdata:hr>
     <gpxdata:distance>2202.00</gpxdata:distance>
     <gpxdata:speed>0.658</gpxdata:speed>
    </extensions>
   </trkpt>
   <trkpt lat="46.5302676" lon="12.0130576">
    <ele>2578</ele>
    <time>2026-10-02T13:27:32Z</time>
    <extensions>
     <gpxdata:hr>117</gpxdata:hr>
     <gpxdata:distance>2203.00</gpxdata:distance>
     <gpxdata:speed>0.672</gpxdata:speed>
    </extensions>
   </trkpt>
   <trkpt lat="46.5302753" lon="12.0130513">
    <ele>2578</ele>
    <time>2026-10-02T13:27:33Z</time>
    <extensions>
     <gpxdata:hr>115</gpxdata:hr>
     <gpxdata:distance>2204.00</gpxdata:distance>
     <gpxdata:speed>0.686</gpxdata:speed>
    </extensions>
   </trkpt>
   <trkpt lat="46.5302829" lon="12.0130440">
    <ele>2578</ele>
    <time>2026-10-02T13:27:34Z</time>
    <extensions>
     <gpxdata:hr>115</gpxdata:hr>
     <gpxdata:distance>2205.00</gpxdata:distance>
     <gpxdata:speed>0.697</gpxdata:speed>
    </extensions>
   </trkpt>
   <trkpt lat="46.5302897" lon="12.0130354">
    <ele>2578</ele>
    <time>2026-10-02T13:27:35Z</time>
    <extensions>
     <gpxdata:hr>115</gpxdata:hr>
     <gpxdata:distance>2206.00</gpxdata:distance>
     <gpxdata:speed>0.708</gpxdata:speed>
    </extensions>
   </trkpt>
   <trkpt lat="46.5302958" lon="12.0130255">
    <ele>2578</ele>
    <time>2026-10-02T13:27:36Z</time>
    <extensions>
     <gpxdata:hr>115</gpxdata:hr>
     <gpxdata:distance>2207.00</gpxdata:distance>
     <gpxdata:speed>0.767</gpxdata:speed>
    </extensions>
   </trkpt>
   <trkpt lat="46.5303012" lon="12.0130147">
    <ele>2578</ele>
    <time>2026-10-02T13:27:37Z</time>
    <extensions>
     <gpxdata:hr>115</gpxdata:hr>
     <gpxdata:distance>2208.00</gpxdata:distance>
     <gpxdata:speed>0.825</gpxdata:speed>
    </extensions>
   </trkpt>
   <trkpt lat="46.5303065" lon="12.0130035">
    <ele>2578</ele>
    <time>2026-10-02T13:27:38Z</time>
    <extensions>
     <gpxdata:hr>115</gpxdata:hr>
     <gpxdata:distance>2209.00</gpxdata:distance>
     <gpxdata:speed>0.847</gpxdata:speed>
    </extensions>
   </trkpt>
   <trkpt lat="46.5303118" lon="12.0129925">
    <ele>2579</ele>
    <time>2026-10-02T13:27:39Z</time>
    <extensions>
     <gpxdata:hr>116</gpxdata:hr>
     <gpxdata:distance>2210.00</gpxdata:distance>
     <gpxdata:speed>0.869</gpxdata:speed>
    </extensions>
   </trkpt>
   <trkpt lat="46.5303172" lon="12.0129817">
    <ele>2579</ele>
    <time>2026-10-02T13:27:40Z</time>
    <extensions>
     <gpxdata:hr>117</gpxdata:hr>
     <gpxdata:distance>2211.00</gpxdata:distance>
     <gpxdata:speed>0.883</gpxdata:speed>
    </extensions>
   </trkpt>
   <trkpt lat="46.5303226" lon="12.0129712">
    <ele>2579</ele>
    <time>2026-10-02T13:27:41Z</time>
    <extensions>
     <gpxdata:hr>118</gpxdata:hr>
     <gpxdata:distance>2212.00</gpxdata:distance>
     <gpxdata:speed>0.900</gpxdata:speed>
    </extensions>
   </trkpt>
   <trkpt lat="46.5303281" lon="12.0129612">
    <ele>2579</ele>
    <time>2026-10-02T13:27:42Z</time>
    <extensions>
     <gpxdata:hr>118</gpxdata:hr>
     <gpxdata:distance>2213.00</gpxdata:distance>
     <gpxdata:speed>0.906</gpxdata:speed>
    </extensions>
   </trkpt>
   <trkpt lat="46.5303341" lon="12.0129524">
    <ele>2579</ele>
    <time>2026-10-02T13:27:43Z</time>
    <extensions>
     <gpxdata:hr>118</gpxdata:hr>
     <gpxdata:distance>2214.00</gpxdata:distance>
     <gpxdata:speed>0.914</gpxdata:speed>
    </extensions>
   </trkpt>
   <trkpt lat="46.5303404" lon="12.0129448">
    <ele>2579</ele>
    <time>2026-10-02T13:27:44Z</time>
    <extensions>
     <gpxdata:hr>119</gpxdata:hr>
     <gpxdata:distance>2215.00</gpxdata:distance>
     <gpxdata:speed>0.914</gpxdata:speed>
    </extensions>
   </trkpt>
   <trkpt lat="46.5303472" lon="12.0129387">
    <ele>2579</ele>
    <time>2026-10-02T13:27:45Z</time>
    <extensions>
     <gpxdata:hr>120</gpxdata:hr>
     <gpxdata:distance>2216.00</gpxdata:distance>
     <gpxdata:speed>0.917</gpxdata:speed>
    </extensions>
   </trkpt>
   <trkpt lat="46.5303544" lon="12.0129340">
    <ele>2579</ele>
    <time>2026-10-02T13:27:46Z</time>
    <extensions>
     <gpxdata:hr>121</gpxdata:hr>
     <gpxdata:distance>2217.00</gpxdata:distance>
     <gpxdata:speed>0.928</gpxdata:speed>
    </extensions>
   </trkpt>
   <trkpt lat="46.5303616" lon="12.0129308">
    <ele>2579</ele>
    <time>2026-10-02T13:27:47Z</time>
    <extensions>
     <gpxdata:hr>121</gpxdata:hr>
     <gpxdata:distance>2218.00</gpxdata:distance>
     <gpxdata:speed>0.939</gpxdata:speed>
    </extensions>
   </trkpt>
   <trkpt lat="46.5303689" lon="12.0129286">
    <ele>2579</ele>
    <time>2026-10-02T13:27:48Z</time>
    <extensions>
     <gpxdata:hr>122</gpxdata:hr>
     <gpxdata:distance>2218.50</gpxdata:distance>
     <gpxdata:speed>0.939</gpxdata:speed>
    </extensions>
   </trkpt>
   <trkpt lat="46.5303766" lon="12.0129277">
    <ele>2579</ele>
    <time>2026-10-02T13:27:49Z</time>
    <extensions>
     <gpxdata:hr>123</gpxdata:hr>
     <gpxdata:distance>2219.00</gpxdata:distance>
     <gpxdata:speed>0.939</gpxdata:speed>
    </extensions>
   </trkpt>
   <trkpt lat="46.5303844" lon="12.0129283">
    <ele>2579</ele>
    <time>2026-10-02T13:27:50Z</time>
    <extensions>
     <gpxdata:hr>123</gpxdata:hr>
     <gpxdata:distance>2220.00</gpxdata:distance>
     <gpxdata:speed>0.933</gpxdata:speed>
    </extensions>
   </trkpt>
  </trkseg>
  <trkseg>
   <trkpt lat="46.5303947" lon="12.0129288">
    <ele>2580</ele>
    <time>2026-10-02T13:28:19Z</time>
    <extensions>
     <gpxdata:hr>120</gpxdata:hr>
     <gpxdata:distance>2221.00</gpxdata:distance>
    </extensions>
   </trkpt>
   <trkpt lat="46.5303999" lon="12.0129280">
    <ele>2580</ele>
    <time>2026-10-02T13:28:20Z</time>
    <extensions>
     <gpxdata:hr>118</gpxdata:hr>
     <gpxdata:distance>2221.00</gpxdata:distance>
    </extensions>
   </trkpt>
   <trkpt lat="46.5304016" lon="12.0129256">
    <ele>2580</ele>
    <time>2026-10-02T13:28:21Z</time>
    <extensions>
     <gpxdata:hr>118</gpxdata:hr>
     <gpxdata:distance>2221.00</gpxdata:distance>
    </extensions>
   </trkpt>
   <trkpt lat="46.5304004" lon="12.0129208">
    <ele>2580</ele>
    <time>2026-10-02T13:28:22Z</time>
    <extensions>
     <gpxdata:hr>118</gpxdata:hr>
     <gpxdata:distance>2222.50</gpxdata:distance>
    </extensions>
   </trkpt>
   <trkpt lat="46.5303969" lon="12.0129134">
    <ele>2580</ele>
    <time>2026-10-02T13:28:23Z</time>
    <extensions>
     <gpxdata:hr>118</gpxdata:hr>
     <gpxdata:distance>2224.00</gpxdata:distance>
    </extensions>
   </trkpt>
   <trkpt lat="46.5303916" lon="12.0129047">
    <ele>2580</ele>
    <time>2026-10-02T13:28:24Z</time>
    <extensions>
     <gpxdata:hr>119</gpxdata:hr>
     <gpxdata:distance>2225.00</gpxdata:distance>
     <gpxdata:speed>0.531</gpxdata:speed>
    </extensions>
   </trkpt>
   <trkpt lat="46.5303851" lon="12.0128964">
    <ele>2580</ele>
    <time>2026-10-02T13:28:25Z</time>
    <extensions>
     <gpxdata:hr>119</gpxdata:hr>
     <gpxdata:distance>2226.00</gpxdata:distance>
     <gpxdata:speed>1.061</gpxdata:speed>
    </extensions>
   </trkpt>
   <trkpt lat="46.5303775" lon="12.0128888">
    <ele>2580</ele>
    <time>2026-10-02T13:28:26Z</time>
    <extensions>
     <gpxdata:hr>120</gpxdata:hr>
     <gpxdata:distance>2226.50</gpxdata:distance>
     <gpxdata:speed>1.050</gpxdata:speed>
    </extensions>
   </trkpt>
   <trkpt lat="46.5303691" lon="12.0128816">
    <ele>2580</ele>
    <time>2026-10-02T13:28:27Z</time>
    <extensions>
     <gpxdata:hr>121</gpxdata:hr>
     <gpxdata:distance>2227.00</gpxdata:distance>
     <gpxdata:speed>1.039</gpxdata:speed>
    </extensions>
   </trkpt>
   <trkpt lat="46.5303604" lon="12.0128731">
    <ele>2579</ele>
    <time>2026-10-02T13:28:28Z</time>
    <extensions>
     <gpxdata:hr>121</gpxdata:hr>
     <gpxdata:distance>2228.50</gpxdata:distance>
     <gpxdata:speed>1.103</gpxdata:speed>
    </extensions>
   </trkpt>
   <trkpt lat="46.5303531" lon="12.0128622">
    <ele>2579</ele>
    <time>2026-10-02T13:28:29Z</time>
    <extensions>
     <gpxdata:hr>122</gpxdata:hr>
     <gpxdata:distance>2230.00</gpxdata:distance>
     <gpxdata:speed>1.167</gpxdata:speed>
    </extensions>
   </trkpt>
   <trkpt lat="46.5303484" lon="12.0128497">
    <ele>2579</ele>
    <time>2026-10-02T13:28:30Z</time>
    <extensions>
     <gpxdata:hr>124</gpxdata:hr>
     <gpxdata:distance>2231.00</gpxdata:distance>
     <gpxdata:speed>1.225</gpxdata:speed>
    </extensions>
   </trkpt>
   <trkpt lat="46.5303479" lon="12.0128470">
    <ele>2579</ele>
    <time>2026-10-02T13:28:31Z</time>
    <extensions>
     <gpxdata:hr>125</gpxdata:hr>
     <gpxdata:distance>2232.00</gpxdata:distance>
     <gpxdata:speed>1.283</gpxdata:speed>
    </extensions>
   </trkpt>
   <trkpt lat="46.5303474" lon="12.0128442">
    <ele>2579</ele>
    <time>2026-10-02T13:28:32Z</time>
    <extensions>
     <gpxdata:hr>125</gpxdata:hr>
     <gpxdata:distance>2232.00</gpxdata:distance>
     <gpxdata:speed>1.261</gpxdata:speed>
    </extensions>
   </trkpt>
   <trkpt lat="46.5303469" lon="12.0128413">
    <ele>2579</ele>
    <time>2026-10-02T13:28:33Z</time>
    <extensions>
     <gpxdata:hr>126</gpxdata:hr>
     <gpxdata:distance>2232.00</gpxdata:distance>
     <gpxdata:speed>1.239</gpxdata:speed>
    </extensions>
   </trkpt>
   <trkpt lat="46.5303464" lon="12.0128382">
    <ele>2579</ele>
    <time>2026-10-02T13:28:34Z</time>
    <extensions>
     <gpxdata:hr>127</gpxdata:hr>
     <gpxdata:distance>2232.00</gpxdata:distance>
     <gpxdata:speed>0.619</gpxdata:speed>
    </extensions>
   </trkpt>
   <trkpt lat="46.5303458" lon="12.0128350">
    <ele>2580</ele>
    <time>2026-10-02T13:28:35Z</time>
    <extensions>
     <gpxdata:hr>127</gpxdata:hr>
     <gpxdata:distance>2232.00</gpxdata:distance>
    </extensions>
   </trkpt>
   <trkpt lat="46.5303447" lon="12.0128238">
    <ele>2580</ele>
    <time>2026-10-02T13:28:36Z</time>
    <extensions>
     <gpxdata:hr>127</gpxdata:hr>
     <gpxdata:distance>2232.00</gpxdata:distance>
    </extensions>
   </trkpt>
   <trkpt lat="46.5303441" lon="12.0128135">
    <ele>2580</ele>
    <time>2026-10-02T13:28:37Z</time>
    <extensions>
     <gpxdata:hr>126</gpxdata:hr>
     <gpxdata:distance>2232.00</gpxdata:distance>
    </extensions>
   </trkpt>
   <trkpt lat="46.5303435" lon="12.0128033">
    <ele>2580</ele>
    <time>2026-10-02T13:28:38Z</time>
    <extensions>
     <gpxdata:hr>126</gpxdata:hr>
     <gpxdata:distance>2233.50</gpxdata:distance>
    </extensions>
   </trkpt>
   <trkpt lat="46.5303431" lon="12.0127924">
    <ele>2580</ele>
    <time>2026-10-02T13:28:39Z</time>
    <extensions>
     <gpxdata:hr>126</gpxdata:hr>
     <gpxdata:distance>2235.00</gpxdata:distance>
    </extensions>
   </trkpt>
   <trkpt lat="46.5303422" lon="12.0127808">
    <ele>2580</ele>
    <time>2026-10-02T13:28:40Z</time>
    <extensions>
     <gpxdata:hr>125</gpxdata:hr>
     <gpxdata:distance>2236.00</gpxdata:distance>
    </extensions>
   </trkpt>
   <trkpt lat="46.5303401" lon="12.0127688">
    <ele>2580</ele>
    <time>2026-10-02T13:28:41Z</time>
    <extensions>
     <gpxdata:hr>124</gpxdata:hr>
     <gpxdata:distance>2237.00</gpxdata:distance>
    </extensions>
   </trkpt>
   <trkpt lat="46.5303368" lon="12.0127567">
    <ele>2580</ele>
    <time>2026-10-02T13:28:42Z</time>
    <extensions>
     <gpxdata:hr>122</gpxdata:hr>
     <gpxdata:distance>2238.00</gpxdata:distance>
     <gpxdata:speed>0.417</gpxdata:speed>
    </extensions>
   </trkpt>
   <trkpt lat="46.5303326" lon="12.0127449">
    <ele>2580</ele>
    <time>2026-10-02T13:28:43Z</time>
    <extensions>
     <gpxdata:hr>121</gpxdata:hr>
     <gpxdata:distance>2239.00</gpxdata:distance>
     <gpxdata:speed>0.833</gpxdata:speed>
    </extensions>
   </trkpt>
   <trkpt lat="46.5303279" lon="12.0127340">
    <ele>2580</ele>
    <time>2026-10-02T13:28:44Z</time>
    <extensions>
     <gpxdata:hr>120</gpxdata:hr>
     <gpxdata:distance>2240.00</gpxdata:distance>
     <gpxdata:speed>0.844</gpxdata:speed>
    </extensions>
   </trkpt>
   <trkpt lat="46.5303233" lon="12.0127243">
    <ele>2580</ele>
    <time>2026-10-02T13:28:45Z</time>
    <extensions>
     <gpxdata:hr>117</gpxdata:hr>
     <gpxdata:distance>2241.00</gpxdata:distance>
     <gpxdata:speed>0.858</gpxdata:speed>
    </extensions>
   </trkpt>
   <trkpt lat="46.5303188" lon="12.0127153">
    <ele>2580</ele>
    <time>2026-10-02T13:28:46Z</time>
    <extensions>
     <gpxdata:hr>116</gpxdata:hr>
     <gpxdata:distance>2241.50</gpxdata:distance>
     <gpxdata:speed>0.861</gpxdata:speed>
    </extensions>
   </trkpt>
   <trkpt lat="46.5303144" lon="12.0127067">
    <ele>2580</ele>
    <time>2026-10-02T13:28:47Z</time>
    <extensions>
     <gpxdata:hr>115</gpxdata:hr>
     <gpxdata:distance>2242.00</gpxdata:distance>
     <gpxdata:speed>0.867</gpxdata:speed>
    </extensions>
   </trkpt>
   <trkpt lat="46.5303080" lon="12.0126975">
    <ele>2580</ele>
    <time>2026-10-02T13:28:48Z</time>
    <extensions>
     <gpxdata:hr>114</gpxdata:hr>
     <gpxdata:distance>2242.50</gpxdata:distance>
     <gpxdata:speed>0.878</gpxdata:speed>
    </extensions>
   </trkpt>
   <trkpt lat="46.5303014" lon="12.0126907">
    <ele>2580</ele>
    <time>2026-10-02T13:28:49Z</time>
    <extensions>
     <gpxdata:hr>115</gpxdata:hr>
     <gpxdata:distance>2243.00</gpxdata:distance>
     <gpxdata:speed>0.892</gpxdata:speed>
    </extensions>
   </trkpt>
   <trkpt lat="46.5302944" lon="12.0126859">
    <ele>2580</ele>
    <time>2026-10-02T13:28:50Z</time>
    <extensions>
     <gpxdata:hr>115</gpxdata:hr>
     <gpxdata:distance>2244.00</gpxdata:distance>
     <gpxdata:speed>0.886</gpxdata:speed>
    </extensions>
   </trkpt>
   <trkpt lat="46.5302870" lon="12.0126819">
    <ele>2581</ele>
    <time>2026-10-02T13:28:51Z</time>
    <extensions>
     <gpxdata:hr>115</gpxdata:hr>
     <gpxdata:distance>2245.00</gpxdata:distance>
     <gpxdata:speed>0.881</gpxdata:speed>
    </extensions>
   </trkpt>
   <trkpt lat="46.5302797" lon="12.0126774">
    <ele>2581</ele>
    <time>2026-10-02T13:28:52Z</time>
    <extensions>
     <gpxdata:hr>115</gpxdata:hr>
     <gpxdata:distance>2246.00</gpxdata:distance>
     <gpxdata:speed>0.878</gpxdata:speed>
    </extensions>
   </trkpt>
   <trkpt lat="46.5302724" lon="12.0126719">
    <ele>2581</ele>
    <time>2026-10-02T13:28:53Z</time>
    <extensions>
     <gpxdata:hr>115</gpxdata:hr>
     <gpxdata:distance>2247.00</gpxdata:distance>
     <gpxdata:speed>0.878</gpxdata:speed>
    </extensions>
   </trkpt>
   <trkpt lat="46.5302652" lon="12.0126656">
    <ele>2581</ele>
    <time>2026-10-02T13:28:54Z</time>
    <extensions>
     <gpxdata:hr>115</gpxdata:hr>
     <gpxdata:distance>2248.00</gpxdata:distance>
     <gpxdata:speed>0.878</gpxdata:speed>
    </extensions>
   </trkpt>
   <trkpt lat="46.5302577" lon="12.0126590">
    <ele>2582</ele>
    <time>2026-10-02T13:28:55Z</time>
    <extensions>
     <gpxdata:hr>116</gpxdata:hr>
     <gpxdata:distance>2249.00</gpxdata:distance>
     <gpxdata:speed>0.878</gpxdata:speed>
    </extensions>
   </trkpt>
   <trkpt lat="46.5302498" lon="12.0126523">
    <ele>2582</ele>
    <time>2026-10-02T13:28:56Z</time>
    <extensions>
     <gpxdata:hr>116</gpxdata:hr>
     <gpxdata:distance>2250.00</gpxdata:distance>
     <gpxdata:speed>0.881</gpxdata:speed>
    </extensions>
   </trkpt>
   <trkpt lat="46.5302413" lon="12.0126450">
    <ele>2582</ele>
    <time>2026-10-02T13:28:57Z</time>
    <extensions>
     <gpxdata:hr>117</gpxdata:hr>
     <gpxdata:distance>2251.00</gpxdata:distance>
     <gpxdata:speed>0.886</gpxdata:speed>
    </extensions>
   </trkpt>
   <trkpt lat="46.5302324" lon="12.0126366">
    <ele>2582</ele>
    <time>2026-10-02T13:28:58Z</time>
    <extensions>
     <gpxdata:hr>117</gpxdata:hr>
     <gpxdata:distance>2252.00</gpxdata:distance>
     <gpxdata:speed>0.894</gpxdata:speed>
    </extensions>
   </trkpt>
   <trkpt lat="46.5302238" lon="12.0126274">
    <ele>2583</ele>
    <time>2026-10-02T13:28:59Z</time>
    <extensions>
     <gpxdata:hr>118</gpxdata:hr>
     <gpxdata:distance>2253.00</gpxdata:distance>
     <gpxdata:speed>0.903</gpxdata:speed>
    </extensions>
   </trkpt>
   <trkpt lat="46.5302156" lon="12.0126178">
    <ele>2583</ele>
    <time>2026-10-02T13:29:00Z</time>
    <extensions>
     <gpxdata:hr>118</gpxdata:hr>
     <gpxdata:distance>2254.50</gpxdata:distance>
     <gpxdata:speed>0.917</gpxdata:speed>
    </extensions>
   </trkpt>
   <trkpt lat="46.5302077" lon="12.0126082">
    <ele>2583</ele>
    <time>2026-10-02T13:29:01Z</time>
    <extensions>
     <gpxdata:hr>118</gpxdata:hr>
     <gpxdata:distance>2256.00</gpxdata:distance>
     <gpxdata:speed>0.933</gpxdata:speed>
    </extensions>
   </trkpt>
   <trkpt lat="46.5302003" lon="12.0125986">
    <ele>2583</ele>
    <time>2026-10-02T13:29:02Z</time>
    <extensions>
     <gpxdata:hr>118</gpxdata:hr>
     <gpxdata:distance>2257.00</gpxdata:distance>
     <gpxdata:speed>0.975</gpxdata:speed>
    </extensions>
   </trkpt>
   <trkpt lat="46.5301934" lon="12.0125887">
    <ele>2584</ele>
    <time>2026-10-02T13:29:03Z</time>
    <extensions>
     <gpxdata:hr>118</gpxdata:hr>
     <gpxdata:distance>2258.00</gpxdata:distance>
     <gpxdata:speed>1.017</gpxdata:speed>
    </extensions>
   </trkpt>
   <trkpt lat="46.5301869" lon="12.0125782">
    <ele>2584</ele>
    <time>2026-10-02T13:29:04Z</time>
    <extensions>
     <gpxdata:hr>119</gpxdata:hr>
     <gpxdata:distance>2259.00</gpxdata:distance>
     <gpxdata:speed>1.028</gpxdata:speed>
    </extensions>
   </trkpt>
   <trkpt lat="46.5301807" lon="12.0125674">
    <ele>2584</ele>
    <time>2026-10-02T13:29:05Z</time>
    <extensions>
     <gpxdata:hr>119</gpxdata:hr>
     <gpxdata:distance>2260.00</gpxdata:distance>
     <gpxdata:speed>1.039</gpxdata:speed>
    </extensions>
   </trkpt>
   <trkpt lat="46.5301747" lon="12.0125567">
    <ele>2584</ele>
    <time>2026-10-02T13:29:06Z</time>
    <extensions>
     <gpxdata:hr>119</gpxdata:hr>
     <gpxdata:distance>2261.00</gpxdata:distance>
     <gpxdata:speed>1.042</gpxdata:speed>
    </extensions>
   </trkpt>
   <trkpt lat="46.5301687" lon="12.0125467">
    <ele>2585</ele>
    <time>2026-10-02T13:29:07Z</time>
    <extensions>
     <gpxdata:hr>119</gpxdata:hr>
     <gpxdata:distance>2262.00</gpxdata:distance>
     <gpxdata:speed>1.044</gpxdata:speed>
    </extensions>
   </trkpt>
   <trkpt lat="46.5301624" lon="12.0125369">
    <ele>2585</ele>
    <time>2026-10-02T13:29:08Z</time>
    <extensions>
     <gpxdata:hr>119</gpxdata:hr>
     <gpxdata:distance>2263.00</gpxdata:distance>
     <gpxdata:speed>1.047</gpxdata:speed>
    </extensions>
   </trkpt>
   <trkpt lat="46.5301559" lon="12.0125264">
    <ele>2585</ele>
    <time>2026-10-02T13:29:09Z</time>
    <extensions>
     <gpxdata:hr>120</gpxdata:hr>
     <gpxdata:distance>2264.00</gpxdata:distance>
     <gpxdata:speed>1.050</gpxdata:speed>
    </extensions>
   </trkpt>
   <trkpt lat="46.5301498" lon="12.0125154">
    <ele>2585</ele>
    <time>2026-10-02T13:29:10Z</time>
    <extensions>
     <gpxdata:hr>120</gpxdata:hr>
     <gpxdata:distance>2265.50</gpxdata:distance>
     <gpxdata:speed>1.053</gpxdata:speed>
    </extensions>
   </trkpt>
   <trkpt lat="46.5301441" lon="12.0125045">
    <ele>2586</ele>
    <time>2026-10-02T13:29:11Z</time>
    <extensions>
     <gpxdata:hr>121</gpxdata:hr>
     <gpxdata:distance>2267.00</gpxdata:distance>
     <gpxdata:speed>1.056</gpxdata:speed>
    </extensions>
   </trkpt>
   <trkpt lat="46.5301387" lon="12.0124935">
    <ele>2586</ele>
    <time>2026-10-02T13:29:12Z</time>
    <extensions>
     <gpxdata:hr>122</gpxdata:hr>
     <gpxdata:distance>2267.50</gpxdata:distance>
     <gpxdata:speed>1.056</gpxdata:speed>
    </extensions>
   </trkpt>
   <trkpt lat="46.5301332" lon="12.0124816">
    <ele>2586</ele>
    <time>2026-10-02T13:29:13Z</time>
    <extensions>
     <gpxdata:hr>123</gpxdata:hr>
     <gpxdata:distance>2268.00</gpxdata:distance>
     <gpxdata:speed>1.058</gpxdata:speed>
    </extensions>
   </trkpt>
   <trkpt lat="46.5301279" lon="12.0124690">
    <ele>2586</ele>
    <time>2026-10-02T13:29:14Z</time>
    <extensions>
     <gpxdata:hr>123</gpxdata:hr>
     <gpxdata:distance>2269.50</gpxdata:distance>
     <gpxdata:speed>1.058</gpxdata:speed>
    </extensions>
   </trkpt>
   <trkpt lat="46.5301230" lon="12.0124562">
    <ele>2587</ele>
    <time>2026-10-02T13:29:15Z</time>
    <extensions>
     <gpxdata:hr>123</gpxdata:hr>
     <gpxdata:distance>2271.00</gpxdata:distance>
     <gpxdata:speed>1.061</gpxdata:speed>
    </extensions>
   </trkpt>
   <trkpt lat="46.5301184" lon="12.0124429">
    <ele>2587</ele>
    <time>2026-10-02T13:29:16Z</time>
    <extensions>
     <gpxdata:hr>123</gpxdata:hr>
     <gpxdata:distance>2272.00</gpxdata:distance>
     <gpxdata:speed>1.061</gpxdata:speed>
    </extensions>
   </trkpt>
   <trkpt lat="46.5301140" lon="12.0124295">
    <ele>2587</ele>
    <time>2026-10-02T13:29:17Z</time>
    <extensions>
     <gpxdata:hr>123</gpxdata:hr>
     <gpxdata:distance>2273.00</gpxdata:distance>
     <gpxdata:speed>1.064</gpxdata:speed>
    </extensions>
   </trkpt>
   <trkpt lat="46.5301101" lon="12.0124161">
    <ele>2587</ele>
    <time>2026-10-02T13:29:18Z</time>
    <extensions>
     <gpxdata:hr>123</gpxdata:hr>
     <gpxdata:distance>2274.00</gpxdata:distance>
     <gpxdata:speed>1.064</gpxdata:speed>
    </extensions>
   </trkpt>
   <trkpt lat="46.5301072" lon="12.0124030">
    <ele>2588</ele>
    <time>2026-10-02T13:29:19Z</time>
    <extensions>
     <gpxdata:hr>123</gpxdata:hr>
     <gpxdata:distance>2275.00</gpxdata:distance>
     <gpxdata:speed>1.067</gpxdata:speed>
    </extensions>
   </trkpt>
  </trkseg>
  <trkseg>
   <trkpt lat="46.5301050" lon="12.0123927">
    <ele>2591</ele>
    <time>2026-10-02T13:29:28Z</time>
    <extensions>
     <gpxdata:hr>125</gpxdata:hr>
     <gpxdata:distance>2277.00</gpxdata:distance>
    </extensions>
   </trkpt>
   <trkpt lat="46.5301038" lon="12.0123852">
    <ele>2591</ele>
    <time>2026-10-02T13:29:29Z</time>
    <extensions>
     <gpxdata:hr>125</gpxdata:hr>
     <gpxdata:distance>2277.00</gpxdata:distance>
    </extensions>
   </trkpt>
   <trkpt lat="46.5301030" lon="12.0123780">
    <ele>2591</ele>
    <time>2026-10-02T13:29:30Z</time>
    <extensions>
     <gpxdata:hr>127</gpxdata:hr>
     <gpxdata:distance>2277.00</gpxdata:distance>
    </extensions>
   </trkpt>
   <trkpt lat="46.5301024" lon="12.0123707">
    <ele>2592</ele>
    <time>2026-10-02T13:29:31Z</time>
    <extensions>
     <gpxdata:hr>127</gpxdata:hr>
     <gpxdata:distance>2277.00</gpxdata:distance>
    </extensions>
   </trkpt>
   <trkpt lat="46.5301011" lon="12.0123630">
    <ele>2591</ele>
    <time>2026-10-02T13:29:32Z</time>
    <extensions>
     <gpxdata:hr>128</gpxdata:hr>
     <gpxdata:distance>2278.50</gpxdata:distance>
    </extensions>
   </trkpt>
   <trkpt lat="46.5300987" lon="12.0123547">
    <ele>2591</ele>
    <time>2026-10-02T13:29:33Z</time>
    <extensions>
     <gpxdata:hr>130</gpxdata:hr>
     <gpxdata:distance>2280.00</gpxdata:distance>
    </extensions>
   </trkpt>
   <trkpt lat="46.5300954" lon="12.0123455">
    <ele>2591</ele>
    <time>2026-10-02T13:29:34Z</time>
    <extensions>
     <gpxdata:hr>132</gpxdata:hr>
     <gpxdata:distance>2281.00</gpxdata:distance>
     <gpxdata:speed>0.431</gpxdata:speed>
    </extensions>
   </trkpt>
   <trkpt lat="46.5300921" lon="12.0123359">
    <ele>2591</ele>
    <time>2026-10-02T13:29:35Z</time>
    <extensions>
     <gpxdata:hr>133</gpxdata:hr>
     <gpxdata:distance>2282.00</gpxdata:distance>
     <gpxdata:speed>0.864</gpxdata:speed>
    </extensions>
   </trkpt>
   <trkpt lat="46.5300891" lon="12.0123263">
    <ele>2591</ele>
    <time>2026-10-02T13:29:36Z</time>
    <extensions>
     <gpxdata:hr>135</gpxdata:hr>
     <gpxdata:distance>2282.50</gpxdata:distance>
     <gpxdata:speed>0.864</gpxdata:speed>
    </extensions>
   </trkpt>
   <trkpt lat="46.5300864" lon="12.0123164">
    <ele>2591</ele>
    <time>2026-10-02T13:29:37Z</time>
    <extensions>
     <gpxdata:hr>137</gpxdata:hr>
     <gpxdata:distance>2283.00</gpxdata:distance>
     <gpxdata:speed>0.867</gpxdata:speed>
    </extensions>
   </trkpt>
   <trkpt lat="46.5300834" lon="12.0123065">
    <ele>2591</ele>
    <time>2026-10-02T13:29:38Z</time>
    <extensions>
     <gpxdata:hr>137</gpxdata:hr>
     <gpxdata:distance>2284.00</gpxdata:distance>
     <gpxdata:speed>0.861</gpxdata:speed>
    </extensions>
   </trkpt>
   <trkpt lat="46.5300798" lon="12.0122974">
    <ele>2591</ele>
    <time>2026-10-02T13:29:39Z</time>
    <extensions>
     <gpxdata:hr>137</gpxdata:hr>
     <gpxdata:distance>2285.00</gpxdata:distance>
     <gpxdata:speed>0.858</gpxdata:speed>
    </extensions>
   </trkpt>
   <trkpt lat="46.5300753" lon="12.0122902">
    <ele>2591</ele>
    <time>2026-10-02T13:29:40Z</time>
    <extensions>
     <gpxdata:hr>138</gpxdata:hr>
     <gpxdata:distance>2285.50</gpxdata:distance>
     <gpxdata:speed>0.850</gpxdata:speed>
    </extensions>
   </trkpt>
   <trkpt lat="46.5300699" lon="12.0122854">
    <ele>2591</ele>
    <time>2026-10-02T13:29:41Z</time>
    <extensions>
     <gpxdata:hr>138</gpxdata:hr>
     <gpxdata:distance>2286.00</gpxdata:distance>
     <gpxdata:speed>0.842</gpxdata:speed>
    </extensions>
   </trkpt>
   <trkpt lat="46.5300638" lon="12.0122827">
    <ele>2591</ele>
    <time>2026-10-02T13:29:42Z</time>
    <extensions>
     <gpxdata:hr>140</gpxdata:hr>
     <gpxdata:distance>2287.00</gpxdata:distance>
     <gpxdata:speed>0.836</gpxdata:speed>
    </extensions>
   </trkpt>
   <trkpt lat="46.5300574" lon="12.0122815">
    <ele>2592</ele>
    <time>2026-10-02T13:29:43Z</time>
    <extensions>
     <gpxdata:hr>141</gpxdata:hr>
     <gpxdata:distance>2288.00</gpxdata:distance>
     <gpxdata:speed>0.831</gpxdata:speed>
    </extensions>
   </trkpt>
   <trkpt lat="46.5300509" lon="12.0122802">
    <ele>2592</ele>
    <time>2026-10-02T13:29:44Z</time>
    <extensions>
     <gpxdata:hr>142</gpxdata:hr>
     <gpxdata:distance>2288.50</gpxdata:distance>
     <gpxdata:speed>0.825</gpxdata:speed>
    </extensions>
   </trkpt>
   <trkpt lat="46.5300447" lon="12.0122776">
    <ele>2592</ele>
    <time>2026-10-02T13:29:45Z</time>
    <extensions>
     <gpxdata:hr>143</gpxdata:hr>
     <gpxdata:distance>2289.00</gpxdata:distance>
     <gpxdata:speed>0.822</gpxdata:speed>
    </extensions>
   </trkpt>
   <trkpt lat="46.5300394" lon="12.0122736">
    <ele>2592</ele>
    <time>2026-10-02T13:29:46Z</time>
    <extensions>
     <gpxdata:hr>145</gpxdata:hr>
     <gpxdata:distance>2289.50</gpxdata:distance>
     <gpxdata:speed>0.819</gpxdata:speed>
    </extensions>
   </trkpt>
   <trkpt lat="46.5300351" lon="12.0122677">
    <ele>2593</ele>
    <time>2026-10-02T13:29:47Z</time>
    <extensions>
     <gpxdata:hr>146</gpxdata:hr>
     <gpxdata:distance>2290.00</gpxdata:distance>
     <gpxdata:speed>0.817</gpxdata:speed>
    </extensions>
   </trkpt>
   <trkpt lat="46.5300318" lon="12.0122597">
    <ele>2593</ele>
    <time>2026-10-02T13:29:48Z</time>
    <extensions>
     <gpxdata:hr>148</gpxdata:hr>
     <gpxdata:distance>2291.00</gpxdata:distance>
     <gpxdata:speed>0.806</gpxdata:speed>
    </extensions>
   </trkpt>
   <trkpt lat="46.5300300" lon="12.0122503">
    <ele>2593</ele>
    <time>2026-10-02T13:29:49Z</time>
    <extensions>
     <gpxdata:hr>149</gpxdata:hr>
     <gpxdata:distance>2292.00</gpxdata:distance>
     <gpxdata:speed>0.794</gpxdata:speed>
    </extensions>
   </trkpt>
   <trkpt lat="46.5300294" lon="12.0122399">
    <ele>2593</ele>
    <time>2026-10-02T13:29:50Z</time>
    <extensions>
     <gpxdata:hr>149</gpxdata:hr>
     <gpxdata:distance>2293.00</gpxdata:distance>
     <gpxdata:speed>0.792</gpxdata:speed>
    </extensions>
   </trkpt>
   <trkpt lat="46.5300294" lon="12.0122293">
    <ele>2594</ele>
    <time>2026-10-02T13:29:51Z</time>
    <extensions>
     <gpxdata:hr>149</gpxdata:hr>
     <gpxdata:distance>2294.00</gpxdata:distance>
     <gpxdata:speed>0.789</gpxdata:speed>
    </extensions>
   </trkpt>
   <trkpt lat="46.5300298" lon="12.0122200">
    <ele>2594</ele>
    <time>2026-10-02T13:29:52Z</time>
    <extensions>
     <gpxdata:hr>150</gpxdata:hr>
     <gpxdata:distance>2294.00</gpxdata:distance>
     <gpxdata:speed>0.789</gpxdata:speed>
    </extensions>
   </trkpt>
   <trkpt lat="46.5300302" lon="12.0122116">
    <ele>2594</ele>
    <time>2026-10-02T13:29:53Z</time>
    <extensions>
     <gpxdata:hr>150</gpxdata:hr>
     <gpxdata:distance>2294.00</gpxdata:distance>
     <gpxdata:speed>0.792</gpxdata:speed>
    </extensions>
   </trkpt>
   <trkpt lat="46.5300307" lon="12.0122030">
    <ele>2594</ele>
    <time>2026-10-02T13:29:54Z</time>
    <extensions>
     <gpxdata:hr>151</gpxdata:hr>
     <gpxdata:distance>2294.00</gpxdata:distance>
     <gpxdata:speed>0.794</gpxdata:speed>
    </extensions>
   </trkpt>
   <trkpt lat="46.5300313" lon="12.0121940">
    <ele>2594</ele>
    <time>2026-10-02T13:29:55Z</time>
    <extensions>
     <gpxdata:hr>151</gpxdata:hr>
     <gpxdata:distance>2294.00</gpxdata:distance>
     <gpxdata:speed>0.797</gpxdata:speed>
    </extensions>
   </trkpt>
   <trkpt lat="46.5300317" lon="12.0121850">
    <ele>2594</ele>
    <time>2026-10-02T13:29:56Z</time>
    <extensions>
     <gpxdata:hr>152</gpxdata:hr>
     <gpxdata:distance>2295.50</gpxdata:distance>
     <gpxdata:speed>0.794</gpxdata:speed>
    </extensions>
   </trkpt>
   <trkpt lat="46.5300319" lon="12.0121762">
    <ele>2594</ele>
    <time>2026-10-02T13:29:57Z</time>
    <extensions>
     <gpxdata:hr>153</gpxdata:hr>
     <gpxdata:distance>2297.00</gpxdata:distance>
     <gpxdata:speed>0.794</gpxdata:speed>
    </extensions>
   </trkpt>
   <trkpt lat="46.5300319" lon="12.0121673">
    <ele>2594</ele>
    <time>2026-10-02T13:29:58Z</time>
    <extensions>
     <gpxdata:hr>153</gpxdata:hr>
     <gpxdata:distance>2298.00</gpxdata:distance>
     <gpxdata:speed>0.792</gpxdata:speed>
    </extensions>
   </trkpt>
   <trkpt lat="46.5300318" lon="12.0121576">
    <ele>2595</ele>
    <time>2026-10-02T13:29:59Z</time>
    <extensions>
     <gpxdata:hr>154</gpxdata:hr>
     <gpxdata:distance>2299.00</gpxdata:distance>
     <gpxdata:speed>0.789</gpxdata:speed>
    </extensions>
   </trkpt>
   <trkpt lat="46.5300296" lon="12.0121468">
    <ele>2595</ele>
    <time>2026-10-02T13:30:00Z</time>
    <extensions>
     <gpxdata:hr>154</gpxdata:hr>
     <gpxdata:distance>2299.50</gpxdata:distance>
     <gpxdata:speed>0.783</gpxdata:speed>
    </extensions>
   </trkpt>
   <trkpt lat="46.5300261" lon="12.0121384">
    <ele>2595</ele>
    <time>2026-10-02T13:30:01Z</time>
    <extensions>
     <gpxdata:hr>153</gpxdata:hr>
     <gpxdata:distance>2300.00</gpxdata:distance>
     <gpxdata:speed>0.778</gpxdata:speed>
    </extensions>
   </trkpt>
   <trkpt lat="46.5300217" lon="12.0121322">
    <ele>2595</ele>
    <time>2026-10-02T13:30:02Z</time>
    <extensions>
     <gpxdata:hr>153</gpxdata:hr>
     <gpxdata:distance>2300.50</gpxdata:distance>
     <gpxdata:speed>0.772</gpxdata:speed>
    </extensions>
   </trkpt>
   <trkpt lat="46.5300166" lon="12.0121281">
    <ele>2596</ele>
    <time>2026-10-02T13:30:03Z</time>
    <extensions>
     <gpxdata:hr>153</gpxdata:hr>
     <gpxdata:distance>2301.00</gpxdata:distance>
     <gpxdata:speed>0.769</gpxdata:speed>
    </extensions>
   </trkpt>
   <trkpt lat="46.5300108" lon="12.0121256">
    <ele>2596</ele>
    <time>2026-10-02T13:30:04Z</time>
    <extensions>
     <gpxdata:hr>153</gpxdata:hr>
     <gpxdata:distance>2302.00</gpxdata:distance>
     <gpxdata:speed>0.767</gpxdata:speed>
    </extensions>
   </trkpt>
  </trkseg>
  <trkseg>
   <trkpt lat="46.5299963" lon="12.0121322">
    <ele>2597</ele>
    <time>2026-10-02T13:30:32Z</time>
    <extensions>
     <gpxdata:hr>146</gpxdata:hr>
     <gpxdata:distance>2303.00</gpxdata:distance>
    </extensions>
   </trkpt>
  </trkseg>
  <trkseg>
   <trkpt lat="46.5299892" lon="12.0121257">
    <ele>2596</ele>
    <time>2026-10-02T13:31:39Z</time>
    <extensions>
     <gpxdata:hr>109</gpxdata:hr>
     <gpxdata:distance>2307.00</gpxdata:distance>
    </extensions>
   </trkpt>
   <trkpt lat="46.5299851" lon="12.0121204">
    <ele>2596</ele>
    <time>2026-10-02T13:31:40Z</time>
    <extensions>
     <gpxdata:hr>109</gpxdata:hr>
     <gpxdata:distance>2307.00</gpxdata:distance>
    </extensions>
   </trkpt>
   <trkpt lat="46.5299834" lon="12.0121149">
    <ele>2596</ele>
    <time>2026-10-02T13:31:41Z</time>
    <extensions>
     <gpxdata:hr>109</gpxdata:hr>
     <gpxdata:distance>2307.00</gpxdata:distance>
    </extensions>
   </trkpt>
   <trkpt lat="46.5299834" lon="12.0121089">
    <ele>2596</ele>
    <time>2026-10-02T13:31:42Z</time>
    <extensions>
     <gpxdata:hr>109</gpxdata:hr>
     <gpxdata:distance>2307.50</gpxdata:distance>
    </extensions>
   </trkpt>
   <trkpt lat="46.5299857" lon="12.0121000">
    <ele>2596</ele>
    <time>2026-10-02T13:31:43Z</time>
    <extensions>
     <gpxdata:hr>109</gpxdata:hr>
     <gpxdata:distance>2308.00</gpxdata:distance>
    </extensions>
   </trkpt>
   <trkpt lat="46.5299881" lon="12.0120911">
    <ele>2596</ele>
    <time>2026-10-02T13:31:44Z</time>
    <extensions>
     <gpxdata:hr>110</gpxdata:hr>
     <gpxdata:distance>2308.50</gpxdata:distance>
    </extensions>
   </trkpt>
   <trkpt lat="46.5299904" lon="12.0120826">
    <ele>2596</ele>
    <time>2026-10-02T13:31:45Z</time>
    <extensions>
     <gpxdata:hr>110</gpxdata:hr>
     <gpxdata:distance>2309.00</gpxdata:distance>
    </extensions>
   </trkpt>
  </trkseg>
  <trkseg>
   <trkpt lat="46.5299888" lon="12.0120712">
    <ele>2596</ele>
    <time>2026-10-02T13:32:04Z</time>
    <extensions>
     <gpxdata:hr>106</gpxdata:hr>
     <gpxdata:distance>2310.00</gpxdata:distance>
    </extensions>
   </trkpt>
   <trkpt lat="46.5299875" lon="12.0120625">
    <ele>2596</ele>
    <time>2026-10-02T13:32:05Z</time>
    <extensions>
     <gpxdata:hr>106</gpxdata:hr>
     <gpxdata:distance>2310.00</gpxdata:distance>
    </extensions>
   </trkpt>
   <trkpt lat="46.5299861" lon="12.0120547">
    <ele>2596</ele>
    <time>2026-10-02T13:32:06Z</time>
    <extensions>
     <gpxdata:hr>107</gpxdata:hr>
     <gpxdata:distance>2310.00</gpxdata:distance>
    </extensions>
   </trkpt>
   <trkpt lat="46.5299846" lon="12.0120466">
    <ele>2596</ele>
    <time>2026-10-02T13:32:07Z</time>
    <extensions>
     <gpxdata:hr>107</gpxdata:hr>
     <gpxdata:distance>2310.00</gpxdata:distance>
    </extensions>
   </trkpt>
   <trkpt lat="46.5299831" lon="12.0120376">
    <ele>2596</ele>
    <time>2026-10-02T13:32:08Z</time>
    <extensions>
     <gpxdata:hr>108</gpxdata:hr>
     <gpxdata:distance>2312.00</gpxdata:distance>
    </extensions>
   </trkpt>
   <trkpt lat="46.5299815" lon="12.0120275">
    <ele>2596</ele>
    <time>2026-10-02T13:32:09Z</time>
    <extensions>
     <gpxdata:hr>108</gpxdata:hr>
     <gpxdata:distance>2314.00</gpxdata:distance>
    </extensions>
   </trkpt>
   <trkpt lat="46.5299806" lon="12.0120161">
    <ele>2596</ele>
    <time>2026-10-02T13:32:10Z</time>
    <extensions>
     <gpxdata:hr>109</gpxdata:hr>
     <gpxdata:distance>2314.50</gpxdata:distance>
    </extensions>
   </trkpt>
   <trkpt lat="46.5299801" lon="12.0120037">
    <ele>2596</ele>
    <time>2026-10-02T13:32:11Z</time>
    <extensions>
     <gpxdata:hr>109</gpxdata:hr>
     <gpxdata:distance>2315.00</gpxdata:distance>
    </extensions>
   </trkpt>
   <trkpt lat="46.5299795" lon="12.0119910">
    <ele>2596</ele>
    <time>2026-10-02T13:32:12Z</time>
    <extensions>
     <gpxdata:hr>109</gpxdata:hr>
     <gpxdata:distance>2316.00</gpxdata:distance>
     <gpxdata:speed>0.447</gpxdata:speed>
    </extensions>
   </trkpt>
   <trkpt lat="46.5299787" lon="12.0119783">
    <ele>2596</ele>
    <time>2026-10-02T13:32:13Z</time>
    <extensions>
     <gpxdata:hr>109</gpxdata:hr>
     <gpxdata:distance>2317.00</gpxdata:distance>
     <gpxdata:speed>0.894</gpxdata:speed>
    </extensions>
   </trkpt>
   <trkpt lat="46.5299779" lon="12.0119652">
    <ele>2596</ele>
    <time>2026-10-02T13:32:14Z</time>
    <extensions>
     <gpxdata:hr>109</gpxdata:hr>
     <gpxdata:distance>2318.00</gpxdata:distance>
     <gpxdata:speed>0.908</gpxdata:speed>
    </extensions>
   </trkpt>
   <trkpt lat="46.5299774" lon="12.0119522">
    <ele>2597</ele>
    <time>2026-10-02T13:32:15Z</time>
    <extensions>
     <gpxdata:hr>109</gpxdata:hr>
     <gpxdata:distance>2319.00</gpxdata:distance>
     <gpxdata:speed>0.922</gpxdata:speed>
    </extensions>
   </trkpt>
   <trkpt lat="46.5299758" lon="12.0119387">
    <ele>2597</ele>
    <time>2026-10-02T13:32:16Z</time>
    <extensions>
     <gpxdata:hr>110</gpxdata:hr>
     <gpxdata:distance>2319.50</gpxdata:distance>
     <gpxdata:speed>0.919</gpxdata:speed>
    </extensions>
   </trkpt>
   <trkpt lat="46.5299732" lon="12.0119291">
    <ele>2597</ele>
    <time>2026-10-02T13:32:17Z</time>
    <extensions>
     <gpxdata:hr>111</gpxdata:hr>
     <gpxdata:distance>2320.00</gpxdata:distance>
     <gpxdata:speed>0.919</gpxdata:speed>
    </extensions>
   </trkpt>
   <trkpt lat="46.5299697" lon="12.0119226">
    <ele>2597</ele>
    <time>2026-10-02T13:32:18Z</time>
    <extensions>
     <gpxdata:hr>111</gpxdata:hr>
     <gpxdata:distance>2320.50</gpxdata:distance>
     <gpxdata:speed>0.861</gpxdata:speed>
    </extensions>
   </trkpt>
   <trkpt lat="46.5299654" lon="12.0119187">
    <ele>2598</ele>
    <time>2026-10-02T13:32:19Z</time>
    <extensions>
     <gpxdata:hr>111</gpxdata:hr>
     <gpxdata:distance>2321.00</gpxdata:distance>
     <gpxdata:speed>0.806</gpxdata:speed>
    </extensions>
   </trkpt>
   <trkpt lat="46.5299603" lon="12.0119164">
    <ele>2598</ele>
    <time>2026-10-02T13:32:20Z</time>
    <extensions>
     <gpxdata:hr>111</gpxdata:hr>
     <gpxdata:distance>2322.00</gpxdata:distance>
     <gpxdata:speed>0.797</gpxdata:speed>
    </extensions>
   </trkpt>
   <trkpt lat="46.5299547" lon="12.0119151">
    <ele>2598</ele>
    <time>2026-10-02T13:32:21Z</time>
    <extensions>
     <gpxdata:hr>111</gpxdata:hr>
     <gpxdata:distance>2323.00</gpxdata:distance>
     <gpxdata:speed>0.792</gpxdata:speed>
    </extensions>
   </trkpt>
   <trkpt lat="46.5299482" lon="12.0119153">
    <ele>2598</ele>
    <time>2026-10-02T13:32:22Z</time>
    <extensions>
     <gpxdata:hr>110</gpxdata:hr>
     <gpxdata:distance>2323.50</gpxdata:distance>
     <gpxdata:speed>0.783</gpxdata:speed>
    </extensions>
   </trkpt>
   <trkpt lat="46.5299404" lon="12.0119174">
    <ele>2599</ele>
    <time>2026-10-02T13:32:23Z</time>
    <extensions>
     <gpxdata:hr>110</gpxdata:hr>
     <gpxdata:distance>2324.00</gpxdata:distance>
     <gpxdata:speed>0.778</gpxdata:speed>
    </extensions>
   </trkpt>
   <trkpt lat="46.5299318" lon="12.0119209">
    <ele>2599</ele>
    <time>2026-10-02T13:32:24Z</time>
    <extensions>
     <gpxdata:hr>110</gpxdata:hr>
     <gpxdata:distance>2325.00</gpxdata:distance>
     <gpxdata:speed>0.775</gpxdata:speed>
    </extensions>
   </trkpt>
   <trkpt lat="46.5299235" lon="12.0119245">
    <ele>2599</ele>
    <time>2026-10-02T13:32:25Z</time>
    <extensions>
     <gpxdata:hr>110</gpxdata:hr>
     <gpxdata:distance>2326.00</gpxdata:distance>
     <gpxdata:speed>0.775</gpxdata:speed>
    </extensions>
   </trkpt>
   <trkpt lat="46.5299170" lon="12.0119275">
    <ele>2599</ele>
    <time>2026-10-02T13:32:26Z</time>
    <extensions>
     <gpxdata:hr>110</gpxdata:hr>
     <gpxdata:distance>2327.00</gpxdata:distance>
     <gpxdata:speed>0.778</gpxdata:speed>
    </extensions>
   </trkpt>
   <trkpt lat="46.5299113" lon="12.0119307">
    <ele>2600</ele>
    <time>2026-10-02T13:32:27Z</time>
    <extensions>
     <gpxdata:hr>110</gpxdata:hr>
     <gpxdata:distance>2328.00</gpxdata:distance>
     <gpxdata:speed>0.783</gpxdata:speed>
    </extensions>
   </trkpt>
   <trkpt lat="46.5299059" lon="12.0119338">
    <ele>2600</ele>
    <time>2026-10-02T13:32:28Z</time>
    <extensions>
     <gpxdata:hr>110</gpxdata:hr>
     <gpxdata:distance>2328.00</gpxdata:distance>
     <gpxdata:speed>0.775</gpxdata:speed>
    </extensions>
   </trkpt>
   <trkpt lat="46.5299002" lon="12.0119366">
    <ele>2600</ele>
    <time>2026-10-02T13:32:29Z</time>
    <extensions>
     <gpxdata:hr>110</gpxdata:hr>
     <gpxdata:distance>2328.00</gpxdata:distance>
     <gpxdata:speed>0.769</gpxdata:speed>
    </extensions>
   </trkpt>
   <trkpt lat="46.5298939" lon="12.0119399">
    <ele>2600</ele>
    <time>2026-10-02T13:32:30Z</time>
    <extensions>
     <gpxdata:hr>110</gpxdata:hr>
     <gpxdata:distance>2329.00</gpxdata:distance>
     <gpxdata:speed>0.767</gpxdata:speed>
    </extensions>
   </trkpt>
   <trkpt lat="46.5298867" lon="12.0119439">
    <ele>2601</ele>
    <time>2026-10-02T13:32:31Z</time>
    <extensions>
     <gpxdata:hr>110</gpxdata:hr>
     <gpxdata:distance>2330.00</gpxdata:distance>
     <gpxdata:speed>0.764</gpxdata:speed>
    </extensions>
   </trkpt>
   <trkpt lat="46.5298790" lon="12.0119482">
    <ele>2601</ele>
    <time>2026-10-02T13:32:32Z</time>
    <extensions>
     <gpxdata:hr>110</gpxdata:hr>
     <gpxdata:distance>2331.00</gpxdata:distance>
     <gpxdata:speed>0.761</gpxdata:speed>
    </extensions>
   </trkpt>
   <trkpt lat="46.5298709" lon="12.0119523">
    <ele>2601</ele>
    <time>2026-10-02T13:32:33Z</time>
    <extensions>
     <gpxdata:hr>110</gpxdata:hr>
     <gpxdata:distance>2332.00</gpxdata:distance>
     <gpxdata:speed>0.761</gpxdata:speed>
    </extensions>
   </trkpt>
   <trkpt lat="46.5298630" lon="12.0119560">
    <ele>2601</ele>
    <time>2026-10-02T13:32:34Z</time>
    <extensions>
     <gpxdata:hr>110</gpxdata:hr>
     <gpxdata:distance>2333.00</gpxdata:distance>
     <gpxdata:speed>0.764</gpxdata:speed>
    </extensions>
   </trkpt>
   <trkpt lat="46.5298560" lon="12.0119600">
    <ele>2601</ele>
    <time>2026-10-02T13:32:35Z</time>
    <extensions>
     <gpxdata:hr>111</gpxdata:hr>
     <gpxdata:distance>2334.00</gpxdata:distance>
     <gpxdata:speed>0.767</gpxdata:speed>
    </extensions>
   </trkpt>
   <trkpt lat="46.5298500" lon="12.0119649">
    <ele>2601</ele>
    <time>2026-10-02T13:32:36Z</time>
    <extensions>
     <gpxdata:hr>111</gpxdata:hr>
     <gpxdata:distance>2334.50</gpxdata:distance>
     <gpxdata:speed>0.769</gpxdata:speed>
    </extensions>
   </trkpt>
   <trkpt lat="46.5298444" lon="12.0119703">
    <ele>2601</ele>
    <time>2026-10-02T13:32:37Z</time>
    <extensions>
     <gpxdata:hr>112</gpxdata:hr>
     <gpxdata:distance>2335.00</gpxdata:distance>
     <gpxdata:speed>0.775</gpxdata:speed>
    </extensions>
   </trkpt>
   <trkpt lat="46.5298394" lon="12.0119760">
    <ele>2601</ele>
    <time>2026-10-02T13:32:38Z</time>
    <extensions>
     <gpxdata:hr>113</gpxdata:hr>
     <gpxdata:distance>2336.00</gpxdata:distance>
     <gpxdata:speed>0.775</gpxdata:speed>
    </extensions>
   </trkpt>
  </trkseg>
  <trkseg>
   <trkpt lat="46.5298277" lon="12.0119889">
    <ele>2603</ele>
    <time>2026-10-02T13:32:50Z</time>
    <extensions>
     <gpxdata:hr>118</gpxdata:hr>
     <gpxdata:distance>2338.00</gpxdata:distance>
    </extensions>
   </trkpt>
   <trkpt lat="46.5298196" lon="12.0119983">
    <ele>2603</ele>
    <time>2026-10-02T13:32:51Z</time>
    <extensions>
     <gpxdata:hr>119</gpxdata:hr>
     <gpxdata:distance>2338.00</gpxdata:distance>
    </extensions>
   </trkpt>
   <trkpt lat="46.5298138" lon="12.0120067">
    <ele>2603</ele>
    <time>2026-10-02T13:32:52Z</time>
    <extensions>
     <gpxdata:hr>119</gpxdata:hr>
     <gpxdata:distance>2338.00</gpxdata:distance>
    </extensions>
   </trkpt>
   <trkpt lat="46.5298092" lon="12.0120155">
    <ele>2603</ele>
    <time>2026-10-02T13:32:53Z</time>
    <extensions>
     <gpxdata:hr>120</gpxdata:hr>
     <gpxdata:distance>2338.00</gpxdata:distance>
    </extensions>
   </trkpt>
   <trkpt lat="46.5298057" lon="12.0120248">
    <ele>2603</ele>
    <time>2026-10-02T13:32:54Z</time>
    <extensions>
     <gpxdata:hr>122</gpxdata:hr>
     <gpxdata:distance>2341.00</gpxdata:distance>
    </extensions>
   </trkpt>
   <trkpt lat="46.5298030" lon="12.0120345">
    <ele>2604</ele>
    <time>2026-10-02T13:32:55Z</time>
    <extensions>
     <gpxdata:hr>124</gpxdata:hr>
     <gpxdata:distance>2344.00</gpxdata:distance>
    </extensions>
   </trkpt>
   <trkpt lat="46.5298009" lon="12.0120443">
    <ele>2604</ele>
    <time>2026-10-02T13:32:56Z</time>
    <extensions>
     <gpxdata:hr>129</gpxdata:hr>
     <gpxdata:distance>2344.50</gpxdata:distance>
    </extensions>
   </trkpt>
   <trkpt lat="46.5297997" lon="12.0120543">
    <ele>2604</ele>
    <time>2026-10-02T13:32:57Z</time>
    <extensions>
     <gpxdata:hr>129</gpxdata:hr>
     <gpxdata:distance>2345.00</gpxdata:distance>
    </extensions>
   </trkpt>
   <trkpt lat="46.5297996" lon="12.0120647">
    <ele>2604</ele>
    <time>2026-10-02T13:32:58Z</time>
    <extensions>
     <gpxdata:hr>131</gpxdata:hr>
     <gpxdata:distance>2346.00</gpxdata:distance>
     <gpxdata:speed>0.361</gpxdata:speed>
    </extensions>
   </trkpt>
   <trkpt lat="46.5298004" lon="12.0120754">
    <ele>2604</ele>
    <time>2026-10-02T13:32:59Z</time>
    <extensions>
     <gpxdata:hr>133</gpxdata:hr>
     <gpxdata:distance>2347.00</gpxdata:distance>
     <gpxdata:speed>0.725</gpxdata:speed>
    </extensions>
   </trkpt>
   <trkpt lat="46.5298022" lon="12.0120859">
    <ele>2604</ele>
    <time>2026-10-02T13:33:00Z</time>
    <extensions>
     <gpxdata:hr>135</gpxdata:hr>
     <gpxdata:distance>2347.50</gpxdata:distance>
     <gpxdata:speed>0.739</gpxdata:speed>
    </extensions>
   </trkpt>
   <trkpt lat="46.5298050" lon="12.0120964">
    <ele>2604</ele>
    <time>2026-10-02T13:33:01Z</time>
    <extensions>
     <gpxdata:hr>138</gpxdata:hr>
     <gpxdata:distance>2348.00</gpxdata:distance>
     <gpxdata:speed>0.753</gpxdata:speed>
    </extensions>
   </trkpt>
   <trkpt lat="46.5298088" lon="12.0121072">
    <ele>2604</ele>
    <time>2026-10-02T13:33:02Z</time>
    <extensions>
     <gpxdata:hr>142</gpxdata:hr>
     <gpxdata:distance>2349.00</gpxdata:distance>
     <gpxdata:speed>0.778</gpxdata:speed>
    </extensions>
   </trkpt>
   <trkpt lat="46.5298134" lon="12.0121183">
    <ele>2605</ele>
    <time>2026-10-02T13:33:03Z</time>
    <extensions>
     <gpxdata:hr>145</gpxdata:hr>
     <gpxdata:distance>2350.00</gpxdata:distance>
     <gpxdata:speed>0.803</gpxdata:speed>
    </extensions>
   </trkpt>
   <trkpt lat="46.5298184" lon="12.0121299">
    <ele>2605</ele>
    <time>2026-10-02T13:33:04Z</time>
    <extensions>
     <gpxdata:hr>149</gpxdata:hr>
     <gpxdata:distance>2351.00</gpxdata:distance>
     <gpxdata:speed>0.819</gpxdata:speed>
    </extensions>
   </trkpt>
   <trkpt lat="46.5298232" lon="12.0121414">
    <ele>2605</ele>
    <time>2026-10-02T13:33:05Z</time>
    <extensions>
     <gpxdata:hr>151</gpxdata:hr>
     <gpxdata:distance>2352.00</gpxdata:distance>
     <gpxdata:speed>0.839</gpxdata:speed>
    </extensions>
   </trkpt>
   <trkpt lat="46.5298269" lon="12.0121524">
    <ele>2605</ele>
    <time>2026-10-02T13:33:06Z</time>
    <extensions>
     <gpxdata:hr>151</gpxdata:hr>
     <gpxdata:distance>2353.00</gpxdata:distance>
     <gpxdata:speed>0.844</gpxdata:speed>
    </extensions>
   </trkpt>
  </trkseg>
  <trkseg>
   <trkpt lat="46.5298277" lon="12.0121620">
    <ele>2606</ele>
    <time>2026-10-02T13:33:14Z</time>
    <extensions>
     <gpxdata:hr>155</gpxdata:hr>
     <gpxdata:distance>2354.00</gpxdata:distance>
    </extensions>
   </trkpt>
   <trkpt lat="46.5298279" lon="12.0121696">
    <ele>2607</ele>
    <time>2026-10-02T13:33:15Z</time>
    <extensions>
     <gpxdata:hr>155</gpxdata:hr>
     <gpxdata:distance>2354.00</gpxdata:distance>
    </extensions>
   </trkpt>
   <trkpt lat="46.5298279" lon="12.0121771">
    <ele>2607</ele>
    <time>2026-10-02T13:33:16Z</time>
    <extensions>
     <gpxdata:hr>156</gpxdata:hr>
     <gpxdata:distance>2354.00</gpxdata:distance>
    </extensions>
   </trkpt>
   <trkpt lat="46.5298282" lon="12.0121854">
    <ele>2607</ele>
    <time>2026-10-02T13:33:17Z</time>
    <extensions>
     <gpxdata:hr>157</gpxdata:hr>
     <gpxdata:distance>2354.00</gpxdata:distance>
    </extensions>
   </trkpt>
   <trkpt lat="46.5298283" lon="12.0121957">
    <ele>2607</ele>
    <time>2026-10-02T13:33:18Z</time>
    <extensions>
     <gpxdata:hr>157</gpxdata:hr>
     <gpxdata:distance>2356.00</gpxdata:distance>
    </extensions>
   </trkpt>
   <trkpt lat="46.5298279" lon="12.0122075">
    <ele>2607</ele>
    <time>2026-10-02T13:33:19Z</time>
    <extensions>
     <gpxdata:hr>157</gpxdata:hr>
     <gpxdata:distance>2358.00</gpxdata:distance>
    </extensions>
   </trkpt>
   <trkpt lat="46.5298267" lon="12.0122189">
    <ele>2607</ele>
    <time>2026-10-02T13:33:20Z</time>
    <extensions>
     <gpxdata:hr>157</gpxdata:hr>
     <gpxdata:distance>2358.50</gpxdata:distance>
    </extensions>
   </trkpt>
   <trkpt lat="46.5298245" lon="12.0122290">
    <ele>2607</ele>
    <time>2026-10-02T13:33:21Z</time>
    <extensions>
     <gpxdata:hr>156</gpxdata:hr>
     <gpxdata:distance>2359.00</gpxdata:distance>
    </extensions>
   </trkpt>
   <trkpt lat="46.5298211" lon="12.0122367">
    <ele>2607</ele>
    <time>2026-10-02T13:33:22Z</time>
    <extensions>
     <gpxdata:hr>156</gpxdata:hr>
     <gpxdata:distance>2359.50</gpxdata:distance>
    </extensions>
   </trkpt>
   <trkpt lat="46.5298166" lon="12.0122403">
    <ele>2608</ele>
    <time>2026-10-02T13:33:23Z</time>
    <extensions>
     <gpxdata:hr>155</gpxdata:hr>
     <gpxdata:distance>2360.00</gpxdata:distance>
    </extensions>
   </trkpt>
   <trkpt lat="46.5298121" lon="12.0122395">
    <ele>2608</ele>
    <time>2026-10-02T13:33:24Z</time>
    <extensions>
     <gpxdata:hr>155</gpxdata:hr>
     <gpxdata:distance>2360.50</gpxdata:distance>
    </extensions>
   </trkpt>
   <trkpt lat="46.5298088" lon="12.0122351">
    <ele>2608</ele>
    <time>2026-10-02T13:33:25Z</time>
    <extensions>
     <gpxdata:hr>154</gpxdata:hr>
     <gpxdata:distance>2361.00</gpxdata:distance>
    </extensions>
   </trkpt>
   <trkpt lat="46.5298080" lon="12.0122325">
    <ele>2608</ele>
    <time>2026-10-02T13:33:26Z</time>
    <extensions>
     <gpxdata:hr>154</gpxdata:hr>
     <gpxdata:distance>2361.50</gpxdata:distance>
    </extensions>
   </trkpt>
   <trkpt lat="46.5298072" lon="12.0122298">
    <ele>2608</ele>
    <time>2026-10-02T13:33:27Z</time>
    <extensions>
     <gpxdata:hr>153</gpxdata:hr>
     <gpxdata:distance>2362.00</gpxdata:distance>
    </extensions>
   </trkpt>
   <trkpt lat="46.5298063" lon="12.0122270">
    <ele>2608</ele>
    <time>2026-10-02T13:33:28Z</time>
    <extensions>
     <gpxdata:hr>152</gpxdata:hr>
     <gpxdata:distance>2362.00</gpxdata:distance>
    </extensions>
   </trkpt>
   <trkpt lat="46.5298038" lon="12.0122219">
    <ele>2608</ele>
    <time>2026-10-02T13:33:29Z</time>
    <extensions>
     <gpxdata:hr>151</gpxdata:hr>
     <gpxdata:distance>2362.00</gpxdata:distance>
    </extensions>
   </trkpt>
   <trkpt lat="46.5298011" lon="12.0122192">
    <ele>2608</ele>
    <time>2026-10-02T13:33:30Z</time>
    <extensions>
     <gpxdata:hr>150</gpxdata:hr>
     <gpxdata:distance>2362.00</gpxdata:distance>
    </extensions>
   </trkpt>
   <trkpt lat="46.5297978" lon="12.0122180">
    <ele>2609</ele>
    <time>2026-10-02T13:33:31Z</time>
    <extensions>
     <gpxdata:hr>150</gpxdata:hr>
     <gpxdata:distance>2362.00</gpxdata:distance>
    </extensions>
   </trkpt>
   <trkpt lat="46.5297943" lon="12.0122178">
    <ele>2609</ele>
    <time>2026-10-02T13:33:32Z</time>
    <extensions>
     <gpxdata:hr>150</gpxdata:hr>
     <gpxdata:distance>2362.50</gpxdata:distance>
    </extensions>
   </trkpt>
   <trkpt lat="46.5297902" lon="12.0122197">
    <ele>2609</ele>
    <time>2026-10-02T13:33:33Z</time>
    <extensions>
     <gpxdata:hr>150</gpxdata:hr>
     <gpxdata:distance>2363.00</gpxdata:distance>
    </extensions>
   </trkpt>
   <trkpt lat="46.5297851" lon="12.0122232">
    <ele>2609</ele>
    <time>2026-10-02T13:33:34Z</time>
    <extensions>
     <gpxdata:hr>150</gpxdata:hr>
     <gpxdata:distance>2363.00</gpxdata:distance>
     <gpxdata:speed>0.303</gpxdata:speed>
    </extensions>
   </trkpt>
   <trkpt lat="46.5297795" lon="12.0122273">
    <ele>2610</ele>
    <time>2026-10-02T13:33:35Z</time>
    <extensions>
     <gpxdata:hr>150</gpxdata:hr>
     <gpxdata:distance>2363.00</gpxdata:distance>
     <gpxdata:speed>0.608</gpxdata:speed>
    </extensions>
   </trkpt>
   <trkpt lat="46.5297733" lon="12.0122314">
    <ele>2610</ele>
    <time>2026-10-02T13:33:36Z</time>
    <extensions>
     <gpxdata:hr>150</gpxdata:hr>
     <gpxdata:distance>2365.00</gpxdata:distance>
     <gpxdata:speed>0.672</gpxdata:speed>
    </extensions>
   </trkpt>
   <trkpt lat="46.5297663" lon="12.0122343">
    <ele>2610</ele>
    <time>2026-10-02T13:33:37Z</time>
    <extensions>
     <gpxdata:hr>150</gpxdata:hr>
     <gpxdata:distance>2367.00</gpxdata:distance>
     <gpxdata:speed>0.736</gpxdata:speed>
    </extensions>
   </trkpt>
   <trkpt lat="46.5297591" lon="12.0122339">
    <ele>2610</ele>
    <time>2026-10-02T13:33:38Z</time>
    <extensions>
     <gpxdata:hr>150</gpxdata:hr>
     <gpxdata:distance>2368.00</gpxdata:distance>
     <gpxdata:speed>0.797</gpxdata:speed>
    </extensions>
   </trkpt>
   <trkpt lat="46.5297520" lon="12.0122297">
    <ele>2611</ele>
    <time>2026-10-02T13:33:39Z</time>
    <extensions>
     <gpxdata:hr>150</gpxdata:hr>
     <gpxdata:distance>2369.00</gpxdata:distance>
     <gpxdata:speed>0.861</gpxdata:speed>
    </extensions>
   </trkpt>
   <trkpt lat="46.5297459" lon="12.0122221">
    <ele>2611</ele>
    <time>2026-10-02T13:33:40Z</time>
    <extensions>
     <gpxdata:hr>150</gpxdata:hr>
     <gpxdata:distance>2370.00</gpxdata:distance>
     <gpxdata:speed>0.922</gpxdata:speed>
    </extensions>
   </trkpt>
   <trkpt lat="46.5297406" lon="12.0122118">
    <ele>2611</ele>
    <time>2026-10-02T13:33:41Z</time>
    <extensions>
     <gpxdata:hr>150</gpxdata:hr>
     <gpxdata:distance>2371.00</gpxdata:distance>
     <gpxdata:speed>0.986</gpxdata:speed>
    </extensions>
   </trkpt>
   <trkpt lat="46.5297363" lon="12.0122006">
    <ele>2611</ele>
    <time>2026-10-02T13:33:42Z</time>
    <extensions>
     <gpxdata:hr>150</gpxdata:hr>
     <gpxdata:distance>2372.00</gpxdata:distance>
     <gpxdata:speed>1.003</gpxdata:speed>
    </extensions>
   </trkpt>
   <trkpt lat="46.5297328" lon="12.0121894">
    <ele>2612</ele>
    <time>2026-10-02T13:33:43Z</time>
    <extensions>
     <gpxdata:hr>151</gpxdata:hr>
     <gpxdata:distance>2373.00</gpxdata:distance>
     <gpxdata:speed>1.019</gpxdata:speed>
    </extensions>
   </trkpt>
   <trkpt lat="46.5297294" lon="12.0121801">
    <ele>2612</ele>
    <time>2026-10-02T13:33:44Z</time>
    <extensions>
     <gpxdata:hr>151</gpxdata:hr>
     <gpxdata:distance>2373.50</gpxdata:distance>
     <gpxdata:speed>1.011</gpxdata:speed>
    </extensions>
   </trkpt>
   <trkpt lat="46.5297257" lon="12.0121733">
    <ele>2612</ele>
    <time>2026-10-02T13:33:45Z</time>
    <extensions>
     <gpxdata:hr>151</gpxdata:hr>
     <gpxdata:distance>2374.00</gpxdata:distance>
     <gpxdata:speed>1.003</gpxdata:speed>
    </extensions>
   </trkpt>
   <trkpt lat="46.5297213" lon="12.0121683">
    <ele>2612</ele>
    <time>2026-10-02T13:33:46Z</time>
    <extensions>
     <gpxdata:hr>151</gpxdata:hr>
     <gpxdata:distance>2374.50</gpxdata:distance>
     <gpxdata:speed>0.994</gpxdata:speed>
    </extensions>
   </trkpt>
   <trkpt lat="46.5297162" lon="12.0121642">
    <ele>2613</ele>
    <time>2026-10-02T13:33:47Z</time>
    <extensions>
     <gpxdata:hr>151</gpxdata:hr>
     <gpxdata:distance>2375.00</gpxdata:distance>
     <gpxdata:speed>0.986</gpxdata:speed>
    </extensions>
   </trkpt>
   <trkpt lat="46.5297105" lon="12.0121610">
    <ele>2613</ele>
    <time>2026-10-02T13:33:48Z</time>
    <extensions>
     <gpxdata:hr>150</gpxdata:hr>
     <gpxdata:distance>2375.50</gpxdata:distance>
     <gpxdata:speed>0.975</gpxdata:speed>
    </extensions>
   </trkpt>
   <trkpt lat="46.5297046" lon="12.0121584">
    <ele>2613</ele>
    <time>2026-10-02T13:33:49Z</time>
    <extensions>
     <gpxdata:hr>149</gpxdata:hr>
     <gpxdata:distance>2376.00</gpxdata:distance>
     <gpxdata:speed>0.967</gpxdata:speed>
    </extensions>
   </trkpt>
  </trkseg>
  <trkseg>
   <trkpt lat="46.5296953" lon="12.0121543">
    <ele>2616</ele>
    <time>2026-10-02T13:34:06Z</time>
    <extensions>
     <gpxdata:hr>160</gpxdata:hr>
     <gpxdata:distance>2377.00</gpxdata:distance>
    </extensions>
   </trkpt>
   <trkpt lat="46.5296888" lon="12.0121507">
    <ele>2616</ele>
    <time>2026-10-02T13:34:07Z</time>
    <extensions>
     <gpxdata:hr>160</gpxdata:hr>
     <gpxdata:distance>2377.00</gpxdata:distance>
    </extensions>
   </trkpt>
   <trkpt lat="46.5296839" lon="12.0121464">
    <ele>2616</ele>
    <time>2026-10-02T13:34:08Z</time>
    <extensions>
     <gpxdata:hr>160</gpxdata:hr>
     <gpxdata:distance>2377.00</gpxdata:distance>
    </extensions>
   </trkpt>
   <trkpt lat="46.5296803" lon="12.0121409">
    <ele>2616</ele>
    <time>2026-10-02T13:34:09Z</time>
    <extensions>
     <gpxdata:hr>160</gpxdata:hr>
     <gpxdata:distance>2377.00</gpxdata:distance>
    </extensions>
   </trkpt>
   <trkpt lat="46.5296785" lon="12.0121347">
    <ele>2616</ele>
    <time>2026-10-02T13:34:10Z</time>
    <extensions>
     <gpxdata:hr>160</gpxdata:hr>
     <gpxdata:distance>2379.00</gpxdata:distance>
    </extensions>
   </trkpt>
  </trkseg>
  <trkseg>
   <trkpt lat="46.5296716" lon="12.0121212">
    <ele>2616</ele>
    <time>2026-10-02T13:34:17Z</time>
    <extensions>
     <gpxdata:hr>158</gpxdata:hr>
     <gpxdata:distance>2381.00</gpxdata:distance>
     <gpxdata:speed>1.514</gpxdata:speed>
    </extensions>
   </trkpt>
   <trkpt lat="46.5296654" lon="12.0121126">
    <ele>2616</ele>
    <time>2026-10-02T13:34:18Z</time>
    <extensions>
     <gpxdata:hr>158</gpxdata:hr>
     <gpxdata:distance>2381.00</gpxdata:distance>
     <gpxdata:speed>1.514</gpxdata:speed>
    </extensions>
   </trkpt>
   <trkpt lat="46.5296595" lon="12.0121072">
    <ele>2617</ele>
    <time>2026-10-02T13:34:19Z</time>
    <extensions>
     <gpxdata:hr>158</gpxdata:hr>
     <gpxdata:distance>2381.00</gpxdata:distance>
     <gpxdata:speed>1.514</gpxdata:speed>
    </extensions>
   </trkpt>
   <trkpt lat="46.5296533" lon="12.0121042">
    <ele>2617</ele>
    <time>2026-10-02T13:34:20Z</time>
    <extensions>
     <gpxdata:hr>158</gpxdata:hr>
     <gpxdata:distance>2383.00</gpxdata:distance>
     <gpxdata:speed>1.081</gpxdata:speed>
    </extensions>
   </trkpt>
   <trkpt lat="46.5296464" lon="12.0121026">
    <ele>2617</ele>
    <time>2026-10-02T13:34:21Z</time>
    <extensions>
     <gpxdata:hr>158</gpxdata:hr>
     <gpxdata:distance>2385.00</gpxdata:distance>
     <gpxdata:speed>0.647</gpxdata:speed>
    </extensions>
   </trkpt>
   <trkpt lat="46.5296386" lon="12.0121007">
    <ele>2617</ele>
    <time>2026-10-02T13:34:22Z</time>
    <extensions>
     <gpxdata:hr>158</gpxdata:hr>
     <gpxdata:distance>2386.00</gpxdata:distance>
     <gpxdata:speed>0.689</gpxdata:speed>
    </extensions>
   </trkpt>
   <trkpt lat="46.5296309" lon="12.0120979">
    <ele>2617</ele>
    <time>2026-10-02T13:34:23Z</time>
    <extensions>
     <gpxdata:hr>158</gpxdata:hr>
     <gpxdata:distance>2387.00</gpxdata:distance>
     <gpxdata:speed>0.731</gpxdata:speed>
    </extensions>
   </trkpt>
   <trkpt lat="46.5296236" lon="12.0120948">
    <ele>2617</ele>
    <time>2026-10-02T13:34:24Z</time>
    <extensions>
     <gpxdata:hr>157</gpxdata:hr>
     <gpxdata:distance>2387.50</gpxdata:distance>
     <gpxdata:speed>0.750</gpxdata:speed>
    </extensions>
   </trkpt>
  </trkseg>
  <trkseg>
   <trkpt lat="46.5296115" lon="12.0120822">
    <ele>2619</ele>
    <time>2026-10-02T13:34:53Z</time>
    <extensions>
     <gpxdata:hr>145</gpxdata:hr>
     <gpxdata:distance>2388.00</gpxdata:distance>
    </extensions>
   </trkpt>
   <trkpt lat="46.5296035" lon="12.0120724">
    <ele>2619</ele>
    <time>2026-10-02T13:34:54Z</time>
    <extensions>
     <gpxdata:hr>145</gpxdata:hr>
     <gpxdata:distance>2388.00</gpxdata:distance>
    </extensions>
   </trkpt>
   <trkpt lat="46.5295975" lon="12.0120640">
    <ele>2619</ele>
    <time>2026-10-02T13:34:55Z</time>
    <extensions>
     <gpxdata:hr>145</gpxdata:hr>
     <gpxdata:distance>2388.00</gpxdata:distance>
    </extensions>
   </trkpt>
   <trkpt lat="46.5295924" lon="12.0120564">
    <ele>2619</ele>
    <time>2026-10-02T13:34:56Z</time>
    <extensions>
     <gpxdata:hr>145</gpxdata:hr>
     <gpxdata:distance>2390.50</gpxdata:distance>
    </extensions>
   </trkpt>
  </trkseg>
  <trkseg>
   <trkpt lat="46.5295930" lon="12.0120459">
    <ele>2619</ele>
    <time>2026-10-02T13:35:12Z</time>
    <extensions>
     <gpxdata:hr>141</gpxdata:hr>
     <gpxdata:distance>2393.00</gpxdata:distance>
    </extensions>
   </trkpt>
   <trkpt lat="46.5295925" lon="12.0120379">
    <ele>2619</ele>
    <time>2026-10-02T13:35:13Z</time>
    <extensions>
     <gpxdata:hr>139</gpxdata:hr>
     <gpxdata:distance>2393.00</gpxdata:distance>
    </extensions>
   </trkpt>
   <trkpt lat="46.5295905" lon="12.0120312">
    <ele>2619</ele>
    <time>2026-10-02T13:35:14Z</time>
    <extensions>
     <gpxdata:hr>138</gpxdata:hr>
     <gpxdata:distance>2393.00</gpxdata:distance>
    </extensions>
   </trkpt>
   <trkpt lat="46.5295870" lon="12.0120244">
    <ele>2619</ele>
    <time>2026-10-02T13:35:15Z</time>
    <extensions>
     <gpxdata:hr>136</gpxdata:hr>
     <gpxdata:distance>2393.00</gpxdata:distance>
    </extensions>
   </trkpt>
   <trkpt lat="46.5295821" lon="12.0120169">
    <ele>2619</ele>
    <time>2026-10-02T13:35:16Z</time>
    <extensions>
     <gpxdata:hr>135</gpxdata:hr>
     <gpxdata:distance>2395.00</gpxdata:distance>
    </extensions>
   </trkpt>
   <trkpt lat="46.5295757" lon="12.0120090">
    <ele>2619</ele>
    <time>2026-10-02T13:35:17Z</time>
    <extensions>
     <gpxdata:hr>134</gpxdata:hr>
     <gpxdata:distance>2397.00</gpxdata:distance>
    </extensions>
   </trkpt>
   <trkpt lat="46.5295682" lon="12.0120011">
    <ele>2619</ele>
    <time>2026-10-02T13:35:18Z</time>
    <extensions>
     <gpxdata:hr>130</gpxdata:hr>
     <gpxdata:distance>2398.00</gpxdata:distance>
    </extensions>
   </trkpt>
   <trkpt lat="46.5295602" lon="12.0119943">
    <ele>2619</ele>
    <time>2026-10-02T13:35:19Z</time>
    <extensions>
     <gpxdata:hr>129</gpxdata:hr>
     <gpxdata:distance>2399.00</gpxdata:distance>
    </extensions>
   </trkpt>
   <trkpt lat="46.5295525" lon="12.0119897">
    <ele>2619</ele>
    <time>2026-10-02T13:35:20Z</time>
    <extensions>
     <gpxdata:hr>128</gpxdata:hr>
     <gpxdata:distance>2399.50</gpxdata:distance>
    </extensions>
   </trkpt>
  </trkseg>
  <trkseg>
   <trkpt lat="46.5295442" lon="12.0119754">
    <ele>2619</ele>
    <time>2026-10-02T13:36:47Z</time>
    <extensions>
     <gpxdata:hr>100</gpxdata:hr>
     <gpxdata:distance>2400.00</gpxdata:distance>
    </extensions>
   </trkpt>
   <trkpt lat="46.5295380" lon="12.0119653">
    <ele>2619</ele>
    <time>2026-10-02T13:36:48Z</time>
    <extensions>
     <gpxdata:hr>100</gpxdata:hr>
     <gpxdata:distance>2400.00</gpxdata:distance>
    </extensions>
   </trkpt>
   <trkpt lat="46.5295331" lon="12.0119575">
    <ele>2619</ele>
    <time>2026-10-02T13:36:49Z</time>
    <extensions>
     <gpxdata:hr>100</gpxdata:hr>
     <gpxdata:distance>2400.00</gpxdata:distance>
    </extensions>
   </trkpt>
   <trkpt lat="46.5295287" lon="12.0119509">
    <ele>2619</ele>
    <time>2026-10-02T13:36:50Z</time>
    <extensions>
     <gpxdata:hr>100</gpxdata:hr>
     <gpxdata:distance>2402.00</gpxdata:distance>
    </extensions>
   </trkpt>
   <trkpt lat="46.5295245" lon="12.0119441">
    <ele>2619</ele>
    <time>2026-10-02T13:36:51Z</time>
    <extensions>
     <gpxdata:hr>100</gpxdata:hr>
     <gpxdata:distance>2404.00</gpxdata:distance>
    </extensions>
   </trkpt>
   <trkpt lat="46.5295202" lon="12.0119372">
    <ele>2619</ele>
    <time>2026-10-02T13:36:52Z</time>
    <extensions>
     <gpxdata:hr>101</gpxdata:hr>
     <gpxdata:distance>2404.50</gpxdata:distance>
    </extensions>
   </trkpt>
   <trkpt lat="46.5295159" lon="12.0119303">
    <ele>2619</ele>
    <time>2026-10-02T13:36:53Z</time>
    <extensions>
     <gpxdata:hr>100</gpxdata:hr>
     <gpxdata:distance>2405.00</gpxdata:distance>
    </extensions>
   </trkpt>
   <trkpt lat="46.5295113" lon="12.0119232">
    <ele>2619</ele>
    <time>2026-10-02T13:36:54Z</time>
    <extensions>
     <gpxdata:hr>100</gpxdata:hr>
     <gpxdata:distance>2406.00</gpxdata:distance>
    </extensions>
   </trkpt>
   <trkpt lat="46.5295065" lon="12.0119158">
    <ele>2619</ele>
    <time>2026-10-02T13:36:55Z</time>
    <extensions>
     <gpxdata:hr>99</gpxdata:hr>
     <gpxdata:distance>2407.00</gpxdata:distance>
    </extensions>
   </trkpt>
   <trkpt lat="46.5295021" lon="12.0119075">
    <ele>2619</ele>
    <time>2026-10-02T13:36:56Z</time>
    <extensions>
     <gpxdata:hr>98</gpxdata:hr>
     <gpxdata:distance>2407.50</gpxdata:distance>
    </extensions>
   </trkpt>
   <trkpt lat="46.5294983" lon="12.0118984">
    <ele>2619</ele>
    <time>2026-10-02T13:36:57Z</time>
    <extensions>
     <gpxdata:hr>96</gpxdata:hr>
     <gpxdata:distance>2408.00</gpxdata:distance>
    </extensions>
   </trkpt>
   <trkpt lat="46.5294947" lon="12.0118871">
    <ele>2619</ele>
    <time>2026-10-02T13:36:58Z</time>
    <extensions>
     <gpxdata:hr>95</gpxdata:hr>
     <gpxdata:distance>2408.50</gpxdata:distance>
     <gpxdata:speed>0.347</gpxdata:speed>
    </extensions>
   </trkpt>
   <trkpt lat="46.5294921" lon="12.0118773">
    <ele>2619</ele>
    <time>2026-10-02T13:36:59Z</time>
    <extensions>
     <gpxdata:hr>95</gpxdata:hr>
     <gpxdata:distance>2409.00</gpxdata:distance>
     <gpxdata:speed>0.694</gpxdata:speed>
    </extensions>
   </trkpt>
   <trkpt lat="46.5294899" lon="12.0118685">
    <ele>2619</ele>
    <time>2026-10-02T13:37:00Z</time>
    <extensions>
     <gpxdata:hr>95</gpxdata:hr>
     <gpxdata:distance>2409.00</gpxdata:distance>
     <gpxdata:speed>0.347</gpxdata:speed>
    </extensions>
   </trkpt>
   <trkpt lat="46.5294872" lon="12.0118612">
    <ele>2619</ele>
    <time>2026-10-02T13:37:01Z</time>
    <extensions>
     <gpxdata:hr>96</gpxdata:hr>
     <gpxdata:distance>2409.00</gpxdata:distance>
    </extensions>
   </trkpt>
   <trkpt lat="46.5294841" lon="12.0118551">
    <ele>2619</ele>
    <time>2026-10-02T13:37:02Z</time>
    <extensions>
     <gpxdata:hr>96</gpxdata:hr>
     <gpxdata:distance>2410.50</gpxdata:distance>
     <gpxdata:speed>0.294</gpxdata:speed>
    </extensions>
   </trkpt>
   <trkpt lat="46.5294800" lon="12.0118497">
    <ele>2620</ele>
    <time>2026-10-02T13:37:03Z</time>
    <extensions>
     <gpxdata:hr>97</gpxdata:hr>
     <gpxdata:distance>2412.00</gpxdata:distance>
     <gpxdata:speed>0.592</gpxdata:speed>
    </extensions>
   </trkpt>
   <trkpt lat="46.5294751" lon="12.0118439">
    <ele>2620</ele>
    <time>2026-10-02T13:37:04Z</time>
    <extensions>
     <gpxdata:hr>97</gpxdata:hr>
     <gpxdata:distance>2412.50</gpxdata:distance>
     <gpxdata:speed>0.608</gpxdata:speed>
    </extensions>
   </trkpt>
   <trkpt lat="46.5294701" lon="12.0118377">
    <ele>2620</ele>
    <time>2026-10-02T13:37:05Z</time>
    <extensions>
     <gpxdata:hr>98</gpxdata:hr>
     <gpxdata:distance>2413.00</gpxdata:distance>
     <gpxdata:speed>0.625</gpxdata:speed>
    </extensions>
   </trkpt>
  </trkseg>
  <trkseg>
   <trkpt lat="46.5294670" lon="12.0118311">
    <ele>2621</ele>
    <time>2026-10-02T13:37:22Z</time>
    <extensions>
     <gpxdata:hr>111</gpxdata:hr>
     <gpxdata:distance>2415.00</gpxdata:distance>
    </extensions>
   </trkpt>
   <trkpt lat="46.5294652" lon="12.0118254">
    <ele>2621</ele>
    <time>2026-10-02T13:37:23Z</time>
    <extensions>
     <gpxdata:hr>111</gpxdata:hr>
     <gpxdata:distance>2415.00</gpxdata:distance>
    </extensions>
   </trkpt>
   <trkpt lat="46.5294639" lon="12.0118199">
    <ele>2621</ele>
    <time>2026-10-02T13:37:24Z</time>
    <extensions>
     <gpxdata:hr>112</gpxdata:hr>
     <gpxdata:distance>2415.00</gpxdata:distance>
    </extensions>
   </trkpt>
   <trkpt lat="46.5294627" lon="12.0118137">
    <ele>2621</ele>
    <time>2026-10-02T13:37:25Z</time>
    <extensions>
     <gpxdata:hr>112</gpxdata:hr>
     <gpxdata:distance>2415.00</gpxdata:distance>
    </extensions>
   </trkpt>
   <trkpt lat="46.5294613" lon="12.0118062">
    <ele>2621</ele>
    <time>2026-10-02T13:37:26Z</time>
    <extensions>
     <gpxdata:hr>112</gpxdata:hr>
     <gpxdata:distance>2416.50</gpxdata:distance>
    </extensions>
   </trkpt>
   <trkpt lat="46.5294592" lon="12.0117954">
    <ele>2621</ele>
    <time>2026-10-02T13:37:27Z</time>
    <extensions>
     <gpxdata:hr>111</gpxdata:hr>
     <gpxdata:distance>2418.00</gpxdata:distance>
    </extensions>
   </trkpt>
   <trkpt lat="46.5294575" lon="12.0117854">
    <ele>2621</ele>
    <time>2026-10-02T13:37:28Z</time>
    <extensions>
     <gpxdata:hr>111</gpxdata:hr>
     <gpxdata:distance>2418.50</gpxdata:distance>
    </extensions>
   </trkpt>
   <trkpt lat="46.5294563" lon="12.0117752">
    <ele>2621</ele>
    <time>2026-10-02T13:37:29Z</time>
    <extensions>
     <gpxdata:hr>112</gpxdata:hr>
     <gpxdata:distance>2419.00</gpxdata:distance>
    </extensions>
   </trkpt>
   <trkpt lat="46.5294558" lon="12.0117650">
    <ele>2621</ele>
    <time>2026-10-02T13:37:30Z</time>
    <extensions>
     <gpxdata:hr>113</gpxdata:hr>
     <gpxdata:distance>2419.50</gpxdata:distance>
    </extensions>
   </trkpt>
   <trkpt lat="46.5294555" lon="12.0117546">
    <ele>2622</ele>
    <time>2026-10-02T13:37:31Z</time>
    <extensions>
     <gpxdata:hr>113</gpxdata:hr>
     <gpxdata:distance>2420.00</gpxdata:distance>
    </extensions>
   </trkpt>
   <trkpt lat="46.5294553" lon="12.0117438">
    <ele>2622</ele>
    <time>2026-10-02T13:37:32Z</time>
    <extensions>
     <gpxdata:hr>114</gpxdata:hr>
     <gpxdata:distance>2421.00</gpxdata:distance>
    </extensions>
   </trkpt>
   <trkpt lat="46.5294551" lon="12.0117335">
    <ele>2622</ele>
    <time>2026-10-02T13:37:33Z</time>
    <extensions>
     <gpxdata:hr>115</gpxdata:hr>
     <gpxdata:distance>2422.00</gpxdata:distance>
    </extensions>
   </trkpt>
   <trkpt lat="46.5294548" lon="12.0117239">
    <ele>2622</ele>
    <time>2026-10-02T13:37:34Z</time>
    <extensions>
     <gpxdata:hr>117</gpxdata:hr>
     <gpxdata:distance>2422.50</gpxdata:distance>
    </extensions>
   </trkpt>
   <trkpt lat="46.5294536" lon="12.0117149">
    <ele>2622</ele>
    <time>2026-10-02T13:37:35Z</time>
    <extensions>
     <gpxdata:hr>118</gpxdata:hr>
     <gpxdata:distance>2423.00</gpxdata:distance>
    </extensions>
   </trkpt>
   <trkpt lat="46.5294527" lon="12.0117110">
    <ele>2622</ele>
    <time>2026-10-02T13:37:36Z</time>
    <extensions>
     <gpxdata:hr>119</gpxdata:hr>
     <gpxdata:distance>2423.50</gpxdata:distance>
    </extensions>
   </trkpt>
   <trkpt lat="46.5294519" lon="12.0117071">
    <ele>2622</ele>
    <time>2026-10-02T13:37:37Z</time>
    <extensions>
     <gpxdata:hr>121</gpxdata:hr>
     <gpxdata:distance>2424.00</gpxdata:distance>
    </extensions>
   </trkpt>
   <trkpt lat="46.5294510" lon="12.0117032">
    <ele>2622</ele>
    <time>2026-10-02T13:37:38Z</time>
    <extensions>
     <gpxdata:hr>122</gpxdata:hr>
     <gpxdata:distance>2425.00</gpxdata:distance>
    </extensions>
   </trkpt>
   <trkpt lat="46.5294484" lon="12.0116924">
    <ele>2623</ele>
    <time>2026-10-02T13:37:39Z</time>
    <extensions>
     <gpxdata:hr>121</gpxdata:hr>
     <gpxdata:distance>2426.00</gpxdata:distance>
    </extensions>
   </trkpt>
   <trkpt lat="46.5294462" lon="12.0116820">
    <ele>2623</ele>
    <time>2026-10-02T13:37:40Z</time>
    <extensions>
     <gpxdata:hr>121</gpxdata:hr>
     <gpxdata:distance>2426.50</gpxdata:distance>
    </extensions>
   </trkpt>
   <trkpt lat="46.5294445" lon="12.0116715">
    <ele>2623</ele>
    <time>2026-10-02T13:37:41Z</time>
    <extensions>
     <gpxdata:hr>122</gpxdata:hr>
     <gpxdata:distance>2427.00</gpxdata:distance>
    </extensions>
   </trkpt>
   <trkpt lat="46.5294432" lon="12.0116609">
    <ele>2623</ele>
    <time>2026-10-02T13:37:42Z</time>
    <extensions>
     <gpxdata:hr>122</gpxdata:hr>
     <gpxdata:distance>2428.00</gpxdata:distance>
     <gpxdata:speed>0.403</gpxdata:speed>
    </extensions>
   </trkpt>
   <trkpt lat="46.5294429" lon="12.0116498">
    <ele>2624</ele>
    <time>2026-10-02T13:37:43Z</time>
    <extensions>
     <gpxdata:hr>121</gpxdata:hr>
     <gpxdata:distance>2429.00</gpxdata:distance>
     <gpxdata:speed>0.806</gpxdata:speed>
    </extensions>
   </trkpt>
   <trkpt lat="46.5294436" lon="12.0116389">
    <ele>2624</ele>
    <time>2026-10-02T13:37:44Z</time>
    <extensions>
     <gpxdata:hr>121</gpxdata:hr>
     <gpxdata:distance>2430.00</gpxdata:distance>
     <gpxdata:speed>0.819</gpxdata:speed>
    </extensions>
   </trkpt>
   <trkpt lat="46.5294446" lon="12.0116286">
    <ele>2624</ele>
    <time>2026-10-02T13:37:45Z</time>
    <extensions>
     <gpxdata:hr>121</gpxdata:hr>
     <gpxdata:distance>2431.00</gpxdata:distance>
     <gpxdata:speed>0.836</gpxdata:speed>
    </extensions>
   </trkpt>
   <trkpt lat="46.5294453" lon="12.0116190">
    <ele>2624</ele>
    <time>2026-10-02T13:37:46Z</time>
    <extensions>
     <gpxdata:hr>121</gpxdata:hr>
     <gpxdata:distance>2431.50</gpxdata:distance>
     <gpxdata:speed>0.828</gpxdata:speed>
    </extensions>
   </trkpt>
   <trkpt lat="46.5294459" lon="12.0116094">
    <ele>2625</ele>
    <time>2026-10-02T13:37:47Z</time>
    <extensions>
     <gpxdata:hr>122</gpxdata:hr>
     <gpxdata:distance>2432.00</gpxdata:distance>
     <gpxdata:speed>0.819</gpxdata:speed>
    </extensions>
   </trkpt>
   <trkpt lat="46.5294467" lon="12.0115994">
    <ele>2625</ele>
    <time>2026-10-02T13:37:48Z</time>
    <extensions>
     <gpxdata:hr>122</gpxdata:hr>
     <gpxdata:distance>2433.00</gpxdata:distance>
     <gpxdata:speed>0.814</gpxdata:speed>
    </extensions>
   </trkpt>
   <trkpt lat="46.5294463" lon="12.0115965">
    <ele>2625</ele>
    <time>2026-10-02T13:37:49Z</time>
    <extensions>
     <gpxdata:hr>123</gpxdata:hr>
     <gpxdata:distance>2434.00</gpxdata:distance>
     <gpxdata:speed>0.811</gpxdata:speed>
    </extensions>
   </trkpt>
   <trkpt lat="46.5294458" lon="12.0115933">
    <ele>2625</ele>
    <time>2026-10-02T13:37:50Z</time>
    <extensions>
     <gpxdata:hr>124</gpxdata:hr>
     <gpxdata:distance>2434.00</gpxdata:distance>
     <gpxdata:speed>0.794</gpxdata:speed>
    </extensions>
   </trkpt>
   <trkpt lat="46.5294453" lon="12.0115898">
    <ele>2626</ele>
    <time>2026-10-02T13:37:51Z</time>
    <extensions>
     <gpxdata:hr>126</gpxdata:hr>
     <gpxdata:distance>2434.00</gpxdata:distance>
     <gpxdata:speed>0.778</gpxdata:speed>
    </extensions>
   </trkpt>
   <trkpt lat="46.5294447" lon="12.0115859">
    <ele>2626</ele>
    <time>2026-10-02T13:37:52Z</time>
    <extensions>
     <gpxdata:hr>128</gpxdata:hr>
     <gpxdata:distance>2434.00</gpxdata:distance>
     <gpxdata:speed>0.764</gpxdata:speed>
    </extensions>
   </trkpt>
   <trkpt lat="46.5294418" lon="12.0115778">
    <ele>2626</ele>
    <time>2026-10-02T13:37:53Z</time>
    <extensions>
     <gpxdata:hr>129</gpxdata:hr>
     <gpxdata:distance>2434.00</gpxdata:distance>
     <gpxdata:speed>0.750</gpxdata:speed>
    </extensions>
   </trkpt>
   <trkpt lat="46.5294385" lon="12.0115737">
    <ele>2626</ele>
    <time>2026-10-02T13:37:54Z</time>
    <extensions>
     <gpxdata:hr>130</gpxdata:hr>
     <gpxdata:distance>2434.00</gpxdata:distance>
     <gpxdata:speed>0.744</gpxdata:speed>
    </extensions>
   </trkpt>
   <trkpt lat="46.5294350" lon="12.0115734">
    <ele>2626</ele>
    <time>2026-10-02T13:37:55Z</time>
    <extensions>
     <gpxdata:hr>130</gpxdata:hr>
     <gpxdata:distance>2434.00</gpxdata:distance>
     <gpxdata:speed>0.739</gpxdata:speed>
    </extensions>
   </trkpt>
   <trkpt lat="46.5294312" lon="12.0115764">
    <ele>2626</ele>
    <time>2026-10-02T13:37:56Z</time>
    <extensions>
     <gpxdata:hr>130</gpxdata:hr>
     <gpxdata:distance>2435.50</gpxdata:distance>
     <gpxdata:speed>0.731</gpxdata:speed>
    </extensions>
   </trkpt>
   <trkpt lat="46.5294270" lon="12.0115820">
    <ele>2626</ele>
    <time>2026-10-02T13:37:57Z</time>
    <extensions>
     <gpxdata:hr>130</gpxdata:hr>
     <gpxdata:distance>2437.00</gpxdata:distance>
     <gpxdata:speed>0.725</gpxdata:speed>
    </extensions>
   </trkpt>
   <trkpt lat="46.5294225" lon="12.0115890">
    <ele>2626</ele>
    <time>2026-10-02T13:37:58Z</time>
    <extensions>
     <gpxdata:hr>130</gpxdata:hr>
     <gpxdata:distance>2437.50</gpxdata:distance>
     <gpxdata:speed>0.719</gpxdata:speed>
    </extensions>
   </trkpt>
   <trkpt lat="46.5294181" lon="12.0115969">
    <ele>2627</ele>
    <time>2026-10-02T13:37:59Z</time>
    <extensions>
     <gpxdata:hr>130</gpxdata:hr>
     <gpxdata:distance>2438.00</gpxdata:distance>
     <gpxdata:speed>0.717</gpxdata:speed>
    </extensions>
   </trkpt>
   <trkpt lat="46.5294139" lon="12.0116064">
    <ele>2627</ele>
    <time>2026-10-02T13:38:00Z</time>
    <extensions>
     <gpxdata:hr>130</gpxdata:hr>
     <gpxdata:distance>2439.00</gpxdata:distance>
     <gpxdata:speed>0.711</gpxdata:speed>
    </extensions>
   </trkpt>
   <trkpt lat="46.5294100" lon="12.0116160">
    <ele>2627</ele>
    <time>2026-10-02T13:38:01Z</time>
    <extensions>
     <gpxdata:hr>131</gpxdata:hr>
     <gpxdata:distance>2440.00</gpxdata:distance>
     <gpxdata:speed>0.708</gpxdata:speed>
    </extensions>
   </trkpt>
   <trkpt lat="46.5294066" lon="12.0116251">
    <ele>2627</ele>
    <time>2026-10-02T13:38:02Z</time>
    <extensions>
     <gpxdata:hr>131</gpxdata:hr>
     <gpxdata:distance>2440.50</gpxdata:distance>
     <gpxdata:speed>0.706</gpxdata:speed>
    </extensions>
   </trkpt>
   <trkpt lat="46.5294042" lon="12.0116345">
    <ele>2628</ele>
    <time>2026-10-02T13:38:03Z</time>
    <extensions>
     <gpxdata:hr>133</gpxdata:hr>
     <gpxdata:distance>2441.00</gpxdata:distance>
     <gpxdata:speed>0.703</gpxdata:speed>
    </extensions>
   </trkpt>
   <trkpt lat="46.5294026" lon="12.0116449">
    <ele>2628</ele>
    <time>2026-10-02T13:38:04Z</time>
    <extensions>
     <gpxdata:hr>134</gpxdata:hr>
     <gpxdata:distance>2442.00</gpxdata:distance>
     <gpxdata:speed>0.703</gpxdata:speed>
    </extensions>
   </trkpt>
   <trkpt lat="46.5294014" lon="12.0116560">
    <ele>2628</ele>
    <time>2026-10-02T13:38:05Z</time>
    <extensions>
     <gpxdata:hr>135</gpxdata:hr>
     <gpxdata:distance>2443.00</gpxdata:distance>
     <gpxdata:speed>0.706</gpxdata:speed>
    </extensions>
   </trkpt>
   <trkpt lat="46.5293999" lon="12.0116672">
    <ele>2628</ele>
    <time>2026-10-02T13:38:06Z</time>
    <extensions>
     <gpxdata:hr>135</gpxdata:hr>
     <gpxdata:distance>2444.00</gpxdata:distance>
     <gpxdata:speed>0.706</gpxdata:speed>
    </extensions>
   </trkpt>
   <trkpt lat="46.5293981" lon="12.0116779">
    <ele>2628</ele>
    <time>2026-10-02T13:38:07Z</time>
    <extensions>
     <gpxdata:hr>135</gpxdata:hr>
     <gpxdata:distance>2445.00</gpxdata:distance>
     <gpxdata:speed>0.708</gpxdata:speed>
    </extensions>
   </trkpt>
   <trkpt lat="46.5293958" lon="12.0116888">
    <ele>2628</ele>
    <time>2026-10-02T13:38:08Z</time>
    <extensions>
     <gpxdata:hr>136</gpxdata:hr>
     <gpxdata:distance>2446.00</gpxdata:distance>
     <gpxdata:speed>0.714</gpxdata:speed>
    </extensions>
   </trkpt>
   <trkpt lat="46.5293929" lon="12.0116996">
    <ele>2628</ele>
    <time>2026-10-02T13:38:09Z</time>
    <extensions>
     <gpxdata:hr>136</gpxdata:hr>
     <gpxdata:distance>2447.00</gpxdata:distance>
     <gpxdata:speed>0.722</gpxdata:speed>
    </extensions>
   </trkpt>
   <trkpt lat="46.5293893" lon="12.0117091">
    <ele>2628</ele>
    <time>2026-10-02T13:38:10Z</time>
    <extensions>
     <gpxdata:hr>136</gpxdata:hr>
     <gpxdata:distance>2447.50</gpxdata:distance>
     <gpxdata:speed>0.731</gpxdata:speed>
    </extensions>
   </trkpt>
   <trkpt lat="46.5293848" lon="12.0117171">
    <ele>2629</ele>
    <time>2026-10-02T13:38:11Z</time>
    <extensions>
     <gpxdata:hr>136</gpxdata:hr>
     <gpxdata:distance>2448.00</gpxdata:distance>
     <gpxdata:speed>0.742</gpxdata:speed>
    </extensions>
   </trkpt>
   <trkpt lat="46.5293793" lon="12.0117233">
    <ele>2629</ele>
    <time>2026-10-02T13:38:12Z</time>
    <extensions>
     <gpxdata:hr>136</gpxdata:hr>
     <gpxdata:distance>2449.00</gpxdata:distance>
     <gpxdata:speed>0.750</gpxdata:speed>
    </extensions>
   </trkpt>
   <trkpt lat="46.5293734" lon="12.0117279">
    <ele>2629</ele>
    <time>2026-10-02T13:38:13Z</time>
    <extensions>
     <gpxdata:hr>134</gpxdata:hr>
     <gpxdata:distance>2450.00</gpxdata:distance>
     <gpxdata:speed>0.761</gpxdata:speed>
    </extensions>
   </trkpt>
   <trkpt lat="46.5293673" lon="12.0117318">
    <ele>2629</ele>
    <time>2026-10-02T13:38:14Z</time>
    <extensions>
     <gpxdata:hr>133</gpxdata:hr>
     <gpxdata:distance>2450.50</gpxdata:distance>
     <gpxdata:speed>0.764</gpxdata:speed>
    </extensions>
   </trkpt>
  </trkseg>
  <trkseg>
   <trkpt lat="46.5293542" lon="12.0117437">
    <ele>2631</ele>
    <time>2026-10-02T13:38:21Z</time>
    <extensions>
     <gpxdata:hr>130</gpxdata:hr>
     <gpxdata:distance>2451.00</gpxdata:distance>
     <gpxdata:speed>0.775</gpxdata:speed>
    </extensions>
   </trkpt>
  </trkseg>
  <trkseg>
   <trkpt lat="46.5293416" lon="12.0117603">
    <ele>2633</ele>
    <time>2026-10-02T13:38:36Z</time>
    <extensions>
     <gpxdata:hr>149</gpxdata:hr>
     <gpxdata:distance>2454.00</gpxdata:distance>
    </extensions>
   </trkpt>
   <trkpt lat="46.5293340" lon="12.0117696">
    <ele>2633</ele>
    <time>2026-10-02T13:38:37Z</time>
    <extensions>
     <gpxdata:hr>149</gpxdata:hr>
     <gpxdata:distance>2454.00</gpxdata:distance>
    </extensions>
   </trkpt>
   <trkpt lat="46.5293289" lon="12.0117732">
    <ele>2633</ele>
    <time>2026-10-02T13:38:38Z</time>
    <extensions>
     <gpxdata:hr>149</gpxdata:hr>
     <gpxdata:distance>2454.00</gpxdata:distance>
     <gpxdata:speed>0.547</gpxdata:speed>
    </extensions>
   </trkpt>
   <trkpt lat="46.5293251" lon="12.0117723">
    <ele>2633</ele>
    <time>2026-10-02T13:38:39Z</time>
    <extensions>
     <gpxdata:hr>149</gpxdata:hr>
     <gpxdata:distance>2454.00</gpxdata:distance>
     <gpxdata:speed>1.097</gpxdata:speed>
    </extensions>
   </trkpt>
   <trkpt lat="46.5293215" lon="12.0117672">
    <ele>2633</ele>
    <time>2026-10-02T13:38:40Z</time>
    <extensions>
     <gpxdata:hr>149</gpxdata:hr>
     <gpxdata:distance>2456.00</gpxdata:distance>
     <gpxdata:speed>0.764</gpxdata:speed>
    </extensions>
   </trkpt>
   <trkpt lat="46.5293182" lon="12.0117586">
    <ele>2633</ele>
    <time>2026-10-02T13:38:41Z</time>
    <extensions>
     <gpxdata:hr>149</gpxdata:hr>
     <gpxdata:distance>2458.00</gpxdata:distance>
     <gpxdata:speed>0.431</gpxdata:speed>
    </extensions>
   </trkpt>
   <trkpt lat="46.5293155" lon="12.0117480">
    <ele>2633</ele>
    <time>2026-10-02T13:38:42Z</time>
    <extensions>
     <gpxdata:hr>149</gpxdata:hr>
     <gpxdata:distance>2459.00</gpxdata:distance>
     <gpxdata:speed>0.483</gpxdata:speed>
    </extensions>
   </trkpt>
   <trkpt lat="46.5293136" lon="12.0117365">
    <ele>2634</ele>
    <time>2026-10-02T13:38:43Z</time>
    <extensions>
     <gpxdata:hr>149</gpxdata:hr>
     <gpxdata:distance>2460.00</gpxdata:distance>
     <gpxdata:speed>0.539</gpxdata:speed>
    </extensions>
   </trkpt>
   <trkpt lat="46.5293124" lon="12.0117246">
    <ele>2634</ele>
    <time>2026-10-02T13:38:44Z</time>
    <extensions>
     <gpxdata:hr>149</gpxdata:hr>
     <gpxdata:distance>2460.50</gpxdata:distance>
     <gpxdata:speed>0.575</gpxdata:speed>
    </extensions>
   </trkpt>
   <trkpt lat="46.5293117" lon="12.0117134">
    <ele>2634</ele>
    <time>2026-10-02T13:38:45Z</time>
    <extensions>
     <gpxdata:hr>149</gpxdata:hr>
     <gpxdata:distance>2461.00</gpxdata:distance>
     <gpxdata:speed>0.614</gpxdata:speed>
    </extensions>
   </trkpt>
   <trkpt lat="46.5293108" lon="12.0117004">
    <ele>2634</ele>
    <time>2026-10-02T13:38:46Z</time>
    <extensions>
     <gpxdata:hr>149</gpxdata:hr>
     <gpxdata:distance>2461.50</gpxdata:distance>
     <gpxdata:speed>0.636</gpxdata:speed>
    </extensions>
   </trkpt>
   <trkpt lat="46.5293100" lon="12.0116892">
    <ele>2634</ele>
    <time>2026-10-02T13:38:47Z</time>
    <extensions>
     <gpxdata:hr>149</gpxdata:hr>
     <gpxdata:distance>2462.00</gpxdata:distance>
     <gpxdata:speed>0.661</gpxdata:speed>
    </extensions>
   </trkpt>
   <trkpt lat="46.5293098" lon="12.0116789">
    <ele>2634</ele>
    <time>2026-10-02T13:38:48Z</time>
    <extensions>
     <gpxdata:hr>149</gpxdata:hr>
     <gpxdata:distance>2463.00</gpxdata:distance>
     <gpxdata:speed>0.661</gpxdata:speed>
    </extensions>
   </trkpt>
   <trkpt lat="46.5293101" lon="12.0116693">
    <ele>2634</ele>
    <time>2026-10-02T13:38:49Z</time>
    <extensions>
     <gpxdata:hr>149</gpxdata:hr>
     <gpxdata:distance>2464.00</gpxdata:distance>
     <gpxdata:speed>0.661</gpxdata:speed>
    </extensions>
   </trkpt>
   <trkpt lat="46.5293110" lon="12.0116600">
    <ele>2634</ele>
    <time>2026-10-02T13:38:50Z</time>
    <extensions>
     <gpxdata:hr>149</gpxdata:hr>
     <gpxdata:distance>2464.50</gpxdata:distance>
     <gpxdata:speed>0.661</gpxdata:speed>
    </extensions>
   </trkpt>
   <trkpt lat="46.5293116" lon="12.0116567">
    <ele>2635</ele>
    <time>2026-10-02T13:38:51Z</time>
    <extensions>
     <gpxdata:hr>149</gpxdata:hr>
     <gpxdata:distance>2465.00</gpxdata:distance>
     <gpxdata:speed>0.664</gpxdata:speed>
    </extensions>
   </trkpt>
   <trkpt lat="46.5293122" lon="12.0116532">
    <ele>2635</ele>
    <time>2026-10-02T13:38:52Z</time>
    <extensions>
     <gpxdata:hr>148</gpxdata:hr>
     <gpxdata:distance>2465.50</gpxdata:distance>
     <gpxdata:speed>0.664</gpxdata:speed>
    </extensions>
   </trkpt>
   <trkpt lat="46.5293128" lon="12.0116496">
    <ele>2635</ele>
    <time>2026-10-02T13:38:53Z</time>
    <extensions>
     <gpxdata:hr>148</gpxdata:hr>
     <gpxdata:distance>2466.00</gpxdata:distance>
     <gpxdata:speed>0.667</gpxdata:speed>
    </extensions>
   </trkpt>
   <trkpt lat="46.5293143" lon="12.0116410">
    <ele>2635</ele>
    <time>2026-10-02T13:38:54Z</time>
    <extensions>
     <gpxdata:hr>147</gpxdata:hr>
     <gpxdata:distance>2466.00</gpxdata:distance>
     <gpxdata:speed>0.664</gpxdata:speed>
    </extensions>
   </trkpt>
   <trkpt lat="46.5293152" lon="12.0116333">
    <ele>2635</ele>
    <time>2026-10-02T13:38:55Z</time>
    <extensions>
     <gpxdata:hr>147</gpxdata:hr>
     <gpxdata:distance>2466.00</gpxdata:distance>
     <gpxdata:speed>0.664</gpxdata:speed>
    </extensions>
   </trkpt>
   <trkpt lat="46.5293153" lon="12.0116258">
    <ele>2635</ele>
    <time>2026-10-02T13:38:56Z</time>
    <extensions>
     <gpxdata:hr>147</gpxdata:hr>
     <gpxdata:distance>2467.00</gpxdata:distance>
     <gpxdata:speed>0.656</gpxdata:speed>
    </extensions>
   </trkpt>
   <trkpt lat="46.5293145" lon="12.0116181">
    <ele>2635</ele>
    <time>2026-10-02T13:38:57Z</time>
    <extensions>
     <gpxdata:hr>146</gpxdata:hr>
     <gpxdata:distance>2468.00</gpxdata:distance>
     <gpxdata:speed>0.647</gpxdata:speed>
    </extensions>
   </trkpt>
   <trkpt lat="46.5293130" lon="12.0116105">
    <ele>2635</ele>
    <time>2026-10-02T13:38:58Z</time>
    <extensions>
     <gpxdata:hr>146</gpxdata:hr>
     <gpxdata:distance>2469.00</gpxdata:distance>
     <gpxdata:speed>0.644</gpxdata:speed>
    </extensions>
   </trkpt>
   <trkpt lat="46.5293111" lon="12.0116030">
    <ele>2636</ele>
    <time>2026-10-02T13:38:59Z</time>
    <extensions>
     <gpxdata:hr>146</gpxdata:hr>
     <gpxdata:distance>2470.00</gpxdata:distance>
     <gpxdata:speed>0.642</gpxdata:speed>
    </extensions>
   </trkpt>
   <trkpt lat="46.5293104" lon="12.0115999">
    <ele>2636</ele>
    <time>2026-10-02T13:39:00Z</time>
    <extensions>
     <gpxdata:hr>146</gpxdata:hr>
     <gpxdata:distance>2470.00</gpxdata:distance>
     <gpxdata:speed>0.642</gpxdata:speed>
    </extensions>
   </trkpt>
   <trkpt lat="46.5293097" lon="12.0115968">
    <ele>2636</ele>
    <time>2026-10-02T13:39:01Z</time>
    <extensions>
     <gpxdata:hr>146</gpxdata:hr>
     <gpxdata:distance>2470.00</gpxdata:distance>
     <gpxdata:speed>0.642</gpxdata:speed>
    </extensions>
   </trkpt>
   <trkpt lat="46.5293090" lon="12.0115936">
    <ele>2636</ele>
    <time>2026-10-02T13:39:02Z</time>
    <extensions>
     <gpxdata:hr>146</gpxdata:hr>
     <gpxdata:distance>2470.00</gpxdata:distance>
     <gpxdata:speed>0.642</gpxdata:speed>
    </extensions>
   </trkpt>
   <trkpt lat="46.5293073" lon="12.0115861">
    <ele>2637</ele>
    <time>2026-10-02T13:39:03Z</time>
    <extensions>
     <gpxdata:hr>146</gpxdata:hr>
     <gpxdata:distance>2470.00</gpxdata:distance>
     <gpxdata:speed>0.642</gpxdata:speed>
    </extensions>
   </trkpt>
   <trkpt lat="46.5293052" lon="12.0115787">
    <ele>2637</ele>
    <time>2026-10-02T13:39:04Z</time>
    <extensions>
     <gpxdata:hr>146</gpxdata:hr>
     <gpxdata:distance>2470.00</gpxdata:distance>
     <gpxdata:speed>0.642</gpxdata:speed>
    </extensions>
   </trkpt>
   <trkpt lat="46.5293026" lon="12.0115709">
    <ele>2637</ele>
    <time>2026-10-02T13:39:05Z</time>
    <extensions>
     <gpxdata:hr>145</gpxdata:hr>
     <gpxdata:distance>2470.00</gpxdata:distance>
     <gpxdata:speed>0.642</gpxdata:speed>
    </extensions>
   </trkpt>
   <trkpt lat="46.5292996" lon="12.0115619">
    <ele>2637</ele>
    <time>2026-10-02T13:39:06Z</time>
    <extensions>
     <gpxdata:hr>145</gpxdata:hr>
     <gpxdata:distance>2472.00</gpxdata:distance>
     <gpxdata:speed>0.636</gpxdata:speed>
    </extensions>
   </trkpt>
   <trkpt lat="46.5292964" lon="12.0115521">
    <ele>2637</ele>
    <time>2026-10-02T13:39:07Z</time>
    <extensions>
     <gpxdata:hr>145</gpxdata:hr>
     <gpxdata:distance>2474.00</gpxdata:distance>
     <gpxdata:speed>0.631</gpxdata:speed>
    </extensions>
   </trkpt>
   <trkpt lat="46.5292936" lon="12.0115415">
    <ele>2637</ele>
    <time>2026-10-02T13:39:08Z</time>
    <extensions>
     <gpxdata:hr>146</gpxdata:hr>
     <gpxdata:distance>2475.00</gpxdata:distance>
     <gpxdata:speed>0.622</gpxdata:speed>
    </extensions>
   </trkpt>
   <trkpt lat="46.5292917" lon="12.0115305">
    <ele>2637</ele>
    <time>2026-10-02T13:39:09Z</time>
    <extensions>
     <gpxdata:hr>146</gpxdata:hr>
     <gpxdata:distance>2476.00</gpxdata:distance>
     <gpxdata:speed>0.614</gpxdata:speed>
    </extensions>
   </trkpt>
   <trkpt lat="46.5292913" lon="12.0115191">
    <ele>2637</ele>
    <time>2026-10-02T13:39:10Z</time>
    <extensions>
     <gpxdata:hr>147</gpxdata:hr>
     <gpxdata:distance>2477.00</gpxdata:distance>
     <gpxdata:speed>0.614</gpxdata:speed>
    </extensions>
   </trkpt>
   <trkpt lat="46.5292922" lon="12.0115085">
    <ele>2638</ele>
    <time>2026-10-02T13:39:11Z</time>
    <extensions>
     <gpxdata:hr>147</gpxdata:hr>
     <gpxdata:distance>2478.00</gpxdata:distance>
     <gpxdata:speed>0.617</gpxdata:speed>
    </extensions>
   </trkpt>
   <trkpt lat="46.5292922" lon="12.0115063">
    <ele>2638</ele>
    <time>2026-10-02T13:39:12Z</time>
    <extensions>
     <gpxdata:hr>147</gpxdata:hr>
     <gpxdata:distance>2478.00</gpxdata:distance>
     <gpxdata:speed>0.619</gpxdata:speed>
    </extensions>
   </trkpt>
   <trkpt lat="46.5292922" lon="12.0115042">
    <ele>2638</ele>
    <time>2026-10-02T13:39:13Z</time>
    <extensions>
     <gpxdata:hr>147</gpxdata:hr>
     <gpxdata:distance>2478.00</gpxdata:distance>
     <gpxdata:speed>0.625</gpxdata:speed>
    </extensions>
   </trkpt>
   <trkpt lat="46.5292921" lon="12.0115022">
    <ele>2638</ele>
    <time>2026-10-02T13:39:14Z</time>
    <extensions>
     <gpxdata:hr>147</gpxdata:hr>
     <gpxdata:distance>2478.00</gpxdata:distance>
     <gpxdata:speed>0.311</gpxdata:speed>
    </extensions>
   </trkpt>
   <trkpt lat="46.5292921" lon="12.0115002">
    <ele>2639</ele>
    <time>2026-10-02T13:39:15Z</time>
    <extensions>
     <gpxdata:hr>147</gpxdata:hr>
     <gpxdata:distance>2478.00</gpxdata:distance>
    </extensions>
   </trkpt>
   <trkpt lat="46.5292921" lon="12.0114984">
    <ele>2639</ele>
    <time>2026-10-02T13:39:16Z</time>
    <extensions>
     <gpxdata:hr>147</gpxdata:hr>
     <gpxdata:distance>2478.00</gpxdata:distance>
    </extensions>
   </trkpt>
   <trkpt lat="46.5292919" lon="12.0114897">
    <ele>2639</ele>
    <time>2026-10-02T13:39:17Z</time>
    <extensions>
     <gpxdata:hr>147</gpxdata:hr>
     <gpxdata:distance>2478.00</gpxdata:distance>
    </extensions>
   </trkpt>
   <trkpt lat="46.5292918" lon="12.0114810">
    <ele>2639</ele>
    <time>2026-10-02T13:39:18Z</time>
    <extensions>
     <gpxdata:hr>147</gpxdata:hr>
     <gpxdata:distance>2478.00</gpxdata:distance>
    </extensions>
   </trkpt>
   <trkpt lat="46.5292916" lon="12.0114722">
    <ele>2640</ele>
    <time>2026-10-02T13:39:19Z</time>
    <extensions>
     <gpxdata:hr>147</gpxdata:hr>
     <gpxdata:distance>2478.00</gpxdata:distance>
    </extensions>
   </trkpt>
   <trkpt lat="46.5292902" lon="12.0114656">
    <ele>2640</ele>
    <time>2026-10-02T13:39:20Z</time>
    <extensions>
     <gpxdata:hr>147</gpxdata:hr>
     <gpxdata:distance>2479.50</gpxdata:distance>
     <gpxdata:speed>0.261</gpxdata:speed>
    </extensions>
   </trkpt>
   <trkpt lat="46.5292885" lon="12.0114633">
    <ele>2640</ele>
    <time>2026-10-02T13:39:21Z</time>
    <extensions>
     <gpxdata:hr>147</gpxdata:hr>
     <gpxdata:distance>2481.00</gpxdata:distance>
     <gpxdata:speed>0.525</gpxdata:speed>
    </extensions>
   </trkpt>
   <trkpt lat="46.5292868" lon="12.0114646">
    <ele>2640</ele>
    <time>2026-10-02T13:39:22Z</time>
    <extensions>
     <gpxdata:hr>148</gpxdata:hr>
     <gpxdata:distance>2481.00</gpxdata:distance>
     <gpxdata:speed>0.261</gpxdata:speed>
    </extensions>
   </trkpt>
   <trkpt lat="46.5292842" lon="12.0114697">
    <ele>2640</ele>
    <time>2026-10-02T13:39:23Z</time>
    <extensions>
     <gpxdata:hr>148</gpxdata:hr>
     <gpxdata:distance>2481.00</gpxdata:distance>
    </extensions>
   </trkpt>
   <trkpt lat="46.5292806" lon="12.0114776">
    <ele>2640</ele>
    <time>2026-10-02T13:39:24Z</time>
    <extensions>
     <gpxdata:hr>149</gpxdata:hr>
     <gpxdata:distance>2482.00</gpxdata:distance>
     <gpxdata:speed>0.325</gpxdata:speed>
    </extensions>
   </trkpt>
   <trkpt lat="46.5292763" lon="12.0114868">
    <ele>2640</ele>
    <time>2026-10-02T13:39:25Z</time>
    <extensions>
     <gpxdata:hr>149</gpxdata:hr>
     <gpxdata:distance>2483.00</gpxdata:distance>
     <gpxdata:speed>0.653</gpxdata:speed>
    </extensions>
   </trkpt>
   <trkpt lat="46.5292715" lon="12.0114968">
    <ele>2640</ele>
    <time>2026-10-02T13:39:26Z</time>
    <extensions>
     <gpxdata:hr>149</gpxdata:hr>
     <gpxdata:distance>2483.50</gpxdata:distance>
     <gpxdata:speed>0.689</gpxdata:speed>
    </extensions>
   </trkpt>
   <trkpt lat="46.5292668" lon="12.0115067">
    <ele>2641</ele>
    <time>2026-10-02T13:39:27Z</time>
    <extensions>
     <gpxdata:hr>149</gpxdata:hr>
     <gpxdata:distance>2484.00</gpxdata:distance>
     <gpxdata:speed>0.725</gpxdata:speed>
    </extensions>
   </trkpt>
   <trkpt lat="46.5292621" lon="12.0115167">
    <ele>2641</ele>
    <time>2026-10-02T13:39:28Z</time>
    <extensions>
     <gpxdata:hr>149</gpxdata:hr>
     <gpxdata:distance>2485.00</gpxdata:distance>
     <gpxdata:speed>0.736</gpxdata:speed>
    </extensions>
   </trkpt>
   <trkpt lat="46.5292575" lon="12.0115271">
    <ele>2641</ele>
    <time>2026-10-02T13:39:29Z</time>
    <extensions>
     <gpxdata:hr>149</gpxdata:hr>
     <gpxdata:distance>2486.00</gpxdata:distance>
     <gpxdata:speed>0.747</gpxdata:speed>
    </extensions>
   </trkpt>
   <trkpt lat="46.5292529" lon="12.0115382">
    <ele>2641</ele>
    <time>2026-10-02T13:39:30Z</time>
    <extensions>
     <gpxdata:hr>148</gpxdata:hr>
     <gpxdata:distance>2487.00</gpxdata:distance>
     <gpxdata:speed>0.753</gpxdata:speed>
    </extensions>
   </trkpt>
   <trkpt lat="46.5292482" lon="12.0115492">
    <ele>2641</ele>
    <time>2026-10-02T13:39:31Z</time>
    <extensions>
     <gpxdata:hr>148</gpxdata:hr>
     <gpxdata:distance>2488.00</gpxdata:distance>
     <gpxdata:speed>0.761</gpxdata:speed>
    </extensions>
   </trkpt>
   <trkpt lat="46.5292437" lon="12.0115595">
    <ele>2641</ele>
    <time>2026-10-02T13:39:32Z</time>
    <extensions>
     <gpxdata:hr>147</gpxdata:hr>
     <gpxdata:distance>2489.00</gpxdata:distance>
     <gpxdata:speed>0.769</gpxdata:speed>
    </extensions>
   </trkpt>
   <trkpt lat="46.5292394" lon="12.0115694">
    <ele>2641</ele>
    <time>2026-10-02T13:39:33Z</time>
    <extensions>
     <gpxdata:hr>147</gpxdata:hr>
     <gpxdata:distance>2490.00</gpxdata:distance>
     <gpxdata:speed>0.781</gpxdata:speed>
    </extensions>
   </trkpt>
   <trkpt lat="46.5292346" lon="12.0115787">
    <ele>2641</ele>
    <time>2026-10-02T13:39:34Z</time>
    <extensions>
     <gpxdata:hr>146</gpxdata:hr>
     <gpxdata:distance>2491.00</gpxdata:distance>
     <gpxdata:speed>0.783</gpxdata:speed>
    </extensions>
   </trkpt>
   <trkpt lat="46.5292289" lon="12.0115856">
    <ele>2642</ele>
    <time>2026-10-02T13:39:35Z</time>
    <extensions>
     <gpxdata:hr>146</gpxdata:hr>
     <gpxdata:distance>2492.00</gpxdata:distance>
     <gpxdata:speed>0.789</gpxdata:speed>
    </extensions>
   </trkpt>
   <trkpt lat="46.5292229" lon="12.0115877">
    <ele>2642</ele>
    <time>2026-10-02T13:39:36Z</time>
    <extensions>
     <gpxdata:hr>146</gpxdata:hr>
     <gpxdata:distance>2492.50</gpxdata:distance>
     <gpxdata:speed>0.792</gpxdata:speed>
    </extensions>
   </trkpt>
   <trkpt lat="46.5292178" lon="12.0115850">
    <ele>2642</ele>
    <time>2026-10-02T13:39:37Z</time>
    <extensions>
     <gpxdata:hr>146</gpxdata:hr>
     <gpxdata:distance>2493.00</gpxdata:distance>
     <gpxdata:speed>0.794</gpxdata:speed>
    </extensions>
   </trkpt>
   <trkpt lat="46.5292138" lon="12.0115793">
    <ele>2642</ele>
    <time>2026-10-02T13:39:38Z</time>
    <extensions>
     <gpxdata:hr>146</gpxdata:hr>
     <gpxdata:distance>2494.00</gpxdata:distance>
     <gpxdata:speed>0.797</gpxdata:speed>
    </extensions>
   </trkpt>
   <trkpt lat="46.5292106" lon="12.0115709">
    <ele>2643</ele>
    <time>2026-10-02T13:39:39Z</time>
    <extensions>
     <gpxdata:hr>146</gpxdata:hr>
     <gpxdata:distance>2495.00</gpxdata:distance>
     <gpxdata:speed>0.803</gpxdata:speed>
    </extensions>
   </trkpt>
   <trkpt lat="46.5292085" lon="12.0115608">
    <ele>2643</ele>
    <time>2026-10-02T13:39:40Z</time>
    <extensions>
     <gpxdata:hr>146</gpxdata:hr>
     <gpxdata:distance>2495.50</gpxdata:distance>
     <gpxdata:speed>0.806</gpxdata:speed>
    </extensions>
   </trkpt>
   <trkpt lat="46.5292082" lon="12.0115568">
    <ele>2643</ele>
    <time>2026-10-02T13:39:41Z</time>
    <extensions>
     <gpxdata:hr>146</gpxdata:hr>
     <gpxdata:distance>2496.00</gpxdata:distance>
     <gpxdata:speed>0.811</gpxdata:speed>
    </extensions>
   </trkpt>
   <trkpt lat="46.5292080" lon="12.0115527">
    <ele>2643</ele>
    <time>2026-10-02T13:39:42Z</time>
    <extensions>
     <gpxdata:hr>146</gpxdata:hr>
     <gpxdata:distance>2496.50</gpxdata:distance>
     <gpxdata:speed>0.814</gpxdata:speed>
    </extensions>
   </trkpt>
   <trkpt lat="46.5292077" lon="12.0115485">
    <ele>2643</ele>
    <time>2026-10-02T13:39:43Z</time>
    <extensions>
     <gpxdata:hr>146</gpxdata:hr>
     <gpxdata:distance>2497.00</gpxdata:distance>
     <gpxdata:speed>0.817</gpxdata:speed>
    </extensions>
   </trkpt>
   <trkpt lat="46.5292068" lon="12.0115378">
    <ele>2643</ele>
    <time>2026-10-02T13:39:44Z</time>
    <extensions>
     <gpxdata:hr>146</gpxdata:hr>
     <gpxdata:distance>2497.00</gpxdata:distance>
     <gpxdata:speed>0.822</gpxdata:speed>
    </extensions>
   </trkpt>
   <trkpt lat="46.5292055" lon="12.0115277">
    <ele>2643</ele>
    <time>2026-10-02T13:39:45Z</time>
    <extensions>
     <gpxdata:hr>146</gpxdata:hr>
     <gpxdata:distance>2497.00</gpxdata:distance>
     <gpxdata:speed>0.828</gpxdata:speed>
    </extensions>
   </trkpt>
   <trkpt lat="46.5292039" lon="12.0115167">
    <ele>2643</ele>
    <time>2026-10-02T13:39:46Z</time>
    <extensions>
     <gpxdata:hr>146</gpxdata:hr>
     <gpxdata:distance>2499.00</gpxdata:distance>
     <gpxdata:speed>0.831</gpxdata:speed>
    </extensions>
   </trkpt>
   <trkpt lat="46.5292024" lon="12.0115047">
    <ele>2644</ele>
    <time>2026-10-02T13:39:47Z</time>
    <extensions>
     <gpxdata:hr>146</gpxdata:hr>
     <gpxdata:distance>2501.00</gpxdata:distance>
     <gpxdata:speed>0.833</gpxdata:speed>
    </extensions>
   </trkpt>
   <trkpt lat="46.5292014" lon="12.0114923">
    <ele>2644</ele>
    <time>2026-10-02T13:39:48Z</time>
    <extensions>
     <gpxdata:hr>145</gpxdata:hr>
     <gpxdata:distance>2501.50</gpxdata:distance>
     <gpxdata:speed>0.833</gpxdata:speed>
    </extensions>
   </trkpt>
   <trkpt lat="46.5292014" lon="12.0114802">
    <ele>2644</ele>
    <time>2026-10-02T13:39:49Z</time>
    <extensions>
     <gpxdata:hr>146</gpxdata:hr>
     <gpxdata:distance>2502.00</gpxdata:distance>
     <gpxdata:speed>0.836</gpxdata:speed>
    </extensions>
   </trkpt>
   <trkpt lat="46.5292022" lon="12.0114685">
    <ele>2644</ele>
    <time>2026-10-02T13:39:50Z</time>
    <extensions>
     <gpxdata:hr>146</gpxdata:hr>
     <gpxdata:distance>2503.00</gpxdata:distance>
     <gpxdata:speed>0.836</gpxdata:speed>
    </extensions>
   </trkpt>
   <trkpt lat="46.5292031" lon="12.0114576">
    <ele>2645</ele>
    <time>2026-10-02T13:39:51Z</time>
    <extensions>
     <gpxdata:hr>146</gpxdata:hr>
     <gpxdata:distance>2504.00</gpxdata:distance>
     <gpxdata:speed>0.839</gpxdata:speed>
    </extensions>
   </trkpt>
   <trkpt lat="46.5292035" lon="12.0114477">
    <ele>2645</ele>
    <time>2026-10-02T13:39:52Z</time>
    <extensions>
     <gpxdata:hr>146</gpxdata:hr>
     <gpxdata:distance>2504.50</gpxdata:distance>
     <gpxdata:speed>0.839</gpxdata:speed>
    </extensions>
   </trkpt>
   <trkpt lat="46.5292030" lon="12.0114378">
    <ele>2645</ele>
    <time>2026-10-02T13:39:53Z</time>
    <extensions>
     <gpxdata:hr>146</gpxdata:hr>
     <gpxdata:distance>2505.00</gpxdata:distance>
     <gpxdata:speed>0.839</gpxdata:speed>
    </extensions>
   </trkpt>
   <trkpt lat="46.5292023" lon="12.0114270">
    <ele>2645</ele>
    <time>2026-10-02T13:39:54Z</time>
    <extensions>
     <gpxdata:hr>146</gpxdata:hr>
     <gpxdata:distance>2506.00</gpxdata:distance>
     <gpxdata:speed>0.839</gpxdata:speed>
    </extensions>
   </trkpt>
   <trkpt lat="46.5292025" lon="12.0114157">
    <ele>2646</ele>
    <time>2026-10-02T13:39:55Z</time>
    <extensions>
     <gpxdata:hr>146</gpxdata:hr>
     <gpxdata:distance>2507.00</gpxdata:distance>
     <gpxdata:speed>0.842</gpxdata:speed>
    </extensions>
   </trkpt>
   <trkpt lat="46.5292041" lon="12.0114036">
    <ele>2646</ele>
    <time>2026-10-02T13:39:56Z</time>
    <extensions>
     <gpxdata:hr>146</gpxdata:hr>
     <gpxdata:distance>2508.00</gpxdata:distance>
     <gpxdata:speed>0.847</gpxdata:speed>
    </extensions>
   </trkpt>
   <trkpt lat="46.5292066" lon="12.0113915">
    <ele>2646</ele>
    <time>2026-10-02T13:39:57Z</time>
    <extensions>
     <gpxdata:hr>146</gpxdata:hr>
     <gpxdata:distance>2509.00</gpxdata:distance>
     <gpxdata:speed>0.856</gpxdata:speed>
    </extensions>
   </trkpt>
   <trkpt lat="46.5292098" lon="12.0113797">
    <ele>2646</ele>
    <time>2026-10-02T13:39:58Z</time>
    <extensions>
     <gpxdata:hr>146</gpxdata:hr>
     <gpxdata:distance>2510.00</gpxdata:distance>
     <gpxdata:speed>0.867</gpxdata:speed>
    </extensions>
   </trkpt>
   <trkpt lat="46.5292133" lon="12.0113690">
    <ele>2646</ele>
    <time>2026-10-02T13:39:59Z</time>
    <extensions>
     <gpxdata:hr>146</gpxdata:hr>
     <gpxdata:distance>2511.00</gpxdata:distance>
     <gpxdata:speed>0.878</gpxdata:speed>
    </extensions>
   </trkpt>
   <trkpt lat="46.5292156" lon="12.0113599">
    <ele>2646</ele>
    <time>2026-10-02T13:40:00Z</time>
    <extensions>
     <gpxdata:hr>145</gpxdata:hr>
     <gpxdata:distance>2511.50</gpxdata:distance>
     <gpxdata:speed>0.886</gpxdata:speed>
    </extensions>
   </trkpt>
   <trkpt lat="46.5292160" lon="12.0113557">
    <ele>2646</ele>
    <time>2026-10-02T13:40:01Z</time>
    <extensions>
     <gpxdata:hr>145</gpxdata:hr>
     <gpxdata:distance>2512.00</gpxdata:distance>
     <gpxdata:speed>0.894</gpxdata:speed>
    </extensions>
   </trkpt>
   <trkpt lat="46.5292145" lon="12.0113551">
    <ele>2646</ele>
    <time>2026-10-02T13:40:02Z</time>
    <extensions>
     <gpxdata:hr>145</gpxdata:hr>
     <gpxdata:distance>2512.00</gpxdata:distance>
     <gpxdata:speed>0.894</gpxdata:speed>
    </extensions>
   </trkpt>
   <trkpt lat="46.5292116" lon="12.0113573">
    <ele>2647</ele>
    <time>2026-10-02T13:40:03Z</time>
    <extensions>
     <gpxdata:hr>144</gpxdata:hr>
     <gpxdata:distance>2512.00</gpxdata:distance>
     <gpxdata:speed>0.897</gpxdata:speed>
    </extensions>
   </trkpt>
   <trkpt lat="46.5292078" lon="12.0113613">
    <ele>2647</ele>
    <time>2026-10-02T13:40:04Z</time>
    <extensions>
     <gpxdata:hr>144</gpxdata:hr>
     <gpxdata:distance>2512.50</gpxdata:distance>
     <gpxdata:speed>0.828</gpxdata:speed>
    </extensions>
   </trkpt>
   <trkpt lat="46.5292032" lon="12.0113666">
    <ele>2647</ele>
    <time>2026-10-02T13:40:05Z</time>
    <extensions>
     <gpxdata:hr>144</gpxdata:hr>
     <gpxdata:distance>2513.00</gpxdata:distance>
     <gpxdata:speed>0.758</gpxdata:speed>
    </extensions>
   </trkpt>
   <trkpt lat="46.5291980" lon="12.0113723">
    <ele>2647</ele>
    <time>2026-10-02T13:40:06Z</time>
    <extensions>
     <gpxdata:hr>145</gpxdata:hr>
     <gpxdata:distance>2514.00</gpxdata:distance>
     <gpxdata:speed>0.733</gpxdata:speed>
    </extensions>
   </trkpt>
   <trkpt lat="46.5291927" lon="12.0113782">
    <ele>2647</ele>
    <time>2026-10-02T13:40:07Z</time>
    <extensions>
     <gpxdata:hr>145</gpxdata:hr>
     <gpxdata:distance>2515.00</gpxdata:distance>
     <gpxdata:speed>0.708</gpxdata:speed>
    </extensions>
   </trkpt>
   <trkpt lat="46.5291875" lon="12.0113843">
    <ele>2647</ele>
    <time>2026-10-02T13:40:08Z</time>
    <extensions>
     <gpxdata:hr>145</gpxdata:hr>
     <gpxdata:distance>2515.50</gpxdata:distance>
     <gpxdata:speed>0.714</gpxdata:speed>
    </extensions>
   </trkpt>
   <trkpt lat="46.5291825" lon="12.0113904">
    <ele>2647</ele>
    <time>2026-10-02T13:40:09Z</time>
    <extensions>
     <gpxdata:hr>145</gpxdata:hr>
     <gpxdata:distance>2516.00</gpxdata:distance>
     <gpxdata:speed>0.722</gpxdata:speed>
    </extensions>
   </trkpt>
  </trkseg>
  <trkseg>
   <trkpt lat="46.5291764" lon="12.0113923">
    <ele>2648</ele>
    <time>2026-10-02T13:40:45Z</time>
    <extensions>
     <gpxdata:hr>130</gpxdata:hr>
     <gpxdata:distance>2517.00</gpxdata:distance>
    </extensions>
   </trkpt>
   <trkpt lat="46.5291725" lon="12.0113957">
    <ele>2648</ele>
    <time>2026-10-02T13:40:46Z</time>
    <extensions>
     <gpxdata:hr>130</gpxdata:hr>
     <gpxdata:distance>2517.00</gpxdata:distance>
    </extensions>
   </trkpt>
   <trkpt lat="46.5291694" lon="12.0114004">
    <ele>2648</ele>
    <time>2026-10-02T13:40:47Z</time>
    <extensions>
     <gpxdata:hr>130</gpxdata:hr>
     <gpxdata:distance>2517.00</gpxdata:distance>
    </extensions>
   </trkpt>
   <trkpt lat="46.5291665" lon="12.0114061">
    <ele>2648</ele>
    <time>2026-10-02T13:40:48Z</time>
    <extensions>
     <gpxdata:hr>130</gpxdata:hr>
     <gpxdata:distance>2518.50</gpxdata:distance>
    </extensions>
   </trkpt>
   <trkpt lat="46.5291632" lon="12.0114131">
    <ele>2648</ele>
    <time>2026-10-02T13:40:49Z</time>
    <extensions>
     <gpxdata:hr>130</gpxdata:hr>
     <gpxdata:distance>2520.00</gpxdata:distance>
    </extensions>
   </trkpt>
   <trkpt lat="46.5291594" lon="12.0114213">
    <ele>2648</ele>
    <time>2026-10-02T13:40:50Z</time>
    <extensions>
     <gpxdata:hr>130</gpxdata:hr>
     <gpxdata:distance>2520.50</gpxdata:distance>
    </extensions>
   </trkpt>
   <trkpt lat="46.5291547" lon="12.0114304">
    <ele>2648</ele>
    <time>2026-10-02T13:40:51Z</time>
    <extensions>
     <gpxdata:hr>130</gpxdata:hr>
     <gpxdata:distance>2521.00</gpxdata:distance>
    </extensions>
   </trkpt>
   <trkpt lat="46.5291495" lon="12.0114399">
    <ele>2648</ele>
    <time>2026-10-02T13:40:52Z</time>
    <extensions>
     <gpxdata:hr>129</gpxdata:hr>
     <gpxdata:distance>2522.00</gpxdata:distance>
    </extensions>
   </trkpt>
   <trkpt lat="46.5291438" lon="12.0114487">
    <ele>2648</ele>
    <time>2026-10-02T13:40:53Z</time>
    <extensions>
     <gpxdata:hr>129</gpxdata:hr>
     <gpxdata:distance>2523.00</gpxdata:distance>
    </extensions>
   </trkpt>
   <trkpt lat="46.5291376" lon="12.0114560">
    <ele>2648</ele>
    <time>2026-10-02T13:40:54Z</time>
    <extensions>
     <gpxdata:hr>129</gpxdata:hr>
     <gpxdata:distance>2524.00</gpxdata:distance>
     <gpxdata:speed>0.422</gpxdata:speed>
    </extensions>
   </trkpt>
   <trkpt lat="46.5291301" lon="12.0114625">
    <ele>2649</ele>
    <time>2026-10-02T13:40:55Z</time>
    <extensions>
     <gpxdata:hr>128</gpxdata:hr>
     <gpxdata:distance>2525.00</gpxdata:distance>
     <gpxdata:speed>0.844</gpxdata:speed>
    </extensions>
   </trkpt>
   <trkpt lat="46.5291237" lon="12.0114689">
    <ele>2649</ele>
    <time>2026-10-02T13:40:56Z</time>
    <extensions>
     <gpxdata:hr>128</gpxdata:hr>
     <gpxdata:distance>2525.00</gpxdata:distance>
     <gpxdata:speed>0.789</gpxdata:speed>
    </extensions>
   </trkpt>
   <trkpt lat="46.5291178" lon="12.0114760">
    <ele>2649</ele>
    <time>2026-10-02T13:40:57Z</time>
    <extensions>
     <gpxdata:hr>128</gpxdata:hr>
     <gpxdata:distance>2525.00</gpxdata:distance>
     <gpxdata:speed>0.736</gpxdata:speed>
    </extensions>
   </trkpt>
   <trkpt lat="46.5291128" lon="12.0114840">
    <ele>2649</ele>
    <time>2026-10-02T13:40:58Z</time>
    <extensions>
     <gpxdata:hr>127</gpxdata:hr>
     <gpxdata:distance>2525.00</gpxdata:distance>
     <gpxdata:speed>0.722</gpxdata:speed>
    </extensions>
   </trkpt>
   <trkpt lat="46.5291096" lon="12.0114917">
    <ele>2649</ele>
    <time>2026-10-02T13:40:59Z</time>
    <extensions>
     <gpxdata:hr>127</gpxdata:hr>
     <gpxdata:distance>2525.00</gpxdata:distance>
     <gpxdata:speed>0.711</gpxdata:speed>
    </extensions>
   </trkpt>
   <trkpt lat="46.5291076" lon="12.0114997">
    <ele>2649</ele>
    <time>2026-10-02T13:41:00Z</time>
    <extensions>
     <gpxdata:hr>126</gpxdata:hr>
     <gpxdata:distance>2526.50</gpxdata:distance>
     <gpxdata:speed>0.728</gpxdata:speed>
    </extensions>
   </trkpt>
   <trkpt lat="46.5291060" lon="12.0115084">
    <ele>2649</ele>
    <time>2026-10-02T13:41:01Z</time>
    <extensions>
     <gpxdata:hr>126</gpxdata:hr>
     <gpxdata:distance>2528.00</gpxdata:distance>
     <gpxdata:speed>0.744</gpxdata:speed>
    </extensions>
   </trkpt>
   <trkpt lat="46.5291040" lon="12.0115175">
    <ele>2649</ele>
    <time>2026-10-02T13:41:02Z</time>
    <extensions>
     <gpxdata:hr>126</gpxdata:hr>
     <gpxdata:distance>2529.00</gpxdata:distance>
     <gpxdata:speed>0.744</gpxdata:speed>
    </extensions>
   </trkpt>
   <trkpt lat="46.5291008" lon="12.0115254">
    <ele>2650</ele>
    <time>2026-10-02T13:41:03Z</time>
    <extensions>
     <gpxdata:hr>126</gpxdata:hr>
     <gpxdata:distance>2530.00</gpxdata:distance>
     <gpxdata:speed>0.747</gpxdata:speed>
    </extensions>
   </trkpt>
   <trkpt lat="46.5290966" lon="12.0115315">
    <ele>2650</ele>
    <time>2026-10-02T13:41:04Z</time>
    <extensions>
     <gpxdata:hr>126</gpxdata:hr>
     <gpxdata:distance>2531.00</gpxdata:distance>
     <gpxdata:speed>0.750</gpxdata:speed>
    </extensions>
   </trkpt>
   <trkpt lat="46.5290920" lon="12.0115358">
    <ele>2650</ele>
    <time>2026-10-02T13:41:05Z</time>
    <extensions>
     <gpxdata:hr>127</gpxdata:hr>
     <gpxdata:distance>2532.00</gpxdata:distance>
     <gpxdata:speed>0.753</gpxdata:speed>
    </extensions>
   </trkpt>
   <trkpt lat="46.5290879" lon="12.0115398">
    <ele>2650</ele>
    <time>2026-10-02T13:41:06Z</time>
    <extensions>
     <gpxdata:hr>127</gpxdata:hr>
     <gpxdata:distance>2532.00</gpxdata:distance>
     <gpxdata:speed>0.753</gpxdata:speed>
    </extensions>
   </trkpt>
   <trkpt lat="46.5290847" lon="12.0115451">
    <ele>2651</ele>
    <time>2026-10-02T13:41:07Z</time>
    <extensions>
     <gpxdata:hr>127</gpxdata:hr>
     <gpxdata:distance>2532.00</gpxdata:distance>
     <gpxdata:speed>0.756</gpxdata:speed>
    </extensions>
   </trkpt>
   <trkpt lat="46.5290822" lon="12.0115521">
    <ele>2651</ele>
    <time>2026-10-02T13:41:08Z</time>
    <extensions>
     <gpxdata:hr>127</gpxdata:hr>
     <gpxdata:distance>2532.00</gpxdata:distance>
     <gpxdata:speed>0.753</gpxdata:speed>
    </extensions>
   </trkpt>
   <trkpt lat="46.5290797" lon="12.0115606">
    <ele>2651</ele>
    <time>2026-10-02T13:41:09Z</time>
    <extensions>
     <gpxdata:hr>128</gpxdata:hr>
     <gpxdata:distance>2532.00</gpxdata:distance>
     <gpxdata:speed>0.753</gpxdata:speed>
    </extensions>
   </trkpt>
   <trkpt lat="46.5290758" lon="12.0115694">
    <ele>2651</ele>
    <time>2026-10-02T13:41:10Z</time>
    <extensions>
     <gpxdata:hr>128</gpxdata:hr>
     <gpxdata:distance>2533.50</gpxdata:distance>
     <gpxdata:speed>0.750</gpxdata:speed>
    </extensions>
   </trkpt>
   <trkpt lat="46.5290705" lon="12.0115771">
    <ele>2652</ele>
    <time>2026-10-02T13:41:11Z</time>
    <extensions>
     <gpxdata:hr>128</gpxdata:hr>
     <gpxdata:distance>2535.00</gpxdata:distance>
     <gpxdata:speed>0.747</gpxdata:speed>
    </extensions>
   </trkpt>
   <trkpt lat="46.5290646" lon="12.0115834">
    <ele>2652</ele>
    <time>2026-10-02T13:41:12Z</time>
    <extensions>
     <gpxdata:hr>129</gpxdata:hr>
     <gpxdata:distance>2536.00</gpxdata:distance>
     <gpxdata:speed>0.747</gpxdata:speed>
    </extensions>
   </trkpt>
   <trkpt lat="46.5290588" lon="12.0115889">
    <ele>2652</ele>
    <time>2026-10-02T13:41:13Z</time>
    <extensions>
     <gpxdata:hr>129</gpxdata:hr>
     <gpxdata:distance>2537.00</gpxdata:distance>
     <gpxdata:speed>0.750</gpxdata:speed>
    </extensions>
   </trkpt>
   <trkpt lat="46.5290535" lon="12.0115942">
    <ele>2652</ele>
    <time>2026-10-02T13:41:14Z</time>
    <extensions>
     <gpxdata:hr>130</gpxdata:hr>
     <gpxdata:distance>2537.50</gpxdata:distance>
     <gpxdata:speed>0.756</gpxdata:speed>
    </extensions>
   </trkpt>
   <trkpt lat="46.5290489" lon="12.0116002">
    <ele>2653</ele>
    <time>2026-10-02T13:41:15Z</time>
    <extensions>
     <gpxdata:hr>130</gpxdata:hr>
     <gpxdata:distance>2538.00</gpxdata:distance>
     <gpxdata:speed>0.764</gpxdata:speed>
    </extensions>
   </trkpt>
   <trkpt lat="46.5290451" lon="12.0116070">
    <ele>2653</ele>
    <time>2026-10-02T13:41:16Z</time>
    <extensions>
     <gpxdata:hr>131</gpxdata:hr>
     <gpxdata:distance>2539.00</gpxdata:distance>
     <gpxdata:speed>0.767</gpxdata:speed>
    </extensions>
   </trkpt>
   <trkpt lat="46.5290417" lon="12.0116154">
    <ele>2653</ele>
    <time>2026-10-02T13:41:17Z</time>
    <extensions>
     <gpxdata:hr>131</gpxdata:hr>
     <gpxdata:distance>2540.00</gpxdata:distance>
     <gpxdata:speed>0.772</gpxdata:speed>
    </extensions>
   </trkpt>
   <trkpt lat="46.5290389" lon="12.0116252">
    <ele>2653</ele>
    <time>2026-10-02T13:41:18Z</time>
    <extensions>
     <gpxdata:hr>132</gpxdata:hr>
     <gpxdata:distance>2540.50</gpxdata:distance>
     <gpxdata:speed>0.769</gpxdata:speed>
    </extensions>
   </trkpt>
   <trkpt lat="46.5290362" lon="12.0116363">
    <ele>2654</ele>
    <time>2026-10-02T13:41:19Z</time>
    <extensions>
     <gpxdata:hr>132</gpxdata:hr>
     <gpxdata:distance>2541.00</gpxdata:distance>
     <gpxdata:speed>0.769</gpxdata:speed>
    </extensions>
   </trkpt>
   <trkpt lat="46.5290330" lon="12.0116470">
    <ele>2654</ele>
    <time>2026-10-02T13:41:20Z</time>
    <extensions>
     <gpxdata:hr>133</gpxdata:hr>
     <gpxdata:distance>2542.00</gpxdata:distance>
     <gpxdata:speed>0.769</gpxdata:speed>
    </extensions>
   </trkpt>
   <trkpt lat="46.5290290" lon="12.0116547">
    <ele>2654</ele>
    <time>2026-10-02T13:41:21Z</time>
    <extensions>
     <gpxdata:hr>133</gpxdata:hr>
     <gpxdata:distance>2543.00</gpxdata:distance>
     <gpxdata:speed>0.772</gpxdata:speed>
    </extensions>
   </trkpt>
   <trkpt lat="46.5290248" lon="12.0116579">
    <ele>2654</ele>
    <time>2026-10-02T13:41:22Z</time>
    <extensions>
     <gpxdata:hr>133</gpxdata:hr>
     <gpxdata:distance>2543.50</gpxdata:distance>
     <gpxdata:speed>0.775</gpxdata:speed>
    </extensions>
   </trkpt>
   <trkpt lat="46.5290207" lon="12.0116569">
    <ele>2655</ele>
    <time>2026-10-02T13:41:23Z</time>
    <extensions>
     <gpxdata:hr>134</gpxdata:hr>
     <gpxdata:distance>2544.00</gpxdata:distance>
     <gpxdata:speed>0.778</gpxdata:speed>
    </extensions>
   </trkpt>
   <trkpt lat="46.5290169" lon="12.0116522">
    <ele>2655</ele>
    <time>2026-10-02T13:41:24Z</time>
    <extensions>
     <gpxdata:hr>134</gpxdata:hr>
     <gpxdata:distance>2545.00</gpxdata:distance>
     <gpxdata:speed>0.781</gpxdata:speed>
    </extensions>
   </trkpt>
   <trkpt lat="46.5290133" lon="12.0116445">
    <ele>2655</ele>
    <time>2026-10-02T13:41:25Z</time>
    <extensions>
     <gpxdata:hr>135</gpxdata:hr>
     <gpxdata:distance>2546.00</gpxdata:distance>
     <gpxdata:speed>0.783</gpxdata:speed>
    </extensions>
   </trkpt>
   <trkpt lat="46.5290102" lon="12.0116343">
    <ele>2655</ele>
    <time>2026-10-02T13:41:26Z</time>
    <extensions>
     <gpxdata:hr>136</gpxdata:hr>
     <gpxdata:distance>2546.50</gpxdata:distance>
     <gpxdata:speed>0.783</gpxdata:speed>
    </extensions>
   </trkpt>
   <trkpt lat="46.5290082" lon="12.0116229">
    <ele>2656</ele>
    <time>2026-10-02T13:41:27Z</time>
    <extensions>
     <gpxdata:hr>136</gpxdata:hr>
     <gpxdata:distance>2547.00</gpxdata:distance>
     <gpxdata:speed>0.786</gpxdata:speed>
    </extensions>
   </trkpt>
   <trkpt lat="46.5290067" lon="12.0116102">
    <ele>2656</ele>
    <time>2026-10-02T13:41:28Z</time>
    <extensions>
     <gpxdata:hr>137</gpxdata:hr>
     <gpxdata:distance>2548.00</gpxdata:distance>
     <gpxdata:speed>0.786</gpxdata:speed>
    </extensions>
   </trkpt>
   <trkpt lat="46.5290049" lon="12.0115973">
    <ele>2656</ele>
    <time>2026-10-02T13:41:29Z</time>
    <extensions>
     <gpxdata:hr>137</gpxdata:hr>
     <gpxdata:distance>2549.00</gpxdata:distance>
     <gpxdata:speed>0.786</gpxdata:speed>
    </extensions>
   </trkpt>
   <trkpt lat="46.5290030" lon="12.0115845">
    <ele>2656</ele>
    <time>2026-10-02T13:41:30Z</time>
    <extensions>
     <gpxdata:hr>136</gpxdata:hr>
     <gpxdata:distance>2550.00</gpxdata:distance>
     <gpxdata:speed>0.789</gpxdata:speed>
    </extensions>
   </trkpt>
   <trkpt lat="46.5290009" lon="12.0115724">
    <ele>2656</ele>
    <time>2026-10-02T13:41:31Z</time>
    <extensions>
     <gpxdata:hr>136</gpxdata:hr>
     <gpxdata:distance>2551.00</gpxdata:distance>
     <gpxdata:speed>0.792</gpxdata:speed>
    </extensions>
   </trkpt>
   <trkpt lat="46.5289982" lon="12.0115608">
    <ele>2656</ele>
    <time>2026-10-02T13:41:32Z</time>
    <extensions>
     <gpxdata:hr>136</gpxdata:hr>
     <gpxdata:distance>2552.00</gpxdata:distance>
     <gpxdata:speed>0.792</gpxdata:speed>
    </extensions>
   </trkpt>
   <trkpt lat="46.5289951" lon="12.0115495">
    <ele>2656</ele>
    <time>2026-10-02T13:41:33Z</time>
    <extensions>
     <gpxdata:hr>136</gpxdata:hr>
     <gpxdata:distance>2553.00</gpxdata:distance>
     <gpxdata:speed>0.794</gpxdata:speed>
    </extensions>
   </trkpt>
   <trkpt lat="46.5289921" lon="12.0115385">
    <ele>2656</ele>
    <time>2026-10-02T13:41:34Z</time>
    <extensions>
     <gpxdata:hr>135</gpxdata:hr>
     <gpxdata:distance>2554.00</gpxdata:distance>
     <gpxdata:speed>0.797</gpxdata:speed>
    </extensions>
   </trkpt>
   <trkpt lat="46.5289892" lon="12.0115274">
    <ele>2657</ele>
    <time>2026-10-02T13:41:35Z</time>
    <extensions>
     <gpxdata:hr>135</gpxdata:hr>
     <gpxdata:distance>2555.00</gpxdata:distance>
     <gpxdata:speed>0.800</gpxdata:speed>
    </extensions>
   </trkpt>
   <trkpt lat="46.5289867" lon="12.0115154">
    <ele>2657</ele>
    <time>2026-10-02T13:41:36Z</time>
    <extensions>
     <gpxdata:hr>135</gpxdata:hr>
     <gpxdata:distance>2556.00</gpxdata:distance>
     <gpxdata:speed>0.800</gpxdata:speed>
    </extensions>
   </trkpt>
   <trkpt lat="46.5289846" lon="12.0115027">
    <ele>2657</ele>
    <time>2026-10-02T13:41:37Z</time>
    <extensions>
     <gpxdata:hr>135</gpxdata:hr>
     <gpxdata:distance>2557.00</gpxdata:distance>
     <gpxdata:speed>0.803</gpxdata:speed>
    </extensions>
   </trkpt>
   <trkpt lat="46.5289827" lon="12.0114899">
    <ele>2657</ele>
    <time>2026-10-02T13:41:38Z</time>
    <extensions>
     <gpxdata:hr>135</gpxdata:hr>
     <gpxdata:distance>2558.00</gpxdata:distance>
     <gpxdata:speed>0.803</gpxdata:speed>
    </extensions>
   </trkpt>
   <trkpt lat="46.5289803" lon="12.0114774">
    <ele>2658</ele>
    <time>2026-10-02T13:41:39Z</time>
    <extensions>
     <gpxdata:hr>135</gpxdata:hr>
     <gpxdata:distance>2559.00</gpxdata:distance>
     <gpxdata:speed>0.806</gpxdata:speed>
    </extensions>
   </trkpt>
   <trkpt lat="46.5289775" lon="12.0114649">
    <ele>2658</ele>
    <time>2026-10-02T13:41:40Z</time>
    <extensions>
     <gpxdata:hr>134</gpxdata:hr>
     <gpxdata:distance>2560.00</gpxdata:distance>
     <gpxdata:speed>0.811</gpxdata:speed>
    </extensions>
   </trkpt>
   <trkpt lat="46.5289747" lon="12.0114518">
    <ele>2658</ele>
    <time>2026-10-02T13:41:41Z</time>
    <extensions>
     <gpxdata:hr>135</gpxdata:hr>
     <gpxdata:distance>2561.00</gpxdata:distance>
     <gpxdata:speed>0.819</gpxdata:speed>
    </extensions>
   </trkpt>
   <trkpt lat="46.5289727" lon="12.0114380">
    <ele>2658</ele>
    <time>2026-10-02T13:41:42Z</time>
    <extensions>
     <gpxdata:hr>135</gpxdata:hr>
     <gpxdata:distance>2562.00</gpxdata:distance>
     <gpxdata:speed>0.833</gpxdata:speed>
    </extensions>
   </trkpt>
   <trkpt lat="46.5289721" lon="12.0114237">
    <ele>2659</ele>
    <time>2026-10-02T13:41:43Z</time>
    <extensions>
     <gpxdata:hr>135</gpxdata:hr>
     <gpxdata:distance>2563.00</gpxdata:distance>
     <gpxdata:speed>0.850</gpxdata:speed>
    </extensions>
   </trkpt>
   <trkpt lat="46.5289729" lon="12.0114092">
    <ele>2659</ele>
    <time>2026-10-02T13:41:44Z</time>
    <extensions>
     <gpxdata:hr>135</gpxdata:hr>
     <gpxdata:distance>2564.00</gpxdata:distance>
     <gpxdata:speed>0.869</gpxdata:speed>
    </extensions>
   </trkpt>
   <trkpt lat="46.5289748" lon="12.0113953">
    <ele>2659</ele>
    <time>2026-10-02T13:41:45Z</time>
    <extensions>
     <gpxdata:hr>135</gpxdata:hr>
     <gpxdata:distance>2565.00</gpxdata:distance>
     <gpxdata:speed>0.889</gpxdata:speed>
    </extensions>
   </trkpt>
   <trkpt lat="46.5289762" lon="12.0113822">
    <ele>2659</ele>
    <time>2026-10-02T13:41:46Z</time>
    <extensions>
     <gpxdata:hr>135</gpxdata:hr>
     <gpxdata:distance>2566.00</gpxdata:distance>
     <gpxdata:speed>0.906</gpxdata:speed>
    </extensions>
   </trkpt>
   <trkpt lat="46.5289762" lon="12.0113776">
    <ele>2660</ele>
    <time>2026-10-02T13:41:47Z</time>
    <extensions>
     <gpxdata:hr>136</gpxdata:hr>
     <gpxdata:distance>2567.00</gpxdata:distance>
     <gpxdata:speed>0.925</gpxdata:speed>
    </extensions>
   </trkpt>
   <trkpt lat="46.5289762" lon="12.0113730">
    <ele>2660</ele>
    <time>2026-10-02T13:41:48Z</time>
    <extensions>
     <gpxdata:hr>136</gpxdata:hr>
     <gpxdata:distance>2567.50</gpxdata:distance>
     <gpxdata:speed>0.933</gpxdata:speed>
    </extensions>
   </trkpt>
   <trkpt lat="46.5289762" lon="12.0113684">
    <ele>2660</ele>
    <time>2026-10-02T13:41:49Z</time>
    <extensions>
     <gpxdata:hr>136</gpxdata:hr>
     <gpxdata:distance>2568.00</gpxdata:distance>
     <gpxdata:speed>0.944</gpxdata:speed>
    </extensions>
   </trkpt>
   <trkpt lat="46.5289747" lon="12.0113582">
    <ele>2660</ele>
    <time>2026-10-02T13:41:50Z</time>
    <extensions>
     <gpxdata:hr>136</gpxdata:hr>
     <gpxdata:distance>2568.50</gpxdata:distance>
     <gpxdata:speed>0.956</gpxdata:speed>
    </extensions>
   </trkpt>
   <trkpt lat="46.5289716" lon="12.0113504">
    <ele>2660</ele>
    <time>2026-10-02T13:41:51Z</time>
    <extensions>
     <gpxdata:hr>136</gpxdata:hr>
     <gpxdata:distance>2569.00</gpxdata:distance>
     <gpxdata:speed>0.969</gpxdata:speed>
    </extensions>
   </trkpt>
   <trkpt lat="46.5289663" lon="12.0113445">
    <ele>2660</ele>
    <time>2026-10-02T13:41:52Z</time>
    <extensions>
     <gpxdata:hr>136</gpxdata:hr>
     <gpxdata:distance>2570.00</gpxdata:distance>
     <gpxdata:speed>0.961</gpxdata:speed>
    </extensions>
   </trkpt>
   <trkpt lat="46.5289593" lon="12.0113398">
    <ele>2660</ele>
    <time>2026-10-02T13:41:53Z</time>
    <extensions>
     <gpxdata:hr>137</gpxdata:hr>
     <gpxdata:distance>2571.00</gpxdata:distance>
     <gpxdata:speed>0.956</gpxdata:speed>
    </extensions>
   </trkpt>
   <trkpt lat="46.5289514" lon="12.0113358">
    <ele>2660</ele>
    <time>2026-10-02T13:41:54Z</time>
    <extensions>
     <gpxdata:hr>137</gpxdata:hr>
     <gpxdata:distance>2572.00</gpxdata:distance>
     <gpxdata:speed>0.950</gpxdata:speed>
    </extensions>
   </trkpt>
   <trkpt lat="46.5289434" lon="12.0113327">
    <ele>2661</ele>
    <time>2026-10-02T13:41:55Z</time>
    <extensions>
     <gpxdata:hr>138</gpxdata:hr>
     <gpxdata:distance>2573.00</gpxdata:distance>
     <gpxdata:speed>0.947</gpxdata:speed>
    </extensions>
   </trkpt>
   <trkpt lat="46.5289409" lon="12.0113322">
    <ele>2661</ele>
    <time>2026-10-02T13:41:56Z</time>
    <extensions>
     <gpxdata:hr>138</gpxdata:hr>
     <gpxdata:distance>2573.50</gpxdata:distance>
     <gpxdata:speed>0.944</gpxdata:speed>
    </extensions>
   </trkpt>
   <trkpt lat="46.5289385" lon="12.0113317">
    <ele>2661</ele>
    <time>2026-10-02T13:41:57Z</time>
    <extensions>
     <gpxdata:hr>138</gpxdata:hr>
     <gpxdata:distance>2574.00</gpxdata:distance>
     <gpxdata:speed>0.942</gpxdata:speed>
    </extensions>
   </trkpt>
   <trkpt lat="46.5289360" lon="12.0113312">
    <ele>2661</ele>
    <time>2026-10-02T13:41:58Z</time>
    <extensions>
     <gpxdata:hr>139</gpxdata:hr>
     <gpxdata:distance>2574.00</gpxdata:distance>
     <gpxdata:speed>0.936</gpxdata:speed>
    </extensions>
   </trkpt>
   <trkpt lat="46.5289334" lon="12.0113306">
    <ele>2662</ele>
    <time>2026-10-02T13:41:59Z</time>
    <extensions>
     <gpxdata:hr>139</gpxdata:hr>
     <gpxdata:distance>2574.00</gpxdata:distance>
     <gpxdata:speed>0.931</gpxdata:speed>
    </extensions>
   </trkpt>
   <trkpt lat="46.5289309" lon="12.0113301">
    <ele>2662</ele>
    <time>2026-10-02T13:42:00Z</time>
    <extensions>
     <gpxdata:hr>141</gpxdata:hr>
     <gpxdata:distance>2574.00</gpxdata:distance>
     <gpxdata:speed>0.919</gpxdata:speed>
    </extensions>
   </trkpt>
   <trkpt lat="46.5289217" lon="12.0113305">
    <ele>2662</ele>
    <time>2026-10-02T13:42:01Z</time>
    <extensions>
     <gpxdata:hr>141</gpxdata:hr>
     <gpxdata:distance>2574.00</gpxdata:distance>
     <gpxdata:speed>0.911</gpxdata:speed>
    </extensions>
   </trkpt>
   <trkpt lat="46.5289143" lon="12.0113327">
    <ele>2662</ele>
    <time>2026-10-02T13:42:02Z</time>
    <extensions>
     <gpxdata:hr>142</gpxdata:hr>
     <gpxdata:distance>2574.00</gpxdata:distance>
     <gpxdata:speed>0.900</gpxdata:speed>
    </extensions>
   </trkpt>
   <trkpt lat="46.5289086" lon="12.0113374">
    <ele>2662</ele>
    <time>2026-10-02T13:42:03Z</time>
    <extensions>
     <gpxdata:hr>142</gpxdata:hr>
     <gpxdata:distance>2574.00</gpxdata:distance>
     <gpxdata:speed>0.892</gpxdata:speed>
    </extensions>
   </trkpt>
   <trkpt lat="46.5289038" lon="12.0113446">
    <ele>2662</ele>
    <time>2026-10-02T13:42:04Z</time>
    <extensions>
     <gpxdata:hr>143</gpxdata:hr>
     <gpxdata:distance>2576.50</gpxdata:distance>
     <gpxdata:speed>0.883</gpxdata:speed>
    </extensions>
   </trkpt>
   <trkpt lat="46.5288997" lon="12.0113539">
    <ele>2662</ele>
    <time>2026-10-02T13:42:05Z</time>
    <extensions>
     <gpxdata:hr>143</gpxdata:hr>
     <gpxdata:distance>2579.00</gpxdata:distance>
     <gpxdata:speed>0.878</gpxdata:speed>
    </extensions>
   </trkpt>
   <trkpt lat="46.5288957" lon="12.0113648">
    <ele>2662</ele>
    <time>2026-10-02T13:42:06Z</time>
    <extensions>
     <gpxdata:hr>144</gpxdata:hr>
     <gpxdata:distance>2580.00</gpxdata:distance>
     <gpxdata:speed>0.875</gpxdata:speed>
    </extensions>
   </trkpt>
   <trkpt lat="46.5288914" lon="12.0113758">
    <ele>2663</ele>
    <time>2026-10-02T13:42:07Z</time>
    <extensions>
     <gpxdata:hr>145</gpxdata:hr>
     <gpxdata:distance>2581.00</gpxdata:distance>
     <gpxdata:speed>0.872</gpxdata:speed>
    </extensions>
   </trkpt>
   <trkpt lat="46.5288861" lon="12.0113850">
    <ele>2663</ele>
    <time>2026-10-02T13:42:08Z</time>
    <extensions>
     <gpxdata:hr>146</gpxdata:hr>
     <gpxdata:distance>2581.50</gpxdata:distance>
     <gpxdata:speed>0.861</gpxdata:speed>
    </extensions>
   </trkpt>
   <trkpt lat="46.5288789" lon="12.0113932">
    <ele>2663</ele>
    <time>2026-10-02T13:42:09Z</time>
    <extensions>
     <gpxdata:hr>146</gpxdata:hr>
     <gpxdata:distance>2582.00</gpxdata:distance>
     <gpxdata:speed>0.853</gpxdata:speed>
    </extensions>
   </trkpt>
   <trkpt lat="46.5288718" lon="12.0114000">
    <ele>2663</ele>
    <time>2026-10-02T13:42:10Z</time>
    <extensions>
     <gpxdata:hr>147</gpxdata:hr>
     <gpxdata:distance>2582.50</gpxdata:distance>
     <gpxdata:speed>0.847</gpxdata:speed>
    </extensions>
   </trkpt>
   <trkpt lat="46.5288649" lon="12.0114074">
    <ele>2664</ele>
    <time>2026-10-02T13:42:11Z</time>
    <extensions>
     <gpxdata:hr>148</gpxdata:hr>
     <gpxdata:distance>2583.00</gpxdata:distance>
     <gpxdata:speed>0.842</gpxdata:speed>
    </extensions>
   </trkpt>
   <trkpt lat="46.5288583" lon="12.0114162">
    <ele>2664</ele>
    <time>2026-10-02T13:42:12Z</time>
    <extensions>
     <gpxdata:hr>149</gpxdata:hr>
     <gpxdata:distance>2584.50</gpxdata:distance>
     <gpxdata:speed>0.839</gpxdata:speed>
    </extensions>
   </trkpt>
   <trkpt lat="46.5288515" lon="12.0114264">
    <ele>2664</ele>
    <time>2026-10-02T13:42:13Z</time>
    <extensions>
     <gpxdata:hr>149</gpxdata:hr>
     <gpxdata:distance>2586.00</gpxdata:distance>
     <gpxdata:speed>0.836</gpxdata:speed>
    </extensions>
   </trkpt>
   <trkpt lat="46.5288446" lon="12.0114368">
    <ele>2664</ele>
    <time>2026-10-02T13:42:14Z</time>
    <extensions>
     <gpxdata:hr>150</gpxdata:hr>
     <gpxdata:distance>2587.00</gpxdata:distance>
     <gpxdata:speed>0.836</gpxdata:speed>
    </extensions>
   </trkpt>
   <trkpt lat="46.5288383" lon="12.0114462">
    <ele>2665</ele>
    <time>2026-10-02T13:42:15Z</time>
    <extensions>
     <gpxdata:hr>151</gpxdata:hr>
     <gpxdata:distance>2588.00</gpxdata:distance>
     <gpxdata:speed>0.836</gpxdata:speed>
    </extensions>
   </trkpt>
   <trkpt lat="46.5288362" lon="12.0114494">
    <ele>2665</ele>
    <time>2026-10-02T13:42:16Z</time>
    <extensions>
     <gpxdata:hr>151</gpxdata:hr>
     <gpxdata:distance>2588.50</gpxdata:distance>
     <gpxdata:speed>0.839</gpxdata:speed>
    </extensions>
   </trkpt>
   <trkpt lat="46.5288340" lon="12.0114525">
    <ele>2665</ele>
    <time>2026-10-02T13:42:17Z</time>
    <extensions>
     <gpxdata:hr>152</gpxdata:hr>
     <gpxdata:distance>2589.00</gpxdata:distance>
     <gpxdata:speed>0.842</gpxdata:speed>
    </extensions>
   </trkpt>
   <trkpt lat="46.5288319" lon="12.0114556">
    <ele>2665</ele>
    <time>2026-10-02T13:42:18Z</time>
    <extensions>
     <gpxdata:hr>153</gpxdata:hr>
     <gpxdata:distance>2589.00</gpxdata:distance>
     <gpxdata:speed>0.842</gpxdata:speed>
    </extensions>
   </trkpt>
   <trkpt lat="46.5288270" lon="12.0114632">
    <ele>2666</ele>
    <time>2026-10-02T13:42:19Z</time>
    <extensions>
     <gpxdata:hr>154</gpxdata:hr>
     <gpxdata:distance>2589.00</gpxdata:distance>
     <gpxdata:speed>0.844</gpxdata:speed>
    </extensions>
   </trkpt>
   <trkpt lat="46.5288230" lon="12.0114698">
    <ele>2666</ele>
    <time>2026-10-02T13:42:20Z</time>
    <extensions>
     <gpxdata:hr>154</gpxdata:hr>
     <gpxdata:distance>2589.00</gpxdata:distance>
     <gpxdata:speed>0.844</gpxdata:speed>
    </extensions>
   </trkpt>
   <trkpt lat="46.5288197" lon="12.0114768">
    <ele>2666</ele>
    <time>2026-10-02T13:42:21Z</time>
    <extensions>
     <gpxdata:hr>155</gpxdata:hr>
     <gpxdata:distance>2589.00</gpxdata:distance>
     <gpxdata:speed>0.844</gpxdata:speed>
    </extensions>
   </trkpt>
   <trkpt lat="46.5288165" lon="12.0114844">
    <ele>2666</ele>
    <time>2026-10-02T13:42:22Z</time>
    <extensions>
     <gpxdata:hr>156</gpxdata:hr>
     <gpxdata:distance>2591.00</gpxdata:distance>
     <gpxdata:speed>0.833</gpxdata:speed>
    </extensions>
   </trkpt>
   <trkpt lat="46.5288129" lon="12.0114915">
    <ele>2667</ele>
    <time>2026-10-02T13:42:23Z</time>
    <extensions>
     <gpxdata:hr>157</gpxdata:hr>
     <gpxdata:distance>2593.00</gpxdata:distance>
     <gpxdata:speed>0.822</gpxdata:speed>
    </extensions>
   </trkpt>
   <trkpt lat="46.5288090" lon="12.0114993">
    <ele>2667</ele>
    <time>2026-10-02T13:42:24Z</time>
    <extensions>
     <gpxdata:hr>159</gpxdata:hr>
     <gpxdata:distance>2593.50</gpxdata:distance>
     <gpxdata:speed>0.819</gpxdata:speed>
    </extensions>
   </trkpt>
   <trkpt lat="46.5288056" lon="12.0115065">
    <ele>2667</ele>
    <time>2026-10-02T13:42:25Z</time>
    <extensions>
     <gpxdata:hr>161</gpxdata:hr>
     <gpxdata:distance>2594.00</gpxdata:distance>
     <gpxdata:speed>0.817</gpxdata:speed>
    </extensions>
   </trkpt>
   <trkpt lat="46.5288025" lon="12.0115136">
    <ele>2667</ele>
    <time>2026-10-02T13:42:26Z</time>
    <extensions>
     <gpxdata:hr>164</gpxdata:hr>
     <gpxdata:distance>2594.00</gpxdata:distance>
     <gpxdata:speed>0.817</gpxdata:speed>
    </extensions>
   </trkpt>
   <trkpt lat="46.5287991" lon="12.0115198">
    <ele>2667</ele>
    <time>2026-10-02T13:42:27Z</time>
    <extensions>
     <gpxdata:hr>165</gpxdata:hr>
     <gpxdata:distance>2594.00</gpxdata:distance>
     <gpxdata:speed>0.817</gpxdata:speed>
    </extensions>
   </trkpt>
   <trkpt lat="46.5287952" lon="12.0115237">
    <ele>2667</ele>
    <time>2026-10-02T13:42:28Z</time>
    <extensions>
     <gpxdata:hr>165</gpxdata:hr>
     <gpxdata:distance>2595.00</gpxdata:distance>
     <gpxdata:speed>0.811</gpxdata:speed>
    </extensions>
   </trkpt>
   <trkpt lat="46.5287910" lon="12.0115248">
    <ele>2667</ele>
    <time>2026-10-02T13:42:29Z</time>
    <extensions>
     <gpxdata:hr>166</gpxdata:hr>
     <gpxdata:distance>2596.00</gpxdata:distance>
     <gpxdata:speed>0.806</gpxdata:speed>
    </extensions>
   </trkpt>
  </trkseg>
  <trkseg>
   <trkpt lat="46.5287841" lon="12.0115102">
    <ele>2669</ele>
    <time>2026-10-02T13:42:43Z</time>
    <extensions>
     <gpxdata:hr>169</gpxdata:hr>
     <gpxdata:distance>2597.00</gpxdata:distance>
    </extensions>
   </trkpt>
  </trkseg>
  <trkseg>
   <trkpt lat="46.5287798" lon="12.0114982">
    <ele>2670</ele>
    <time>2026-10-02T13:43:16Z</time>
    <extensions>
     <gpxdata:hr>137</gpxdata:hr>
     <gpxdata:distance>2600.00</gpxdata:distance>
    </extensions>
   </trkpt>
   <trkpt lat="46.5287779" lon="12.0114891">
    <ele>2670</ele>
    <time>2026-10-02T13:43:17Z</time>
    <extensions>
     <gpxdata:hr>136</gpxdata:hr>
     <gpxdata:distance>2600.00</gpxdata:distance>
    </extensions>
   </trkpt>
   <trkpt lat="46.5287780" lon="12.0114810">
    <ele>2670</ele>
    <time>2026-10-02T13:43:18Z</time>
    <extensions>
     <gpxdata:hr>135</gpxdata:hr>
     <gpxdata:distance>2600.00</gpxdata:distance>
    </extensions>
   </trkpt>
   <trkpt lat="46.5287794" lon="12.0114729">
    <ele>2670</ele>
    <time>2026-10-02T13:43:19Z</time>
    <extensions>
     <gpxdata:hr>134</gpxdata:hr>
     <gpxdata:distance>2600.00</gpxdata:distance>
    </extensions>
   </trkpt>
   <trkpt lat="46.5287817" lon="12.0114645">
    <ele>2670</ele>
    <time>2026-10-02T13:43:20Z</time>
    <extensions>
     <gpxdata:hr>132</gpxdata:hr>
     <gpxdata:distance>2601.50</gpxdata:distance>
    </extensions>
   </trkpt>
   <trkpt lat="46.5287846" lon="12.0114554">
    <ele>2670</ele>
    <time>2026-10-02T13:43:21Z</time>
    <extensions>
     <gpxdata:hr>131</gpxdata:hr>
     <gpxdata:distance>2603.00</gpxdata:distance>
    </extensions>
   </trkpt>
   <trkpt lat="46.5287874" lon="12.0114459">
    <ele>2670</ele>
    <time>2026-10-02T13:43:22Z</time>
    <extensions>
     <gpxdata:hr>130</gpxdata:hr>
     <gpxdata:distance>2603.50</gpxdata:distance>
     <gpxdata:speed>0.339</gpxdata:speed>
    </extensions>
   </trkpt>
   <trkpt lat="46.5287891" lon="12.0114367">
    <ele>2670</ele>
    <time>2026-10-02T13:43:23Z</time>
    <extensions>
     <gpxdata:hr>129</gpxdata:hr>
     <gpxdata:distance>2604.00</gpxdata:distance>
     <gpxdata:speed>0.678</gpxdata:speed>
    </extensions>
   </trkpt>
   <trkpt lat="46.5287894" lon="12.0114281">
    <ele>2670</ele>
    <time>2026-10-02T13:43:24Z</time>
    <extensions>
     <gpxdata:hr>129</gpxdata:hr>
     <gpxdata:distance>2604.50</gpxdata:distance>
     <gpxdata:speed>0.681</gpxdata:speed>
    </extensions>
   </trkpt>
   <trkpt lat="46.5287884" lon="12.0114202">
    <ele>2670</ele>
    <time>2026-10-02T13:43:25Z</time>
    <extensions>
     <gpxdata:hr>128</gpxdata:hr>
     <gpxdata:distance>2605.00</gpxdata:distance>
     <gpxdata:speed>0.683</gpxdata:speed>
    </extensions>
   </trkpt>
   <trkpt lat="46.5287866" lon="12.0114127">
    <ele>2670</ele>
    <time>2026-10-02T13:43:26Z</time>
    <extensions>
     <gpxdata:hr>128</gpxdata:hr>
     <gpxdata:distance>2605.50</gpxdata:distance>
     <gpxdata:speed>0.678</gpxdata:speed>
    </extensions>
   </trkpt>
   <trkpt lat="46.5287824" lon="12.0114046">
    <ele>2670</ele>
    <time>2026-10-02T13:43:27Z</time>
    <extensions>
     <gpxdata:hr>126</gpxdata:hr>
     <gpxdata:distance>2606.00</gpxdata:distance>
     <gpxdata:speed>0.675</gpxdata:speed>
    </extensions>
   </trkpt>
   <trkpt lat="46.5287775" lon="12.0113984">
    <ele>2670</ele>
    <time>2026-10-02T13:43:28Z</time>
    <extensions>
     <gpxdata:hr>125</gpxdata:hr>
     <gpxdata:distance>2607.00</gpxdata:distance>
     <gpxdata:speed>0.667</gpxdata:speed>
    </extensions>
   </trkpt>
  </trkseg>
  <trkseg>
   <trkpt lat="46.5287639" lon="12.0113908">
    <ele>2671</ele>
    <time>2026-10-02T13:43:37Z</time>
    <extensions>
     <gpxdata:hr>120</gpxdata:hr>
     <gpxdata:distance>2608.00</gpxdata:distance>
     <gpxdata:speed>0.608</gpxdata:speed>
    </extensions>
   </trkpt>
  </trkseg>
  <trkseg>
   <trkpt lat="46.5286225" lon="12.0113522">
    <ele>2670</ele>
    <time>2026-10-02T13:45:12Z</time>
    <extensions>
     <gpxdata:hr>104</gpxdata:hr>
     <gpxdata:distance>2625.00</gpxdata:distance>
    </extensions>
   </trkpt>
  </trkseg>
  <trkseg>
   <trkpt lat="46.5286234" lon="12.0113519">
    <ele>2670</ele>
    <time>2026-10-02T13:45:19Z</time>
    <extensions>
     <gpxdata:hr>114</gpxdata:hr>
     <gpxdata:distance>2625.00</gpxdata:distance>
    </extensions>
   </trkpt>
   <trkpt lat="46.5286250" lon="12.0113500">
    <ele>2669</ele>
    <time>2026-10-02T13:45:20Z</time>
    <extensions>
     <gpxdata:hr>115</gpxdata:hr>
     <gpxdata:distance>2625.00</gpxdata:distance>
    </extensions>
   </trkpt>
   <trkpt lat="46.5286271" lon="12.0113467">
    <ele>2669</ele>
    <time>2026-10-02T13:45:21Z</time>
    <extensions>
     <gpxdata:hr>116</gpxdata:hr>
     <gpxdata:distance>2625.00</gpxdata:distance>
    </extensions>
   </trkpt>
   <trkpt lat="46.5286298" lon="12.0113424">
    <ele>2669</ele>
    <time>2026-10-02T13:45:22Z</time>
    <extensions>
     <gpxdata:hr>116</gpxdata:hr>
     <gpxdata:distance>2626.00</gpxdata:distance>
    </extensions>
   </trkpt>
   <trkpt lat="46.5286327" lon="12.0113363">
    <ele>2669</ele>
    <time>2026-10-02T13:45:23Z</time>
    <extensions>
     <gpxdata:hr>116</gpxdata:hr>
     <gpxdata:distance>2627.00</gpxdata:distance>
    </extensions>
   </trkpt>
   <trkpt lat="46.5286351" lon="12.0113290">
    <ele>2669</ele>
    <time>2026-10-02T13:45:24Z</time>
    <extensions>
     <gpxdata:hr>116</gpxdata:hr>
     <gpxdata:distance>2628.00</gpxdata:distance>
    </extensions>
   </trkpt>
   <trkpt lat="46.5286367" lon="12.0113209">
    <ele>2669</ele>
    <time>2026-10-02T13:45:25Z</time>
    <extensions>
     <gpxdata:hr>116</gpxdata:hr>
     <gpxdata:distance>2629.00</gpxdata:distance>
    </extensions>
   </trkpt>
  </trkseg>
  <trkseg>
   <trkpt lat="46.5287978" lon="12.0113590">
    <ele>2672</ele>
    <time>2026-10-02T13:46:03Z</time>
    <extensions>
     <gpxdata:hr>97</gpxdata:hr>
     <gpxdata:distance>2638.00</gpxdata:distance>
     <gpxdata:speed>1.189</gpxdata:speed>
    </extensions>
   </trkpt>
   <trkpt lat="46.5287975" lon="12.0113562">
    <ele>2672</ele>
    <time>2026-10-02T13:46:04Z</time>
    <extensions>
     <gpxdata:hr>97</gpxdata:hr>
     <gpxdata:distance>2638.00</gpxdata:distance>
     <gpxdata:speed>1.183</gpxdata:speed>
    </extensions>
   </trkpt>
   <trkpt lat="46.5287971" lon="12.0113530">
    <ele>2672</ele>
    <time>2026-10-02T13:46:05Z</time>
    <extensions>
     <gpxdata:hr>97</gpxdata:hr>
     <gpxdata:distance>2638.00</gpxdata:distance>
     <gpxdata:speed>1.178</gpxdata:speed>
    </extensions>
   </trkpt>
   <trkpt lat="46.5287967" lon="12.0113495">
    <ele>2672</ele>
    <time>2026-10-02T13:46:06Z</time>
    <extensions>
     <gpxdata:hr>98</gpxdata:hr>
     <gpxdata:distance>2638.00</gpxdata:distance>
     <gpxdata:speed>1.175</gpxdata:speed>
    </extensions>
   </trkpt>
   <trkpt lat="46.5287962" lon="12.0113456">
    <ele>2672</ele>
    <time>2026-10-02T13:46:07Z</time>
    <extensions>
     <gpxdata:hr>98</gpxdata:hr>
     <gpxdata:distance>2638.00</gpxdata:distance>
     <gpxdata:speed>1.175</gpxdata:speed>
    </extensions>
   </trkpt>
   <trkpt lat="46.5287953" lon="12.0113374">
    <ele>2672</ele>
    <time>2026-10-02T13:46:08Z</time>
    <extensions>
     <gpxdata:hr>100</gpxdata:hr>
     <gpxdata:distance>2638.00</gpxdata:distance>
     <gpxdata:speed>0.586</gpxdata:speed>
    </extensions>
   </trkpt>
   <trkpt lat="46.5287942" lon="12.0113287">
    <ele>2672</ele>
    <time>2026-10-02T13:46:09Z</time>
    <extensions>
     <gpxdata:hr>101</gpxdata:hr>
     <gpxdata:distance>2638.00</gpxdata:distance>
    </extensions>
   </trkpt>
   <trkpt lat="46.5287931" lon="12.0113195">
    <ele>2672</ele>
    <time>2026-10-02T13:46:10Z</time>
    <extensions>
     <gpxdata:hr>102</gpxdata:hr>
     <gpxdata:distance>2640.00</gpxdata:distance>
     <gpxdata:speed>0.386</gpxdata:speed>
    </extensions>
   </trkpt>
   <trkpt lat="46.5287923" lon="12.0113094">
    <ele>2672</ele>
    <time>2026-10-02T13:46:11Z</time>
    <extensions>
     <gpxdata:hr>104</gpxdata:hr>
     <gpxdata:distance>2642.00</gpxdata:distance>
     <gpxdata:speed>0.772</gpxdata:speed>
    </extensions>
   </trkpt>
   <trkpt lat="46.5287914" lon="12.0112985">
    <ele>2672</ele>
    <time>2026-10-02T13:46:12Z</time>
    <extensions>
     <gpxdata:hr>104</gpxdata:hr>
     <gpxdata:distance>2643.00</gpxdata:distance>
     <gpxdata:speed>0.736</gpxdata:speed>
    </extensions>
   </trkpt>
   <trkpt lat="46.5287902" lon="12.0112872">
    <ele>2672</ele>
    <time>2026-10-02T13:46:13Z</time>
    <extensions>
     <gpxdata:hr>106</gpxdata:hr>
     <gpxdata:distance>2644.00</gpxdata:distance>
     <gpxdata:speed>0.700</gpxdata:speed>
    </extensions>
   </trkpt>
   <trkpt lat="46.5287888" lon="12.0112759">
    <ele>2672</ele>
    <time>2026-10-02T13:46:14Z</time>
    <extensions>
     <gpxdata:hr>108</gpxdata:hr>
     <gpxdata:distance>2645.00</gpxdata:distance>
     <gpxdata:speed>0.703</gpxdata:speed>
    </extensions>
   </trkpt>
   <trkpt lat="46.5287872" lon="12.0112650">
    <ele>2673</ele>
    <time>2026-10-02T13:46:15Z</time>
    <extensions>
     <gpxdata:hr>111</gpxdata:hr>
     <gpxdata:distance>2646.00</gpxdata:distance>
     <gpxdata:speed>0.708</gpxdata:speed>
    </extensions>
   </trkpt>
   <trkpt lat="46.5287860" lon="12.0112542">
    <ele>2673</ele>
    <time>2026-10-02T13:46:16Z</time>
    <extensions>
     <gpxdata:hr>113</gpxdata:hr>
     <gpxdata:distance>2646.50</gpxdata:distance>
     <gpxdata:speed>0.711</gpxdata:speed>
    </extensions>
   </trkpt>
   <trkpt lat="46.5287853" lon="12.0112434">
    <ele>2673</ele>
    <time>2026-10-02T13:46:17Z</time>
    <extensions>
     <gpxdata:hr>115</gpxdata:hr>
     <gpxdata:distance>2647.00</gpxdata:distance>
     <gpxdata:speed>0.717</gpxdata:speed>
    </extensions>
   </trkpt>
   <trkpt lat="46.5287848" lon="12.0112323">
    <ele>2673</ele>
    <time>2026-10-02T13:46:18Z</time>
    <extensions>
     <gpxdata:hr>117</gpxdata:hr>
     <gpxdata:distance>2648.00</gpxdata:distance>
     <gpxdata:speed>0.722</gpxdata:speed>
    </extensions>
   </trkpt>
   <trkpt lat="46.5287846" lon="12.0112207">
    <ele>2673</ele>
    <time>2026-10-02T13:46:19Z</time>
    <extensions>
     <gpxdata:hr>118</gpxdata:hr>
     <gpxdata:distance>2649.00</gpxdata:distance>
     <gpxdata:speed>0.731</gpxdata:speed>
    </extensions>
   </trkpt>
   <trkpt lat="46.5287845" lon="12.0112086">
    <ele>2673</ele>
    <time>2026-10-02T13:46:20Z</time>
    <extensions>
     <gpxdata:hr>120</gpxdata:hr>
     <gpxdata:distance>2650.00</gpxdata:distance>
     <gpxdata:speed>0.736</gpxdata:speed>
    </extensions>
   </trkpt>
   <trkpt lat="46.5287845" lon="12.0111962">
    <ele>2673</ele>
    <time>2026-10-02T13:46:21Z</time>
    <extensions>
     <gpxdata:hr>122</gpxdata:hr>
     <gpxdata:distance>2651.00</gpxdata:distance>
     <gpxdata:speed>0.742</gpxdata:speed>
    </extensions>
   </trkpt>
   <trkpt lat="46.5287843" lon="12.0111842">
    <ele>2673</ele>
    <time>2026-10-02T13:46:22Z</time>
    <extensions>
     <gpxdata:hr>123</gpxdata:hr>
     <gpxdata:distance>2652.00</gpxdata:distance>
     <gpxdata:speed>0.783</gpxdata:speed>
    </extensions>
   </trkpt>
   <trkpt lat="46.5287844" lon="12.0111728">
    <ele>2674</ele>
    <time>2026-10-02T13:46:23Z</time>
    <extensions>
     <gpxdata:hr>123</gpxdata:hr>
     <gpxdata:distance>2653.00</gpxdata:distance>
     <gpxdata:speed>0.825</gpxdata:speed>
    </extensions>
   </trkpt>
   <trkpt lat="46.5287848" lon="12.0111611">
    <ele>2674</ele>
    <time>2026-10-02T13:46:24Z</time>
    <extensions>
     <gpxdata:hr>124</gpxdata:hr>
     <gpxdata:distance>2653.50</gpxdata:distance>
     <gpxdata:speed>0.836</gpxdata:speed>
    </extensions>
   </trkpt>
   <trkpt lat="46.5287853" lon="12.0111490">
    <ele>2674</ele>
    <time>2026-10-02T13:46:25Z</time>
    <extensions>
     <gpxdata:hr>125</gpxdata:hr>
     <gpxdata:distance>2654.00</gpxdata:distance>
     <gpxdata:speed>0.847</gpxdata:speed>
    </extensions>
   </trkpt>
   <trkpt lat="46.5287855" lon="12.0111369">
    <ele>2674</ele>
    <time>2026-10-02T13:46:26Z</time>
    <extensions>
     <gpxdata:hr>126</gpxdata:hr>
     <gpxdata:distance>2655.00</gpxdata:distance>
     <gpxdata:speed>0.853</gpxdata:speed>
    </extensions>
   </trkpt>
   <trkpt lat="46.5287856" lon="12.0111252">
    <ele>2674</ele>
    <time>2026-10-02T13:46:27Z</time>
    <extensions>
     <gpxdata:hr>127</gpxdata:hr>
     <gpxdata:distance>2656.00</gpxdata:distance>
     <gpxdata:speed>0.858</gpxdata:speed>
    </extensions>
   </trkpt>
   <trkpt lat="46.5287857" lon="12.0111129">
    <ele>2674</ele>
    <time>2026-10-02T13:46:28Z</time>
    <extensions>
     <gpxdata:hr>128</gpxdata:hr>
     <gpxdata:distance>2657.00</gpxdata:distance>
     <gpxdata:speed>0.861</gpxdata:speed>
    </extensions>
   </trkpt>
   <trkpt lat="46.5287860" lon="12.0111004">
    <ele>2674</ele>
    <time>2026-10-02T13:46:29Z</time>
    <extensions>
     <gpxdata:hr>129</gpxdata:hr>
     <gpxdata:distance>2658.00</gpxdata:distance>
     <gpxdata:speed>0.867</gpxdata:speed>
    </extensions>
   </trkpt>
   <trkpt lat="46.5287864" lon="12.0110878">
    <ele>2674</ele>
    <time>2026-10-02T13:46:30Z</time>
    <extensions>
     <gpxdata:hr>130</gpxdata:hr>
     <gpxdata:distance>2659.00</gpxdata:distance>
     <gpxdata:speed>0.869</gpxdata:speed>
    </extensions>
   </trkpt>
   <trkpt lat="46.5287868" lon="12.0110746">
    <ele>2675</ele>
    <time>2026-10-02T13:46:31Z</time>
    <extensions>
     <gpxdata:hr>131</gpxdata:hr>
     <gpxdata:distance>2660.00</gpxdata:distance>
     <gpxdata:speed>0.875</gpxdata:speed>
    </extensions>
   </trkpt>
   <trkpt lat="46.5287872" lon="12.0110606">
    <ele>2675</ele>
    <time>2026-10-02T13:46:32Z</time>
    <extensions>
     <gpxdata:hr>132</gpxdata:hr>
     <gpxdata:distance>2661.50</gpxdata:distance>
     <gpxdata:speed>0.878</gpxdata:speed>
    </extensions>
   </trkpt>
   <trkpt lat="46.5287876" lon="12.0110458">
    <ele>2675</ele>
    <time>2026-10-02T13:46:33Z</time>
    <extensions>
     <gpxdata:hr>132</gpxdata:hr>
     <gpxdata:distance>2663.00</gpxdata:distance>
     <gpxdata:speed>0.883</gpxdata:speed>
    </extensions>
   </trkpt>
   <trkpt lat="46.5287880" lon="12.0110303">
    <ele>2675</ele>
    <time>2026-10-02T13:46:34Z</time>
    <extensions>
     <gpxdata:hr>133</gpxdata:hr>
     <gpxdata:distance>2664.00</gpxdata:distance>
     <gpxdata:speed>0.889</gpxdata:speed>
    </extensions>
   </trkpt>
   <trkpt lat="46.5287883" lon="12.0110148">
    <ele>2675</ele>
    <time>2026-10-02T13:46:35Z</time>
    <extensions>
     <gpxdata:hr>134</gpxdata:hr>
     <gpxdata:distance>2665.00</gpxdata:distance>
     <gpxdata:speed>0.897</gpxdata:speed>
    </extensions>
   </trkpt>
   <trkpt lat="46.5287884" lon="12.0110005">
    <ele>2675</ele>
    <time>2026-10-02T13:46:36Z</time>
    <extensions>
     <gpxdata:hr>135</gpxdata:hr>
     <gpxdata:distance>2666.00</gpxdata:distance>
     <gpxdata:speed>0.906</gpxdata:speed>
    </extensions>
   </trkpt>
   <trkpt lat="46.5287889" lon="12.0109870">
    <ele>2675</ele>
    <time>2026-10-02T13:46:37Z</time>
    <extensions>
     <gpxdata:hr>135</gpxdata:hr>
     <gpxdata:distance>2667.00</gpxdata:distance>
     <gpxdata:speed>0.917</gpxdata:speed>
    </extensions>
   </trkpt>
   <trkpt lat="46.5287897" lon="12.0109747">
    <ele>2675</ele>
    <time>2026-10-02T13:46:38Z</time>
    <extensions>
     <gpxdata:hr>136</gpxdata:hr>
     <gpxdata:distance>2668.00</gpxdata:distance>
     <gpxdata:speed>0.922</gpxdata:speed>
    </extensions>
   </trkpt>
   <trkpt lat="46.5287908" lon="12.0109631">
    <ele>2675</ele>
    <time>2026-10-02T13:46:39Z</time>
    <extensions>
     <gpxdata:hr>136</gpxdata:hr>
     <gpxdata:distance>2669.00</gpxdata:distance>
     <gpxdata:speed>0.928</gpxdata:speed>
    </extensions>
   </trkpt>
   <trkpt lat="46.5287919" lon="12.0109522">
    <ele>2675</ele>
    <time>2026-10-02T13:46:40Z</time>
    <extensions>
     <gpxdata:hr>137</gpxdata:hr>
     <gpxdata:distance>2669.50</gpxdata:distance>
     <gpxdata:speed>0.928</gpxdata:speed>
    </extensions>
   </trkpt>
   <trkpt lat="46.5287927" lon="12.0109420">
    <ele>2675</ele>
    <time>2026-10-02T13:46:41Z</time>
    <extensions>
     <gpxdata:hr>137</gpxdata:hr>
     <gpxdata:distance>2670.00</gpxdata:distance>
     <gpxdata:speed>0.931</gpxdata:speed>
    </extensions>
   </trkpt>
   <trkpt lat="46.5287928" lon="12.0109324">
    <ele>2675</ele>
    <time>2026-10-02T13:46:42Z</time>
    <extensions>
     <gpxdata:hr>137</gpxdata:hr>
     <gpxdata:distance>2671.00</gpxdata:distance>
     <gpxdata:speed>0.939</gpxdata:speed>
    </extensions>
   </trkpt>
   <trkpt lat="46.5287919" lon="12.0109237">
    <ele>2675</ele>
    <time>2026-10-02T13:46:43Z</time>
    <extensions>
     <gpxdata:hr>137</gpxdata:hr>
     <gpxdata:distance>2672.00</gpxdata:distance>
     <gpxdata:speed>0.947</gpxdata:speed>
    </extensions>
   </trkpt>
   <trkpt lat="46.5287903" lon="12.0109157">
    <ele>2675</ele>
    <time>2026-10-02T13:46:44Z</time>
    <extensions>
     <gpxdata:hr>138</gpxdata:hr>
     <gpxdata:distance>2672.50</gpxdata:distance>
     <gpxdata:speed>0.944</gpxdata:speed>
    </extensions>
   </trkpt>
   <trkpt lat="46.5287876" lon="12.0109076">
    <ele>2675</ele>
    <time>2026-10-02T13:46:45Z</time>
    <extensions>
     <gpxdata:hr>140</gpxdata:hr>
     <gpxdata:distance>2673.00</gpxdata:distance>
     <gpxdata:speed>0.944</gpxdata:speed>
    </extensions>
   </trkpt>
   <trkpt lat="46.5287838" lon="12.0108998">
    <ele>2675</ele>
    <time>2026-10-02T13:46:46Z</time>
    <extensions>
     <gpxdata:hr>140</gpxdata:hr>
     <gpxdata:distance>2674.00</gpxdata:distance>
     <gpxdata:speed>0.939</gpxdata:speed>
    </extensions>
   </trkpt>
   <trkpt lat="46.5287796" lon="12.0108925">
    <ele>2676</ele>
    <time>2026-10-02T13:46:47Z</time>
    <extensions>
     <gpxdata:hr>141</gpxdata:hr>
     <gpxdata:distance>2675.00</gpxdata:distance>
     <gpxdata:speed>0.936</gpxdata:speed>
    </extensions>
   </trkpt>
   <trkpt lat="46.5287757" lon="12.0108847">
    <ele>2676</ele>
    <time>2026-10-02T13:46:48Z</time>
    <extensions>
     <gpxdata:hr>141</gpxdata:hr>
     <gpxdata:distance>2675.50</gpxdata:distance>
     <gpxdata:speed>0.931</gpxdata:speed>
    </extensions>
   </trkpt>
   <trkpt lat="46.5287730" lon="12.0108771">
    <ele>2676</ele>
    <time>2026-10-02T13:46:49Z</time>
    <extensions>
     <gpxdata:hr>141</gpxdata:hr>
     <gpxdata:distance>2676.00</gpxdata:distance>
     <gpxdata:speed>0.925</gpxdata:speed>
    </extensions>
   </trkpt>
  </trkseg>
  <trkseg>
   <trkpt lat="46.5287706" lon="12.0108720">
    <ele>2676</ele>
    <time>2026-10-02T13:46:59Z</time>
    <extensions>
     <gpxdata:hr>141</gpxdata:hr>
     <gpxdata:distance>2676.00</gpxdata:distance>
    </extensions>
   </trkpt>
   <trkpt lat="46.5287685" lon="12.0108674">
    <ele>2676</ele>
    <time>2026-10-02T13:47:00Z</time>
    <extensions>
     <gpxdata:hr>142</gpxdata:hr>
     <gpxdata:distance>2676.00</gpxdata:distance>
    </extensions>
   </trkpt>
   <trkpt lat="46.5287661" lon="12.0108622">
    <ele>2676</ele>
    <time>2026-10-02T13:47:01Z</time>
    <extensions>
     <gpxdata:hr>143</gpxdata:hr>
     <gpxdata:distance>2676.00</gpxdata:distance>
    </extensions>
   </trkpt>
   <trkpt lat="46.5287633" lon="12.0108560">
    <ele>2676</ele>
    <time>2026-10-02T13:47:02Z</time>
    <extensions>
     <gpxdata:hr>144</gpxdata:hr>
     <gpxdata:distance>2677.50</gpxdata:distance>
    </extensions>
   </trkpt>
   <trkpt lat="46.5287599" lon="12.0108484">
    <ele>2676</ele>
    <time>2026-10-02T13:47:03Z</time>
    <extensions>
     <gpxdata:hr>144</gpxdata:hr>
     <gpxdata:distance>2679.00</gpxdata:distance>
    </extensions>
   </trkpt>
   <trkpt lat="46.5287556" lon="12.0108398">
    <ele>2676</ele>
    <time>2026-10-02T13:47:04Z</time>
    <extensions>
     <gpxdata:hr>145</gpxdata:hr>
     <gpxdata:distance>2680.00</gpxdata:distance>
    </extensions>
   </trkpt>
   <trkpt lat="46.5287506" lon="12.0108305">
    <ele>2676</ele>
    <time>2026-10-02T13:47:05Z</time>
    <extensions>
     <gpxdata:hr>145</gpxdata:hr>
     <gpxdata:distance>2681.00</gpxdata:distance>
    </extensions>
   </trkpt>
   <trkpt lat="46.5287447" lon="12.0108214">
    <ele>2676</ele>
    <time>2026-10-02T13:47:06Z</time>
    <extensions>
     <gpxdata:hr>144</gpxdata:hr>
     <gpxdata:distance>2682.00</gpxdata:distance>
    </extensions>
   </trkpt>
   <trkpt lat="46.5287381" lon="12.0108138">
    <ele>2677</ele>
    <time>2026-10-02T13:47:07Z</time>
    <extensions>
     <gpxdata:hr>144</gpxdata:hr>
     <gpxdata:distance>2683.00</gpxdata:distance>
    </extensions>
   </trkpt>
   <trkpt lat="46.5287317" lon="12.0108095">
    <ele>2677</ele>
    <time>2026-10-02T13:47:08Z</time>
    <extensions>
     <gpxdata:hr>144</gpxdata:hr>
     <gpxdata:distance>2683.50</gpxdata:distance>
     <gpxdata:speed>0.431</gpxdata:speed>
    </extensions>
   </trkpt>
   <trkpt lat="46.5287260" lon="12.0108095">
    <ele>2677</ele>
    <time>2026-10-02T13:47:09Z</time>
    <extensions>
     <gpxdata:hr>144</gpxdata:hr>
     <gpxdata:distance>2684.00</gpxdata:distance>
     <gpxdata:speed>0.861</gpxdata:speed>
    </extensions>
   </trkpt>
   <trkpt lat="46.5287211" lon="12.0108137">
    <ele>2677</ele>
    <time>2026-10-02T13:47:10Z</time>
    <extensions>
     <gpxdata:hr>144</gpxdata:hr>
     <gpxdata:distance>2684.50</gpxdata:distance>
     <gpxdata:speed>0.867</gpxdata:speed>
    </extensions>
   </trkpt>
   <trkpt lat="46.5287167" lon="12.0108212">
    <ele>2677</ele>
    <time>2026-10-02T13:47:11Z</time>
    <extensions>
     <gpxdata:hr>143</gpxdata:hr>
     <gpxdata:distance>2685.00</gpxdata:distance>
     <gpxdata:speed>0.872</gpxdata:speed>
    </extensions>
   </trkpt>
   <trkpt lat="46.5287130" lon="12.0108306">
    <ele>2677</ele>
    <time>2026-10-02T13:47:12Z</time>
    <extensions>
     <gpxdata:hr>143</gpxdata:hr>
     <gpxdata:distance>2686.00</gpxdata:distance>
     <gpxdata:speed>0.878</gpxdata:speed>
    </extensions>
   </trkpt>
   <trkpt lat="46.5287103" lon="12.0108413">
    <ele>2677</ele>
    <time>2026-10-02T13:47:13Z</time>
    <extensions>
     <gpxdata:hr>144</gpxdata:hr>
     <gpxdata:distance>2687.00</gpxdata:distance>
     <gpxdata:speed>0.883</gpxdata:speed>
    </extensions>
   </trkpt>
   <trkpt lat="46.5287078" lon="12.0108530">
    <ele>2677</ele>
    <time>2026-10-02T13:47:14Z</time>
    <extensions>
     <gpxdata:hr>145</gpxdata:hr>
     <gpxdata:distance>2688.00</gpxdata:distance>
     <gpxdata:speed>0.883</gpxdata:speed>
    </extensions>
   </trkpt>
   <trkpt lat="46.5287052" lon="12.0108644">
    <ele>2678</ele>
    <time>2026-10-02T13:47:15Z</time>
    <extensions>
     <gpxdata:hr>146</gpxdata:hr>
     <gpxdata:distance>2689.00</gpxdata:distance>
     <gpxdata:speed>0.883</gpxdata:speed>
    </extensions>
   </trkpt>
   <trkpt lat="46.5287021" lon="12.0108744">
    <ele>2678</ele>
    <time>2026-10-02T13:47:16Z</time>
    <extensions>
     <gpxdata:hr>146</gpxdata:hr>
     <gpxdata:distance>2689.50</gpxdata:distance>
     <gpxdata:speed>0.881</gpxdata:speed>
    </extensions>
   </trkpt>
   <trkpt lat="46.5286984" lon="12.0108819">
    <ele>2678</ele>
    <time>2026-10-02T13:47:17Z</time>
    <extensions>
     <gpxdata:hr>146</gpxdata:hr>
     <gpxdata:distance>2690.00</gpxdata:distance>
     <gpxdata:speed>0.878</gpxdata:speed>
    </extensions>
   </trkpt>
   <trkpt lat="46.5286940" lon="12.0108865">
    <ele>2678</ele>
    <time>2026-10-02T13:47:18Z</time>
    <extensions>
     <gpxdata:hr>145</gpxdata:hr>
     <gpxdata:distance>2690.50</gpxdata:distance>
     <gpxdata:speed>0.869</gpxdata:speed>
    </extensions>
   </trkpt>
   <trkpt lat="46.5286891" lon="12.0108876">
    <ele>2679</ele>
    <time>2026-10-02T13:47:19Z</time>
    <extensions>
     <gpxdata:hr>145</gpxdata:hr>
     <gpxdata:distance>2691.00</gpxdata:distance>
     <gpxdata:speed>0.861</gpxdata:speed>
    </extensions>
   </trkpt>
  </trkseg>
  <trkseg>
   <trkpt lat="46.5286816" lon="12.0108826">
    <ele>2679</ele>
    <time>2026-10-02T13:47:25Z</time>
    <extensions>
     <gpxdata:hr>142</gpxdata:hr>
     <gpxdata:distance>2692.00</gpxdata:distance>
     <gpxdata:speed>0.850</gpxdata:speed>
    </extensions>
   </trkpt>
   <trkpt lat="46.5286757" lon="12.0108769">
    <ele>2679</ele>
    <time>2026-10-02T13:47:26Z</time>
    <extensions>
     <gpxdata:hr>141</gpxdata:hr>
     <gpxdata:distance>2692.00</gpxdata:distance>
     <gpxdata:speed>0.850</gpxdata:speed>
    </extensions>
   </trkpt>
   <trkpt lat="46.5286709" lon="12.0108699">
    <ele>2680</ele>
    <time>2026-10-02T13:47:27Z</time>
    <extensions>
     <gpxdata:hr>141</gpxdata:hr>
     <gpxdata:distance>2692.00</gpxdata:distance>
     <gpxdata:speed>0.850</gpxdata:speed>
    </extensions>
   </trkpt>
   <trkpt lat="46.5286663" lon="12.0108608">
    <ele>2680</ele>
    <time>2026-10-02T13:47:28Z</time>
    <extensions>
     <gpxdata:hr>140</gpxdata:hr>
     <gpxdata:distance>2694.00</gpxdata:distance>
     <gpxdata:speed>0.844</gpxdata:speed>
    </extensions>
   </trkpt>
   <trkpt lat="46.5286619" lon="12.0108496">
    <ele>2680</ele>
    <time>2026-10-02T13:47:29Z</time>
    <extensions>
     <gpxdata:hr>140</gpxdata:hr>
     <gpxdata:distance>2696.00</gpxdata:distance>
     <gpxdata:speed>0.842</gpxdata:speed>
    </extensions>
   </trkpt>
   <trkpt lat="46.5286581" lon="12.0108376">
    <ele>2680</ele>
    <time>2026-10-02T13:47:30Z</time>
    <extensions>
     <gpxdata:hr>141</gpxdata:hr>
     <gpxdata:distance>2697.00</gpxdata:distance>
     <gpxdata:speed>0.833</gpxdata:speed>
    </extensions>
   </trkpt>
   <trkpt lat="46.5286574" lon="12.0108335">
    <ele>2680</ele>
    <time>2026-10-02T13:47:31Z</time>
    <extensions>
     <gpxdata:hr>141</gpxdata:hr>
     <gpxdata:distance>2698.00</gpxdata:distance>
     <gpxdata:speed>0.825</gpxdata:speed>
    </extensions>
   </trkpt>
   <trkpt lat="46.5286566" lon="12.0108295">
    <ele>2680</ele>
    <time>2026-10-02T13:47:32Z</time>
    <extensions>
     <gpxdata:hr>141</gpxdata:hr>
     <gpxdata:distance>2698.00</gpxdata:distance>
     <gpxdata:speed>0.819</gpxdata:speed>
    </extensions>
   </trkpt>
   <trkpt lat="46.5286559" lon="12.0108254">
    <ele>2680</ele>
    <time>2026-10-02T13:47:33Z</time>
    <extensions>
     <gpxdata:hr>142</gpxdata:hr>
     <gpxdata:distance>2698.00</gpxdata:distance>
     <gpxdata:speed>0.817</gpxdata:speed>
    </extensions>
   </trkpt>
   <trkpt lat="46.5286541" lon="12.0108182">
    <ele>2680</ele>
    <time>2026-10-02T13:47:34Z</time>
    <extensions>
     <gpxdata:hr>142</gpxdata:hr>
     <gpxdata:distance>2698.00</gpxdata:distance>
     <gpxdata:speed>0.408</gpxdata:speed>
    </extensions>
   </trkpt>
   <trkpt lat="46.5286518" lon="12.0108130">
    <ele>2681</ele>
    <time>2026-10-02T13:47:35Z</time>
    <extensions>
     <gpxdata:hr>143</gpxdata:hr>
     <gpxdata:distance>2698.00</gpxdata:distance>
    </extensions>
   </trkpt>
   <trkpt lat="46.5286488" lon="12.0108079">
    <ele>2681</ele>
    <time>2026-10-02T13:47:36Z</time>
    <extensions>
     <gpxdata:hr>143</gpxdata:hr>
     <gpxdata:distance>2699.00</gpxdata:distance>
    </extensions>
   </trkpt>
   <trkpt lat="46.5286454" lon="12.0108018">
    <ele>2681</ele>
    <time>2026-10-02T13:47:37Z</time>
    <extensions>
     <gpxdata:hr>143</gpxdata:hr>
     <gpxdata:distance>2700.00</gpxdata:distance>
    </extensions>
   </trkpt>
   <trkpt lat="46.5286422" lon="12.0107949">
    <ele>2681</ele>
    <time>2026-10-02T13:47:38Z</time>
    <extensions>
     <gpxdata:hr>143</gpxdata:hr>
     <gpxdata:distance>2700.50</gpxdata:distance>
    </extensions>
   </trkpt>
   <trkpt lat="46.5286389" lon="12.0107877">
    <ele>2681</ele>
    <time>2026-10-02T13:47:39Z</time>
    <extensions>
     <gpxdata:hr>143</gpxdata:hr>
     <gpxdata:distance>2701.00</gpxdata:distance>
    </extensions>
   </trkpt>
   <trkpt lat="46.5286347" lon="12.0107810">
    <ele>2681</ele>
    <time>2026-10-02T13:47:40Z</time>
    <extensions>
     <gpxdata:hr>142</gpxdata:hr>
     <gpxdata:distance>2701.50</gpxdata:distance>
    </extensions>
   </trkpt>
   <trkpt lat="46.5286297" lon="12.0107761">
    <ele>2681</ele>
    <time>2026-10-02T13:47:41Z</time>
    <extensions>
     <gpxdata:hr>142</gpxdata:hr>
     <gpxdata:distance>2702.00</gpxdata:distance>
    </extensions>
   </trkpt>
   <trkpt lat="46.5286244" lon="12.0107744">
    <ele>2681</ele>
    <time>2026-10-02T13:47:42Z</time>
    <extensions>
     <gpxdata:hr>142</gpxdata:hr>
     <gpxdata:distance>2703.00</gpxdata:distance>
     <gpxdata:speed>0.397</gpxdata:speed>
    </extensions>
   </trkpt>
   <trkpt lat="46.5286188" lon="12.0107768">
    <ele>2681</ele>
    <time>2026-10-02T13:47:43Z</time>
    <extensions>
     <gpxdata:hr>142</gpxdata:hr>
     <gpxdata:distance>2704.00</gpxdata:distance>
     <gpxdata:speed>0.794</gpxdata:speed>
    </extensions>
   </trkpt>
   <trkpt lat="46.5286135" lon="12.0107831">
    <ele>2681</ele>
    <time>2026-10-02T13:47:44Z</time>
    <extensions>
     <gpxdata:hr>141</gpxdata:hr>
     <gpxdata:distance>2705.00</gpxdata:distance>
     <gpxdata:speed>0.825</gpxdata:speed>
    </extensions>
   </trkpt>
   <trkpt lat="46.5286091" lon="12.0107914">
    <ele>2681</ele>
    <time>2026-10-02T13:47:45Z</time>
    <extensions>
     <gpxdata:hr>141</gpxdata:hr>
     <gpxdata:distance>2706.00</gpxdata:distance>
     <gpxdata:speed>0.858</gpxdata:speed>
    </extensions>
   </trkpt>
   <trkpt lat="46.5286054" lon="12.0108003">
    <ele>2681</ele>
    <time>2026-10-02T13:47:46Z</time>
    <extensions>
     <gpxdata:hr>141</gpxdata:hr>
     <gpxdata:distance>2706.50</gpxdata:distance>
     <gpxdata:speed>0.867</gpxdata:speed>
    </extensions>
   </trkpt>
   <trkpt lat="46.5286025" lon="12.0108108">
    <ele>2682</ele>
    <time>2026-10-02T13:47:47Z</time>
    <extensions>
     <gpxdata:hr>141</gpxdata:hr>
     <gpxdata:distance>2707.00</gpxdata:distance>
     <gpxdata:speed>0.878</gpxdata:speed>
    </extensions>
   </trkpt>
   <trkpt lat="46.5285999" lon="12.0108202">
    <ele>2682</ele>
    <time>2026-10-02T13:47:48Z</time>
    <extensions>
     <gpxdata:hr>141</gpxdata:hr>
     <gpxdata:distance>2707.00</gpxdata:distance>
     <gpxdata:speed>0.439</gpxdata:speed>
    </extensions>
   </trkpt>
   <trkpt lat="46.5285965" lon="12.0108265">
    <ele>2682</ele>
    <time>2026-10-02T13:47:49Z</time>
    <extensions>
     <gpxdata:hr>142</gpxdata:hr>
     <gpxdata:distance>2707.00</gpxdata:distance>
    </extensions>
   </trkpt>
   <trkpt lat="46.5285922" lon="12.0108286">
    <ele>2682</ele>
    <time>2026-10-02T13:47:50Z</time>
    <extensions>
     <gpxdata:hr>142</gpxdata:hr>
     <gpxdata:distance>2707.00</gpxdata:distance>
     <gpxdata:speed>0.364</gpxdata:speed>
    </extensions>
   </trkpt>
   <trkpt lat="46.5285868" lon="12.0108263">
    <ele>2682</ele>
    <time>2026-10-02T13:47:51Z</time>
    <extensions>
     <gpxdata:hr>141</gpxdata:hr>
     <gpxdata:distance>2707.00</gpxdata:distance>
     <gpxdata:speed>0.728</gpxdata:speed>
    </extensions>
   </trkpt>
   <trkpt lat="46.5285808" lon="12.0108204">
    <ele>2682</ele>
    <time>2026-10-02T13:47:52Z</time>
    <extensions>
     <gpxdata:hr>141</gpxdata:hr>
     <gpxdata:distance>2709.00</gpxdata:distance>
     <gpxdata:speed>0.739</gpxdata:speed>
    </extensions>
   </trkpt>
   <trkpt lat="46.5285743" lon="12.0108117">
    <ele>2682</ele>
    <time>2026-10-02T13:47:53Z</time>
    <extensions>
     <gpxdata:hr>141</gpxdata:hr>
     <gpxdata:distance>2711.00</gpxdata:distance>
     <gpxdata:speed>0.750</gpxdata:speed>
    </extensions>
   </trkpt>
   <trkpt lat="46.5285677" lon="12.0108017">
    <ele>2682</ele>
    <time>2026-10-02T13:47:54Z</time>
    <extensions>
     <gpxdata:hr>141</gpxdata:hr>
     <gpxdata:distance>2712.00</gpxdata:distance>
     <gpxdata:speed>0.761</gpxdata:speed>
    </extensions>
   </trkpt>
   <trkpt lat="46.5285651" lon="12.0107981">
    <ele>2683</ele>
    <time>2026-10-02T13:47:55Z</time>
    <extensions>
     <gpxdata:hr>142</gpxdata:hr>
     <gpxdata:distance>2713.00</gpxdata:distance>
     <gpxdata:speed>0.775</gpxdata:speed>
    </extensions>
   </trkpt>
   <trkpt lat="46.5285624" lon="12.0107943">
    <ele>2683</ele>
    <time>2026-10-02T13:47:56Z</time>
    <extensions>
     <gpxdata:hr>143</gpxdata:hr>
     <gpxdata:distance>2713.50</gpxdata:distance>
     <gpxdata:speed>0.772</gpxdata:speed>
    </extensions>
   </trkpt>
   <trkpt lat="46.5285596" lon="12.0107903">
    <ele>2683</ele>
    <time>2026-10-02T13:47:57Z</time>
    <extensions>
     <gpxdata:hr>144</gpxdata:hr>
     <gpxdata:distance>2714.00</gpxdata:distance>
     <gpxdata:speed>0.769</gpxdata:speed>
    </extensions>
   </trkpt>
   <trkpt lat="46.5285521" lon="12.0107798">
    <ele>2683</ele>
    <time>2026-10-02T13:47:58Z</time>
    <extensions>
     <gpxdata:hr>145</gpxdata:hr>
     <gpxdata:distance>2715.00</gpxdata:distance>
     <gpxdata:speed>0.778</gpxdata:speed>
    </extensions>
   </trkpt>
   <trkpt lat="46.5285451" lon="12.0107683">
    <ele>2683</ele>
    <time>2026-10-02T13:47:59Z</time>
    <extensions>
     <gpxdata:hr>146</gpxdata:hr>
     <gpxdata:distance>2716.00</gpxdata:distance>
     <gpxdata:speed>0.789</gpxdata:speed>
    </extensions>
   </trkpt>
   <trkpt lat="46.5285393" lon="12.0107551">
    <ele>2683</ele>
    <time>2026-10-02T13:48:00Z</time>
    <extensions>
     <gpxdata:hr>146</gpxdata:hr>
     <gpxdata:distance>2717.50</gpxdata:distance>
     <gpxdata:speed>0.811</gpxdata:speed>
    </extensions>
   </trkpt>
   <trkpt lat="46.5285351" lon="12.0107411">
    <ele>2683</ele>
    <time>2026-10-02T13:48:01Z</time>
    <extensions>
     <gpxdata:hr>147</gpxdata:hr>
     <gpxdata:distance>2719.00</gpxdata:distance>
     <gpxdata:speed>0.833</gpxdata:speed>
    </extensions>
   </trkpt>
   <trkpt lat="46.5285323" lon="12.0107267">
    <ele>2683</ele>
    <time>2026-10-02T13:48:02Z</time>
    <extensions>
     <gpxdata:hr>148</gpxdata:hr>
     <gpxdata:distance>2720.00</gpxdata:distance>
     <gpxdata:speed>0.847</gpxdata:speed>
    </extensions>
   </trkpt>
   <trkpt lat="46.5285311" lon="12.0107119">
    <ele>2684</ele>
    <time>2026-10-02T13:48:03Z</time>
    <extensions>
     <gpxdata:hr>148</gpxdata:hr>
     <gpxdata:distance>2721.00</gpxdata:distance>
     <gpxdata:speed>0.861</gpxdata:speed>
    </extensions>
   </trkpt>
   <trkpt lat="46.5285311" lon="12.0106971">
    <ele>2684</ele>
    <time>2026-10-02T13:48:04Z</time>
    <extensions>
     <gpxdata:hr>149</gpxdata:hr>
     <gpxdata:distance>2722.00</gpxdata:distance>
     <gpxdata:speed>0.878</gpxdata:speed>
    </extensions>
   </trkpt>
   <trkpt lat="46.5285312" lon="12.0106822">
    <ele>2684</ele>
    <time>2026-10-02T13:48:05Z</time>
    <extensions>
     <gpxdata:hr>150</gpxdata:hr>
     <gpxdata:distance>2723.00</gpxdata:distance>
     <gpxdata:speed>0.894</gpxdata:speed>
    </extensions>
   </trkpt>
   <trkpt lat="46.5285310" lon="12.0106663">
    <ele>2684</ele>
    <time>2026-10-02T13:48:06Z</time>
    <extensions>
     <gpxdata:hr>151</gpxdata:hr>
     <gpxdata:distance>2724.50</gpxdata:distance>
     <gpxdata:speed>0.906</gpxdata:speed>
    </extensions>
   </trkpt>
   <trkpt lat="46.5285307" lon="12.0106497">
    <ele>2685</ele>
    <time>2026-10-02T13:48:07Z</time>
    <extensions>
     <gpxdata:hr>152</gpxdata:hr>
     <gpxdata:distance>2726.00</gpxdata:distance>
     <gpxdata:speed>0.917</gpxdata:speed>
    </extensions>
   </trkpt>
   <trkpt lat="46.5285298" lon="12.0106330">
    <ele>2685</ele>
    <time>2026-10-02T13:48:08Z</time>
    <extensions>
     <gpxdata:hr>153</gpxdata:hr>
     <gpxdata:distance>2727.00</gpxdata:distance>
     <gpxdata:speed>0.928</gpxdata:speed>
    </extensions>
   </trkpt>
   <trkpt lat="46.5285284" lon="12.0106166">
    <ele>2685</ele>
    <time>2026-10-02T13:48:09Z</time>
    <extensions>
     <gpxdata:hr>154</gpxdata:hr>
     <gpxdata:distance>2728.00</gpxdata:distance>
     <gpxdata:speed>0.939</gpxdata:speed>
    </extensions>
   </trkpt>
   <trkpt lat="46.5285271" lon="12.0106002">
    <ele>2685</ele>
    <time>2026-10-02T13:48:10Z</time>
    <extensions>
     <gpxdata:hr>154</gpxdata:hr>
     <gpxdata:distance>2729.50</gpxdata:distance>
     <gpxdata:speed>0.950</gpxdata:speed>
    </extensions>
   </trkpt>
   <trkpt lat="46.5285266" lon="12.0105838">
    <ele>2685</ele>
    <time>2026-10-02T13:48:11Z</time>
    <extensions>
     <gpxdata:hr>154</gpxdata:hr>
     <gpxdata:distance>2731.00</gpxdata:distance>
     <gpxdata:speed>0.964</gpxdata:speed>
    </extensions>
   </trkpt>
   <trkpt lat="46.5285274" lon="12.0105674">
    <ele>2685</ele>
    <time>2026-10-02T13:48:12Z</time>
    <extensions>
     <gpxdata:hr>154</gpxdata:hr>
     <gpxdata:distance>2732.00</gpxdata:distance>
     <gpxdata:speed>0.972</gpxdata:speed>
    </extensions>
   </trkpt>
   <trkpt lat="46.5285291" lon="12.0105517">
    <ele>2685</ele>
    <time>2026-10-02T13:48:13Z</time>
    <extensions>
     <gpxdata:hr>153</gpxdata:hr>
     <gpxdata:distance>2733.00</gpxdata:distance>
     <gpxdata:speed>0.983</gpxdata:speed>
    </extensions>
   </trkpt>
   <trkpt lat="46.5285310" lon="12.0105375">
    <ele>2685</ele>
    <time>2026-10-02T13:48:14Z</time>
    <extensions>
     <gpxdata:hr>153</gpxdata:hr>
     <gpxdata:distance>2734.00</gpxdata:distance>
     <gpxdata:speed>0.992</gpxdata:speed>
    </extensions>
   </trkpt>
   <trkpt lat="46.5285325" lon="12.0105251">
    <ele>2686</ele>
    <time>2026-10-02T13:48:15Z</time>
    <extensions>
     <gpxdata:hr>153</gpxdata:hr>
     <gpxdata:distance>2735.00</gpxdata:distance>
     <gpxdata:speed>1.000</gpxdata:speed>
    </extensions>
   </trkpt>
   <trkpt lat="46.5285332" lon="12.0105144">
    <ele>2686</ele>
    <time>2026-10-02T13:48:16Z</time>
    <extensions>
     <gpxdata:hr>153</gpxdata:hr>
     <gpxdata:distance>2735.50</gpxdata:distance>
     <gpxdata:speed>1.003</gpxdata:speed>
    </extensions>
   </trkpt>
   <trkpt lat="46.5285331" lon="12.0105050">
    <ele>2686</ele>
    <time>2026-10-02T13:48:17Z</time>
    <extensions>
     <gpxdata:hr>152</gpxdata:hr>
     <gpxdata:distance>2736.00</gpxdata:distance>
     <gpxdata:speed>1.008</gpxdata:speed>
    </extensions>
   </trkpt>
   <trkpt lat="46.5285321" lon="12.0104956">
    <ele>2686</ele>
    <time>2026-10-02T13:48:18Z</time>
    <extensions>
     <gpxdata:hr>152</gpxdata:hr>
     <gpxdata:distance>2737.00</gpxdata:distance>
     <gpxdata:speed>1.019</gpxdata:speed>
    </extensions>
   </trkpt>
   <trkpt lat="46.5285304" lon="12.0104862">
    <ele>2687</ele>
    <time>2026-10-02T13:48:19Z</time>
    <extensions>
     <gpxdata:hr>152</gpxdata:hr>
     <gpxdata:distance>2738.00</gpxdata:distance>
     <gpxdata:speed>1.033</gpxdata:speed>
    </extensions>
   </trkpt>
   <trkpt lat="46.5285281" lon="12.0104771">
    <ele>2687</ele>
    <time>2026-10-02T13:48:20Z</time>
    <extensions>
     <gpxdata:hr>152</gpxdata:hr>
     <gpxdata:distance>2738.50</gpxdata:distance>
     <gpxdata:speed>1.044</gpxdata:speed>
    </extensions>
   </trkpt>
   <trkpt lat="46.5285251" lon="12.0104679">
    <ele>2687</ele>
    <time>2026-10-02T13:48:21Z</time>
    <extensions>
     <gpxdata:hr>152</gpxdata:hr>
     <gpxdata:distance>2739.00</gpxdata:distance>
     <gpxdata:speed>1.058</gpxdata:speed>
    </extensions>
   </trkpt>
   <trkpt lat="46.5285219" lon="12.0104586">
    <ele>2687</ele>
    <time>2026-10-02T13:48:22Z</time>
    <extensions>
     <gpxdata:hr>152</gpxdata:hr>
     <gpxdata:distance>2740.00</gpxdata:distance>
     <gpxdata:speed>1.056</gpxdata:speed>
    </extensions>
   </trkpt>
   <trkpt lat="46.5285196" lon="12.0104493">
    <ele>2688</ele>
    <time>2026-10-02T13:48:23Z</time>
    <extensions>
     <gpxdata:hr>152</gpxdata:hr>
     <gpxdata:distance>2741.00</gpxdata:distance>
     <gpxdata:speed>1.053</gpxdata:speed>
    </extensions>
   </trkpt>
   <trkpt lat="46.5285180" lon="12.0104398">
    <ele>2688</ele>
    <time>2026-10-02T13:48:24Z</time>
    <extensions>
     <gpxdata:hr>152</gpxdata:hr>
     <gpxdata:distance>2741.50</gpxdata:distance>
     <gpxdata:speed>1.047</gpxdata:speed>
    </extensions>
   </trkpt>
   <trkpt lat="46.5285168" lon="12.0104311">
    <ele>2688</ele>
    <time>2026-10-02T13:48:25Z</time>
    <extensions>
     <gpxdata:hr>153</gpxdata:hr>
     <gpxdata:distance>2742.00</gpxdata:distance>
     <gpxdata:speed>1.044</gpxdata:speed>
    </extensions>
   </trkpt>
   <trkpt lat="46.5285150" lon="12.0104245">
    <ele>2688</ele>
    <time>2026-10-02T13:48:26Z</time>
    <extensions>
     <gpxdata:hr>153</gpxdata:hr>
     <gpxdata:distance>2742.00</gpxdata:distance>
     <gpxdata:speed>1.036</gpxdata:speed>
    </extensions>
   </trkpt>
   <trkpt lat="46.5285120" lon="12.0104206">
    <ele>2688</ele>
    <time>2026-10-02T13:48:27Z</time>
    <extensions>
     <gpxdata:hr>153</gpxdata:hr>
     <gpxdata:distance>2742.00</gpxdata:distance>
     <gpxdata:speed>1.031</gpxdata:speed>
    </extensions>
   </trkpt>
   <trkpt lat="46.5285081" lon="12.0104189">
    <ele>2688</ele>
    <time>2026-10-02T13:48:28Z</time>
    <extensions>
     <gpxdata:hr>153</gpxdata:hr>
     <gpxdata:distance>2743.00</gpxdata:distance>
     <gpxdata:speed>1.019</gpxdata:speed>
    </extensions>
   </trkpt>
   <trkpt lat="46.5285031" lon="12.0104188">
    <ele>2688</ele>
    <time>2026-10-02T13:48:29Z</time>
    <extensions>
     <gpxdata:hr>153</gpxdata:hr>
     <gpxdata:distance>2744.00</gpxdata:distance>
     <gpxdata:speed>1.011</gpxdata:speed>
    </extensions>
   </trkpt>
   <trkpt lat="46.5284973" lon="12.0104200">
    <ele>2688</ele>
    <time>2026-10-02T13:48:30Z</time>
    <extensions>
     <gpxdata:hr>153</gpxdata:hr>
     <gpxdata:distance>2745.00</gpxdata:distance>
     <gpxdata:speed>1.006</gpxdata:speed>
    </extensions>
   </trkpt>
   <trkpt lat="46.5284914" lon="12.0104218">
    <ele>2689</ele>
    <time>2026-10-02T13:48:31Z</time>
    <extensions>
     <gpxdata:hr>153</gpxdata:hr>
     <gpxdata:distance>2746.00</gpxdata:distance>
     <gpxdata:speed>1.000</gpxdata:speed>
    </extensions>
   </trkpt>
   <trkpt lat="46.5284864" lon="12.0104251">
    <ele>2689</ele>
    <time>2026-10-02T13:48:32Z</time>
    <extensions>
     <gpxdata:hr>154</gpxdata:hr>
     <gpxdata:distance>2746.50</gpxdata:distance>
     <gpxdata:speed>0.994</gpxdata:speed>
    </extensions>
   </trkpt>
   <trkpt lat="46.5284825" lon="12.0104302">
    <ele>2689</ele>
    <time>2026-10-02T13:48:33Z</time>
    <extensions>
     <gpxdata:hr>155</gpxdata:hr>
     <gpxdata:distance>2747.00</gpxdata:distance>
     <gpxdata:speed>0.992</gpxdata:speed>
    </extensions>
   </trkpt>
   <trkpt lat="46.5284786" lon="12.0104366">
    <ele>2689</ele>
    <time>2026-10-02T13:48:34Z</time>
    <extensions>
     <gpxdata:hr>155</gpxdata:hr>
     <gpxdata:distance>2747.50</gpxdata:distance>
     <gpxdata:speed>0.983</gpxdata:speed>
    </extensions>
   </trkpt>
   <trkpt lat="46.5284742" lon="12.0104433">
    <ele>2689</ele>
    <time>2026-10-02T13:48:35Z</time>
    <extensions>
     <gpxdata:hr>156</gpxdata:hr>
     <gpxdata:distance>2748.00</gpxdata:distance>
     <gpxdata:speed>0.978</gpxdata:speed>
    </extensions>
   </trkpt>
   <trkpt lat="46.5284693" lon="12.0104496">
    <ele>2689</ele>
    <time>2026-10-02T13:48:36Z</time>
    <extensions>
     <gpxdata:hr>156</gpxdata:hr>
     <gpxdata:distance>2749.00</gpxdata:distance>
     <gpxdata:speed>0.972</gpxdata:speed>
    </extensions>
   </trkpt>
   <trkpt lat="46.5284640" lon="12.0104549">
    <ele>2689</ele>
    <time>2026-10-02T13:48:37Z</time>
    <extensions>
     <gpxdata:hr>156</gpxdata:hr>
     <gpxdata:distance>2750.00</gpxdata:distance>
     <gpxdata:speed>0.967</gpxdata:speed>
    </extensions>
   </trkpt>
   <trkpt lat="46.5284622" lon="12.0104568">
    <ele>2689</ele>
    <time>2026-10-02T13:48:38Z</time>
    <extensions>
     <gpxdata:hr>155</gpxdata:hr>
     <gpxdata:distance>2750.00</gpxdata:distance>
     <gpxdata:speed>0.961</gpxdata:speed>
    </extensions>
   </trkpt>
   <trkpt lat="46.5284604" lon="12.0104586">
    <ele>2690</ele>
    <time>2026-10-02T13:48:39Z</time>
    <extensions>
     <gpxdata:hr>155</gpxdata:hr>
     <gpxdata:distance>2750.00</gpxdata:distance>
     <gpxdata:speed>0.958</gpxdata:speed>
    </extensions>
   </trkpt>
   <trkpt lat="46.5284586" lon="12.0104605">
    <ele>2690</ele>
    <time>2026-10-02T13:48:40Z</time>
    <extensions>
     <gpxdata:hr>156</gpxdata:hr>
     <gpxdata:distance>2750.00</gpxdata:distance>
     <gpxdata:speed>0.956</gpxdata:speed>
    </extensions>
   </trkpt>
   <trkpt lat="46.5284568" lon="12.0104623">
    <ele>2690</ele>
    <time>2026-10-02T13:48:41Z</time>
    <extensions>
     <gpxdata:hr>156</gpxdata:hr>
     <gpxdata:distance>2750.00</gpxdata:distance>
     <gpxdata:speed>0.953</gpxdata:speed>
    </extensions>
   </trkpt>
   <trkpt lat="46.5284514" lon="12.0104695">
    <ele>2690</ele>
    <time>2026-10-02T13:48:42Z</time>
    <extensions>
     <gpxdata:hr>156</gpxdata:hr>
     <gpxdata:distance>2750.00</gpxdata:distance>
     <gpxdata:speed>0.950</gpxdata:speed>
    </extensions>
   </trkpt>
   <trkpt lat="46.5284469" lon="12.0104777">
    <ele>2691</ele>
    <time>2026-10-02T13:48:43Z</time>
    <extensions>
     <gpxdata:hr>156</gpxdata:hr>
     <gpxdata:distance>2750.00</gpxdata:distance>
     <gpxdata:speed>0.950</gpxdata:speed>
    </extensions>
   </trkpt>
   <trkpt lat="46.5284423" lon="12.0104865">
    <ele>2691</ele>
    <time>2026-10-02T13:48:44Z</time>
    <extensions>
     <gpxdata:hr>157</gpxdata:hr>
     <gpxdata:distance>2752.00</gpxdata:distance>
     <gpxdata:speed>0.939</gpxdata:speed>
    </extensions>
   </trkpt>
   <trkpt lat="46.5284375" lon="12.0104949">
    <ele>2691</ele>
    <time>2026-10-02T13:48:45Z</time>
    <extensions>
     <gpxdata:hr>157</gpxdata:hr>
     <gpxdata:distance>2754.00</gpxdata:distance>
     <gpxdata:speed>0.931</gpxdata:speed>
    </extensions>
   </trkpt>
   <trkpt lat="46.5284331" lon="12.0105035">
    <ele>2691</ele>
    <time>2026-10-02T13:48:46Z</time>
    <extensions>
     <gpxdata:hr>157</gpxdata:hr>
     <gpxdata:distance>2755.00</gpxdata:distance>
     <gpxdata:speed>0.922</gpxdata:speed>
    </extensions>
   </trkpt>
   <trkpt lat="46.5284285" lon="12.0105121">
    <ele>2691</ele>
    <time>2026-10-02T13:48:47Z</time>
    <extensions>
     <gpxdata:hr>157</gpxdata:hr>
     <gpxdata:distance>2756.00</gpxdata:distance>
     <gpxdata:speed>0.914</gpxdata:speed>
    </extensions>
   </trkpt>
   <trkpt lat="46.5284237" lon="12.0105205">
    <ele>2691</ele>
    <time>2026-10-02T13:48:48Z</time>
    <extensions>
     <gpxdata:hr>158</gpxdata:hr>
     <gpxdata:distance>2756.50</gpxdata:distance>
     <gpxdata:speed>0.908</gpxdata:speed>
    </extensions>
   </trkpt>
   <trkpt lat="46.5284180" lon="12.0105287">
    <ele>2691</ele>
    <time>2026-10-02T13:48:49Z</time>
    <extensions>
     <gpxdata:hr>158</gpxdata:hr>
     <gpxdata:distance>2757.00</gpxdata:distance>
     <gpxdata:speed>0.906</gpxdata:speed>
    </extensions>
   </trkpt>
   <trkpt lat="46.5284117" lon="12.0105367">
    <ele>2691</ele>
    <time>2026-10-02T13:48:50Z</time>
    <extensions>
     <gpxdata:hr>158</gpxdata:hr>
     <gpxdata:distance>2758.00</gpxdata:distance>
     <gpxdata:speed>0.903</gpxdata:speed>
    </extensions>
   </trkpt>
   <trkpt lat="46.5284049" lon="12.0105441">
    <ele>2692</ele>
    <time>2026-10-02T13:48:51Z</time>
    <extensions>
     <gpxdata:hr>158</gpxdata:hr>
     <gpxdata:distance>2759.00</gpxdata:distance>
     <gpxdata:speed>0.900</gpxdata:speed>
    </extensions>
   </trkpt>
   <trkpt lat="46.5283981" lon="12.0105503">
    <ele>2692</ele>
    <time>2026-10-02T13:48:52Z</time>
    <extensions>
     <gpxdata:hr>158</gpxdata:hr>
     <gpxdata:distance>2759.50</gpxdata:distance>
     <gpxdata:speed>0.897</gpxdata:speed>
    </extensions>
   </trkpt>
   <trkpt lat="46.5283931" lon="12.0105552">
    <ele>2692</ele>
    <time>2026-10-02T13:48:53Z</time>
    <extensions>
     <gpxdata:hr>157</gpxdata:hr>
     <gpxdata:distance>2760.00</gpxdata:distance>
     <gpxdata:speed>0.897</gpxdata:speed>
    </extensions>
   </trkpt>
   <trkpt lat="46.5283885" lon="12.0105600">
    <ele>2692</ele>
    <time>2026-10-02T13:48:54Z</time>
    <extensions>
     <gpxdata:hr>157</gpxdata:hr>
     <gpxdata:distance>2760.00</gpxdata:distance>
     <gpxdata:speed>0.897</gpxdata:speed>
    </extensions>
   </trkpt>
   <trkpt lat="46.5283836" lon="12.0105647">
    <ele>2693</ele>
    <time>2026-10-02T13:48:55Z</time>
    <extensions>
     <gpxdata:hr>157</gpxdata:hr>
     <gpxdata:distance>2760.00</gpxdata:distance>
     <gpxdata:speed>0.897</gpxdata:speed>
    </extensions>
   </trkpt>
   <trkpt lat="46.5283782" lon="12.0105695">
    <ele>2693</ele>
    <time>2026-10-02T13:48:56Z</time>
    <extensions>
     <gpxdata:hr>158</gpxdata:hr>
     <gpxdata:distance>2761.50</gpxdata:distance>
     <gpxdata:speed>0.886</gpxdata:speed>
    </extensions>
   </trkpt>
   <trkpt lat="46.5283723" lon="12.0105745">
    <ele>2693</ele>
    <time>2026-10-02T13:48:57Z</time>
    <extensions>
     <gpxdata:hr>158</gpxdata:hr>
     <gpxdata:distance>2763.00</gpxdata:distance>
     <gpxdata:speed>0.878</gpxdata:speed>
    </extensions>
   </trkpt>
   <trkpt lat="46.5283656" lon="12.0105806">
    <ele>2693</ele>
    <time>2026-10-02T13:48:58Z</time>
    <extensions>
     <gpxdata:hr>159</gpxdata:hr>
     <gpxdata:distance>2763.50</gpxdata:distance>
     <gpxdata:speed>0.856</gpxdata:speed>
    </extensions>
   </trkpt>
   <trkpt lat="46.5283582" lon="12.0105875">
    <ele>2693</ele>
    <time>2026-10-02T13:48:59Z</time>
    <extensions>
     <gpxdata:hr>159</gpxdata:hr>
     <gpxdata:distance>2764.00</gpxdata:distance>
     <gpxdata:speed>0.836</gpxdata:speed>
    </extensions>
   </trkpt>
   <trkpt lat="46.5283504" lon="12.0105944">
    <ele>2693</ele>
    <time>2026-10-02T13:49:00Z</time>
    <extensions>
     <gpxdata:hr>159</gpxdata:hr>
     <gpxdata:distance>2765.50</gpxdata:distance>
     <gpxdata:speed>0.831</gpxdata:speed>
    </extensions>
   </trkpt>
   <trkpt lat="46.5283426" lon="12.0106004">
    <ele>2693</ele>
    <time>2026-10-02T13:49:01Z</time>
    <extensions>
     <gpxdata:hr>159</gpxdata:hr>
     <gpxdata:distance>2767.00</gpxdata:distance>
     <gpxdata:speed>0.828</gpxdata:speed>
    </extensions>
   </trkpt>
   <trkpt lat="46.5283349" lon="12.0106059">
    <ele>2693</ele>
    <time>2026-10-02T13:49:02Z</time>
    <extensions>
     <gpxdata:hr>159</gpxdata:hr>
     <gpxdata:distance>2767.50</gpxdata:distance>
     <gpxdata:speed>0.828</gpxdata:speed>
    </extensions>
   </trkpt>
   <trkpt lat="46.5283273" lon="12.0106119">
    <ele>2694</ele>
    <time>2026-10-02T13:49:03Z</time>
    <extensions>
     <gpxdata:hr>159</gpxdata:hr>
     <gpxdata:distance>2768.00</gpxdata:distance>
     <gpxdata:speed>0.828</gpxdata:speed>
    </extensions>
   </trkpt>
   <trkpt lat="46.5283198" lon="12.0106186">
    <ele>2694</ele>
    <time>2026-10-02T13:49:04Z</time>
    <extensions>
     <gpxdata:hr>158</gpxdata:hr>
     <gpxdata:distance>2769.00</gpxdata:distance>
     <gpxdata:speed>0.828</gpxdata:speed>
    </extensions>
   </trkpt>
   <trkpt lat="46.5283123" lon="12.0106254">
    <ele>2694</ele>
    <time>2026-10-02T13:49:05Z</time>
    <extensions>
     <gpxdata:hr>157</gpxdata:hr>
     <gpxdata:distance>2770.00</gpxdata:distance>
     <gpxdata:speed>0.831</gpxdata:speed>
    </extensions>
   </trkpt>
   <trkpt lat="46.5283049" lon="12.0106321">
    <ele>2694</ele>
    <time>2026-10-02T13:49:06Z</time>
    <extensions>
     <gpxdata:hr>156</gpxdata:hr>
     <gpxdata:distance>2771.00</gpxdata:distance>
     <gpxdata:speed>0.831</gpxdata:speed>
    </extensions>
   </trkpt>
   <trkpt lat="46.5282979" lon="12.0106385">
    <ele>2695</ele>
    <time>2026-10-02T13:49:07Z</time>
    <extensions>
     <gpxdata:hr>156</gpxdata:hr>
     <gpxdata:distance>2772.00</gpxdata:distance>
     <gpxdata:speed>0.833</gpxdata:speed>
    </extensions>
   </trkpt>
   <trkpt lat="46.5282917" lon="12.0106444">
    <ele>2695</ele>
    <time>2026-10-02T13:49:08Z</time>
    <extensions>
     <gpxdata:hr>156</gpxdata:hr>
     <gpxdata:distance>2773.00</gpxdata:distance>
     <gpxdata:speed>0.833</gpxdata:speed>
    </extensions>
   </trkpt>
   <trkpt lat="46.5282856" lon="12.0106497">
    <ele>2695</ele>
    <time>2026-10-02T13:49:09Z</time>
    <extensions>
     <gpxdata:hr>156</gpxdata:hr>
     <gpxdata:distance>2774.00</gpxdata:distance>
     <gpxdata:speed>0.836</gpxdata:speed>
    </extensions>
   </trkpt>
   <trkpt lat="46.5282798" lon="12.0106540">
    <ele>2695</ele>
    <time>2026-10-02T13:49:10Z</time>
    <extensions>
     <gpxdata:hr>155</gpxdata:hr>
     <gpxdata:distance>2774.50</gpxdata:distance>
     <gpxdata:speed>0.836</gpxdata:speed>
    </extensions>
   </trkpt>
   <trkpt lat="46.5282746" lon="12.0106578">
    <ele>2695</ele>
    <time>2026-10-02T13:49:11Z</time>
    <extensions>
     <gpxdata:hr>155</gpxdata:hr>
     <gpxdata:distance>2775.00</gpxdata:distance>
     <gpxdata:speed>0.839</gpxdata:speed>
    </extensions>
   </trkpt>
   <trkpt lat="46.5282699" lon="12.0106624">
    <ele>2695</ele>
    <time>2026-10-02T13:49:12Z</time>
    <extensions>
     <gpxdata:hr>155</gpxdata:hr>
     <gpxdata:distance>2775.50</gpxdata:distance>
     <gpxdata:speed>0.839</gpxdata:speed>
    </extensions>
   </trkpt>
   <trkpt lat="46.5282651" lon="12.0106680">
    <ele>2695</ele>
    <time>2026-10-02T13:49:13Z</time>
    <extensions>
     <gpxdata:hr>154</gpxdata:hr>
     <gpxdata:distance>2776.00</gpxdata:distance>
     <gpxdata:speed>0.842</gpxdata:speed>
    </extensions>
   </trkpt>
   <trkpt lat="46.5282602" lon="12.0106739">
    <ele>2695</ele>
    <time>2026-10-02T13:49:14Z</time>
    <extensions>
     <gpxdata:hr>154</gpxdata:hr>
     <gpxdata:distance>2776.00</gpxdata:distance>
     <gpxdata:speed>0.839</gpxdata:speed>
    </extensions>
   </trkpt>
   <trkpt lat="46.5282550" lon="12.0106793">
    <ele>2696</ele>
    <time>2026-10-02T13:49:15Z</time>
    <extensions>
     <gpxdata:hr>154</gpxdata:hr>
     <gpxdata:distance>2776.00</gpxdata:distance>
     <gpxdata:speed>0.839</gpxdata:speed>
    </extensions>
   </trkpt>
   <trkpt lat="46.5282532" lon="12.0106797">
    <ele>2696</ele>
    <time>2026-10-02T13:49:16Z</time>
    <extensions>
     <gpxdata:hr>153</gpxdata:hr>
     <gpxdata:distance>2778.00</gpxdata:distance>
     <gpxdata:speed>0.836</gpxdata:speed>
    </extensions>
   </trkpt>
   <trkpt lat="46.5282515" lon="12.0106801">
    <ele>2696</ele>
    <time>2026-10-02T13:49:17Z</time>
    <extensions>
     <gpxdata:hr>153</gpxdata:hr>
     <gpxdata:distance>2780.00</gpxdata:distance>
     <gpxdata:speed>0.836</gpxdata:speed>
    </extensions>
   </trkpt>
   <trkpt lat="46.5282497" lon="12.0106804">
    <ele>2696</ele>
    <time>2026-10-02T13:49:18Z</time>
    <extensions>
     <gpxdata:hr>152</gpxdata:hr>
     <gpxdata:distance>2780.00</gpxdata:distance>
     <gpxdata:speed>0.417</gpxdata:speed>
    </extensions>
   </trkpt>
   <trkpt lat="46.5282480" lon="12.0106808">
    <ele>2696</ele>
    <time>2026-10-02T13:49:19Z</time>
    <extensions>
     <gpxdata:hr>151</gpxdata:hr>
     <gpxdata:distance>2780.00</gpxdata:distance>
    </extensions>
   </trkpt>
   <trkpt lat="46.5282426" lon="12.0106787">
    <ele>2696</ele>
    <time>2026-10-02T13:49:20Z</time>
    <extensions>
     <gpxdata:hr>151</gpxdata:hr>
     <gpxdata:distance>2780.00</gpxdata:distance>
     <gpxdata:speed>0.447</gpxdata:speed>
    </extensions>
   </trkpt>
   <trkpt lat="46.5282384" lon="12.0106741">
    <ele>2696</ele>
    <time>2026-10-02T13:49:21Z</time>
    <extensions>
     <gpxdata:hr>150</gpxdata:hr>
     <gpxdata:distance>2780.00</gpxdata:distance>
     <gpxdata:speed>0.894</gpxdata:speed>
    </extensions>
   </trkpt>
   <trkpt lat="46.5282354" lon="12.0106671">
    <ele>2696</ele>
    <time>2026-10-02T13:49:22Z</time>
    <extensions>
     <gpxdata:hr>149</gpxdata:hr>
     <gpxdata:distance>2781.50</gpxdata:distance>
     <gpxdata:speed>0.883</gpxdata:speed>
    </extensions>
   </trkpt>
   <trkpt lat="46.5282332" lon="12.0106579">
    <ele>2697</ele>
    <time>2026-10-02T13:49:23Z</time>
    <extensions>
     <gpxdata:hr>149</gpxdata:hr>
     <gpxdata:distance>2783.00</gpxdata:distance>
     <gpxdata:speed>0.872</gpxdata:speed>
    </extensions>
   </trkpt>
   <trkpt lat="46.5282313" lon="12.0106473">
    <ele>2697</ele>
    <time>2026-10-02T13:49:24Z</time>
    <extensions>
     <gpxdata:hr>149</gpxdata:hr>
     <gpxdata:distance>2783.50</gpxdata:distance>
     <gpxdata:speed>0.858</gpxdata:speed>
    </extensions>
   </trkpt>
   <trkpt lat="46.5282293" lon="12.0106359">
    <ele>2697</ele>
    <time>2026-10-02T13:49:25Z</time>
    <extensions>
     <gpxdata:hr>150</gpxdata:hr>
     <gpxdata:distance>2784.00</gpxdata:distance>
     <gpxdata:speed>0.844</gpxdata:speed>
    </extensions>
   </trkpt>
   <trkpt lat="46.5282277" lon="12.0106236">
    <ele>2697</ele>
    <time>2026-10-02T13:49:26Z</time>
    <extensions>
     <gpxdata:hr>150</gpxdata:hr>
     <gpxdata:distance>2785.00</gpxdata:distance>
     <gpxdata:speed>0.839</gpxdata:speed>
    </extensions>
   </trkpt>
   <trkpt lat="46.5282264" lon="12.0106111">
    <ele>2698</ele>
    <time>2026-10-02T13:49:27Z</time>
    <extensions>
     <gpxdata:hr>150</gpxdata:hr>
     <gpxdata:distance>2786.00</gpxdata:distance>
     <gpxdata:speed>0.836</gpxdata:speed>
    </extensions>
   </trkpt>
   <trkpt lat="46.5282256" lon="12.0105988">
    <ele>2698</ele>
    <time>2026-10-02T13:49:28Z</time>
    <extensions>
     <gpxdata:hr>150</gpxdata:hr>
     <gpxdata:distance>2787.00</gpxdata:distance>
     <gpxdata:speed>0.833</gpxdata:speed>
    </extensions>
   </trkpt>
   <trkpt lat="46.5282248" lon="12.0105866">
    <ele>2698</ele>
    <time>2026-10-02T13:49:29Z</time>
    <extensions>
     <gpxdata:hr>150</gpxdata:hr>
     <gpxdata:distance>2788.00</gpxdata:distance>
     <gpxdata:speed>0.831</gpxdata:speed>
    </extensions>
   </trkpt>
   <trkpt lat="46.5282241" lon="12.0105742">
    <ele>2698</ele>
    <time>2026-10-02T13:49:30Z</time>
    <extensions>
     <gpxdata:hr>149</gpxdata:hr>
     <gpxdata:distance>2789.00</gpxdata:distance>
     <gpxdata:speed>0.828</gpxdata:speed>
    </extensions>
   </trkpt>
   <trkpt lat="46.5282232" lon="12.0105614">
    <ele>2698</ele>
    <time>2026-10-02T13:49:31Z</time>
    <extensions>
     <gpxdata:hr>149</gpxdata:hr>
     <gpxdata:distance>2790.00</gpxdata:distance>
     <gpxdata:speed>0.825</gpxdata:speed>
    </extensions>
   </trkpt>
   <trkpt lat="46.5282222" lon="12.0105476">
    <ele>2698</ele>
    <time>2026-10-02T13:49:32Z</time>
    <extensions>
     <gpxdata:hr>149</gpxdata:hr>
     <gpxdata:distance>2791.00</gpxdata:distance>
     <gpxdata:speed>0.825</gpxdata:speed>
    </extensions>
   </trkpt>
   <trkpt lat="46.5282216" lon="12.0105333">
    <ele>2698</ele>
    <time>2026-10-02T13:49:33Z</time>
    <extensions>
     <gpxdata:hr>148</gpxdata:hr>
     <gpxdata:distance>2792.00</gpxdata:distance>
     <gpxdata:speed>0.825</gpxdata:speed>
    </extensions>
   </trkpt>
   <trkpt lat="46.5282213" lon="12.0105193">
    <ele>2698</ele>
    <time>2026-10-02T13:49:34Z</time>
    <extensions>
     <gpxdata:hr>148</gpxdata:hr>
     <gpxdata:distance>2793.00</gpxdata:distance>
     <gpxdata:speed>0.825</gpxdata:speed>
    </extensions>
   </trkpt>
   <trkpt lat="46.5282208" lon="12.0105056">
    <ele>2699</ele>
    <time>2026-10-02T13:49:35Z</time>
    <extensions>
     <gpxdata:hr>148</gpxdata:hr>
     <gpxdata:distance>2794.00</gpxdata:distance>
     <gpxdata:speed>0.828</gpxdata:speed>
    </extensions>
   </trkpt>
   <trkpt lat="46.5282195" lon="12.0104930">
    <ele>2699</ele>
    <time>2026-10-02T13:49:36Z</time>
    <extensions>
     <gpxdata:hr>148</gpxdata:hr>
     <gpxdata:distance>2795.00</gpxdata:distance>
     <gpxdata:speed>0.833</gpxdata:speed>
    </extensions>
   </trkpt>
   <trkpt lat="46.5282182" lon="12.0104895">
    <ele>2699</ele>
    <time>2026-10-02T13:49:37Z</time>
    <extensions>
     <gpxdata:hr>148</gpxdata:hr>
     <gpxdata:distance>2796.00</gpxdata:distance>
     <gpxdata:speed>0.839</gpxdata:speed>
    </extensions>
   </trkpt>
   <trkpt lat="46.5282169" lon="12.0104861">
    <ele>2699</ele>
    <time>2026-10-02T13:49:38Z</time>
    <extensions>
     <gpxdata:hr>148</gpxdata:hr>
     <gpxdata:distance>2796.00</gpxdata:distance>
     <gpxdata:speed>0.842</gpxdata:speed>
    </extensions>
   </trkpt>
   <trkpt lat="46.5282156" lon="12.0104826">
    <ele>2700</ele>
    <time>2026-10-02T13:49:39Z</time>
    <extensions>
     <gpxdata:hr>148</gpxdata:hr>
     <gpxdata:distance>2796.00</gpxdata:distance>
     <gpxdata:speed>0.844</gpxdata:speed>
    </extensions>
   </trkpt>
   <trkpt lat="46.5282115" lon="12.0104782">
    <ele>2700</ele>
    <time>2026-10-02T13:49:40Z</time>
    <extensions>
     <gpxdata:hr>147</gpxdata:hr>
     <gpxdata:distance>2796.00</gpxdata:distance>
     <gpxdata:speed>0.844</gpxdata:speed>
    </extensions>
   </trkpt>
   <trkpt lat="46.5282066" lon="12.0104779">
    <ele>2700</ele>
    <time>2026-10-02T13:49:41Z</time>
    <extensions>
     <gpxdata:hr>146</gpxdata:hr>
     <gpxdata:distance>2796.00</gpxdata:distance>
     <gpxdata:speed>0.844</gpxdata:speed>
    </extensions>
   </trkpt>
   <trkpt lat="46.5282007" lon="12.0104806">
    <ele>2700</ele>
    <time>2026-10-02T13:49:42Z</time>
    <extensions>
     <gpxdata:hr>146</gpxdata:hr>
     <gpxdata:distance>2797.50</gpxdata:distance>
     <gpxdata:speed>0.842</gpxdata:speed>
    </extensions>
   </trkpt>
   <trkpt lat="46.5281938" lon="12.0104854">
    <ele>2701</ele>
    <time>2026-10-02T13:49:43Z</time>
    <extensions>
     <gpxdata:hr>146</gpxdata:hr>
     <gpxdata:distance>2799.00</gpxdata:distance>
     <gpxdata:speed>0.839</gpxdata:speed>
    </extensions>
   </trkpt>
   <trkpt lat="46.5281866" lon="12.0104921">
    <ele>2701</ele>
    <time>2026-10-02T13:49:44Z</time>
    <extensions>
     <gpxdata:hr>146</gpxdata:hr>
     <gpxdata:distance>2800.00</gpxdata:distance>
     <gpxdata:speed>0.836</gpxdata:speed>
    </extensions>
   </trkpt>
   <trkpt lat="46.5281795" lon="12.0105000">
    <ele>2701</ele>
    <time>2026-10-02T13:49:45Z</time>
    <extensions>
     <gpxdata:hr>145</gpxdata:hr>
     <gpxdata:distance>2801.00</gpxdata:distance>
     <gpxdata:speed>0.836</gpxdata:speed>
    </extensions>
   </trkpt>
   <trkpt lat="46.5281724" lon="12.0105087">
    <ele>2701</ele>
    <time>2026-10-02T13:49:46Z</time>
    <extensions>
     <gpxdata:hr>145</gpxdata:hr>
     <gpxdata:distance>2802.00</gpxdata:distance>
     <gpxdata:speed>0.833</gpxdata:speed>
    </extensions>
   </trkpt>
   <trkpt lat="46.5281650" lon="12.0105174">
    <ele>2702</ele>
    <time>2026-10-02T13:49:47Z</time>
    <extensions>
     <gpxdata:hr>145</gpxdata:hr>
     <gpxdata:distance>2803.00</gpxdata:distance>
     <gpxdata:speed>0.833</gpxdata:speed>
    </extensions>
   </trkpt>
   <trkpt lat="46.5281575" lon="12.0105263">
    <ele>2702</ele>
    <time>2026-10-02T13:49:48Z</time>
    <extensions>
     <gpxdata:hr>145</gpxdata:hr>
     <gpxdata:distance>2804.00</gpxdata:distance>
     <gpxdata:speed>0.831</gpxdata:speed>
    </extensions>
   </trkpt>
   <trkpt lat="46.5281497" lon="12.0105355">
    <ele>2702</ele>
    <time>2026-10-02T13:49:49Z</time>
    <extensions>
     <gpxdata:hr>146</gpxdata:hr>
     <gpxdata:distance>2805.00</gpxdata:distance>
     <gpxdata:speed>0.831</gpxdata:speed>
    </extensions>
   </trkpt>
   <trkpt lat="46.5281412" lon="12.0105448">
    <ele>2702</ele>
    <time>2026-10-02T13:49:50Z</time>
    <extensions>
     <gpxdata:hr>146</gpxdata:hr>
     <gpxdata:distance>2806.50</gpxdata:distance>
     <gpxdata:speed>0.831</gpxdata:speed>
    </extensions>
   </trkpt>
   <trkpt lat="46.5281320" lon="12.0105543">
    <ele>2703</ele>
    <time>2026-10-02T13:49:51Z</time>
    <extensions>
     <gpxdata:hr>146</gpxdata:hr>
     <gpxdata:distance>2808.00</gpxdata:distance>
     <gpxdata:speed>0.833</gpxdata:speed>
    </extensions>
   </trkpt>
   <trkpt lat="46.5281222" lon="12.0105641">
    <ele>2703</ele>
    <time>2026-10-02T13:49:52Z</time>
    <extensions>
     <gpxdata:hr>146</gpxdata:hr>
     <gpxdata:distance>2809.50</gpxdata:distance>
     <gpxdata:speed>0.842</gpxdata:speed>
    </extensions>
   </trkpt>
   <trkpt lat="46.5281125" lon="12.0105743">
    <ele>2703</ele>
    <time>2026-10-02T13:49:53Z</time>
    <extensions>
     <gpxdata:hr>145</gpxdata:hr>
     <gpxdata:distance>2811.00</gpxdata:distance>
     <gpxdata:speed>0.850</gpxdata:speed>
    </extensions>
   </trkpt>
   <trkpt lat="46.5281033" lon="12.0105845">
    <ele>2703</ele>
    <time>2026-10-02T13:49:54Z</time>
    <extensions>
     <gpxdata:hr>146</gpxdata:hr>
     <gpxdata:distance>2812.00</gpxdata:distance>
     <gpxdata:speed>0.867</gpxdata:speed>
    </extensions>
   </trkpt>
   <trkpt lat="46.5280949" lon="12.0105943">
    <ele>2704</ele>
    <time>2026-10-02T13:49:55Z</time>
    <extensions>
     <gpxdata:hr>146</gpxdata:hr>
     <gpxdata:distance>2813.00</gpxdata:distance>
     <gpxdata:speed>0.886</gpxdata:speed>
    </extensions>
   </trkpt>
   <trkpt lat="46.5280866" lon="12.0106042">
    <ele>2704</ele>
    <time>2026-10-02T13:49:56Z</time>
    <extensions>
     <gpxdata:hr>146</gpxdata:hr>
     <gpxdata:distance>2814.00</gpxdata:distance>
     <gpxdata:speed>0.906</gpxdata:speed>
    </extensions>
   </trkpt>
   <trkpt lat="46.5280783" lon="12.0106136">
    <ele>2704</ele>
    <time>2026-10-02T13:49:57Z</time>
    <extensions>
     <gpxdata:hr>146</gpxdata:hr>
     <gpxdata:distance>2815.00</gpxdata:distance>
     <gpxdata:speed>0.925</gpxdata:speed>
    </extensions>
   </trkpt>
   <trkpt lat="46.5280697" lon="12.0106225">
    <ele>2704</ele>
    <time>2026-10-02T13:49:58Z</time>
    <extensions>
     <gpxdata:hr>146</gpxdata:hr>
     <gpxdata:distance>2816.00</gpxdata:distance>
     <gpxdata:speed>0.936</gpxdata:speed>
    </extensions>
   </trkpt>
   <trkpt lat="46.5280611" lon="12.0106308">
    <ele>2705</ele>
    <time>2026-10-02T13:49:59Z</time>
    <extensions>
     <gpxdata:hr>146</gpxdata:hr>
     <gpxdata:distance>2817.00</gpxdata:distance>
     <gpxdata:speed>0.950</gpxdata:speed>
    </extensions>
   </trkpt>
   <trkpt lat="46.5280528" lon="12.0106383">
    <ele>2705</ele>
    <time>2026-10-02T13:50:00Z</time>
    <extensions>
     <gpxdata:hr>146</gpxdata:hr>
     <gpxdata:distance>2818.00</gpxdata:distance>
     <gpxdata:speed>0.956</gpxdata:speed>
    </extensions>
   </trkpt>
   <trkpt lat="46.5280449" lon="12.0106447">
    <ele>2705</ele>
    <time>2026-10-02T13:50:01Z</time>
    <extensions>
     <gpxdata:hr>146</gpxdata:hr>
     <gpxdata:distance>2819.00</gpxdata:distance>
     <gpxdata:speed>0.964</gpxdata:speed>
    </extensions>
   </trkpt>
   <trkpt lat="46.5280374" lon="12.0106483">
    <ele>2705</ele>
    <time>2026-10-02T13:50:02Z</time>
    <extensions>
     <gpxdata:hr>146</gpxdata:hr>
     <gpxdata:distance>2820.00</gpxdata:distance>
     <gpxdata:speed>0.967</gpxdata:speed>
    </extensions>
   </trkpt>
   <trkpt lat="46.5280308" lon="12.0106487">
    <ele>2705</ele>
    <time>2026-10-02T13:50:03Z</time>
    <extensions>
     <gpxdata:hr>146</gpxdata:hr>
     <gpxdata:distance>2821.00</gpxdata:distance>
     <gpxdata:speed>0.972</gpxdata:speed>
    </extensions>
   </trkpt>
   <trkpt lat="46.5280248" lon="12.0106439">
    <ele>2705</ele>
    <time>2026-10-02T13:50:04Z</time>
    <extensions>
     <gpxdata:hr>146</gpxdata:hr>
     <gpxdata:distance>2821.00</gpxdata:distance>
     <gpxdata:speed>0.983</gpxdata:speed>
    </extensions>
   </trkpt>
   <trkpt lat="46.5280208" lon="12.0106364">
    <ele>2705</ele>
    <time>2026-10-02T13:50:05Z</time>
    <extensions>
     <gpxdata:hr>146</gpxdata:hr>
     <gpxdata:distance>2821.00</gpxdata:distance>
     <gpxdata:speed>0.994</gpxdata:speed>
    </extensions>
   </trkpt>
   <trkpt lat="46.5280180" lon="12.0106265">
    <ele>2705</ele>
    <time>2026-10-02T13:50:06Z</time>
    <extensions>
     <gpxdata:hr>146</gpxdata:hr>
     <gpxdata:distance>2822.00</gpxdata:distance>
     <gpxdata:speed>1.000</gpxdata:speed>
    </extensions>
   </trkpt>
   <trkpt lat="46.5280162" lon="12.0106151">
    <ele>2706</ele>
    <time>2026-10-02T13:50:07Z</time>
    <extensions>
     <gpxdata:hr>146</gpxdata:hr>
     <gpxdata:distance>2823.00</gpxdata:distance>
     <gpxdata:speed>1.006</gpxdata:speed>
    </extensions>
   </trkpt>
   <trkpt lat="46.5280153" lon="12.0106025">
    <ele>2706</ele>
    <time>2026-10-02T13:50:08Z</time>
    <extensions>
     <gpxdata:hr>146</gpxdata:hr>
     <gpxdata:distance>2824.00</gpxdata:distance>
     <gpxdata:speed>0.997</gpxdata:speed>
    </extensions>
   </trkpt>
   <trkpt lat="46.5280151" lon="12.0105886">
    <ele>2706</ele>
    <time>2026-10-02T13:50:09Z</time>
    <extensions>
     <gpxdata:hr>146</gpxdata:hr>
     <gpxdata:distance>2825.00</gpxdata:distance>
     <gpxdata:speed>0.989</gpxdata:speed>
    </extensions>
   </trkpt>
   <trkpt lat="46.5280149" lon="12.0105735">
    <ele>2706</ele>
    <time>2026-10-02T13:50:10Z</time>
    <extensions>
     <gpxdata:hr>147</gpxdata:hr>
     <gpxdata:distance>2826.50</gpxdata:distance>
     <gpxdata:speed>0.986</gpxdata:speed>
    </extensions>
   </trkpt>
   <trkpt lat="46.5280147" lon="12.0105577">
    <ele>2707</ele>
    <time>2026-10-02T13:50:11Z</time>
    <extensions>
     <gpxdata:hr>147</gpxdata:hr>
     <gpxdata:distance>2828.00</gpxdata:distance>
     <gpxdata:speed>0.983</gpxdata:speed>
    </extensions>
   </trkpt>
   <trkpt lat="46.5280144" lon="12.0105415">
    <ele>2707</ele>
    <time>2026-10-02T13:50:12Z</time>
    <extensions>
     <gpxdata:hr>149</gpxdata:hr>
     <gpxdata:distance>2829.00</gpxdata:distance>
     <gpxdata:speed>0.981</gpxdata:speed>
    </extensions>
   </trkpt>
   <trkpt lat="46.5280139" lon="12.0105250">
    <ele>2707</ele>
    <time>2026-10-02T13:50:13Z</time>
    <extensions>
     <gpxdata:hr>151</gpxdata:hr>
     <gpxdata:distance>2830.00</gpxdata:distance>
     <gpxdata:speed>0.981</gpxdata:speed>
    </extensions>
   </trkpt>
   <trkpt lat="46.5280130" lon="12.0105084">
    <ele>2707</ele>
    <time>2026-10-02T13:50:14Z</time>
    <extensions>
     <gpxdata:hr>152</gpxdata:hr>
     <gpxdata:distance>2831.50</gpxdata:distance>
     <gpxdata:speed>0.986</gpxdata:speed>
    </extensions>
   </trkpt>
   <trkpt lat="46.5280118" lon="12.0104921">
    <ele>2708</ele>
    <time>2026-10-02T13:50:15Z</time>
    <extensions>
     <gpxdata:hr>153</gpxdata:hr>
     <gpxdata:distance>2833.00</gpxdata:distance>
     <gpxdata:speed>0.992</gpxdata:speed>
    </extensions>
   </trkpt>
   <trkpt lat="46.5280109" lon="12.0104765">
    <ele>2708</ele>
    <time>2026-10-02T13:50:16Z</time>
    <extensions>
     <gpxdata:hr>154</gpxdata:hr>
     <gpxdata:distance>2834.00</gpxdata:distance>
     <gpxdata:speed>1.000</gpxdata:speed>
    </extensions>
   </trkpt>
   <trkpt lat="46.5280104" lon="12.0104622">
    <ele>2708</ele>
    <time>2026-10-02T13:50:17Z</time>
    <extensions>
     <gpxdata:hr>155</gpxdata:hr>
     <gpxdata:distance>2835.00</gpxdata:distance>
     <gpxdata:speed>1.008</gpxdata:speed>
    </extensions>
   </trkpt>
   <trkpt lat="46.5280100" lon="12.0104493">
    <ele>2708</ele>
    <time>2026-10-02T13:50:18Z</time>
    <extensions>
     <gpxdata:hr>155</gpxdata:hr>
     <gpxdata:distance>2836.00</gpxdata:distance>
     <gpxdata:speed>1.017</gpxdata:speed>
    </extensions>
   </trkpt>
   <trkpt lat="46.5280095" lon="12.0104375">
    <ele>2709</ele>
    <time>2026-10-02T13:50:19Z</time>
    <extensions>
     <gpxdata:hr>156</gpxdata:hr>
     <gpxdata:distance>2837.00</gpxdata:distance>
     <gpxdata:speed>1.025</gpxdata:speed>
    </extensions>
   </trkpt>
   <trkpt lat="46.5280092" lon="12.0104254">
    <ele>2709</ele>
    <time>2026-10-02T13:50:20Z</time>
    <extensions>
     <gpxdata:hr>157</gpxdata:hr>
     <gpxdata:distance>2837.50</gpxdata:distance>
     <gpxdata:speed>1.028</gpxdata:speed>
    </extensions>
   </trkpt>
   <trkpt lat="46.5280091" lon="12.0104127">
    <ele>2709</ele>
    <time>2026-10-02T13:50:21Z</time>
    <extensions>
     <gpxdata:hr>157</gpxdata:hr>
     <gpxdata:distance>2838.00</gpxdata:distance>
     <gpxdata:speed>1.031</gpxdata:speed>
    </extensions>
   </trkpt>
   <trkpt lat="46.5280094" lon="12.0103994">
    <ele>2709</ele>
    <time>2026-10-02T13:50:22Z</time>
    <extensions>
     <gpxdata:hr>158</gpxdata:hr>
     <gpxdata:distance>2839.50</gpxdata:distance>
     <gpxdata:speed>1.028</gpxdata:speed>
    </extensions>
   </trkpt>
   <trkpt lat="46.5280102" lon="12.0103861">
    <ele>2709</ele>
    <time>2026-10-02T13:50:23Z</time>
    <extensions>
     <gpxdata:hr>159</gpxdata:hr>
     <gpxdata:distance>2841.00</gpxdata:distance>
     <gpxdata:speed>1.028</gpxdata:speed>
    </extensions>
   </trkpt>
   <trkpt lat="46.5280114" lon="12.0103728">
    <ele>2709</ele>
    <time>2026-10-02T13:50:24Z</time>
    <extensions>
     <gpxdata:hr>159</gpxdata:hr>
     <gpxdata:distance>2842.00</gpxdata:distance>
     <gpxdata:speed>1.028</gpxdata:speed>
    </extensions>
   </trkpt>
   <trkpt lat="46.5280127" lon="12.0103593">
    <ele>2709</ele>
    <time>2026-10-02T13:50:25Z</time>
    <extensions>
     <gpxdata:hr>160</gpxdata:hr>
     <gpxdata:distance>2843.00</gpxdata:distance>
     <gpxdata:speed>1.028</gpxdata:speed>
    </extensions>
   </trkpt>
   <trkpt lat="46.5280135" lon="12.0103457">
    <ele>2709</ele>
    <time>2026-10-02T13:50:26Z</time>
    <extensions>
     <gpxdata:hr>160</gpxdata:hr>
     <gpxdata:distance>2844.00</gpxdata:distance>
     <gpxdata:speed>1.028</gpxdata:speed>
    </extensions>
   </trkpt>
   <trkpt lat="46.5280136" lon="12.0103327">
    <ele>2710</ele>
    <time>2026-10-02T13:50:27Z</time>
    <extensions>
     <gpxdata:hr>160</gpxdata:hr>
     <gpxdata:distance>2845.00</gpxdata:distance>
     <gpxdata:speed>1.028</gpxdata:speed>
    </extensions>
   </trkpt>
   <trkpt lat="46.5280136" lon="12.0103201">
    <ele>2710</ele>
    <time>2026-10-02T13:50:28Z</time>
    <extensions>
     <gpxdata:hr>160</gpxdata:hr>
     <gpxdata:distance>2846.00</gpxdata:distance>
     <gpxdata:speed>1.025</gpxdata:speed>
    </extensions>
   </trkpt>
   <trkpt lat="46.5280137" lon="12.0103082">
    <ele>2710</ele>
    <time>2026-10-02T13:50:29Z</time>
    <extensions>
     <gpxdata:hr>159</gpxdata:hr>
     <gpxdata:distance>2847.00</gpxdata:distance>
     <gpxdata:speed>1.025</gpxdata:speed>
    </extensions>
   </trkpt>
   <trkpt lat="46.5280130" lon="12.0102985">
    <ele>2710</ele>
    <time>2026-10-02T13:50:30Z</time>
    <extensions>
     <gpxdata:hr>159</gpxdata:hr>
     <gpxdata:distance>2847.50</gpxdata:distance>
     <gpxdata:speed>1.025</gpxdata:speed>
    </extensions>
   </trkpt>
   <trkpt lat="46.5280109" lon="12.0102928">
    <ele>2710</ele>
    <time>2026-10-02T13:50:31Z</time>
    <extensions>
     <gpxdata:hr>159</gpxdata:hr>
     <gpxdata:distance>2848.00</gpxdata:distance>
     <gpxdata:speed>1.025</gpxdata:speed>
    </extensions>
   </trkpt>
   <trkpt lat="46.5280073" lon="12.0102920">
    <ele>2710</ele>
    <time>2026-10-02T13:50:32Z</time>
    <extensions>
     <gpxdata:hr>159</gpxdata:hr>
     <gpxdata:distance>2848.00</gpxdata:distance>
     <gpxdata:speed>1.022</gpxdata:speed>
    </extensions>
   </trkpt>
   <trkpt lat="46.5280018" lon="12.0102955">
    <ele>2710</ele>
    <time>2026-10-02T13:50:33Z</time>
    <extensions>
     <gpxdata:hr>159</gpxdata:hr>
     <gpxdata:distance>2848.00</gpxdata:distance>
     <gpxdata:speed>1.019</gpxdata:speed>
    </extensions>
   </trkpt>
   <trkpt lat="46.5279948" lon="12.0103020">
    <ele>2710</ele>
    <time>2026-10-02T13:50:34Z</time>
    <extensions>
     <gpxdata:hr>159</gpxdata:hr>
     <gpxdata:distance>2849.50</gpxdata:distance>
     <gpxdata:speed>1.017</gpxdata:speed>
    </extensions>
   </trkpt>
   <trkpt lat="46.5279874" lon="12.0103105">
    <ele>2711</ele>
    <time>2026-10-02T13:50:35Z</time>
    <extensions>
     <gpxdata:hr>160</gpxdata:hr>
     <gpxdata:distance>2851.00</gpxdata:distance>
     <gpxdata:speed>1.014</gpxdata:speed>
    </extensions>
   </trkpt>
   <trkpt lat="46.5279801" lon="12.0103199">
    <ele>2711</ele>
    <time>2026-10-02T13:50:36Z</time>
    <extensions>
     <gpxdata:hr>160</gpxdata:hr>
     <gpxdata:distance>2852.50</gpxdata:distance>
     <gpxdata:speed>1.011</gpxdata:speed>
    </extensions>
   </trkpt>
   <trkpt lat="46.5279728" lon="12.0103298">
    <ele>2711</ele>
    <time>2026-10-02T13:50:37Z</time>
    <extensions>
     <gpxdata:hr>160</gpxdata:hr>
     <gpxdata:distance>2854.00</gpxdata:distance>
     <gpxdata:speed>1.008</gpxdata:speed>
    </extensions>
   </trkpt>
   <trkpt lat="46.5279651" lon="12.0103397">
    <ele>2711</ele>
    <time>2026-10-02T13:50:38Z</time>
    <extensions>
     <gpxdata:hr>160</gpxdata:hr>
     <gpxdata:distance>2855.00</gpxdata:distance>
     <gpxdata:speed>1.006</gpxdata:speed>
    </extensions>
   </trkpt>
   <trkpt lat="46.5279569" lon="12.0103494">
    <ele>2711</ele>
    <time>2026-10-02T13:50:39Z</time>
    <extensions>
     <gpxdata:hr>160</gpxdata:hr>
     <gpxdata:distance>2856.00</gpxdata:distance>
     <gpxdata:speed>1.006</gpxdata:speed>
    </extensions>
   </trkpt>
   <trkpt lat="46.5279485" lon="12.0103590">
    <ele>2711</ele>
    <time>2026-10-02T13:50:40Z</time>
    <extensions>
     <gpxdata:hr>160</gpxdata:hr>
     <gpxdata:distance>2857.00</gpxdata:distance>
     <gpxdata:speed>1.006</gpxdata:speed>
    </extensions>
   </trkpt>
   <trkpt lat="46.5279399" lon="12.0103693">
    <ele>2711</ele>
    <time>2026-10-02T13:50:41Z</time>
    <extensions>
     <gpxdata:hr>160</gpxdata:hr>
     <gpxdata:distance>2858.00</gpxdata:distance>
     <gpxdata:speed>1.006</gpxdata:speed>
    </extensions>
   </trkpt>
   <trkpt lat="46.5279313" lon="12.0103804">
    <ele>2711</ele>
    <time>2026-10-02T13:50:42Z</time>
    <extensions>
     <gpxdata:hr>160</gpxdata:hr>
     <gpxdata:distance>2859.00</gpxdata:distance>
     <gpxdata:speed>1.006</gpxdata:speed>
    </extensions>
   </trkpt>
   <trkpt lat="46.5279226" lon="12.0103924">
    <ele>2712</ele>
    <time>2026-10-02T13:50:43Z</time>
    <extensions>
     <gpxdata:hr>159</gpxdata:hr>
     <gpxdata:distance>2860.00</gpxdata:distance>
     <gpxdata:speed>1.008</gpxdata:speed>
    </extensions>
   </trkpt>
   <trkpt lat="46.5279137" lon="12.0104046">
    <ele>2712</ele>
    <time>2026-10-02T13:50:44Z</time>
    <extensions>
     <gpxdata:hr>159</gpxdata:hr>
     <gpxdata:distance>2861.50</gpxdata:distance>
     <gpxdata:speed>1.011</gpxdata:speed>
    </extensions>
   </trkpt>
   <trkpt lat="46.5279051" lon="12.0104168">
    <ele>2712</ele>
    <time>2026-10-02T13:50:45Z</time>
    <extensions>
     <gpxdata:hr>159</gpxdata:hr>
     <gpxdata:distance>2863.00</gpxdata:distance>
     <gpxdata:speed>1.014</gpxdata:speed>
    </extensions>
   </trkpt>
   <trkpt lat="46.5278968" lon="12.0104291">
    <ele>2712</ele>
    <time>2026-10-02T13:50:46Z</time>
    <extensions>
     <gpxdata:hr>159</gpxdata:hr>
     <gpxdata:distance>2864.50</gpxdata:distance>
     <gpxdata:speed>1.017</gpxdata:speed>
    </extensions>
   </trkpt>
   <trkpt lat="46.5278886" lon="12.0104414">
    <ele>2713</ele>
    <time>2026-10-02T13:50:47Z</time>
    <extensions>
     <gpxdata:hr>159</gpxdata:hr>
     <gpxdata:distance>2866.00</gpxdata:distance>
     <gpxdata:speed>1.019</gpxdata:speed>
    </extensions>
   </trkpt>
   <trkpt lat="46.5278802" lon="12.0104534">
    <ele>2713</ele>
    <time>2026-10-02T13:50:48Z</time>
    <extensions>
     <gpxdata:hr>159</gpxdata:hr>
     <gpxdata:distance>2867.00</gpxdata:distance>
     <gpxdata:speed>1.022</gpxdata:speed>
    </extensions>
   </trkpt>
   <trkpt lat="46.5278717" lon="12.0104653">
    <ele>2713</ele>
    <time>2026-10-02T13:50:49Z</time>
    <extensions>
     <gpxdata:hr>159</gpxdata:hr>
     <gpxdata:distance>2868.00</gpxdata:distance>
     <gpxdata:speed>1.028</gpxdata:speed>
    </extensions>
   </trkpt>
   <trkpt lat="46.5278630" lon="12.0104773">
    <ele>2713</ele>
    <time>2026-10-02T13:50:50Z</time>
    <extensions>
     <gpxdata:hr>159</gpxdata:hr>
     <gpxdata:distance>2869.50</gpxdata:distance>
     <gpxdata:speed>1.031</gpxdata:speed>
    </extensions>
   </trkpt>
   <trkpt lat="46.5278539" lon="12.0104897">
    <ele>2714</ele>
    <time>2026-10-02T13:50:51Z</time>
    <extensions>
     <gpxdata:hr>159</gpxdata:hr>
     <gpxdata:distance>2871.00</gpxdata:distance>
     <gpxdata:speed>1.033</gpxdata:speed>
    </extensions>
   </trkpt>
   <trkpt lat="46.5278446" lon="12.0105025">
    <ele>2714</ele>
    <time>2026-10-02T13:50:52Z</time>
    <extensions>
     <gpxdata:hr>159</gpxdata:hr>
     <gpxdata:distance>2872.50</gpxdata:distance>
     <gpxdata:speed>1.056</gpxdata:speed>
    </extensions>
   </trkpt>
   <trkpt lat="46.5278350" lon="12.0105160">
    <ele>2714</ele>
    <time>2026-10-02T13:50:53Z</time>
    <extensions>
     <gpxdata:hr>159</gpxdata:hr>
     <gpxdata:distance>2874.00</gpxdata:distance>
     <gpxdata:speed>1.078</gpxdata:speed>
    </extensions>
   </trkpt>
   <trkpt lat="46.5278245" lon="12.0105297">
    <ele>2714</ele>
    <time>2026-10-02T13:50:54Z</time>
    <extensions>
     <gpxdata:hr>158</gpxdata:hr>
     <gpxdata:distance>2875.50</gpxdata:distance>
     <gpxdata:speed>1.106</gpxdata:speed>
    </extensions>
   </trkpt>
   <trkpt lat="46.5278129" lon="12.0105426">
    <ele>2714</ele>
    <time>2026-10-02T13:50:55Z</time>
    <extensions>
     <gpxdata:hr>158</gpxdata:hr>
     <gpxdata:distance>2877.00</gpxdata:distance>
     <gpxdata:speed>1.136</gpxdata:speed>
    </extensions>
   </trkpt>
   <trkpt lat="46.5278010" lon="12.0105542">
    <ele>2714</ele>
    <time>2026-10-02T13:50:56Z</time>
    <extensions>
     <gpxdata:hr>157</gpxdata:hr>
     <gpxdata:distance>2879.00</gpxdata:distance>
     <gpxdata:speed>1.169</gpxdata:speed>
    </extensions>
   </trkpt>
   <trkpt lat="46.5277896" lon="12.0105648">
    <ele>2714</ele>
    <time>2026-10-02T13:50:57Z</time>
    <extensions>
     <gpxdata:hr>157</gpxdata:hr>
     <gpxdata:distance>2881.00</gpxdata:distance>
     <gpxdata:speed>1.206</gpxdata:speed>
    </extensions>
   </trkpt>
   <trkpt lat="46.5277790" lon="12.0105744">
    <ele>2714</ele>
    <time>2026-10-02T13:50:58Z</time>
    <extensions>
     <gpxdata:hr>156</gpxdata:hr>
     <gpxdata:distance>2882.00</gpxdata:distance>
     <gpxdata:speed>1.233</gpxdata:speed>
    </extensions>
   </trkpt>
   <trkpt lat="46.5277695" lon="12.0105825">
    <ele>2715</ele>
    <time>2026-10-02T13:50:59Z</time>
    <extensions>
     <gpxdata:hr>156</gpxdata:hr>
     <gpxdata:distance>2883.00</gpxdata:distance>
     <gpxdata:speed>1.261</gpxdata:speed>
    </extensions>
   </trkpt>
   <trkpt lat="46.5277614" lon="12.0105892">
    <ele>2715</ele>
    <time>2026-10-02T13:51:00Z</time>
    <extensions>
     <gpxdata:hr>156</gpxdata:hr>
     <gpxdata:distance>2884.00</gpxdata:distance>
     <gpxdata:speed>1.275</gpxdata:speed>
    </extensions>
   </trkpt>
  </trkseg>
  <trkseg>
   <trkpt lat="46.5277514" lon="12.0105957">
    <ele>2716</ele>
    <time>2026-10-02T13:51:06Z</time>
    <extensions>
     <gpxdata:hr>164</gpxdata:hr>
     <gpxdata:distance>2886.00</gpxdata:distance>
    </extensions>
   </trkpt>
   <trkpt lat="46.5277455" lon="12.0105980">
    <ele>2717</ele>
    <time>2026-10-02T13:51:07Z</time>
    <extensions>
     <gpxdata:hr>165</gpxdata:hr>
     <gpxdata:distance>2886.00</gpxdata:distance>
    </extensions>
   </trkpt>
   <trkpt lat="46.5277426" lon="12.0105975">
    <ele>2717</ele>
    <time>2026-10-02T13:51:08Z</time>
    <extensions>
     <gpxdata:hr>166</gpxdata:hr>
     <gpxdata:distance>2886.00</gpxdata:distance>
     <gpxdata:speed>0.628</gpxdata:speed>
    </extensions>
   </trkpt>
   <trkpt lat="46.5277421" lon="12.0105939">
    <ele>2717</ele>
    <time>2026-10-02T13:51:09Z</time>
    <extensions>
     <gpxdata:hr>167</gpxdata:hr>
     <gpxdata:distance>2886.00</gpxdata:distance>
     <gpxdata:speed>1.256</gpxdata:speed>
    </extensions>
   </trkpt>
   <trkpt lat="46.5277436" lon="12.0105875">
    <ele>2717</ele>
    <time>2026-10-02T13:51:10Z</time>
    <extensions>
     <gpxdata:hr>167</gpxdata:hr>
     <gpxdata:distance>2887.50</gpxdata:distance>
     <gpxdata:speed>0.992</gpxdata:speed>
    </extensions>
   </trkpt>
   <trkpt lat="46.5277460" lon="12.0105793">
    <ele>2717</ele>
    <time>2026-10-02T13:51:11Z</time>
    <extensions>
     <gpxdata:hr>167</gpxdata:hr>
     <gpxdata:distance>2889.00</gpxdata:distance>
     <gpxdata:speed>0.731</gpxdata:speed>
    </extensions>
   </trkpt>
   <trkpt lat="46.5277481" lon="12.0105710">
    <ele>2717</ele>
    <time>2026-10-02T13:51:12Z</time>
    <extensions>
     <gpxdata:hr>167</gpxdata:hr>
     <gpxdata:distance>2889.50</gpxdata:distance>
     <gpxdata:speed>0.733</gpxdata:speed>
    </extensions>
   </trkpt>
   <trkpt lat="46.5277505" lon="12.0105614">
    <ele>2717</ele>
    <time>2026-10-02T13:51:13Z</time>
    <extensions>
     <gpxdata:hr>168</gpxdata:hr>
     <gpxdata:distance>2890.00</gpxdata:distance>
     <gpxdata:speed>0.736</gpxdata:speed>
    </extensions>
   </trkpt>
   <trkpt lat="46.5277533" lon="12.0105506">
    <ele>2717</ele>
    <time>2026-10-02T13:51:14Z</time>
    <extensions>
     <gpxdata:hr>168</gpxdata:hr>
     <gpxdata:distance>2890.00</gpxdata:distance>
     <gpxdata:speed>0.733</gpxdata:speed>
    </extensions>
   </trkpt>
   <trkpt lat="46.5277558" lon="12.0105384">
    <ele>2718</ele>
    <time>2026-10-02T13:51:15Z</time>
    <extensions>
     <gpxdata:hr>168</gpxdata:hr>
     <gpxdata:distance>2890.00</gpxdata:distance>
     <gpxdata:speed>0.733</gpxdata:speed>
    </extensions>
   </trkpt>
   <trkpt lat="46.5277578" lon="12.0105248">
    <ele>2718</ele>
    <time>2026-10-02T13:51:16Z</time>
    <extensions>
     <gpxdata:hr>167</gpxdata:hr>
     <gpxdata:distance>2892.50</gpxdata:distance>
     <gpxdata:speed>0.794</gpxdata:speed>
    </extensions>
   </trkpt>
   <trkpt lat="46.5277597" lon="12.0105105">
    <ele>2718</ele>
    <time>2026-10-02T13:51:17Z</time>
    <extensions>
     <gpxdata:hr>167</gpxdata:hr>
     <gpxdata:distance>2895.00</gpxdata:distance>
     <gpxdata:speed>0.856</gpxdata:speed>
    </extensions>
   </trkpt>
   <trkpt lat="46.5277615" lon="12.0104959">
    <ele>2718</ele>
    <time>2026-10-02T13:51:18Z</time>
    <extensions>
     <gpxdata:hr>166</gpxdata:hr>
     <gpxdata:distance>2896.00</gpxdata:distance>
     <gpxdata:speed>0.875</gpxdata:speed>
    </extensions>
   </trkpt>
   <trkpt lat="46.5277632" lon="12.0104810">
    <ele>2718</ele>
    <time>2026-10-02T13:51:19Z</time>
    <extensions>
     <gpxdata:hr>166</gpxdata:hr>
     <gpxdata:distance>2897.00</gpxdata:distance>
     <gpxdata:speed>0.897</gpxdata:speed>
    </extensions>
   </trkpt>
   <trkpt lat="46.5277649" lon="12.0104655">
    <ele>2718</ele>
    <time>2026-10-02T13:51:20Z</time>
    <extensions>
     <gpxdata:hr>166</gpxdata:hr>
     <gpxdata:distance>2898.00</gpxdata:distance>
     <gpxdata:speed>0.908</gpxdata:speed>
    </extensions>
   </trkpt>
   <trkpt lat="46.5277668" lon="12.0104499">
    <ele>2718</ele>
    <time>2026-10-02T13:51:21Z</time>
    <extensions>
     <gpxdata:hr>165</gpxdata:hr>
     <gpxdata:distance>2899.00</gpxdata:distance>
     <gpxdata:speed>0.919</gpxdata:speed>
    </extensions>
   </trkpt>
   <trkpt lat="46.5277690" lon="12.0104343">
    <ele>2718</ele>
    <time>2026-10-02T13:51:22Z</time>
    <extensions>
     <gpxdata:hr>165</gpxdata:hr>
     <gpxdata:distance>2900.50</gpxdata:distance>
     <gpxdata:speed>0.936</gpxdata:speed>
    </extensions>
   </trkpt>
   <trkpt lat="46.5277715" lon="12.0104188">
    <ele>2718</ele>
    <time>2026-10-02T13:51:23Z</time>
    <extensions>
     <gpxdata:hr>165</gpxdata:hr>
     <gpxdata:distance>2902.00</gpxdata:distance>
     <gpxdata:speed>0.956</gpxdata:speed>
    </extensions>
   </trkpt>
   <trkpt lat="46.5277744" lon="12.0104037">
    <ele>2718</ele>
    <time>2026-10-02T13:51:24Z</time>
    <extensions>
     <gpxdata:hr>164</gpxdata:hr>
     <gpxdata:distance>2903.00</gpxdata:distance>
     <gpxdata:speed>0.972</gpxdata:speed>
    </extensions>
   </trkpt>
   <trkpt lat="46.5277775" lon="12.0103892">
    <ele>2718</ele>
    <time>2026-10-02T13:51:25Z</time>
    <extensions>
     <gpxdata:hr>164</gpxdata:hr>
     <gpxdata:distance>2904.00</gpxdata:distance>
     <gpxdata:speed>0.992</gpxdata:speed>
    </extensions>
   </trkpt>
   <trkpt lat="46.5277804" lon="12.0103747">
    <ele>2718</ele>
    <time>2026-10-02T13:51:26Z</time>
    <extensions>
     <gpxdata:hr>164</gpxdata:hr>
     <gpxdata:distance>2905.00</gpxdata:distance>
     <gpxdata:speed>1.003</gpxdata:speed>
    </extensions>
   </trkpt>
   <trkpt lat="46.5277835" lon="12.0103597">
    <ele>2719</ele>
    <time>2026-10-02T13:51:27Z</time>
    <extensions>
     <gpxdata:hr>164</gpxdata:hr>
     <gpxdata:distance>2906.00</gpxdata:distance>
     <gpxdata:speed>1.014</gpxdata:speed>
    </extensions>
   </trkpt>
   <trkpt lat="46.5277869" lon="12.0103446">
    <ele>2719</ele>
    <time>2026-10-02T13:51:28Z</time>
    <extensions>
     <gpxdata:hr>164</gpxdata:hr>
     <gpxdata:distance>2907.50</gpxdata:distance>
     <gpxdata:speed>1.022</gpxdata:speed>
    </extensions>
   </trkpt>
   <trkpt lat="46.5277903" lon="12.0103298">
    <ele>2719</ele>
    <time>2026-10-02T13:51:29Z</time>
    <extensions>
     <gpxdata:hr>163</gpxdata:hr>
     <gpxdata:distance>2909.00</gpxdata:distance>
     <gpxdata:speed>1.031</gpxdata:speed>
    </extensions>
   </trkpt>
   <trkpt lat="46.5277935" lon="12.0103151">
    <ele>2719</ele>
    <time>2026-10-02T13:51:30Z</time>
    <extensions>
     <gpxdata:hr>163</gpxdata:hr>
     <gpxdata:distance>2910.00</gpxdata:distance>
     <gpxdata:speed>1.039</gpxdata:speed>
    </extensions>
   </trkpt>
   <trkpt lat="46.5277966" lon="12.0103003">
    <ele>2720</ele>
    <time>2026-10-02T13:51:31Z</time>
    <extensions>
     <gpxdata:hr>163</gpxdata:hr>
     <gpxdata:distance>2911.00</gpxdata:distance>
     <gpxdata:speed>1.047</gpxdata:speed>
    </extensions>
   </trkpt>
   <trkpt lat="46.5277997" lon="12.0102852">
    <ele>2720</ele>
    <time>2026-10-02T13:51:32Z</time>
    <extensions>
     <gpxdata:hr>162</gpxdata:hr>
     <gpxdata:distance>2912.50</gpxdata:distance>
     <gpxdata:speed>1.053</gpxdata:speed>
    </extensions>
   </trkpt>
   <trkpt lat="46.5278028" lon="12.0102704">
    <ele>2720</ele>
    <time>2026-10-02T13:51:33Z</time>
    <extensions>
     <gpxdata:hr>162</gpxdata:hr>
     <gpxdata:distance>2914.00</gpxdata:distance>
     <gpxdata:speed>1.061</gpxdata:speed>
    </extensions>
   </trkpt>
   <trkpt lat="46.5278061" lon="12.0102556">
    <ele>2720</ele>
    <time>2026-10-02T13:51:34Z</time>
    <extensions>
     <gpxdata:hr>162</gpxdata:hr>
     <gpxdata:distance>2915.00</gpxdata:distance>
     <gpxdata:speed>1.067</gpxdata:speed>
    </extensions>
   </trkpt>
   <trkpt lat="46.5278091" lon="12.0102406">
    <ele>2720</ele>
    <time>2026-10-02T13:51:35Z</time>
    <extensions>
     <gpxdata:hr>161</gpxdata:hr>
     <gpxdata:distance>2916.00</gpxdata:distance>
     <gpxdata:speed>1.072</gpxdata:speed>
    </extensions>
   </trkpt>
   <trkpt lat="46.5278122" lon="12.0102251">
    <ele>2720</ele>
    <time>2026-10-02T13:51:36Z</time>
    <extensions>
     <gpxdata:hr>160</gpxdata:hr>
     <gpxdata:distance>2917.00</gpxdata:distance>
     <gpxdata:speed>1.078</gpxdata:speed>
    </extensions>
   </trkpt>
   <trkpt lat="46.5278155" lon="12.0102095">
    <ele>2720</ele>
    <time>2026-10-02T13:51:37Z</time>
    <extensions>
     <gpxdata:hr>160</gpxdata:hr>
     <gpxdata:distance>2918.00</gpxdata:distance>
     <gpxdata:speed>1.083</gpxdata:speed>
    </extensions>
   </trkpt>
   <trkpt lat="46.5278191" lon="12.0101936">
    <ele>2720</ele>
    <time>2026-10-02T13:51:38Z</time>
    <extensions>
     <gpxdata:hr>160</gpxdata:hr>
     <gpxdata:distance>2919.50</gpxdata:distance>
     <gpxdata:speed>1.089</gpxdata:speed>
    </extensions>
   </trkpt>
   <trkpt lat="46.5278228" lon="12.0101775">
    <ele>2720</ele>
    <time>2026-10-02T13:51:39Z</time>
    <extensions>
     <gpxdata:hr>160</gpxdata:hr>
     <gpxdata:distance>2921.00</gpxdata:distance>
     <gpxdata:speed>1.097</gpxdata:speed>
    </extensions>
   </trkpt>
   <trkpt lat="46.5278265" lon="12.0101620">
    <ele>2720</ele>
    <time>2026-10-02T13:51:40Z</time>
    <extensions>
     <gpxdata:hr>160</gpxdata:hr>
     <gpxdata:distance>2922.00</gpxdata:distance>
     <gpxdata:speed>1.103</gpxdata:speed>
    </extensions>
   </trkpt>
   <trkpt lat="46.5278301" lon="12.0101471">
    <ele>2720</ele>
    <time>2026-10-02T13:51:41Z</time>
    <extensions>
     <gpxdata:hr>159</gpxdata:hr>
     <gpxdata:distance>2923.00</gpxdata:distance>
     <gpxdata:speed>1.111</gpxdata:speed>
    </extensions>
   </trkpt>
   <trkpt lat="46.5278339" lon="12.0101322">
    <ele>2720</ele>
    <time>2026-10-02T13:51:42Z</time>
    <extensions>
     <gpxdata:hr>159</gpxdata:hr>
     <gpxdata:distance>2924.50</gpxdata:distance>
     <gpxdata:speed>1.117</gpxdata:speed>
    </extensions>
   </trkpt>
   <trkpt lat="46.5278373" lon="12.0101167">
    <ele>2721</ele>
    <time>2026-10-02T13:51:43Z</time>
    <extensions>
     <gpxdata:hr>158</gpxdata:hr>
     <gpxdata:distance>2926.00</gpxdata:distance>
     <gpxdata:speed>1.122</gpxdata:speed>
    </extensions>
   </trkpt>
   <trkpt lat="46.5278402" lon="12.0101007">
    <ele>2721</ele>
    <time>2026-10-02T13:51:44Z</time>
    <extensions>
     <gpxdata:hr>158</gpxdata:hr>
     <gpxdata:distance>2927.50</gpxdata:distance>
     <gpxdata:speed>1.125</gpxdata:speed>
    </extensions>
   </trkpt>
   <trkpt lat="46.5278429" lon="12.0100857">
    <ele>2721</ele>
    <time>2026-10-02T13:51:45Z</time>
    <extensions>
     <gpxdata:hr>157</gpxdata:hr>
     <gpxdata:distance>2929.00</gpxdata:distance>
     <gpxdata:speed>1.131</gpxdata:speed>
    </extensions>
   </trkpt>
  </trkseg>
  <trkseg>
   <trkpt lat="46.5278466" lon="12.0100778">
    <ele>2721</ele>
    <time>2026-10-02T13:52:11Z</time>
    <extensions>
     <gpxdata:hr>137</gpxdata:hr>
     <gpxdata:distance>2929.00</gpxdata:distance>
    </extensions>
   </trkpt>
   <trkpt lat="46.5278492" lon="12.0100714">
    <ele>2721</ele>
    <time>2026-10-02T13:52:12Z</time>
    <extensions>
     <gpxdata:hr>137</gpxdata:hr>
     <gpxdata:distance>2929.00</gpxdata:distance>
    </extensions>
   </trkpt>
   <trkpt lat="46.5278517" lon="12.0100650">
    <ele>2721</ele>
    <time>2026-10-02T13:52:13Z</time>
    <extensions>
     <gpxdata:hr>136</gpxdata:hr>
     <gpxdata:distance>2929.00</gpxdata:distance>
    </extensions>
   </trkpt>
   <trkpt lat="46.5278544" lon="12.0100573">
    <ele>2721</ele>
    <time>2026-10-02T13:52:14Z</time>
    <extensions>
     <gpxdata:hr>136</gpxdata:hr>
     <gpxdata:distance>2930.50</gpxdata:distance>
    </extensions>
   </trkpt>
   <trkpt lat="46.5278573" lon="12.0100475">
    <ele>2721</ele>
    <time>2026-10-02T13:52:15Z</time>
    <extensions>
     <gpxdata:hr>135</gpxdata:hr>
     <gpxdata:distance>2932.00</gpxdata:distance>
    </extensions>
   </trkpt>
   <trkpt lat="46.5278593" lon="12.0100370">
    <ele>2721</ele>
    <time>2026-10-02T13:52:16Z</time>
    <extensions>
     <gpxdata:hr>135</gpxdata:hr>
     <gpxdata:distance>2932.50</gpxdata:distance>
    </extensions>
   </trkpt>
   <trkpt lat="46.5278595" lon="12.0100282">
    <ele>2721</ele>
    <time>2026-10-02T13:52:17Z</time>
    <extensions>
     <gpxdata:hr>134</gpxdata:hr>
     <gpxdata:distance>2933.00</gpxdata:distance>
    </extensions>
   </trkpt>
   <trkpt lat="46.5278575" lon="12.0100236">
    <ele>2721</ele>
    <time>2026-10-02T13:52:18Z</time>
    <extensions>
     <gpxdata:hr>133</gpxdata:hr>
     <gpxdata:distance>2933.50</gpxdata:distance>
     <gpxdata:speed>0.397</gpxdata:speed>
    </extensions>
   </trkpt>
   <trkpt lat="46.5278532" lon="12.0100237">
    <ele>2721</ele>
    <time>2026-10-02T13:52:19Z</time>
    <extensions>
     <gpxdata:hr>133</gpxdata:hr>
     <gpxdata:distance>2934.00</gpxdata:distance>
     <gpxdata:speed>0.794</gpxdata:speed>
    </extensions>
   </trkpt>
   <trkpt lat="46.5278472" lon="12.0100282">
    <ele>2721</ele>
    <time>2026-10-02T13:52:20Z</time>
    <extensions>
     <gpxdata:hr>132</gpxdata:hr>
     <gpxdata:distance>2935.00</gpxdata:distance>
     <gpxdata:speed>0.842</gpxdata:speed>
    </extensions>
   </trkpt>
   <trkpt lat="46.5278404" lon="12.0100365">
    <ele>2721</ele>
    <time>2026-10-02T13:52:21Z</time>
    <extensions>
     <gpxdata:hr>132</gpxdata:hr>
     <gpxdata:distance>2936.00</gpxdata:distance>
     <gpxdata:speed>0.892</gpxdata:speed>
    </extensions>
   </trkpt>
   <trkpt lat="46.5278331" lon="12.0100475">
    <ele>2721</ele>
    <time>2026-10-02T13:52:22Z</time>
    <extensions>
     <gpxdata:hr>132</gpxdata:hr>
     <gpxdata:distance>2937.50</gpxdata:distance>
     <gpxdata:speed>0.936</gpxdata:speed>
    </extensions>
   </trkpt>
   <trkpt lat="46.5278257" lon="12.0100602">
    <ele>2722</ele>
    <time>2026-10-02T13:52:23Z</time>
    <extensions>
     <gpxdata:hr>132</gpxdata:hr>
     <gpxdata:distance>2939.00</gpxdata:distance>
     <gpxdata:speed>0.981</gpxdata:speed>
    </extensions>
   </trkpt>
   <trkpt lat="46.5278184" lon="12.0100739">
    <ele>2722</ele>
    <time>2026-10-02T13:52:24Z</time>
    <extensions>
     <gpxdata:hr>132</gpxdata:hr>
     <gpxdata:distance>2940.00</gpxdata:distance>
     <gpxdata:speed>1.003</gpxdata:speed>
    </extensions>
   </trkpt>
   <trkpt lat="46.5278110" lon="12.0100880">
    <ele>2722</ele>
    <time>2026-10-02T13:52:25Z</time>
    <extensions>
     <gpxdata:hr>131</gpxdata:hr>
     <gpxdata:distance>2941.00</gpxdata:distance>
     <gpxdata:speed>1.025</gpxdata:speed>
    </extensions>
   </trkpt>
   <trkpt lat="46.5278035" lon="12.0101017">
    <ele>2722</ele>
    <time>2026-10-02T13:52:26Z</time>
    <extensions>
     <gpxdata:hr>130</gpxdata:hr>
     <gpxdata:distance>2942.50</gpxdata:distance>
     <gpxdata:speed>1.044</gpxdata:speed>
    </extensions>
   </trkpt>
   <trkpt lat="46.5277958" lon="12.0101147">
    <ele>2722</ele>
    <time>2026-10-02T13:52:27Z</time>
    <extensions>
     <gpxdata:hr>130</gpxdata:hr>
     <gpxdata:distance>2944.00</gpxdata:distance>
     <gpxdata:speed>1.067</gpxdata:speed>
    </extensions>
   </trkpt>
   <trkpt lat="46.5277878" lon="12.0101266">
    <ele>2722</ele>
    <time>2026-10-02T13:52:28Z</time>
    <extensions>
     <gpxdata:hr>130</gpxdata:hr>
     <gpxdata:distance>2945.00</gpxdata:distance>
     <gpxdata:speed>1.081</gpxdata:speed>
    </extensions>
   </trkpt>
   <trkpt lat="46.5277795" lon="12.0101367">
    <ele>2722</ele>
    <time>2026-10-02T13:52:29Z</time>
    <extensions>
     <gpxdata:hr>130</gpxdata:hr>
     <gpxdata:distance>2946.00</gpxdata:distance>
     <gpxdata:speed>1.097</gpxdata:speed>
    </extensions>
   </trkpt>
   <trkpt lat="46.5277715" lon="12.0101424">
    <ele>2722</ele>
    <time>2026-10-02T13:52:30Z</time>
    <extensions>
     <gpxdata:hr>130</gpxdata:hr>
     <gpxdata:distance>2947.00</gpxdata:distance>
     <gpxdata:speed>1.100</gpxdata:speed>
    </extensions>
   </trkpt>
   <trkpt lat="46.5277648" lon="12.0101418">
    <ele>2722</ele>
    <time>2026-10-02T13:52:31Z</time>
    <extensions>
     <gpxdata:hr>130</gpxdata:hr>
     <gpxdata:distance>2948.00</gpxdata:distance>
     <gpxdata:speed>1.106</gpxdata:speed>
    </extensions>
   </trkpt>
   <trkpt lat="46.5277602" lon="12.0101353">
    <ele>2722</ele>
    <time>2026-10-02T13:52:32Z</time>
    <extensions>
     <gpxdata:hr>130</gpxdata:hr>
     <gpxdata:distance>2949.00</gpxdata:distance>
     <gpxdata:speed>1.111</gpxdata:speed>
    </extensions>
   </trkpt>
   <trkpt lat="46.5277579" lon="12.0101239">
    <ele>2722</ele>
    <time>2026-10-02T13:52:33Z</time>
    <extensions>
     <gpxdata:hr>131</gpxdata:hr>
     <gpxdata:distance>2950.00</gpxdata:distance>
     <gpxdata:speed>1.117</gpxdata:speed>
    </extensions>
   </trkpt>
   <trkpt lat="46.5277576" lon="12.0101088">
    <ele>2722</ele>
    <time>2026-10-02T13:52:34Z</time>
    <extensions>
     <gpxdata:hr>131</gpxdata:hr>
     <gpxdata:distance>2951.50</gpxdata:distance>
     <gpxdata:speed>1.125</gpxdata:speed>
    </extensions>
   </trkpt>
   <trkpt lat="46.5277592" lon="12.0100914">
    <ele>2723</ele>
    <time>2026-10-02T13:52:35Z</time>
    <extensions>
     <gpxdata:hr>132</gpxdata:hr>
     <gpxdata:distance>2953.00</gpxdata:distance>
     <gpxdata:speed>1.133</gpxdata:speed>
    </extensions>
   </trkpt>
   <trkpt lat="46.5277620" lon="12.0100728">
    <ele>2723</ele>
    <time>2026-10-02T13:52:36Z</time>
    <extensions>
     <gpxdata:hr>131</gpxdata:hr>
     <gpxdata:distance>2954.50</gpxdata:distance>
     <gpxdata:speed>1.192</gpxdata:speed>
    </extensions>
   </trkpt>
   <trkpt lat="46.5277655" lon="12.0100542">
    <ele>2723</ele>
    <time>2026-10-02T13:52:37Z</time>
    <extensions>
     <gpxdata:hr>132</gpxdata:hr>
     <gpxdata:distance>2956.00</gpxdata:distance>
     <gpxdata:speed>1.253</gpxdata:speed>
    </extensions>
   </trkpt>
   <trkpt lat="46.5277688" lon="12.0100358">
    <ele>2723</ele>
    <time>2026-10-02T13:52:38Z</time>
    <extensions>
     <gpxdata:hr>132</gpxdata:hr>
     <gpxdata:distance>2957.00</gpxdata:distance>
     <gpxdata:speed>1.272</gpxdata:speed>
    </extensions>
   </trkpt>
   <trkpt lat="46.5277712" lon="12.0100175">
    <ele>2724</ele>
    <time>2026-10-02T13:52:39Z</time>
    <extensions>
     <gpxdata:hr>132</gpxdata:hr>
     <gpxdata:distance>2958.00</gpxdata:distance>
     <gpxdata:speed>1.292</gpxdata:speed>
    </extensions>
   </trkpt>
   <trkpt lat="46.5277723" lon="12.0099990">
    <ele>2724</ele>
    <time>2026-10-02T13:52:40Z</time>
    <extensions>
     <gpxdata:hr>132</gpxdata:hr>
     <gpxdata:distance>2959.50</gpxdata:distance>
     <gpxdata:speed>1.300</gpxdata:speed>
    </extensions>
   </trkpt>
   <trkpt lat="46.5277724" lon="12.0099801">
    <ele>2724</ele>
    <time>2026-10-02T13:52:41Z</time>
    <extensions>
     <gpxdata:hr>132</gpxdata:hr>
     <gpxdata:distance>2961.00</gpxdata:distance>
     <gpxdata:speed>1.308</gpxdata:speed>
    </extensions>
   </trkpt>
   <trkpt lat="46.5277724" lon="12.0099599">
    <ele>2724</ele>
    <time>2026-10-02T13:52:42Z</time>
    <extensions>
     <gpxdata:hr>133</gpxdata:hr>
     <gpxdata:distance>2962.50</gpxdata:distance>
     <gpxdata:speed>1.311</gpxdata:speed>
    </extensions>
   </trkpt>
   <trkpt lat="46.5277729" lon="12.0099385">
    <ele>2724</ele>
    <time>2026-10-02T13:52:43Z</time>
    <extensions>
     <gpxdata:hr>133</gpxdata:hr>
     <gpxdata:distance>2964.00</gpxdata:distance>
     <gpxdata:speed>1.317</gpxdata:speed>
    </extensions>
   </trkpt>
   <trkpt lat="46.5277741" lon="12.0099179">
    <ele>2724</ele>
    <time>2026-10-02T13:52:44Z</time>
    <extensions>
     <gpxdata:hr>133</gpxdata:hr>
     <gpxdata:distance>2965.50</gpxdata:distance>
     <gpxdata:speed>1.328</gpxdata:speed>
    </extensions>
   </trkpt>
  </trkseg>
  <trkseg>
   <trkpt lat="46.5277762" lon="12.0099013">
    <ele>2726</ele>
    <time>2026-10-02T13:52:53Z</time>
    <extensions>
     <gpxdata:hr>139</gpxdata:hr>
     <gpxdata:distance>2967.00</gpxdata:distance>
    </extensions>
   </trkpt>
   <trkpt lat="46.5277773" lon="12.0098907">
    <ele>2726</ele>
    <time>2026-10-02T13:52:54Z</time>
    <extensions>
     <gpxdata:hr>140</gpxdata:hr>
     <gpxdata:distance>2967.00</gpxdata:distance>
    </extensions>
   </trkpt>
   <trkpt lat="46.5277779" lon="12.0098819">
    <ele>2726</ele>
    <time>2026-10-02T13:52:55Z</time>
    <extensions>
     <gpxdata:hr>141</gpxdata:hr>
     <gpxdata:distance>2967.00</gpxdata:distance>
    </extensions>
   </trkpt>
   <trkpt lat="46.5277782" lon="12.0098725">
    <ele>2726</ele>
    <time>2026-10-02T13:52:56Z</time>
    <extensions>
     <gpxdata:hr>140</gpxdata:hr>
     <gpxdata:distance>2968.50</gpxdata:distance>
    </extensions>
   </trkpt>
   <trkpt lat="46.5277786" lon="12.0098606">
    <ele>2726</ele>
    <time>2026-10-02T13:52:57Z</time>
    <extensions>
     <gpxdata:hr>141</gpxdata:hr>
     <gpxdata:distance>2970.00</gpxdata:distance>
    </extensions>
   </trkpt>
   <trkpt lat="46.5277790" lon="12.0098460">
    <ele>2726</ele>
    <time>2026-10-02T13:52:58Z</time>
    <extensions>
     <gpxdata:hr>141</gpxdata:hr>
     <gpxdata:distance>2971.50</gpxdata:distance>
    </extensions>
   </trkpt>
   <trkpt lat="46.5277797" lon="12.0098297">
    <ele>2726</ele>
    <time>2026-10-02T13:52:59Z</time>
    <extensions>
     <gpxdata:hr>141</gpxdata:hr>
     <gpxdata:distance>2973.00</gpxdata:distance>
    </extensions>
   </trkpt>
   <trkpt lat="46.5277805" lon="12.0098125">
    <ele>2726</ele>
    <time>2026-10-02T13:53:00Z</time>
    <extensions>
     <gpxdata:hr>141</gpxdata:hr>
     <gpxdata:distance>2974.00</gpxdata:distance>
    </extensions>
   </trkpt>
   <trkpt lat="46.5277814" lon="12.0097950">
    <ele>2726</ele>
    <time>2026-10-02T13:53:01Z</time>
    <extensions>
     <gpxdata:hr>141</gpxdata:hr>
     <gpxdata:distance>2975.00</gpxdata:distance>
    </extensions>
   </trkpt>
   <trkpt lat="46.5277816" lon="12.0097783">
    <ele>2726</ele>
    <time>2026-10-02T13:53:02Z</time>
    <extensions>
     <gpxdata:hr>140</gpxdata:hr>
     <gpxdata:distance>2976.00</gpxdata:distance>
    </extensions>
   </trkpt>
   <trkpt lat="46.5277805" lon="12.0097640">
    <ele>2727</ele>
    <time>2026-10-02T13:53:03Z</time>
    <extensions>
     <gpxdata:hr>139</gpxdata:hr>
     <gpxdata:distance>2977.00</gpxdata:distance>
    </extensions>
   </trkpt>
   <trkpt lat="46.5277777" lon="12.0097543">
    <ele>2727</ele>
    <time>2026-10-02T13:53:04Z</time>
    <extensions>
     <gpxdata:hr>138</gpxdata:hr>
     <gpxdata:distance>2977.50</gpxdata:distance>
     <gpxdata:speed>0.450</gpxdata:speed>
    </extensions>
   </trkpt>
   <trkpt lat="46.5277739" lon="12.0097512">
    <ele>2727</ele>
    <time>2026-10-02T13:53:05Z</time>
    <extensions>
     <gpxdata:hr>138</gpxdata:hr>
     <gpxdata:distance>2978.00</gpxdata:distance>
     <gpxdata:speed>0.900</gpxdata:speed>
    </extensions>
   </trkpt>
   <trkpt lat="46.5277699" lon="12.0097548">
    <ele>2727</ele>
    <time>2026-10-02T13:53:06Z</time>
    <extensions>
     <gpxdata:hr>138</gpxdata:hr>
     <gpxdata:distance>2979.00</gpxdata:distance>
     <gpxdata:speed>0.922</gpxdata:speed>
    </extensions>
   </trkpt>
   <trkpt lat="46.5277662" lon="12.0097640">
    <ele>2727</ele>
    <time>2026-10-02T13:53:07Z</time>
    <extensions>
     <gpxdata:hr>138</gpxdata:hr>
     <gpxdata:distance>2980.00</gpxdata:distance>
     <gpxdata:speed>0.947</gpxdata:speed>
    </extensions>
   </trkpt>
   <trkpt lat="46.5277618" lon="12.0097772">
    <ele>2727</ele>
    <time>2026-10-02T13:53:08Z</time>
    <extensions>
     <gpxdata:hr>138</gpxdata:hr>
     <gpxdata:distance>2981.50</gpxdata:distance>
     <gpxdata:speed>0.978</gpxdata:speed>
    </extensions>
   </trkpt>
   <trkpt lat="46.5277564" lon="12.0097926">
    <ele>2727</ele>
    <time>2026-10-02T13:53:09Z</time>
    <extensions>
     <gpxdata:hr>138</gpxdata:hr>
     <gpxdata:distance>2983.00</gpxdata:distance>
     <gpxdata:speed>1.008</gpxdata:speed>
    </extensions>
   </trkpt>
   <trkpt lat="46.5277505" lon="12.0098086">
    <ele>2727</ele>
    <time>2026-10-02T13:53:10Z</time>
    <extensions>
     <gpxdata:hr>138</gpxdata:hr>
     <gpxdata:distance>2984.50</gpxdata:distance>
     <gpxdata:speed>1.031</gpxdata:speed>
    </extensions>
   </trkpt>
   <trkpt lat="46.5277445" lon="12.0098244">
    <ele>2727</ele>
    <time>2026-10-02T13:53:11Z</time>
    <extensions>
     <gpxdata:hr>138</gpxdata:hr>
     <gpxdata:distance>2986.00</gpxdata:distance>
     <gpxdata:speed>1.053</gpxdata:speed>
    </extensions>
   </trkpt>
   <trkpt lat="46.5277389" lon="12.0098403">
    <ele>2727</ele>
    <time>2026-10-02T13:53:12Z</time>
    <extensions>
     <gpxdata:hr>138</gpxdata:hr>
     <gpxdata:distance>2987.00</gpxdata:distance>
     <gpxdata:speed>1.061</gpxdata:speed>
    </extensions>
   </trkpt>
   <trkpt lat="46.5277337" lon="12.0098568">
    <ele>2727</ele>
    <time>2026-10-02T13:53:13Z</time>
    <extensions>
     <gpxdata:hr>138</gpxdata:hr>
     <gpxdata:distance>2988.00</gpxdata:distance>
     <gpxdata:speed>1.072</gpxdata:speed>
    </extensions>
   </trkpt>
   <trkpt lat="46.5277285" lon="12.0098736">
    <ele>2727</ele>
    <time>2026-10-02T13:53:14Z</time>
    <extensions>
     <gpxdata:hr>138</gpxdata:hr>
     <gpxdata:distance>2989.50</gpxdata:distance>
     <gpxdata:speed>1.086</gpxdata:speed>
    </extensions>
   </trkpt>
   <trkpt lat="46.5277231" lon="12.0098900">
    <ele>2728</ele>
    <time>2026-10-02T13:53:15Z</time>
    <extensions>
     <gpxdata:hr>138</gpxdata:hr>
     <gpxdata:distance>2991.00</gpxdata:distance>
     <gpxdata:speed>1.100</gpxdata:speed>
    </extensions>
   </trkpt>
   <trkpt lat="46.5277175" lon="12.0099057">
    <ele>2727</ele>
    <time>2026-10-02T13:53:16Z</time>
    <extensions>
     <gpxdata:hr>139</gpxdata:hr>
     <gpxdata:distance>2992.00</gpxdata:distance>
     <gpxdata:speed>1.108</gpxdata:speed>
    </extensions>
   </trkpt>
   <trkpt lat="46.5277118" lon="12.0099216">
    <ele>2727</ele>
    <time>2026-10-02T13:53:17Z</time>
    <extensions>
     <gpxdata:hr>140</gpxdata:hr>
     <gpxdata:distance>2993.00</gpxdata:distance>
     <gpxdata:speed>1.119</gpxdata:speed>
    </extensions>
   </trkpt>
   <trkpt lat="46.5277059" lon="12.0099381">
    <ele>2727</ele>
    <time>2026-10-02T13:53:18Z</time>
    <extensions>
     <gpxdata:hr>142</gpxdata:hr>
     <gpxdata:distance>2995.00</gpxdata:distance>
     <gpxdata:speed>1.128</gpxdata:speed>
    </extensions>
   </trkpt>
   <trkpt lat="46.5276998" lon="12.0099544">
    <ele>2727</ele>
    <time>2026-10-02T13:53:19Z</time>
    <extensions>
     <gpxdata:hr>143</gpxdata:hr>
     <gpxdata:distance>2997.00</gpxdata:distance>
     <gpxdata:speed>1.136</gpxdata:speed>
    </extensions>
   </trkpt>
   <trkpt lat="46.5276936" lon="12.0099699">
    <ele>2727</ele>
    <time>2026-10-02T13:53:20Z</time>
    <extensions>
     <gpxdata:hr>143</gpxdata:hr>
     <gpxdata:distance>2998.00</gpxdata:distance>
     <gpxdata:speed>1.144</gpxdata:speed>
    </extensions>
   </trkpt>
   <trkpt lat="46.5276873" lon="12.0099845">
    <ele>2727</ele>
    <time>2026-10-02T13:53:21Z</time>
    <extensions>
     <gpxdata:hr>143</gpxdata:hr>
     <gpxdata:distance>2999.00</gpxdata:distance>
     <gpxdata:speed>1.153</gpxdata:speed>
    </extensions>
   </trkpt>
   <trkpt lat="46.5276810" lon="12.0099981">
    <ele>2727</ele>
    <time>2026-10-02T13:53:22Z</time>
    <extensions>
     <gpxdata:hr>143</gpxdata:hr>
     <gpxdata:distance>3000.00</gpxdata:distance>
     <gpxdata:speed>1.158</gpxdata:speed>
    </extensions>
   </trkpt>
   <trkpt lat="46.5276750" lon="12.0100112">
    <ele>2727</ele>
    <time>2026-10-02T13:53:23Z</time>
    <extensions>
     <gpxdata:hr>143</gpxdata:hr>
     <gpxdata:distance>3001.00</gpxdata:distance>
     <gpxdata:speed>1.167</gpxdata:speed>
    </extensions>
   </trkpt>
   <trkpt lat="46.5276696" lon="12.0100243">
    <ele>2727</ele>
    <time>2026-10-02T13:53:24Z</time>
    <extensions>
     <gpxdata:hr>142</gpxdata:hr>
     <gpxdata:distance>3002.50</gpxdata:distance>
     <gpxdata:speed>1.169</gpxdata:speed>
    </extensions>
   </trkpt>
   <trkpt lat="46.5276644" lon="12.0100375">
    <ele>2727</ele>
    <time>2026-10-02T13:53:25Z</time>
    <extensions>
     <gpxdata:hr>140</gpxdata:hr>
     <gpxdata:distance>3004.00</gpxdata:distance>
     <gpxdata:speed>1.175</gpxdata:speed>
    </extensions>
   </trkpt>
   <trkpt lat="46.5276594" lon="12.0100506">
    <ele>2727</ele>
    <time>2026-10-02T13:53:26Z</time>
    <extensions>
     <gpxdata:hr>139</gpxdata:hr>
     <gpxdata:distance>3005.00</gpxdata:distance>
     <gpxdata:speed>1.178</gpxdata:speed>
    </extensions>
   </trkpt>
   <trkpt lat="46.5276541" lon="12.0100630">
    <ele>2727</ele>
    <time>2026-10-02T13:53:27Z</time>
    <extensions>
     <gpxdata:hr>139</gpxdata:hr>
     <gpxdata:distance>3006.00</gpxdata:distance>
     <gpxdata:speed>1.181</gpxdata:speed>
    </extensions>
   </trkpt>
   <trkpt lat="46.5276485" lon="12.0100751">
    <ele>2727</ele>
    <time>2026-10-02T13:53:28Z</time>
    <extensions>
     <gpxdata:hr>138</gpxdata:hr>
     <gpxdata:distance>3007.00</gpxdata:distance>
     <gpxdata:speed>1.181</gpxdata:speed>
    </extensions>
   </trkpt>
   <trkpt lat="46.5276424" lon="12.0100868">
    <ele>2727</ele>
    <time>2026-10-02T13:53:29Z</time>
    <extensions>
     <gpxdata:hr>137</gpxdata:hr>
     <gpxdata:distance>3008.00</gpxdata:distance>
     <gpxdata:speed>1.183</gpxdata:speed>
    </extensions>
   </trkpt>
   <trkpt lat="46.5276359" lon="12.0100975">
    <ele>2727</ele>
    <time>2026-10-02T13:53:30Z</time>
    <extensions>
     <gpxdata:hr>136</gpxdata:hr>
     <gpxdata:distance>3009.00</gpxdata:distance>
     <gpxdata:speed>1.183</gpxdata:speed>
    </extensions>
   </trkpt>
   <trkpt lat="46.5276292" lon="12.0101049">
    <ele>2727</ele>
    <time>2026-10-02T13:53:31Z</time>
    <extensions>
     <gpxdata:hr>136</gpxdata:hr>
     <gpxdata:distance>3010.00</gpxdata:distance>
     <gpxdata:speed>1.183</gpxdata:speed>
    </extensions>
   </trkpt>
   <trkpt lat="46.5276226" lon="12.0101078">
    <ele>2727</ele>
    <time>2026-10-02T13:53:32Z</time>
    <extensions>
     <gpxdata:hr>135</gpxdata:hr>
     <gpxdata:distance>3011.00</gpxdata:distance>
     <gpxdata:speed>1.192</gpxdata:speed>
    </extensions>
   </trkpt>
   <trkpt lat="46.5276169" lon="12.0101061">
    <ele>2727</ele>
    <time>2026-10-02T13:53:33Z</time>
    <extensions>
     <gpxdata:hr>135</gpxdata:hr>
     <gpxdata:distance>3012.00</gpxdata:distance>
     <gpxdata:speed>1.200</gpxdata:speed>
    </extensions>
   </trkpt>
   <trkpt lat="46.5276125" lon="12.0101014">
    <ele>2727</ele>
    <time>2026-10-02T13:53:34Z</time>
    <extensions>
     <gpxdata:hr>134</gpxdata:hr>
     <gpxdata:distance>3012.50</gpxdata:distance>
     <gpxdata:speed>1.206</gpxdata:speed>
    </extensions>
   </trkpt>
  </trkseg>
  <trkseg>
   <trkpt lat="46.5276131" lon="12.0100909">
    <ele>2729</ele>
    <time>2026-10-02T13:54:47Z</time>
    <extensions>
     <gpxdata:hr>99</gpxdata:hr>
     <gpxdata:distance>3013.00</gpxdata:distance>
    </extensions>
   </trkpt>
   <trkpt lat="46.5276150" lon="12.0100824">
    <ele>2728</ele>
    <time>2026-10-02T13:54:48Z</time>
    <extensions>
     <gpxdata:hr>100</gpxdata:hr>
     <gpxdata:distance>3013.00</gpxdata:distance>
    </extensions>
   </trkpt>
   <trkpt lat="46.5276180" lon="12.0100751">
    <ele>2728</ele>
    <time>2026-10-02T13:54:49Z</time>
    <extensions>
     <gpxdata:hr>101</gpxdata:hr>
     <gpxdata:distance>3013.00</gpxdata:distance>
    </extensions>
   </trkpt>
   <trkpt lat="46.5276228" lon="12.0100681">
    <ele>2728</ele>
    <time>2026-10-02T13:54:50Z</time>
    <extensions>
     <gpxdata:hr>103</gpxdata:hr>
     <gpxdata:distance>3015.00</gpxdata:distance>
    </extensions>
   </trkpt>
   <trkpt lat="46.5276300" lon="12.0100599">
    <ele>2728</ele>
    <time>2026-10-02T13:54:51Z</time>
    <extensions>
     <gpxdata:hr>104</gpxdata:hr>
     <gpxdata:distance>3017.00</gpxdata:distance>
    </extensions>
   </trkpt>
   <trkpt lat="46.5276385" lon="12.0100490">
    <ele>2728</ele>
    <time>2026-10-02T13:54:52Z</time>
    <extensions>
     <gpxdata:hr>105</gpxdata:hr>
     <gpxdata:distance>3018.50</gpxdata:distance>
    </extensions>
   </trkpt>
   <trkpt lat="46.5276472" lon="12.0100346">
    <ele>2728</ele>
    <time>2026-10-02T13:54:53Z</time>
    <extensions>
     <gpxdata:hr>106</gpxdata:hr>
     <gpxdata:distance>3020.00</gpxdata:distance>
    </extensions>
   </trkpt>
   <trkpt lat="46.5276556" lon="12.0100176">
    <ele>2728</ele>
    <time>2026-10-02T13:54:54Z</time>
    <extensions>
     <gpxdata:hr>106</gpxdata:hr>
     <gpxdata:distance>3021.50</gpxdata:distance>
    </extensions>
   </trkpt>
   <trkpt lat="46.5276637" lon="12.0099992">
    <ele>2728</ele>
    <time>2026-10-02T13:54:55Z</time>
    <extensions>
     <gpxdata:hr>108</gpxdata:hr>
     <gpxdata:distance>3023.00</gpxdata:distance>
    </extensions>
   </trkpt>
   <trkpt lat="46.5276719" lon="12.0099808">
    <ele>2728</ele>
    <time>2026-10-02T13:54:56Z</time>
    <extensions>
     <gpxdata:hr>108</gpxdata:hr>
     <gpxdata:distance>3024.50</gpxdata:distance>
     <gpxdata:speed>0.758</gpxdata:speed>
    </extensions>
   </trkpt>
   <trkpt lat="46.5276799" lon="12.0099627">
    <ele>2728</ele>
    <time>2026-10-02T13:54:57Z</time>
    <extensions>
     <gpxdata:hr>109</gpxdata:hr>
     <gpxdata:distance>3026.00</gpxdata:distance>
     <gpxdata:speed>1.517</gpxdata:speed>
    </extensions>
   </trkpt>
   <trkpt lat="46.5276875" lon="12.0099451">
    <ele>2728</ele>
    <time>2026-10-02T13:54:58Z</time>
    <extensions>
     <gpxdata:hr>109</gpxdata:hr>
     <gpxdata:distance>3027.50</gpxdata:distance>
     <gpxdata:speed>1.525</gpxdata:speed>
    </extensions>
   </trkpt>
   <trkpt lat="46.5276948" lon="12.0099281">
    <ele>2728</ele>
    <time>2026-10-02T13:54:59Z</time>
    <extensions>
     <gpxdata:hr>110</gpxdata:hr>
     <gpxdata:distance>3029.00</gpxdata:distance>
     <gpxdata:speed>1.536</gpxdata:speed>
    </extensions>
   </trkpt>
   <trkpt lat="46.5277015" lon="12.0099117">
    <ele>2727</ele>
    <time>2026-10-02T13:55:00Z</time>
    <extensions>
     <gpxdata:hr>111</gpxdata:hr>
     <gpxdata:distance>3030.50</gpxdata:distance>
     <gpxdata:speed>1.525</gpxdata:speed>
    </extensions>
   </trkpt>
   <trkpt lat="46.5277078" lon="12.0098960">
    <ele>2727</ele>
    <time>2026-10-02T13:55:01Z</time>
    <extensions>
     <gpxdata:hr>111</gpxdata:hr>
     <gpxdata:distance>3032.00</gpxdata:distance>
     <gpxdata:speed>1.514</gpxdata:speed>
    </extensions>
   </trkpt>
   <trkpt lat="46.5277136" lon="12.0098808">
    <ele>2727</ele>
    <time>2026-10-02T13:55:02Z</time>
    <extensions>
     <gpxdata:hr>112</gpxdata:hr>
     <gpxdata:distance>3033.00</gpxdata:distance>
     <gpxdata:speed>1.492</gpxdata:speed>
    </extensions>
   </trkpt>
   <trkpt lat="46.5277190" lon="12.0098656">
    <ele>2727</ele>
    <time>2026-10-02T13:55:03Z</time>
    <extensions>
     <gpxdata:hr>112</gpxdata:hr>
     <gpxdata:distance>3034.00</gpxdata:distance>
     <gpxdata:speed>1.469</gpxdata:speed>
    </extensions>
   </trkpt>
   <trkpt lat="46.5277243" lon="12.0098504">
    <ele>2727</ele>
    <time>2026-10-02T13:55:04Z</time>
    <extensions>
     <gpxdata:hr>112</gpxdata:hr>
     <gpxdata:distance>3035.50</gpxdata:distance>
     <gpxdata:speed>1.444</gpxdata:speed>
    </extensions>
   </trkpt>
   <trkpt lat="46.5277295" lon="12.0098351">
    <ele>2727</ele>
    <time>2026-10-02T13:55:05Z</time>
    <extensions>
     <gpxdata:hr>113</gpxdata:hr>
     <gpxdata:distance>3037.00</gpxdata:distance>
     <gpxdata:speed>1.419</gpxdata:speed>
    </extensions>
   </trkpt>
   <trkpt lat="46.5277348" lon="12.0098198">
    <ele>2727</ele>
    <time>2026-10-02T13:55:06Z</time>
    <extensions>
     <gpxdata:hr>113</gpxdata:hr>
     <gpxdata:distance>3038.00</gpxdata:distance>
     <gpxdata:speed>1.408</gpxdata:speed>
    </extensions>
   </trkpt>
   <trkpt lat="46.5277399" lon="12.0098046">
    <ele>2727</ele>
    <time>2026-10-02T13:55:07Z</time>
    <extensions>
     <gpxdata:hr>113</gpxdata:hr>
     <gpxdata:distance>3039.00</gpxdata:distance>
     <gpxdata:speed>1.397</gpxdata:speed>
    </extensions>
   </trkpt>
   <trkpt lat="46.5277444" lon="12.0097891">
    <ele>2727</ele>
    <time>2026-10-02T13:55:08Z</time>
    <extensions>
     <gpxdata:hr>113</gpxdata:hr>
     <gpxdata:distance>3040.50</gpxdata:distance>
     <gpxdata:speed>1.389</gpxdata:speed>
    </extensions>
   </trkpt>
   <trkpt lat="46.5277481" lon="12.0097734">
    <ele>2727</ele>
    <time>2026-10-02T13:55:09Z</time>
    <extensions>
     <gpxdata:hr>113</gpxdata:hr>
     <gpxdata:distance>3042.00</gpxdata:distance>
     <gpxdata:speed>1.381</gpxdata:speed>
    </extensions>
   </trkpt>
   <trkpt lat="46.5277505" lon="12.0097577">
    <ele>2727</ele>
    <time>2026-10-02T13:55:10Z</time>
    <extensions>
     <gpxdata:hr>112</gpxdata:hr>
     <gpxdata:distance>3043.00</gpxdata:distance>
     <gpxdata:speed>1.375</gpxdata:speed>
    </extensions>
   </trkpt>
   <trkpt lat="46.5277509" lon="12.0097428">
    <ele>2727</ele>
    <time>2026-10-02T13:55:11Z</time>
    <extensions>
     <gpxdata:hr>112</gpxdata:hr>
     <gpxdata:distance>3044.00</gpxdata:distance>
     <gpxdata:speed>1.369</gpxdata:speed>
    </extensions>
   </trkpt>
   <trkpt lat="46.5277497" lon="12.0097300">
    <ele>2727</ele>
    <time>2026-10-02T13:55:12Z</time>
    <extensions>
     <gpxdata:hr>111</gpxdata:hr>
     <gpxdata:distance>3045.00</gpxdata:distance>
     <gpxdata:speed>1.364</gpxdata:speed>
    </extensions>
   </trkpt>
   <trkpt lat="46.5277468" lon="12.0097194">
    <ele>2727</ele>
    <time>2026-10-02T13:55:13Z</time>
    <extensions>
     <gpxdata:hr>111</gpxdata:hr>
     <gpxdata:distance>3046.00</gpxdata:distance>
     <gpxdata:speed>1.361</gpxdata:speed>
    </extensions>
   </trkpt>
   <trkpt lat="46.5277427" lon="12.0097117">
    <ele>2727</ele>
    <time>2026-10-02T13:55:14Z</time>
    <extensions>
     <gpxdata:hr>110</gpxdata:hr>
     <gpxdata:distance>3046.50</gpxdata:distance>
     <gpxdata:speed>1.350</gpxdata:speed>
    </extensions>
   </trkpt>
  </trkseg>
  <trkseg>
   <trkpt lat="46.5277375" lon="12.0097098">
    <ele>2728</ele>
    <time>2026-10-02T13:55:25Z</time>
    <extensions>
     <gpxdata:hr>109</gpxdata:hr>
     <gpxdata:distance>3047.00</gpxdata:distance>
    </extensions>
   </trkpt>
   <trkpt lat="46.5277341" lon="12.0097109">
    <ele>2728</ele>
    <time>2026-10-02T13:55:26Z</time>
    <extensions>
     <gpxdata:hr>109</gpxdata:hr>
     <gpxdata:distance>3047.00</gpxdata:distance>
    </extensions>
   </trkpt>
   <trkpt lat="46.5277314" lon="12.0097139">
    <ele>2728</ele>
    <time>2026-10-02T13:55:27Z</time>
    <extensions>
     <gpxdata:hr>109</gpxdata:hr>
     <gpxdata:distance>3047.00</gpxdata:distance>
    </extensions>
   </trkpt>
   <trkpt lat="46.5277287" lon="12.0097183">
    <ele>2728</ele>
    <time>2026-10-02T13:55:28Z</time>
    <extensions>
     <gpxdata:hr>108</gpxdata:hr>
     <gpxdata:distance>3048.00</gpxdata:distance>
    </extensions>
   </trkpt>
   <trkpt lat="46.5277252" lon="12.0097239">
    <ele>2728</ele>
    <time>2026-10-02T13:55:29Z</time>
    <extensions>
     <gpxdata:hr>108</gpxdata:hr>
     <gpxdata:distance>3049.00</gpxdata:distance>
    </extensions>
   </trkpt>
   <trkpt lat="46.5277207" lon="12.0097301">
    <ele>2728</ele>
    <time>2026-10-02T13:55:30Z</time>
    <extensions>
     <gpxdata:hr>107</gpxdata:hr>
     <gpxdata:distance>3050.00</gpxdata:distance>
    </extensions>
   </trkpt>
   <trkpt lat="46.5277150" lon="12.0097364">
    <ele>2729</ele>
    <time>2026-10-02T13:55:31Z</time>
    <extensions>
     <gpxdata:hr>107</gpxdata:hr>
     <gpxdata:distance>3051.00</gpxdata:distance>
    </extensions>
   </trkpt>
   <trkpt lat="46.5277081" lon="12.0097425">
    <ele>2729</ele>
    <time>2026-10-02T13:55:32Z</time>
    <extensions>
     <gpxdata:hr>106</gpxdata:hr>
     <gpxdata:distance>3052.00</gpxdata:distance>
     <gpxdata:speed>0.386</gpxdata:speed>
    </extensions>
   </trkpt>
   <trkpt lat="46.5277002" lon="12.0097483">
    <ele>2729</ele>
    <time>2026-10-02T13:55:33Z</time>
    <extensions>
     <gpxdata:hr>106</gpxdata:hr>
     <gpxdata:distance>3053.00</gpxdata:distance>
     <gpxdata:speed>0.775</gpxdata:speed>
    </extensions>
   </trkpt>
   <trkpt lat="46.5276916" lon="12.0097540">
    <ele>2729</ele>
    <time>2026-10-02T13:55:34Z</time>
    <extensions>
     <gpxdata:hr>106</gpxdata:hr>
     <gpxdata:distance>3054.00</gpxdata:distance>
     <gpxdata:speed>0.817</gpxdata:speed>
    </extensions>
   </trkpt>
   <trkpt lat="46.5276826" lon="12.0097594">
    <ele>2729</ele>
    <time>2026-10-02T13:55:35Z</time>
    <extensions>
     <gpxdata:hr>106</gpxdata:hr>
     <gpxdata:distance>3055.00</gpxdata:distance>
     <gpxdata:speed>0.861</gpxdata:speed>
    </extensions>
   </trkpt>
   <trkpt lat="46.5276737" lon="12.0097644">
    <ele>2729</ele>
    <time>2026-10-02T13:55:36Z</time>
    <extensions>
     <gpxdata:hr>107</gpxdata:hr>
     <gpxdata:distance>3056.00</gpxdata:distance>
     <gpxdata:speed>0.875</gpxdata:speed>
    </extensions>
   </trkpt>
   <trkpt lat="46.5276648" lon="12.0097692">
    <ele>2729</ele>
    <time>2026-10-02T13:55:37Z</time>
    <extensions>
     <gpxdata:hr>107</gpxdata:hr>
     <gpxdata:distance>3057.00</gpxdata:distance>
     <gpxdata:speed>0.892</gpxdata:speed>
    </extensions>
   </trkpt>
   <trkpt lat="46.5276556" lon="12.0097739">
    <ele>2729</ele>
    <time>2026-10-02T13:55:38Z</time>
    <extensions>
     <gpxdata:hr>106</gpxdata:hr>
     <gpxdata:distance>3058.00</gpxdata:distance>
     <gpxdata:speed>0.922</gpxdata:speed>
    </extensions>
   </trkpt>
   <trkpt lat="46.5276467" lon="12.0097786">
    <ele>2730</ele>
    <time>2026-10-02T13:55:39Z</time>
    <extensions>
     <gpxdata:hr>107</gpxdata:hr>
     <gpxdata:distance>3059.00</gpxdata:distance>
     <gpxdata:speed>0.956</gpxdata:speed>
    </extensions>
   </trkpt>
   <trkpt lat="46.5276382" lon="12.0097831">
    <ele>2730</ele>
    <time>2026-10-02T13:55:40Z</time>
    <extensions>
     <gpxdata:hr>107</gpxdata:hr>
     <gpxdata:distance>3060.00</gpxdata:distance>
     <gpxdata:speed>0.969</gpxdata:speed>
    </extensions>
   </trkpt>
  </trkseg>
  <trkseg>
   <trkpt lat="46.5276318" lon="12.0097863">
    <ele>2732</ele>
    <time>2026-10-02T13:55:59Z</time>
    <extensions>
     <gpxdata:hr>132</gpxdata:hr>
     <gpxdata:distance>3061.00</gpxdata:distance>
    </extensions>
   </trkpt>
   <trkpt lat="46.5276288" lon="12.0097877">
    <ele>2732</ele>
    <time>2026-10-02T13:56:00Z</time>
    <extensions>
     <gpxdata:hr>132</gpxdata:hr>
     <gpxdata:distance>3061.00</gpxdata:distance>
    </extensions>
   </trkpt>
   <trkpt lat="46.5276287" lon="12.0097876">
    <ele>2732</ele>
    <time>2026-10-02T13:56:01Z</time>
    <extensions>
     <gpxdata:hr>132</gpxdata:hr>
     <gpxdata:distance>3061.00</gpxdata:distance>
    </extensions>
   </trkpt>
   <trkpt lat="46.5276309" lon="12.0097856">
    <ele>2732</ele>
    <time>2026-10-02T13:56:02Z</time>
    <extensions>
     <gpxdata:hr>133</gpxdata:hr>
     <gpxdata:distance>3061.50</gpxdata:distance>
    </extensions>
   </trkpt>
   <trkpt lat="46.5276350" lon="12.0097816">
    <ele>2732</ele>
    <time>2026-10-02T13:56:03Z</time>
    <extensions>
     <gpxdata:hr>132</gpxdata:hr>
     <gpxdata:distance>3062.00</gpxdata:distance>
    </extensions>
   </trkpt>
   <trkpt lat="46.5276409" lon="12.0097763">
    <ele>2732</ele>
    <time>2026-10-02T13:56:04Z</time>
    <extensions>
     <gpxdata:hr>132</gpxdata:hr>
     <gpxdata:distance>3063.00</gpxdata:distance>
    </extensions>
   </trkpt>
   <trkpt lat="46.5276481" lon="12.0097707">
    <ele>2732</ele>
    <time>2026-10-02T13:56:05Z</time>
    <extensions>
     <gpxdata:hr>132</gpxdata:hr>
     <gpxdata:distance>3064.00</gpxdata:distance>
    </extensions>
   </trkpt>
   <trkpt lat="46.5276562" lon="12.0097650">
    <ele>2732</ele>
    <time>2026-10-02T13:56:06Z</time>
    <extensions>
     <gpxdata:hr>132</gpxdata:hr>
     <gpxdata:distance>3065.00</gpxdata:distance>
    </extensions>
   </trkpt>
   <trkpt lat="46.5276645" lon="12.0097590">
    <ele>2732</ele>
    <time>2026-10-02T13:56:07Z</time>
    <extensions>
     <gpxdata:hr>133</gpxdata:hr>
     <gpxdata:distance>3066.00</gpxdata:distance>
    </extensions>
   </trkpt>
   <trkpt lat="46.5276729" lon="12.0097524">
    <ele>2731</ele>
    <time>2026-10-02T13:56:08Z</time>
    <extensions>
     <gpxdata:hr>133</gpxdata:hr>
     <gpxdata:distance>3067.00</gpxdata:distance>
     <gpxdata:speed>0.511</gpxdata:speed>
    </extensions>
   </trkpt>
   <trkpt lat="46.5276812" lon="12.0097449">
    <ele>2731</ele>
    <time>2026-10-02T13:56:09Z</time>
    <extensions>
     <gpxdata:hr>132</gpxdata:hr>
     <gpxdata:distance>3068.00</gpxdata:distance>
     <gpxdata:speed>1.022</gpxdata:speed>
    </extensions>
   </trkpt>
   <trkpt lat="46.5276892" lon="12.0097372">
    <ele>2731</ele>
    <time>2026-10-02T13:56:10Z</time>
    <extensions>
     <gpxdata:hr>131</gpxdata:hr>
     <gpxdata:distance>3069.00</gpxdata:distance>
     <gpxdata:speed>1.047</gpxdata:speed>
    </extensions>
   </trkpt>
   <trkpt lat="46.5276970" lon="12.0097303">
    <ele>2731</ele>
    <time>2026-10-02T13:56:11Z</time>
    <extensions>
     <gpxdata:hr>130</gpxdata:hr>
     <gpxdata:distance>3070.00</gpxdata:distance>
     <gpxdata:speed>1.072</gpxdata:speed>
    </extensions>
   </trkpt>
   <trkpt lat="46.5277041" lon="12.0097248">
    <ele>2730</ele>
    <time>2026-10-02T13:56:12Z</time>
    <extensions>
     <gpxdata:hr>130</gpxdata:hr>
     <gpxdata:distance>3070.50</gpxdata:distance>
     <gpxdata:speed>1.047</gpxdata:speed>
    </extensions>
   </trkpt>
  </trkseg>
  <trkseg>
   <trkpt lat="46.5277099" lon="12.0097230">
    <ele>2730</ele>
    <time>2026-10-02T13:56:18Z</time>
    <extensions>
     <gpxdata:hr>126</gpxdata:hr>
     <gpxdata:distance>3071.00</gpxdata:distance>
    </extensions>
   </trkpt>
   <trkpt lat="46.5277132" lon="12.0097198">
    <ele>2730</ele>
    <time>2026-10-02T13:56:19Z</time>
    <extensions>
     <gpxdata:hr>124</gpxdata:hr>
     <gpxdata:distance>3071.00</gpxdata:distance>
    </extensions>
   </trkpt>
   <trkpt lat="46.5277154" lon="12.0097132">
    <ele>2730</ele>
    <time>2026-10-02T13:56:20Z</time>
    <extensions>
     <gpxdata:hr>124</gpxdata:hr>
     <gpxdata:distance>3071.00</gpxdata:distance>
    </extensions>
   </trkpt>
   <trkpt lat="46.5277170" lon="12.0097030">
    <ele>2730</ele>
    <time>2026-10-02T13:56:21Z</time>
    <extensions>
     <gpxdata:hr>121</gpxdata:hr>
     <gpxdata:distance>3071.00</gpxdata:distance>
    </extensions>
   </trkpt>
   <trkpt lat="46.5277176" lon="12.0096899">
    <ele>2730</ele>
    <time>2026-10-02T13:56:22Z</time>
    <extensions>
     <gpxdata:hr>120</gpxdata:hr>
     <gpxdata:distance>3073.50</gpxdata:distance>
    </extensions>
   </trkpt>
   <trkpt lat="46.5277171" lon="12.0096751">
    <ele>2730</ele>
    <time>2026-10-02T13:56:23Z</time>
    <extensions>
     <gpxdata:hr>119</gpxdata:hr>
     <gpxdata:distance>3076.00</gpxdata:distance>
    </extensions>
   </trkpt>
   <trkpt lat="46.5277156" lon="12.0096601">
    <ele>2730</ele>
    <time>2026-10-02T13:56:24Z</time>
    <extensions>
     <gpxdata:hr>118</gpxdata:hr>
     <gpxdata:distance>3077.00</gpxdata:distance>
     <gpxdata:speed>0.567</gpxdata:speed>
    </extensions>
   </trkpt>
   <trkpt lat="46.5277132" lon="12.0096462">
    <ele>2730</ele>
    <time>2026-10-02T13:56:25Z</time>
    <extensions>
     <gpxdata:hr>117</gpxdata:hr>
     <gpxdata:distance>3078.00</gpxdata:distance>
     <gpxdata:speed>1.133</gpxdata:speed>
    </extensions>
   </trkpt>
   <trkpt lat="46.5277102" lon="12.0096335">
    <ele>2730</ele>
    <time>2026-10-02T13:56:26Z</time>
    <extensions>
     <gpxdata:hr>117</gpxdata:hr>
     <gpxdata:distance>3079.00</gpxdata:distance>
     <gpxdata:speed>1.111</gpxdata:speed>
    </extensions>
   </trkpt>
   <trkpt lat="46.5277069" lon="12.0096218">
    <ele>2730</ele>
    <time>2026-10-02T13:56:27Z</time>
    <extensions>
     <gpxdata:hr>117</gpxdata:hr>
     <gpxdata:distance>3080.00</gpxdata:distance>
     <gpxdata:speed>1.092</gpxdata:speed>
    </extensions>
   </trkpt>
   <trkpt lat="46.5277036" lon="12.0096105">
    <ele>2730</ele>
    <time>2026-10-02T13:56:28Z</time>
    <extensions>
     <gpxdata:hr>117</gpxdata:hr>
     <gpxdata:distance>3080.50</gpxdata:distance>
     <gpxdata:speed>1.056</gpxdata:speed>
    </extensions>
   </trkpt>
   <trkpt lat="46.5277011" lon="12.0095987">
    <ele>2730</ele>
    <time>2026-10-02T13:56:29Z</time>
    <extensions>
     <gpxdata:hr>116</gpxdata:hr>
     <gpxdata:distance>3081.00</gpxdata:distance>
     <gpxdata:speed>1.019</gpxdata:speed>
    </extensions>
   </trkpt>
   <trkpt lat="46.5276997" lon="12.0095867">
    <ele>2730</ele>
    <time>2026-10-02T13:56:30Z</time>
    <extensions>
     <gpxdata:hr>116</gpxdata:hr>
     <gpxdata:distance>3082.00</gpxdata:distance>
     <gpxdata:speed>1.008</gpxdata:speed>
    </extensions>
   </trkpt>
   <trkpt lat="46.5276992" lon="12.0095750">
    <ele>2730</ele>
    <time>2026-10-02T13:56:31Z</time>
    <extensions>
     <gpxdata:hr>116</gpxdata:hr>
     <gpxdata:distance>3083.00</gpxdata:distance>
     <gpxdata:speed>1.000</gpxdata:speed>
    </extensions>
   </trkpt>
   <trkpt lat="46.5276991" lon="12.0095626">
    <ele>2730</ele>
    <time>2026-10-02T13:56:32Z</time>
    <extensions>
     <gpxdata:hr>116</gpxdata:hr>
     <gpxdata:distance>3084.00</gpxdata:distance>
     <gpxdata:speed>0.989</gpxdata:speed>
    </extensions>
   </trkpt>
   <trkpt lat="46.5276987" lon="12.0095500">
    <ele>2730</ele>
    <time>2026-10-02T13:56:33Z</time>
    <extensions>
     <gpxdata:hr>116</gpxdata:hr>
     <gpxdata:distance>3085.00</gpxdata:distance>
     <gpxdata:speed>0.978</gpxdata:speed>
    </extensions>
   </trkpt>
   <trkpt lat="46.5276978" lon="12.0095378">
    <ele>2730</ele>
    <time>2026-10-02T13:56:34Z</time>
    <extensions>
     <gpxdata:hr>112</gpxdata:hr>
     <gpxdata:distance>3086.00</gpxdata:distance>
     <gpxdata:speed>0.969</gpxdata:speed>
    </extensions>
   </trkpt>
   <trkpt lat="46.5276966" lon="12.0095259">
    <ele>2730</ele>
    <time>2026-10-02T13:56:35Z</time>
    <extensions>
     <gpxdata:hr>111</gpxdata:hr>
     <gpxdata:distance>3087.00</gpxdata:distance>
     <gpxdata:speed>0.964</gpxdata:speed>
    </extensions>
   </trkpt>
   <trkpt lat="46.5276957" lon="12.0095136">
    <ele>2730</ele>
    <time>2026-10-02T13:56:36Z</time>
    <extensions>
     <gpxdata:hr>110</gpxdata:hr>
     <gpxdata:distance>3088.00</gpxdata:distance>
     <gpxdata:speed>0.961</gpxdata:speed>
    </extensions>
   </trkpt>
   <trkpt lat="46.5276958" lon="12.0095006">
    <ele>2730</ele>
    <time>2026-10-02T13:56:37Z</time>
    <extensions>
     <gpxdata:hr>109</gpxdata:hr>
     <gpxdata:distance>3089.00</gpxdata:distance>
     <gpxdata:speed>0.958</gpxdata:speed>
    </extensions>
   </trkpt>
   <trkpt lat="46.5276972" lon="12.0094875">
    <ele>2730</ele>
    <time>2026-10-02T13:56:38Z</time>
    <extensions>
     <gpxdata:hr>109</gpxdata:hr>
     <gpxdata:distance>3090.00</gpxdata:distance>
     <gpxdata:speed>0.958</gpxdata:speed>
    </extensions>
   </trkpt>
   <trkpt lat="46.5277000" lon="12.0094747">
    <ele>2730</ele>
    <time>2026-10-02T13:56:39Z</time>
    <extensions>
     <gpxdata:hr>109</gpxdata:hr>
     <gpxdata:distance>3091.00</gpxdata:distance>
     <gpxdata:speed>0.958</gpxdata:speed>
    </extensions>
   </trkpt>
   <trkpt lat="46.5277037" lon="12.0094625">
    <ele>2730</ele>
    <time>2026-10-02T13:56:40Z</time>
    <extensions>
     <gpxdata:hr>109</gpxdata:hr>
     <gpxdata:distance>3092.00</gpxdata:distance>
     <gpxdata:speed>0.961</gpxdata:speed>
    </extensions>
   </trkpt>
   <trkpt lat="46.5277076" lon="12.0094491">
    <ele>2730</ele>
    <time>2026-10-02T13:56:41Z</time>
    <extensions>
     <gpxdata:hr>110</gpxdata:hr>
     <gpxdata:distance>3093.00</gpxdata:distance>
     <gpxdata:speed>0.964</gpxdata:speed>
    </extensions>
   </trkpt>
   <trkpt lat="46.5277101" lon="12.0094379">
    <ele>2730</ele>
    <time>2026-10-02T13:56:42Z</time>
    <extensions>
     <gpxdata:hr>110</gpxdata:hr>
     <gpxdata:distance>3093.50</gpxdata:distance>
     <gpxdata:speed>0.967</gpxdata:speed>
    </extensions>
   </trkpt>
   <trkpt lat="46.5277105" lon="12.0094282">
    <ele>2731</ele>
    <time>2026-10-02T13:56:43Z</time>
    <extensions>
     <gpxdata:hr>111</gpxdata:hr>
     <gpxdata:distance>3094.00</gpxdata:distance>
     <gpxdata:speed>0.969</gpxdata:speed>
    </extensions>
   </trkpt>
   <trkpt lat="46.5277092" lon="12.0094201">
    <ele>2731</ele>
    <time>2026-10-02T13:56:44Z</time>
    <extensions>
     <gpxdata:hr>111</gpxdata:hr>
     <gpxdata:distance>3094.50</gpxdata:distance>
     <gpxdata:speed>0.958</gpxdata:speed>
    </extensions>
   </trkpt>
   <trkpt lat="46.5277071" lon="12.0094118">
    <ele>2731</ele>
    <time>2026-10-02T13:56:45Z</time>
    <extensions>
     <gpxdata:hr>112</gpxdata:hr>
     <gpxdata:distance>3095.00</gpxdata:distance>
     <gpxdata:speed>0.950</gpxdata:speed>
    </extensions>
   </trkpt>
   <trkpt lat="46.5277045" lon="12.0094022">
    <ele>2731</ele>
    <time>2026-10-02T13:56:46Z</time>
    <extensions>
     <gpxdata:hr>112</gpxdata:hr>
     <gpxdata:distance>3096.00</gpxdata:distance>
     <gpxdata:speed>0.942</gpxdata:speed>
    </extensions>
   </trkpt>
   <trkpt lat="46.5277023" lon="12.0093910">
    <ele>2731</ele>
    <time>2026-10-02T13:56:47Z</time>
    <extensions>
     <gpxdata:hr>111</gpxdata:hr>
     <gpxdata:distance>3097.00</gpxdata:distance>
     <gpxdata:speed>0.936</gpxdata:speed>
    </extensions>
   </trkpt>
   <trkpt lat="46.5277007" lon="12.0093780">
    <ele>2731</ele>
    <time>2026-10-02T13:56:48Z</time>
    <extensions>
     <gpxdata:hr>111</gpxdata:hr>
     <gpxdata:distance>3098.00</gpxdata:distance>
     <gpxdata:speed>0.931</gpxdata:speed>
    </extensions>
   </trkpt>
   <trkpt lat="46.5276997" lon="12.0093635">
    <ele>2731</ele>
    <time>2026-10-02T13:56:49Z</time>
    <extensions>
     <gpxdata:hr>111</gpxdata:hr>
     <gpxdata:distance>3099.00</gpxdata:distance>
     <gpxdata:speed>0.928</gpxdata:speed>
    </extensions>
   </trkpt>
   <trkpt lat="46.5276995" lon="12.0093483">
    <ele>2731</ele>
    <time>2026-10-02T13:56:50Z</time>
    <extensions>
     <gpxdata:hr>111</gpxdata:hr>
     <gpxdata:distance>3100.50</gpxdata:distance>
     <gpxdata:speed>0.928</gpxdata:speed>
    </extensions>
   </trkpt>
   <trkpt lat="46.5277000" lon="12.0093330">
    <ele>2731</ele>
    <time>2026-10-02T13:56:51Z</time>
    <extensions>
     <gpxdata:hr>111</gpxdata:hr>
     <gpxdata:distance>3102.00</gpxdata:distance>
     <gpxdata:speed>0.928</gpxdata:speed>
    </extensions>
   </trkpt>
   <trkpt lat="46.5277011" lon="12.0093177">
    <ele>2731</ele>
    <time>2026-10-02T13:56:52Z</time>
    <extensions>
     <gpxdata:hr>111</gpxdata:hr>
     <gpxdata:distance>3103.00</gpxdata:distance>
     <gpxdata:speed>0.928</gpxdata:speed>
    </extensions>
   </trkpt>
   <trkpt lat="46.5277023" lon="12.0093021">
    <ele>2731</ele>
    <time>2026-10-02T13:56:53Z</time>
    <extensions>
     <gpxdata:hr>111</gpxdata:hr>
     <gpxdata:distance>3104.00</gpxdata:distance>
     <gpxdata:speed>0.928</gpxdata:speed>
    </extensions>
   </trkpt>
   <trkpt lat="46.5277032" lon="12.0092858">
    <ele>2731</ele>
    <time>2026-10-02T13:56:54Z</time>
    <extensions>
     <gpxdata:hr>111</gpxdata:hr>
     <gpxdata:distance>3105.00</gpxdata:distance>
     <gpxdata:speed>0.931</gpxdata:speed>
    </extensions>
   </trkpt>
   <trkpt lat="46.5277038" lon="12.0092690">
    <ele>2731</ele>
    <time>2026-10-02T13:56:55Z</time>
    <extensions>
     <gpxdata:hr>112</gpxdata:hr>
     <gpxdata:distance>3106.00</gpxdata:distance>
     <gpxdata:speed>0.936</gpxdata:speed>
    </extensions>
   </trkpt>
   <trkpt lat="46.5277044" lon="12.0092522">
    <ele>2731</ele>
    <time>2026-10-02T13:56:56Z</time>
    <extensions>
     <gpxdata:hr>112</gpxdata:hr>
     <gpxdata:distance>3107.50</gpxdata:distance>
     <gpxdata:speed>0.942</gpxdata:speed>
    </extensions>
   </trkpt>
   <trkpt lat="46.5277056" lon="12.0092355">
    <ele>2731</ele>
    <time>2026-10-02T13:56:57Z</time>
    <extensions>
     <gpxdata:hr>112</gpxdata:hr>
     <gpxdata:distance>3109.00</gpxdata:distance>
     <gpxdata:speed>0.947</gpxdata:speed>
    </extensions>
   </trkpt>
   <trkpt lat="46.5277075" lon="12.0092189">
    <ele>2731</ele>
    <time>2026-10-02T13:56:58Z</time>
    <extensions>
     <gpxdata:hr>112</gpxdata:hr>
     <gpxdata:distance>3110.00</gpxdata:distance>
     <gpxdata:speed>0.953</gpxdata:speed>
    </extensions>
   </trkpt>
   <trkpt lat="46.5277097" lon="12.0092022">
    <ele>2732</ele>
    <time>2026-10-02T13:56:59Z</time>
    <extensions>
     <gpxdata:hr>112</gpxdata:hr>
     <gpxdata:distance>3111.00</gpxdata:distance>
     <gpxdata:speed>0.958</gpxdata:speed>
    </extensions>
   </trkpt>
   <trkpt lat="46.5277119" lon="12.0091850">
    <ele>2732</ele>
    <time>2026-10-02T13:57:00Z</time>
    <extensions>
     <gpxdata:hr>113</gpxdata:hr>
     <gpxdata:distance>3112.50</gpxdata:distance>
     <gpxdata:speed>0.967</gpxdata:speed>
    </extensions>
   </trkpt>
   <trkpt lat="46.5277145" lon="12.0091671">
    <ele>2732</ele>
    <time>2026-10-02T13:57:01Z</time>
    <extensions>
     <gpxdata:hr>113</gpxdata:hr>
     <gpxdata:distance>3114.00</gpxdata:distance>
     <gpxdata:speed>0.978</gpxdata:speed>
    </extensions>
   </trkpt>
   <trkpt lat="46.5277174" lon="12.0091491">
    <ele>2732</ele>
    <time>2026-10-02T13:57:02Z</time>
    <extensions>
     <gpxdata:hr>114</gpxdata:hr>
     <gpxdata:distance>3115.50</gpxdata:distance>
     <gpxdata:speed>0.983</gpxdata:speed>
    </extensions>
   </trkpt>
   <trkpt lat="46.5277203" lon="12.0091316">
    <ele>2733</ele>
    <time>2026-10-02T13:57:03Z</time>
    <extensions>
     <gpxdata:hr>114</gpxdata:hr>
     <gpxdata:distance>3117.00</gpxdata:distance>
     <gpxdata:speed>0.989</gpxdata:speed>
    </extensions>
   </trkpt>
   <trkpt lat="46.5277228" lon="12.0091150">
    <ele>2733</ele>
    <time>2026-10-02T13:57:04Z</time>
    <extensions>
     <gpxdata:hr>114</gpxdata:hr>
     <gpxdata:distance>3118.00</gpxdata:distance>
     <gpxdata:speed>0.994</gpxdata:speed>
    </extensions>
   </trkpt>
   <trkpt lat="46.5277250" lon="12.0090986">
    <ele>2733</ele>
    <time>2026-10-02T13:57:05Z</time>
    <extensions>
     <gpxdata:hr>115</gpxdata:hr>
     <gpxdata:distance>3119.00</gpxdata:distance>
     <gpxdata:speed>1.000</gpxdata:speed>
    </extensions>
   </trkpt>
   <trkpt lat="46.5277272" lon="12.0090824">
    <ele>2733</ele>
    <time>2026-10-02T13:57:06Z</time>
    <extensions>
     <gpxdata:hr>115</gpxdata:hr>
     <gpxdata:distance>3120.50</gpxdata:distance>
     <gpxdata:speed>1.006</gpxdata:speed>
    </extensions>
   </trkpt>
   <trkpt lat="46.5277290" lon="12.0090663">
    <ele>2733</ele>
    <time>2026-10-02T13:57:07Z</time>
    <extensions>
     <gpxdata:hr>116</gpxdata:hr>
     <gpxdata:distance>3122.00</gpxdata:distance>
     <gpxdata:speed>1.011</gpxdata:speed>
    </extensions>
   </trkpt>
   <trkpt lat="46.5277305" lon="12.0090504">
    <ele>2733</ele>
    <time>2026-10-02T13:57:08Z</time>
    <extensions>
     <gpxdata:hr>116</gpxdata:hr>
     <gpxdata:distance>3123.00</gpxdata:distance>
     <gpxdata:speed>1.014</gpxdata:speed>
    </extensions>
   </trkpt>
   <trkpt lat="46.5277320" lon="12.0090350">
    <ele>2733</ele>
    <time>2026-10-02T13:57:09Z</time>
    <extensions>
     <gpxdata:hr>116</gpxdata:hr>
     <gpxdata:distance>3124.00</gpxdata:distance>
     <gpxdata:speed>1.019</gpxdata:speed>
    </extensions>
   </trkpt>
   <trkpt lat="46.5277338" lon="12.0090197">
    <ele>2733</ele>
    <time>2026-10-02T13:57:10Z</time>
    <extensions>
     <gpxdata:hr>119</gpxdata:hr>
     <gpxdata:distance>3125.50</gpxdata:distance>
     <gpxdata:speed>1.022</gpxdata:speed>
    </extensions>
   </trkpt>
   <trkpt lat="46.5277360" lon="12.0090041">
    <ele>2734</ele>
    <time>2026-10-02T13:57:11Z</time>
    <extensions>
     <gpxdata:hr>119</gpxdata:hr>
     <gpxdata:distance>3127.00</gpxdata:distance>
     <gpxdata:speed>1.028</gpxdata:speed>
    </extensions>
   </trkpt>
   <trkpt lat="46.5277384" lon="12.0089879">
    <ele>2734</ele>
    <time>2026-10-02T13:57:12Z</time>
    <extensions>
     <gpxdata:hr>120</gpxdata:hr>
     <gpxdata:distance>3128.00</gpxdata:distance>
     <gpxdata:speed>1.033</gpxdata:speed>
    </extensions>
   </trkpt>
   <trkpt lat="46.5277410" lon="12.0089712">
    <ele>2734</ele>
    <time>2026-10-02T13:57:13Z</time>
    <extensions>
     <gpxdata:hr>120</gpxdata:hr>
     <gpxdata:distance>3129.00</gpxdata:distance>
     <gpxdata:speed>1.042</gpxdata:speed>
    </extensions>
   </trkpt>
   <trkpt lat="46.5277439" lon="12.0089542">
    <ele>2734</ele>
    <time>2026-10-02T13:57:14Z</time>
    <extensions>
     <gpxdata:hr>121</gpxdata:hr>
     <gpxdata:distance>3130.50</gpxdata:distance>
     <gpxdata:speed>1.053</gpxdata:speed>
    </extensions>
   </trkpt>
   <trkpt lat="46.5277471" lon="12.0089372">
    <ele>2735</ele>
    <time>2026-10-02T13:57:15Z</time>
    <extensions>
     <gpxdata:hr>121</gpxdata:hr>
     <gpxdata:distance>3132.00</gpxdata:distance>
     <gpxdata:speed>1.067</gpxdata:speed>
    </extensions>
   </trkpt>
   <trkpt lat="46.5277505" lon="12.0089206">
    <ele>2735</ele>
    <time>2026-10-02T13:57:16Z</time>
    <extensions>
     <gpxdata:hr>122</gpxdata:hr>
     <gpxdata:distance>3133.50</gpxdata:distance>
     <gpxdata:speed>1.078</gpxdata:speed>
    </extensions>
   </trkpt>
   <trkpt lat="46.5277540" lon="12.0089049">
    <ele>2735</ele>
    <time>2026-10-02T13:57:17Z</time>
    <extensions>
     <gpxdata:hr>122</gpxdata:hr>
     <gpxdata:distance>3135.00</gpxdata:distance>
     <gpxdata:speed>1.089</gpxdata:speed>
    </extensions>
   </trkpt>
   <trkpt lat="46.5277578" lon="12.0088897">
    <ele>2735</ele>
    <time>2026-10-02T13:57:18Z</time>
    <extensions>
     <gpxdata:hr>122</gpxdata:hr>
     <gpxdata:distance>3136.00</gpxdata:distance>
     <gpxdata:speed>1.094</gpxdata:speed>
    </extensions>
   </trkpt>
   <trkpt lat="46.5277623" lon="12.0088749">
    <ele>2736</ele>
    <time>2026-10-02T13:57:19Z</time>
    <extensions>
     <gpxdata:hr>125</gpxdata:hr>
     <gpxdata:distance>3137.00</gpxdata:distance>
     <gpxdata:speed>1.100</gpxdata:speed>
    </extensions>
   </trkpt>
   <trkpt lat="46.5277675" lon="12.0088607">
    <ele>2736</ele>
    <time>2026-10-02T13:57:20Z</time>
    <extensions>
     <gpxdata:hr>127</gpxdata:hr>
     <gpxdata:distance>3138.50</gpxdata:distance>
     <gpxdata:speed>1.100</gpxdata:speed>
    </extensions>
   </trkpt>
   <trkpt lat="46.5277733" lon="12.0088465">
    <ele>2736</ele>
    <time>2026-10-02T13:57:21Z</time>
    <extensions>
     <gpxdata:hr>129</gpxdata:hr>
     <gpxdata:distance>3140.00</gpxdata:distance>
     <gpxdata:speed>1.103</gpxdata:speed>
    </extensions>
   </trkpt>
   <trkpt lat="46.5277793" lon="12.0088321">
    <ele>2736</ele>
    <time>2026-10-02T13:57:22Z</time>
    <extensions>
     <gpxdata:hr>131</gpxdata:hr>
     <gpxdata:distance>3141.00</gpxdata:distance>
     <gpxdata:speed>1.103</gpxdata:speed>
    </extensions>
   </trkpt>
   <trkpt lat="46.5277852" lon="12.0088171">
    <ele>2736</ele>
    <time>2026-10-02T13:57:23Z</time>
    <extensions>
     <gpxdata:hr>133</gpxdata:hr>
     <gpxdata:distance>3142.00</gpxdata:distance>
     <gpxdata:speed>1.106</gpxdata:speed>
    </extensions>
   </trkpt>
   <trkpt lat="46.5277907" lon="12.0088015">
    <ele>2736</ele>
    <time>2026-10-02T13:57:24Z</time>
    <extensions>
     <gpxdata:hr>133</gpxdata:hr>
     <gpxdata:distance>3143.50</gpxdata:distance>
     <gpxdata:speed>1.108</gpxdata:speed>
    </extensions>
   </trkpt>
   <trkpt lat="46.5277960" lon="12.0087857">
    <ele>2736</ele>
    <time>2026-10-02T13:57:25Z</time>
    <extensions>
     <gpxdata:hr>133</gpxdata:hr>
     <gpxdata:distance>3145.00</gpxdata:distance>
     <gpxdata:speed>1.111</gpxdata:speed>
    </extensions>
   </trkpt>
   <trkpt lat="46.5278015" lon="12.0087699">
    <ele>2736</ele>
    <time>2026-10-02T13:57:26Z</time>
    <extensions>
     <gpxdata:hr>134</gpxdata:hr>
     <gpxdata:distance>3146.50</gpxdata:distance>
     <gpxdata:speed>1.111</gpxdata:speed>
    </extensions>
   </trkpt>
   <trkpt lat="46.5278069" lon="12.0087546">
    <ele>2737</ele>
    <time>2026-10-02T13:57:27Z</time>
    <extensions>
     <gpxdata:hr>134</gpxdata:hr>
     <gpxdata:distance>3148.00</gpxdata:distance>
     <gpxdata:speed>1.114</gpxdata:speed>
    </extensions>
   </trkpt>
   <trkpt lat="46.5278120" lon="12.0087397">
    <ele>2737</ele>
    <time>2026-10-02T13:57:28Z</time>
    <extensions>
     <gpxdata:hr>135</gpxdata:hr>
     <gpxdata:distance>3149.00</gpxdata:distance>
     <gpxdata:speed>1.117</gpxdata:speed>
    </extensions>
   </trkpt>
   <trkpt lat="46.5278166" lon="12.0087240">
    <ele>2737</ele>
    <time>2026-10-02T13:57:29Z</time>
    <extensions>
     <gpxdata:hr>136</gpxdata:hr>
     <gpxdata:distance>3150.00</gpxdata:distance>
     <gpxdata:speed>1.119</gpxdata:speed>
    </extensions>
   </trkpt>
   <trkpt lat="46.5278211" lon="12.0087073">
    <ele>2737</ele>
    <time>2026-10-02T13:57:30Z</time>
    <extensions>
     <gpxdata:hr>137</gpxdata:hr>
     <gpxdata:distance>3151.50</gpxdata:distance>
     <gpxdata:speed>1.119</gpxdata:speed>
    </extensions>
   </trkpt>
   <trkpt lat="46.5278251" lon="12.0086892">
    <ele>2737</ele>
    <time>2026-10-02T13:57:31Z</time>
    <extensions>
     <gpxdata:hr>137</gpxdata:hr>
     <gpxdata:distance>3153.00</gpxdata:distance>
     <gpxdata:speed>1.122</gpxdata:speed>
    </extensions>
   </trkpt>
   <trkpt lat="46.5278279" lon="12.0086707">
    <ele>2737</ele>
    <time>2026-10-02T13:57:32Z</time>
    <extensions>
     <gpxdata:hr>138</gpxdata:hr>
     <gpxdata:distance>3154.50</gpxdata:distance>
     <gpxdata:speed>1.125</gpxdata:speed>
    </extensions>
   </trkpt>
   <trkpt lat="46.5278288" lon="12.0086530">
    <ele>2737</ele>
    <time>2026-10-02T13:57:33Z</time>
    <extensions>
     <gpxdata:hr>138</gpxdata:hr>
     <gpxdata:distance>3156.00</gpxdata:distance>
     <gpxdata:speed>1.128</gpxdata:speed>
    </extensions>
   </trkpt>
   <trkpt lat="46.5278274" lon="12.0086390">
    <ele>2737</ele>
    <time>2026-10-02T13:57:34Z</time>
    <extensions>
     <gpxdata:hr>138</gpxdata:hr>
     <gpxdata:distance>3157.00</gpxdata:distance>
     <gpxdata:speed>1.131</gpxdata:speed>
    </extensions>
   </trkpt>
   <trkpt lat="46.5278236" lon="12.0086312">
    <ele>2738</ele>
    <time>2026-10-02T13:57:35Z</time>
    <extensions>
     <gpxdata:hr>138</gpxdata:hr>
     <gpxdata:distance>3158.00</gpxdata:distance>
     <gpxdata:speed>1.136</gpxdata:speed>
    </extensions>
   </trkpt>
   <trkpt lat="46.5278180" lon="12.0086303">
    <ele>2738</ele>
    <time>2026-10-02T13:57:36Z</time>
    <extensions>
     <gpxdata:hr>138</gpxdata:hr>
     <gpxdata:distance>3158.50</gpxdata:distance>
     <gpxdata:speed>1.136</gpxdata:speed>
    </extensions>
   </trkpt>
   <trkpt lat="46.5278111" lon="12.0086348">
    <ele>2738</ele>
    <time>2026-10-02T13:57:37Z</time>
    <extensions>
     <gpxdata:hr>138</gpxdata:hr>
     <gpxdata:distance>3159.00</gpxdata:distance>
     <gpxdata:speed>1.139</gpxdata:speed>
    </extensions>
   </trkpt>
   <trkpt lat="46.5278034" lon="12.0086429">
    <ele>2738</ele>
    <time>2026-10-02T13:57:38Z</time>
    <extensions>
     <gpxdata:hr>138</gpxdata:hr>
     <gpxdata:distance>3160.50</gpxdata:distance>
     <gpxdata:speed>1.142</gpxdata:speed>
    </extensions>
   </trkpt>
   <trkpt lat="46.5277951" lon="12.0086530">
    <ele>2738</ele>
    <time>2026-10-02T13:57:39Z</time>
    <extensions>
     <gpxdata:hr>137</gpxdata:hr>
     <gpxdata:distance>3162.00</gpxdata:distance>
     <gpxdata:speed>1.144</gpxdata:speed>
    </extensions>
   </trkpt>
   <trkpt lat="46.5277860" lon="12.0086638">
    <ele>2738</ele>
    <time>2026-10-02T13:57:40Z</time>
    <extensions>
     <gpxdata:hr>137</gpxdata:hr>
     <gpxdata:distance>3163.00</gpxdata:distance>
     <gpxdata:speed>1.144</gpxdata:speed>
    </extensions>
   </trkpt>
   <trkpt lat="46.5277767" lon="12.0086749">
    <ele>2738</ele>
    <time>2026-10-02T13:57:41Z</time>
    <extensions>
     <gpxdata:hr>137</gpxdata:hr>
     <gpxdata:distance>3164.00</gpxdata:distance>
     <gpxdata:speed>1.147</gpxdata:speed>
    </extensions>
   </trkpt>
   <trkpt lat="46.5277682" lon="12.0086863">
    <ele>2738</ele>
    <time>2026-10-02T13:57:42Z</time>
    <extensions>
     <gpxdata:hr>137</gpxdata:hr>
     <gpxdata:distance>3165.50</gpxdata:distance>
     <gpxdata:speed>1.147</gpxdata:speed>
    </extensions>
   </trkpt>
   <trkpt lat="46.5277609" lon="12.0086982">
    <ele>2739</ele>
    <time>2026-10-02T13:57:43Z</time>
    <extensions>
     <gpxdata:hr>137</gpxdata:hr>
     <gpxdata:distance>3167.00</gpxdata:distance>
     <gpxdata:speed>1.147</gpxdata:speed>
    </extensions>
   </trkpt>
   <trkpt lat="46.5277541" lon="12.0087101">
    <ele>2739</ele>
    <time>2026-10-02T13:57:44Z</time>
    <extensions>
     <gpxdata:hr>137</gpxdata:hr>
     <gpxdata:distance>3168.00</gpxdata:distance>
     <gpxdata:speed>1.147</gpxdata:speed>
    </extensions>
   </trkpt>
   <trkpt lat="46.5277473" lon="12.0087217">
    <ele>2739</ele>
    <time>2026-10-02T13:57:45Z</time>
    <extensions>
     <gpxdata:hr>137</gpxdata:hr>
     <gpxdata:distance>3169.00</gpxdata:distance>
     <gpxdata:speed>1.150</gpxdata:speed>
    </extensions>
   </trkpt>
   <trkpt lat="46.5277410" lon="12.0087330">
    <ele>2739</ele>
    <time>2026-10-02T13:57:46Z</time>
    <extensions>
     <gpxdata:hr>138</gpxdata:hr>
     <gpxdata:distance>3170.00</gpxdata:distance>
     <gpxdata:speed>1.150</gpxdata:speed>
    </extensions>
   </trkpt>
   <trkpt lat="46.5277354" lon="12.0087443">
    <ele>2739</ele>
    <time>2026-10-02T13:57:47Z</time>
    <extensions>
     <gpxdata:hr>138</gpxdata:hr>
     <gpxdata:distance>3171.00</gpxdata:distance>
     <gpxdata:speed>1.153</gpxdata:speed>
    </extensions>
   </trkpt>
   <trkpt lat="46.5277303" lon="12.0087554">
    <ele>2739</ele>
    <time>2026-10-02T13:57:48Z</time>
    <extensions>
     <gpxdata:hr>139</gpxdata:hr>
     <gpxdata:distance>3172.00</gpxdata:distance>
     <gpxdata:speed>1.153</gpxdata:speed>
    </extensions>
   </trkpt>
   <trkpt lat="46.5277250" lon="12.0087661">
    <ele>2739</ele>
    <time>2026-10-02T13:57:49Z</time>
    <extensions>
     <gpxdata:hr>140</gpxdata:hr>
     <gpxdata:distance>3173.00</gpxdata:distance>
     <gpxdata:speed>1.153</gpxdata:speed>
    </extensions>
   </trkpt>
   <trkpt lat="46.5277195" lon="12.0087763">
    <ele>2739</ele>
    <time>2026-10-02T13:57:50Z</time>
    <extensions>
     <gpxdata:hr>140</gpxdata:hr>
     <gpxdata:distance>3174.00</gpxdata:distance>
     <gpxdata:speed>1.153</gpxdata:speed>
    </extensions>
   </trkpt>
   <trkpt lat="46.5277139" lon="12.0087860">
    <ele>2740</ele>
    <time>2026-10-02T13:57:51Z</time>
    <extensions>
     <gpxdata:hr>140</gpxdata:hr>
     <gpxdata:distance>3175.00</gpxdata:distance>
     <gpxdata:speed>1.156</gpxdata:speed>
    </extensions>
   </trkpt>
   <trkpt lat="46.5277080" lon="12.0087956">
    <ele>2740</ele>
    <time>2026-10-02T13:57:52Z</time>
    <extensions>
     <gpxdata:hr>140</gpxdata:hr>
     <gpxdata:distance>3176.00</gpxdata:distance>
     <gpxdata:speed>1.156</gpxdata:speed>
    </extensions>
   </trkpt>
   <trkpt lat="46.5277017" lon="12.0088055">
    <ele>2740</ele>
    <time>2026-10-02T13:57:53Z</time>
    <extensions>
     <gpxdata:hr>141</gpxdata:hr>
     <gpxdata:distance>3177.00</gpxdata:distance>
     <gpxdata:speed>1.158</gpxdata:speed>
    </extensions>
   </trkpt>
   <trkpt lat="46.5276955" lon="12.0088165">
    <ele>2740</ele>
    <time>2026-10-02T13:57:54Z</time>
    <extensions>
     <gpxdata:hr>142</gpxdata:hr>
     <gpxdata:distance>3178.00</gpxdata:distance>
     <gpxdata:speed>1.158</gpxdata:speed>
    </extensions>
   </trkpt>
   <trkpt lat="46.5276893" lon="12.0088290">
    <ele>2740</ele>
    <time>2026-10-02T13:57:55Z</time>
    <extensions>
     <gpxdata:hr>142</gpxdata:hr>
     <gpxdata:distance>3179.00</gpxdata:distance>
     <gpxdata:speed>1.158</gpxdata:speed>
    </extensions>
   </trkpt>
   <trkpt lat="46.5276831" lon="12.0088423">
    <ele>2740</ele>
    <time>2026-10-02T13:57:56Z</time>
    <extensions>
     <gpxdata:hr>142</gpxdata:hr>
     <gpxdata:distance>3180.50</gpxdata:distance>
     <gpxdata:speed>1.156</gpxdata:speed>
    </extensions>
   </trkpt>
   <trkpt lat="46.5276771" lon="12.0088548">
    <ele>2740</ele>
    <time>2026-10-02T13:57:57Z</time>
    <extensions>
     <gpxdata:hr>142</gpxdata:hr>
     <gpxdata:distance>3182.00</gpxdata:distance>
     <gpxdata:speed>1.156</gpxdata:speed>
    </extensions>
   </trkpt>
   <trkpt lat="46.5276720" lon="12.0088665">
    <ele>2740</ele>
    <time>2026-10-02T13:57:58Z</time>
    <extensions>
     <gpxdata:hr>142</gpxdata:hr>
     <gpxdata:distance>3183.00</gpxdata:distance>
     <gpxdata:speed>1.156</gpxdata:speed>
    </extensions>
   </trkpt>
   <trkpt lat="46.5276673" lon="12.0088779">
    <ele>2741</ele>
    <time>2026-10-02T13:57:59Z</time>
    <extensions>
     <gpxdata:hr>142</gpxdata:hr>
     <gpxdata:distance>3184.00</gpxdata:distance>
     <gpxdata:speed>1.156</gpxdata:speed>
    </extensions>
   </trkpt>
   <trkpt lat="46.5276632" lon="12.0088895">
    <ele>2741</ele>
    <time>2026-10-02T13:58:00Z</time>
    <extensions>
     <gpxdata:hr>142</gpxdata:hr>
     <gpxdata:distance>3185.00</gpxdata:distance>
     <gpxdata:speed>1.156</gpxdata:speed>
    </extensions>
   </trkpt>
   <trkpt lat="46.5276594" lon="12.0089010">
    <ele>2741</ele>
    <time>2026-10-02T13:58:01Z</time>
    <extensions>
     <gpxdata:hr>142</gpxdata:hr>
     <gpxdata:distance>3186.00</gpxdata:distance>
     <gpxdata:speed>1.156</gpxdata:speed>
    </extensions>
   </trkpt>
   <trkpt lat="46.5276553" lon="12.0089106">
    <ele>2741</ele>
    <time>2026-10-02T13:58:02Z</time>
    <extensions>
     <gpxdata:hr>143</gpxdata:hr>
     <gpxdata:distance>3187.00</gpxdata:distance>
     <gpxdata:speed>1.153</gpxdata:speed>
    </extensions>
   </trkpt>
   <trkpt lat="46.5276537" lon="12.0089133">
    <ele>2741</ele>
    <time>2026-10-02T13:58:03Z</time>
    <extensions>
     <gpxdata:hr>143</gpxdata:hr>
     <gpxdata:distance>3188.00</gpxdata:distance>
     <gpxdata:speed>1.150</gpxdata:speed>
    </extensions>
   </trkpt>
   <trkpt lat="46.5276521" lon="12.0089160">
    <ele>2741</ele>
    <time>2026-10-02T13:58:04Z</time>
    <extensions>
     <gpxdata:hr>143</gpxdata:hr>
     <gpxdata:distance>3188.00</gpxdata:distance>
     <gpxdata:speed>1.147</gpxdata:speed>
    </extensions>
   </trkpt>
   <trkpt lat="46.5276505" lon="12.0089187">
    <ele>2741</ele>
    <time>2026-10-02T13:58:05Z</time>
    <extensions>
     <gpxdata:hr>143</gpxdata:hr>
     <gpxdata:distance>3188.00</gpxdata:distance>
     <gpxdata:speed>1.147</gpxdata:speed>
    </extensions>
   </trkpt>
   <trkpt lat="46.5276463" lon="12.0089254">
    <ele>2741</ele>
    <time>2026-10-02T13:58:06Z</time>
    <extensions>
     <gpxdata:hr>143</gpxdata:hr>
     <gpxdata:distance>3188.00</gpxdata:distance>
     <gpxdata:speed>1.147</gpxdata:speed>
    </extensions>
   </trkpt>
   <trkpt lat="46.5276425" lon="12.0089327">
    <ele>2742</ele>
    <time>2026-10-02T13:58:07Z</time>
    <extensions>
     <gpxdata:hr>144</gpxdata:hr>
     <gpxdata:distance>3188.00</gpxdata:distance>
     <gpxdata:speed>1.147</gpxdata:speed>
    </extensions>
   </trkpt>
   <trkpt lat="46.5276388" lon="12.0089419">
    <ele>2742</ele>
    <time>2026-10-02T13:58:08Z</time>
    <extensions>
     <gpxdata:hr>144</gpxdata:hr>
     <gpxdata:distance>3190.00</gpxdata:distance>
     <gpxdata:speed>1.142</gpxdata:speed>
    </extensions>
   </trkpt>
   <trkpt lat="46.5276356" lon="12.0089535">
    <ele>2742</ele>
    <time>2026-10-02T13:58:09Z</time>
    <extensions>
     <gpxdata:hr>144</gpxdata:hr>
     <gpxdata:distance>3192.00</gpxdata:distance>
     <gpxdata:speed>1.136</gpxdata:speed>
    </extensions>
   </trkpt>
   <trkpt lat="46.5276327" lon="12.0089669">
    <ele>2742</ele>
    <time>2026-10-02T13:58:10Z</time>
    <extensions>
     <gpxdata:hr>143</gpxdata:hr>
     <gpxdata:distance>3193.00</gpxdata:distance>
     <gpxdata:speed>1.133</gpxdata:speed>
    </extensions>
   </trkpt>
   <trkpt lat="46.5276305" lon="12.0089815">
    <ele>2742</ele>
    <time>2026-10-02T13:58:11Z</time>
    <extensions>
     <gpxdata:hr>142</gpxdata:hr>
     <gpxdata:distance>3194.00</gpxdata:distance>
     <gpxdata:speed>1.131</gpxdata:speed>
    </extensions>
   </trkpt>
   <trkpt lat="46.5276292" lon="12.0089963">
    <ele>2742</ele>
    <time>2026-10-02T13:58:12Z</time>
    <extensions>
     <gpxdata:hr>142</gpxdata:hr>
     <gpxdata:distance>3195.00</gpxdata:distance>
     <gpxdata:speed>1.128</gpxdata:speed>
    </extensions>
   </trkpt>
   <trkpt lat="46.5276283" lon="12.0090112">
    <ele>2742</ele>
    <time>2026-10-02T13:58:13Z</time>
    <extensions>
     <gpxdata:hr>141</gpxdata:hr>
     <gpxdata:distance>3196.00</gpxdata:distance>
     <gpxdata:speed>1.128</gpxdata:speed>
    </extensions>
   </trkpt>
   <trkpt lat="46.5276276" lon="12.0090258">
    <ele>2742</ele>
    <time>2026-10-02T13:58:14Z</time>
    <extensions>
     <gpxdata:hr>141</gpxdata:hr>
     <gpxdata:distance>3197.50</gpxdata:distance>
     <gpxdata:speed>1.128</gpxdata:speed>
    </extensions>
   </trkpt>
   <trkpt lat="46.5276264" lon="12.0090403">
    <ele>2742</ele>
    <time>2026-10-02T13:58:15Z</time>
    <extensions>
     <gpxdata:hr>141</gpxdata:hr>
     <gpxdata:distance>3199.00</gpxdata:distance>
     <gpxdata:speed>1.128</gpxdata:speed>
    </extensions>
   </trkpt>
   <trkpt lat="46.5276253" lon="12.0090544">
    <ele>2742</ele>
    <time>2026-10-02T13:58:16Z</time>
    <extensions>
     <gpxdata:hr>140</gpxdata:hr>
     <gpxdata:distance>3200.00</gpxdata:distance>
     <gpxdata:speed>1.125</gpxdata:speed>
    </extensions>
   </trkpt>
   <trkpt lat="46.5276242" lon="12.0090686">
    <ele>2742</ele>
    <time>2026-10-02T13:58:17Z</time>
    <extensions>
     <gpxdata:hr>140</gpxdata:hr>
     <gpxdata:distance>3201.00</gpxdata:distance>
     <gpxdata:speed>1.125</gpxdata:speed>
    </extensions>
   </trkpt>
   <trkpt lat="46.5276223" lon="12.0090826">
    <ele>2742</ele>
    <time>2026-10-02T13:58:18Z</time>
    <extensions>
     <gpxdata:hr>140</gpxdata:hr>
     <gpxdata:distance>3202.00</gpxdata:distance>
     <gpxdata:speed>1.125</gpxdata:speed>
    </extensions>
   </trkpt>
   <trkpt lat="46.5276191" lon="12.0090955">
    <ele>2742</ele>
    <time>2026-10-02T13:58:19Z</time>
    <extensions>
     <gpxdata:hr>140</gpxdata:hr>
     <gpxdata:distance>3203.00</gpxdata:distance>
     <gpxdata:speed>1.125</gpxdata:speed>
    </extensions>
   </trkpt>
   <trkpt lat="46.5276147" lon="12.0091067">
    <ele>2742</ele>
    <time>2026-10-02T13:58:20Z</time>
    <extensions>
     <gpxdata:hr>141</gpxdata:hr>
     <gpxdata:distance>3204.00</gpxdata:distance>
     <gpxdata:speed>1.125</gpxdata:speed>
    </extensions>
   </trkpt>
   <trkpt lat="46.5276095" lon="12.0091163">
    <ele>2742</ele>
    <time>2026-10-02T13:58:21Z</time>
    <extensions>
     <gpxdata:hr>141</gpxdata:hr>
     <gpxdata:distance>3205.00</gpxdata:distance>
     <gpxdata:speed>1.125</gpxdata:speed>
    </extensions>
   </trkpt>
   <trkpt lat="46.5276032" lon="12.0091245">
    <ele>2742</ele>
    <time>2026-10-02T13:58:22Z</time>
    <extensions>
     <gpxdata:hr>141</gpxdata:hr>
     <gpxdata:distance>3206.00</gpxdata:distance>
     <gpxdata:speed>1.122</gpxdata:speed>
    </extensions>
   </trkpt>
   <trkpt lat="46.5275956" lon="12.0091302">
    <ele>2742</ele>
    <time>2026-10-02T13:58:23Z</time>
    <extensions>
     <gpxdata:hr>140</gpxdata:hr>
     <gpxdata:distance>3207.00</gpxdata:distance>
     <gpxdata:speed>1.122</gpxdata:speed>
    </extensions>
   </trkpt>
   <trkpt lat="46.5275874" lon="12.0091330">
    <ele>2742</ele>
    <time>2026-10-02T13:58:24Z</time>
    <extensions>
     <gpxdata:hr>140</gpxdata:hr>
     <gpxdata:distance>3208.00</gpxdata:distance>
     <gpxdata:speed>1.117</gpxdata:speed>
    </extensions>
   </trkpt>
  </trkseg>
  <trkseg>
   <trkpt lat="46.5275788" lon="12.0091343">
    <ele>2743</ele>
    <time>2026-10-02T13:58:31Z</time>
    <extensions>
     <gpxdata:hr>140</gpxdata:hr>
     <gpxdata:distance>3209.00</gpxdata:distance>
    </extensions>
   </trkpt>
   <trkpt lat="46.5275725" lon="12.0091350">
    <ele>2743</ele>
    <time>2026-10-02T13:58:32Z</time>
    <extensions>
     <gpxdata:hr>139</gpxdata:hr>
     <gpxdata:distance>3209.00</gpxdata:distance>
    </extensions>
   </trkpt>
   <trkpt lat="46.5275673" lon="12.0091345">
    <ele>2743</ele>
    <time>2026-10-02T13:58:33Z</time>
    <extensions>
     <gpxdata:hr>139</gpxdata:hr>
     <gpxdata:distance>3209.00</gpxdata:distance>
    </extensions>
   </trkpt>
   <trkpt lat="46.5275632" lon="12.0091323">
    <ele>2743</ele>
    <time>2026-10-02T13:58:34Z</time>
    <extensions>
     <gpxdata:hr>137</gpxdata:hr>
     <gpxdata:distance>3210.00</gpxdata:distance>
    </extensions>
   </trkpt>
  </trkseg>
  <trkseg>
   <trkpt lat="46.5275587" lon="12.0091203">
    <ele>2743</ele>
    <time>2026-10-02T13:58:40Z</time>
    <extensions>
     <gpxdata:hr>133</gpxdata:hr>
     <gpxdata:distance>3211.00</gpxdata:distance>
    </extensions>
   </trkpt>
   <trkpt lat="46.5275550" lon="12.0091103">
    <ele>2743</ele>
    <time>2026-10-02T13:58:41Z</time>
    <extensions>
     <gpxdata:hr>130</gpxdata:hr>
     <gpxdata:distance>3211.00</gpxdata:distance>
    </extensions>
   </trkpt>
   <trkpt lat="46.5275510" lon="12.0091021">
    <ele>2743</ele>
    <time>2026-10-02T13:58:42Z</time>
    <extensions>
     <gpxdata:hr>130</gpxdata:hr>
     <gpxdata:distance>3211.00</gpxdata:distance>
     <gpxdata:speed>0.578</gpxdata:speed>
    </extensions>
   </trkpt>
   <trkpt lat="46.5275466" lon="12.0090951">
    <ele>2743</ele>
    <time>2026-10-02T13:58:43Z</time>
    <extensions>
     <gpxdata:hr>127</gpxdata:hr>
     <gpxdata:distance>3211.00</gpxdata:distance>
     <gpxdata:speed>1.156</gpxdata:speed>
    </extensions>
   </trkpt>
   <trkpt lat="46.5275415" lon="12.0090891">
    <ele>2743</ele>
    <time>2026-10-02T13:58:44Z</time>
    <extensions>
     <gpxdata:hr>127</gpxdata:hr>
     <gpxdata:distance>3213.00</gpxdata:distance>
     <gpxdata:speed>0.931</gpxdata:speed>
    </extensions>
   </trkpt>
   <trkpt lat="46.5275361" lon="12.0090839">
    <ele>2743</ele>
    <time>2026-10-02T13:58:45Z</time>
    <extensions>
     <gpxdata:hr>126</gpxdata:hr>
     <gpxdata:distance>3215.00</gpxdata:distance>
     <gpxdata:speed>0.706</gpxdata:speed>
    </extensions>
   </trkpt>
  </trkseg>
  <trkseg>
   <trkpt lat="46.5275289" lon="12.0090790">
    <ele>2743</ele>
    <time>2026-10-02T13:58:56Z</time>
    <extensions>
     <gpxdata:hr>120</gpxdata:hr>
     <gpxdata:distance>3216.00</gpxdata:distance>
    </extensions>
   </trkpt>
   <trkpt lat="46.5275234" lon="12.0090753">
    <ele>2743</ele>
    <time>2026-10-02T13:58:57Z</time>
    <extensions>
     <gpxdata:hr>118</gpxdata:hr>
     <gpxdata:distance>3216.00</gpxdata:distance>
    </extensions>
   </trkpt>
   <trkpt lat="46.5275186" lon="12.0090716">
    <ele>2743</ele>
    <time>2026-10-02T13:58:58Z</time>
    <extensions>
     <gpxdata:hr>117</gpxdata:hr>
     <gpxdata:distance>3216.00</gpxdata:distance>
    </extensions>
   </trkpt>
   <trkpt lat="46.5275144" lon="12.0090670">
    <ele>2743</ele>
    <time>2026-10-02T13:58:59Z</time>
    <extensions>
     <gpxdata:hr>114</gpxdata:hr>
     <gpxdata:distance>3216.00</gpxdata:distance>
    </extensions>
   </trkpt>
  </trkseg>
  <trkseg>
   <trkpt lat="46.5275043" lon="12.0090515">
    <ele>2743</ele>
    <time>2026-10-02T13:59:12Z</time>
    <extensions>
     <gpxdata:hr>109</gpxdata:hr>
     <gpxdata:distance>3219.00</gpxdata:distance>
    </extensions>
   </trkpt>
   <trkpt lat="46.5274962" lon="12.0090414">
    <ele>2743</ele>
    <time>2026-10-02T13:59:13Z</time>
    <extensions>
     <gpxdata:hr>109</gpxdata:hr>
     <gpxdata:distance>3219.00</gpxdata:distance>
    </extensions>
   </trkpt>
   <trkpt lat="46.5274893" lon="12.0090346">
    <ele>2743</ele>
    <time>2026-10-02T13:59:14Z</time>
    <extensions>
     <gpxdata:hr>109</gpxdata:hr>
     <gpxdata:distance>3219.00</gpxdata:distance>
     <gpxdata:speed>0.528</gpxdata:speed>
    </extensions>
   </trkpt>
   <trkpt lat="46.5274825" lon="12.0090298">
    <ele>2743</ele>
    <time>2026-10-02T13:59:15Z</time>
    <extensions>
     <gpxdata:hr>109</gpxdata:hr>
     <gpxdata:distance>3219.00</gpxdata:distance>
     <gpxdata:speed>1.058</gpxdata:speed>
    </extensions>
   </trkpt>
   <trkpt lat="46.5274748" lon="12.0090257">
    <ele>2743</ele>
    <time>2026-10-02T13:59:16Z</time>
    <extensions>
     <gpxdata:hr>109</gpxdata:hr>
     <gpxdata:distance>3222.00</gpxdata:distance>
     <gpxdata:speed>0.761</gpxdata:speed>
    </extensions>
   </trkpt>
   <trkpt lat="46.5274665" lon="12.0090212">
    <ele>2743</ele>
    <time>2026-10-02T13:59:17Z</time>
    <extensions>
     <gpxdata:hr>109</gpxdata:hr>
     <gpxdata:distance>3225.00</gpxdata:distance>
     <gpxdata:speed>0.467</gpxdata:speed>
    </extensions>
   </trkpt>
   <trkpt lat="46.5274581" lon="12.0090166">
    <ele>2743</ele>
    <time>2026-10-02T13:59:18Z</time>
    <extensions>
     <gpxdata:hr>109</gpxdata:hr>
     <gpxdata:distance>3226.00</gpxdata:distance>
     <gpxdata:speed>0.503</gpxdata:speed>
    </extensions>
   </trkpt>
   <trkpt lat="46.5274500" lon="12.0090121">
    <ele>2743</ele>
    <time>2026-10-02T13:59:19Z</time>
    <extensions>
     <gpxdata:hr>109</gpxdata:hr>
     <gpxdata:distance>3227.00</gpxdata:distance>
     <gpxdata:speed>0.542</gpxdata:speed>
    </extensions>
   </trkpt>
   <trkpt lat="46.5274425" lon="12.0090082">
    <ele>2743</ele>
    <time>2026-10-02T13:59:20Z</time>
    <extensions>
     <gpxdata:hr>109</gpxdata:hr>
     <gpxdata:distance>3227.50</gpxdata:distance>
     <gpxdata:speed>0.567</gpxdata:speed>
    </extensions>
   </trkpt>
   <trkpt lat="46.5274356" lon="12.0090042">
    <ele>2743</ele>
    <time>2026-10-02T13:59:21Z</time>
    <extensions>
     <gpxdata:hr>109</gpxdata:hr>
     <gpxdata:distance>3228.00</gpxdata:distance>
     <gpxdata:speed>0.592</gpxdata:speed>
    </extensions>
   </trkpt>
   <trkpt lat="46.5274290" lon="12.0090008">
    <ele>2743</ele>
    <time>2026-10-02T13:59:22Z</time>
    <extensions>
     <gpxdata:hr>109</gpxdata:hr>
     <gpxdata:distance>3228.50</gpxdata:distance>
     <gpxdata:speed>0.606</gpxdata:speed>
    </extensions>
   </trkpt>
  </trkseg>
  <trkseg>
   <trkpt lat="46.5275755" lon="12.0090407">
    <ele>2740</ele>
    <time>2026-10-02T14:02:46Z</time>
    <extensions>
     <gpxdata:hr>108</gpxdata:hr>
     <gpxdata:distance>3306.50</gpxdata:distance>
     <gpxdata:speed>1.156</gpxdata:speed>
    </extensions>
   </trkpt>
  </trkseg>
  <trkseg>
   <trkpt lat="46.5275709" lon="12.0090604">
    <ele>2740</ele>
    <time>2026-10-02T14:02:58Z</time>
    <extensions>
     <gpxdata:hr>115</gpxdata:hr>
     <gpxdata:distance>3307.00</gpxdata:distance>
    </extensions>
   </trkpt>
  </trkseg>
  <trkseg>
   <trkpt lat="46.5275568" lon="12.0090651">
    <ele>2743</ele>
    <time>2026-10-02T14:03:55Z</time>
    <extensions>
     <gpxdata:hr>99</gpxdata:hr>
     <gpxdata:distance>3310.00</gpxdata:distance>
    </extensions>
   </trkpt>
  </trkseg>
  <trkseg>
   <trkpt lat="46.5275452" lon="12.0090689">
    <ele>2743</ele>
    <time>2026-10-02T14:04:17Z</time>
    <extensions>
     <gpxdata:hr>96</gpxdata:hr>
     <gpxdata:distance>3313.00</gpxdata:distance>
    </extensions>
   </trkpt>
   <trkpt lat="46.5275372" lon="12.0090718">
    <ele>2743</ele>
    <time>2026-10-02T14:04:18Z</time>
    <extensions>
     <gpxdata:hr>95</gpxdata:hr>
     <gpxdata:distance>3313.00</gpxdata:distance>
    </extensions>
   </trkpt>
   <trkpt lat="46.5275305" lon="12.0090738">
    <ele>2743</ele>
    <time>2026-10-02T14:04:19Z</time>
    <extensions>
     <gpxdata:hr>95</gpxdata:hr>
     <gpxdata:distance>3313.00</gpxdata:distance>
    </extensions>
   </trkpt>
   <trkpt lat="46.5275245" lon="12.0090752">
    <ele>2743</ele>
    <time>2026-10-02T14:04:20Z</time>
    <extensions>
     <gpxdata:hr>94</gpxdata:hr>
     <gpxdata:distance>3314.50</gpxdata:distance>
    </extensions>
   </trkpt>
  </trkseg>
  <trkseg>
   <trkpt lat="46.5275277" lon="12.0090823">
    <ele>2743</ele>
    <time>2026-10-02T14:04:41Z</time>
    <extensions>
     <gpxdata:hr>93</gpxdata:hr>
     <gpxdata:distance>3316.00</gpxdata:distance>
    </extensions>
   </trkpt>
  </trkseg>
  <trkseg>
   <trkpt lat="46.5275298" lon="12.0090855">
    <ele>2744</ele>
    <time>2026-10-02T14:05:32Z</time>
    <extensions>
     <gpxdata:hr>98</gpxdata:hr>
     <gpxdata:distance>3316.00</gpxdata:distance>
    </extensions>
   </trkpt>
   <trkpt lat="46.5275320" lon="12.0090875">
    <ele>2744</ele>
    <time>2026-10-02T14:05:33Z</time>
    <extensions>
     <gpxdata:hr>98</gpxdata:hr>
     <gpxdata:distance>3316.00</gpxdata:distance>
    </extensions>
   </trkpt>
   <trkpt lat="46.5275345" lon="12.0090896">
    <ele>2744</ele>
    <time>2026-10-02T14:05:34Z</time>
    <extensions>
     <gpxdata:hr>98</gpxdata:hr>
     <gpxdata:distance>3316.00</gpxdata:distance>
    </extensions>
   </trkpt>
   <trkpt lat="46.5275373" lon="12.0090931">
    <ele>2744</ele>
    <time>2026-10-02T14:05:35Z</time>
    <extensions>
     <gpxdata:hr>98</gpxdata:hr>
     <gpxdata:distance>3316.00</gpxdata:distance>
    </extensions>
   </trkpt>
   <trkpt lat="46.5275405" lon="12.0090987">
    <ele>2744</ele>
    <time>2026-10-02T14:05:36Z</time>
    <extensions>
     <gpxdata:hr>98</gpxdata:hr>
     <gpxdata:distance>3317.50</gpxdata:distance>
    </extensions>
   </trkpt>
   <trkpt lat="46.5275441" lon="12.0091061">
    <ele>2744</ele>
    <time>2026-10-02T14:05:37Z</time>
    <extensions>
     <gpxdata:hr>98</gpxdata:hr>
     <gpxdata:distance>3319.00</gpxdata:distance>
    </extensions>
   </trkpt>
   <trkpt lat="46.5275475" lon="12.0091145">
    <ele>2744</ele>
    <time>2026-10-02T14:05:38Z</time>
    <extensions>
     <gpxdata:hr>99</gpxdata:hr>
     <gpxdata:distance>3319.50</gpxdata:distance>
    </extensions>
   </trkpt>
  </trkseg>
  <trkseg>
   <trkpt lat="46.5275502" lon="12.0091220">
    <ele>2744</ele>
    <time>2026-10-02T14:05:55Z</time>
    <extensions>
     <gpxdata:hr>95</gpxdata:hr>
     <gpxdata:distance>3320.00</gpxdata:distance>
    </extensions>
   </trkpt>
   <trkpt lat="46.5275517" lon="12.0091246">
    <ele>2744</ele>
    <time>2026-10-02T14:05:56Z</time>
    <extensions>
     <gpxdata:hr>95</gpxdata:hr>
     <gpxdata:distance>3320.00</gpxdata:distance>
    </extensions>
   </trkpt>
   <trkpt lat="46.5275526" lon="12.0091237">
    <ele>2744</ele>
    <time>2026-10-02T14:05:57Z</time>
    <extensions>
     <gpxdata:hr>95</gpxdata:hr>
     <gpxdata:distance>3320.00</gpxdata:distance>
    </extensions>
   </trkpt>
  </trkseg>
 </trk>
</gpx>
