<?xml version="1.0" encoding="UTF-8"?>
<gpx creator="Wikiloc - https://www.wikiloc.com" version="1.1" xmlns="http://www.topografix.com/GPX/1/1" xmlns:xsi="http://www.w3.org/2001/XMLSchema-instance" xsi:schemaLocation="http://www.topografix.com/GPX/1/1 http://www.topografix.com/GPX/1/1/gpx.xsd">
  <metadata>
    <name>Wikiloc - Passo Falzarego - Forcella Lagazuoi - Baracca ufficiali austriaci - Rifugio Lagazuoi</name>
    <author>
      <name>gremlinchaos</name>
      <link href="https://www.wikiloc.com/wikiloc/user.do?id=18293064">
        <text>gremlinchaos on Wikiloc</text>
      </link>
    </author>
    <link href="https://www.wikiloc.com/hiking-trails/passo-falzarego-forcella-lagazuoi-baracca-ufficiali-austriaci-rifugio-lagazuoi-289021213">
      <text>Passo Falzarego - Forcella Lagazuoi - Baracca ufficiali austriaci - Rifugio Lagazuoi on Wikiloc</text>
    </link>
    <time>2026-10-02T14:05:57Z</time>
  </metadata>
  <trk>
    <name>Passo Falzarego - Forcella Lagazuoi - Baracca ufficiali austriaci - Rifugio Lagazuoi - Wikiloc</name>
    <cmt>Percorso da Passo Falzarego a Rifugio Lagazuoi passando per:
- Forcella Lagazuoi (2.5 km)
- Baracca ufficiali austriaci (2.7 km)</cmt>
    <desc>Percorso da Passo Falzarego a Rifugio Lagazuoi passando per:
- Forcella Lagazuoi (2.5 km)
- Baracca ufficiali austriaci (2.7 km)</desc>
    <trkseg>
      <trkpt lat="46.519276" lon="12.008557">
        <ele>2120.039</ele>
        <time>2026-10-02T11:54:16Z</time>
      </trkpt>
      <trkpt lat="46.519280" lon="12.008565">
        <ele>2120.001</ele>
        <time>2026-10-02T11:54:17Z</time>
      </trkpt>
      <trkpt lat="46.519285" lon="12.008572">
        <ele>2120.021</ele>
        <time>2026-10-02T11:54:18Z</time>
      </trkpt>
      <trkpt lat="46.519290" lon="12.008580">
        <ele>2120.009</ele>
        <time>2026-10-02T11:54:19Z</time>
      </trkpt>
      <trkpt lat="46.519298" lon="12.008591">
        <ele>2120.085</ele>
        <time>2026-10-02T11:54:20Z</time>
      </trkpt>
      <trkpt lat="46.519308" lon="12.008603">
        <ele>2120.061</ele>
        <time>2026-10-02T11:54:21Z</time>
      </trkpt>
      <trkpt lat="46.519318" lon="12.008613">
        <ele>2120.012</ele>
        <time>2026-10-02T11:54:22Z</time>
      </trkpt>
      <trkpt lat="46.519328" lon="12.008622">
        <ele>2120.063</ele>
        <time>2026-10-02T11:54:23Z</time>
      </trkpt>
      <trkpt lat="46.519338" lon="12.008629">
        <ele>2120.035</ele>
        <time>2026-10-02T11:54:24Z</time>
      </trkpt>
      <trkpt lat="46.519349" lon="12.008635">
        <ele>2120.014</ele>
        <time>2026-10-02T11:54:25Z</time>
      </trkpt>
      <trkpt lat="46.519360" lon="12.008640">
        <ele>2120.055</ele>
        <time>2026-10-02T11:54:26Z</time>
      </trkpt>
      <trkpt lat="46.519370" lon="12.008645">
        <ele>2120.024</ele>
        <time>2026-10-02T11:54:27Z</time>
      </trkpt>
      <trkpt lat="46.519379" lon="12.008650">
        <ele>2120.056</ele>
        <time>2026-10-02T11:54:28Z</time>
      </trkpt>
      <trkpt lat="46.519389" lon="12.008653">
        <ele>2120.026</ele>
        <time>2026-10-02T11:54:29Z</time>
      </trkpt>
      <trkpt lat="46.519399" lon="12.008654">
        <ele>2120.047</ele>
        <time>2026-10-02T11:54:30Z</time>
      </trkpt>
      <trkpt lat="46.519410" lon="12.008654">
        <ele>2120.011</ele>
        <time>2026-10-02T11:54:31Z</time>
      </trkpt>
      <trkpt lat="46.519420" lon="12.008652">
        <ele>2119.009</ele>
        <time>2026-10-02T11:54:32Z</time>
      </trkpt>
      <trkpt lat="46.519431" lon="12.008649">
        <ele>2119.074</ele>
        <time>2026-10-02T11:54:33Z</time>
      </trkpt>
      <trkpt lat="46.519442" lon="12.008646">
        <ele>2119.080</ele>
        <time>2026-10-02T11:54:34Z</time>
      </trkpt>
      <trkpt lat="46.519452" lon="12.008642">
        <ele>2119.061</ele>
        <time>2026-10-02T11:54:35Z</time>
      </trkpt>
      <trkpt lat="46.519462" lon="12.008639">
        <ele>2119.042</ele>
        <time>2026-10-02T11:54:36Z</time>
      </trkpt>
      <trkpt lat="46.519472" lon="12.008636">
        <ele>2119.044</ele>
        <time>2026-10-02T11:54:37Z</time>
      </trkpt>
      <trkpt lat="46.519481" lon="12.008633">
        <ele>2119.033</ele>
        <time>2026-10-02T11:54:38Z</time>
      </trkpt>
      <trkpt lat="46.519490" lon="12.008631">
        <ele>2119.074</ele>
        <time>2026-10-02T11:54:39Z</time>
      </trkpt>
      <trkpt lat="46.519499" lon="12.008630">
        <ele>2119.043</ele>
        <time>2026-10-02T11:54:40Z</time>
      </trkpt>
      <trkpt lat="46.519508" lon="12.008629">
        <ele>2119.035</ele>
        <time>2026-10-02T11:54:41Z</time>
      </trkpt>
      <trkpt lat="46.519518" lon="12.008628">
        <ele>2119.051</ele>
        <time>2026-10-02T11:54:42Z</time>
      </trkpt>
      <trkpt lat="46.519527" lon="12.008627">
        <ele>2119.001</ele>
        <time>2026-10-02T11:54:43Z</time>
      </trkpt>
      <trkpt lat="46.519537" lon="12.008626">
        <ele>2119.011</ele>
        <time>2026-10-02T11:54:44Z</time>
      </trkpt>
      <trkpt lat="46.519548" lon="12.008623">
        <ele>2119.009</ele>
        <time>2026-10-02T11:54:45Z</time>
      </trkpt>
      <trkpt lat="46.519558" lon="12.008620">
        <ele>2119.077</ele>
        <time>2026-10-02T11:54:46Z</time>
      </trkpt>
      <trkpt lat="46.519568" lon="12.008618">
        <ele>2119.063</ele>
        <time>2026-10-02T11:54:47Z</time>
      </trkpt>
      <trkpt lat="46.519578" lon="12.008615">
        <ele>2119.044</ele>
        <time>2026-10-02T11:54:48Z</time>
      </trkpt>
      <trkpt lat="46.519588" lon="12.008612">
        <ele>2119.015</ele>
        <time>2026-10-02T11:54:49Z</time>
      </trkpt>
      <trkpt lat="46.519598" lon="12.008609">
        <ele>2119.037</ele>
        <time>2026-10-02T11:54:50Z</time>
      </trkpt>
      <trkpt lat="46.519607" lon="12.008607">
        <ele>2119.026</ele>
        <time>2026-10-02T11:54:51Z</time>
      </trkpt>
      <trkpt lat="46.519616" lon="12.008605">
        <ele>2119.047</ele>
        <time>2026-10-02T11:54:52Z</time>
      </trkpt>
      <trkpt lat="46.519625" lon="12.008603">
        <ele>2119.076</ele>
        <time>2026-10-02T11:54:53Z</time>
      </trkpt>
      <trkpt lat="46.519634" lon="12.008602">
        <ele>2119.088</ele>
        <time>2026-10-02T11:54:54Z</time>
      </trkpt>
      <trkpt lat="46.519642" lon="12.008600">
        <ele>2119.081</ele>
        <time>2026-10-02T11:54:55Z</time>
      </trkpt>
      <trkpt lat="46.519651" lon="12.008598">
        <ele>2119.061</ele>
        <time>2026-10-02T11:54:56Z</time>
      </trkpt>
      <trkpt lat="46.519660" lon="12.008597">
        <ele>2119.017</ele>
        <time>2026-10-02T11:54:57Z</time>
      </trkpt>
      <trkpt lat="46.519669" lon="12.008597">
        <ele>2119.009</ele>
        <time>2026-10-02T11:54:58Z</time>
      </trkpt>
      <trkpt lat="46.519677" lon="12.008596">
        <ele>2119.080</ele>
        <time>2026-10-02T11:54:59Z</time>
      </trkpt>
      <trkpt lat="46.519685" lon="12.008595">
        <ele>2118.016</ele>
        <time>2026-10-02T11:55:00Z</time>
      </trkpt>
      <trkpt lat="46.519694" lon="12.008593">
        <ele>2118.097</ele>
        <time>2026-10-02T11:55:01Z</time>
      </trkpt>
      <trkpt lat="46.519702" lon="12.008591">
        <ele>2118.038</ele>
        <time>2026-10-02T11:55:02Z</time>
      </trkpt>
      <trkpt lat="46.519711" lon="12.008588">
        <ele>2118.010</ele>
        <time>2026-10-02T11:55:03Z</time>
      </trkpt>
      <trkpt lat="46.519720" lon="12.008586">
        <ele>2118.029</ele>
        <time>2026-10-02T11:55:04Z</time>
      </trkpt>
      <trkpt lat="46.519729" lon="12.008583">
        <ele>2118.060</ele>
        <time>2026-10-02T11:55:05Z</time>
      </trkpt>
      <trkpt lat="46.519739" lon="12.008581">
        <ele>2118.079</ele>
        <time>2026-10-02T11:55:06Z</time>
      </trkpt>
      <trkpt lat="46.519748" lon="12.008579">
        <ele>2118.051</ele>
        <time>2026-10-02T11:55:07Z</time>
      </trkpt>
      <trkpt lat="46.519756" lon="12.008577">
        <ele>2118.071</ele>
        <time>2026-10-02T11:55:08Z</time>
      </trkpt>
      <trkpt lat="46.519765" lon="12.008574">
        <ele>2118.041</ele>
        <time>2026-10-02T11:55:09Z</time>
      </trkpt>
      <trkpt lat="46.519773" lon="12.008571">
        <ele>2118.015</ele>
        <time>2026-10-02T11:55:10Z</time>
      </trkpt>
      <trkpt lat="46.519781" lon="12.008568">
        <ele>2119.009</ele>
        <time>2026-10-02T11:55:11Z</time>
      </trkpt>
      <trkpt lat="46.519790" lon="12.008565">
        <ele>2119.039</ele>
        <time>2026-10-02T11:55:12Z</time>
      </trkpt>
      <trkpt lat="46.519799" lon="12.008562">
        <ele>2119.065</ele>
        <time>2026-10-02T11:55:13Z</time>
      </trkpt>
      <trkpt lat="46.519808" lon="12.008559">
        <ele>2119.076</ele>
        <time>2026-10-02T11:55:14Z</time>
      </trkpt>
      <trkpt lat="46.519816" lon="12.008556">
        <ele>2119.087</ele>
        <time>2026-10-02T11:55:15Z</time>
      </trkpt>
      <trkpt lat="46.519825" lon="12.008554">
        <ele>2119.039</ele>
        <time>2026-10-02T11:55:16Z</time>
      </trkpt>
      <trkpt lat="46.519834" lon="12.008554">
        <ele>2119.038</ele>
        <time>2026-10-02T11:55:17Z</time>
      </trkpt>
      <trkpt lat="46.519842" lon="12.008555">
        <ele>2119.069</ele>
        <time>2026-10-02T11:55:18Z</time>
      </trkpt>
      <trkpt lat="46.519848" lon="12.008559">
        <ele>2119.078</ele>
        <time>2026-10-02T11:55:19Z</time>
      </trkpt>
      <trkpt lat="46.519855" lon="12.008571">
        <ele>2119.050</ele>
        <time>2026-10-02T11:55:25Z</time>
      </trkpt>
      <trkpt lat="46.519862" lon="12.008582">
        <ele>2119.084</ele>
        <time>2026-10-02T11:55:26Z</time>
      </trkpt>
      <trkpt lat="46.519867" lon="12.008591">
        <ele>2119.007</ele>
        <time>2026-10-02T11:55:27Z</time>
      </trkpt>
      <trkpt lat="46.519872" lon="12.008599">
        <ele>2118.017</ele>
        <time>2026-10-02T11:55:28Z</time>
      </trkpt>
      <trkpt lat="46.519877" lon="12.008605">
        <ele>2118.009</ele>
        <time>2026-10-02T11:55:29Z</time>
      </trkpt>
      <trkpt lat="46.519883" lon="12.008612">
        <ele>2118.050</ele>
        <time>2026-10-02T11:55:30Z</time>
      </trkpt>
      <trkpt lat="46.519890" lon="12.008618">
        <ele>2118.086</ele>
        <time>2026-10-02T11:55:31Z</time>
      </trkpt>
      <trkpt lat="46.519896" lon="12.008623">
        <ele>2118.077</ele>
        <time>2026-10-02T11:55:32Z</time>
      </trkpt>
      <trkpt lat="46.519902" lon="12.008629">
        <ele>2118.078</ele>
        <time>2026-10-02T11:55:33Z</time>
      </trkpt>
      <trkpt lat="46.519909" lon="12.008636">
        <ele>2118.030</ele>
        <time>2026-10-02T11:55:34Z</time>
      </trkpt>
      <trkpt lat="46.519916" lon="12.008644">
        <ele>2118.079</ele>
        <time>2026-10-02T11:55:35Z</time>
      </trkpt>
      <trkpt lat="46.519924" lon="12.008653">
        <ele>2117.020</ele>
        <time>2026-10-02T11:55:36Z</time>
      </trkpt>
      <trkpt lat="46.519933" lon="12.008662">
        <ele>2117.079</ele>
        <time>2026-10-02T11:55:37Z</time>
      </trkpt>
      <trkpt lat="46.519942" lon="12.008671">
        <ele>2117.051</ele>
        <time>2026-10-02T11:55:38Z</time>
      </trkpt>
      <trkpt lat="46.519951" lon="12.008679">
        <ele>2117.062</ele>
        <time>2026-10-02T11:55:39Z</time>
      </trkpt>
      <trkpt lat="46.519960" lon="12.008687">
        <ele>2116.083</ele>
        <time>2026-10-02T11:55:40Z</time>
      </trkpt>
      <trkpt lat="46.519967" lon="12.008697">
        <ele>2116.011</ele>
        <time>2026-10-02T11:55:41Z</time>
      </trkpt>
      <trkpt lat="46.519972" lon="12.008708">
        <ele>2116.009</ele>
        <time>2026-10-02T11:55:42Z</time>
      </trkpt>
      <trkpt lat="46.519976" lon="12.008719">
        <ele>2116.068</ele>
        <time>2026-10-02T11:55:43Z</time>
      </trkpt>
      <trkpt lat="46.519979" lon="12.008730">
        <ele>2116.084</ele>
        <time>2026-10-02T11:55:44Z</time>
      </trkpt>
      <trkpt lat="46.519980" lon="12.008741">
        <ele>2116.055</ele>
        <time>2026-10-02T11:55:45Z</time>
      </trkpt>
      <trkpt lat="46.519981" lon="12.008751">
        <ele>2116.056</ele>
        <time>2026-10-02T11:55:46Z</time>
      </trkpt>
      <trkpt lat="46.519972" lon="12.008766">
        <ele>2116.098</ele>
        <time>2026-10-02T11:57:54Z</time>
      </trkpt>
      <trkpt lat="46.519964" lon="12.008762">
        <ele>2115.097</ele>
        <time>2026-10-02T12:02:35Z</time>
      </trkpt>
      <trkpt lat="46.519962" lon="12.008768">
        <ele>2113.028</ele>
        <time>2026-10-02T12:05:05Z</time>
      </trkpt>
      <trkpt lat="46.519962" lon="12.008773">
        <ele>2113.057</ele>
        <time>2026-10-02T12:05:06Z</time>
      </trkpt>
      <trkpt lat="46.519963" lon="12.008778">
        <ele>2113.089</ele>
        <time>2026-10-02T12:05:07Z</time>
      </trkpt>
      <trkpt lat="46.519966" lon="12.008784">
        <ele>2113.042</ele>
        <time>2026-10-02T12:05:08Z</time>
      </trkpt>
      <trkpt lat="46.519970" lon="12.008792">
        <ele>2113.022</ele>
        <time>2026-10-02T12:05:09Z</time>
      </trkpt>
      <trkpt lat="46.519977" lon="12.008800">
        <ele>2113.014</ele>
        <time>2026-10-02T12:05:10Z</time>
      </trkpt>
      <trkpt lat="46.519984" lon="12.008809">
        <ele>2113.009</ele>
        <time>2026-10-02T12:05:11Z</time>
      </trkpt>
      <trkpt lat="46.519993" lon="12.008819">
        <ele>2113.046</ele>
        <time>2026-10-02T12:05:12Z</time>
      </trkpt>
      <trkpt lat="46.520001" lon="12.008829">
        <ele>2113.042</ele>
        <time>2026-10-02T12:05:13Z</time>
      </trkpt>
      <trkpt lat="46.520010" lon="12.008839">
        <ele>2113.033</ele>
        <time>2026-10-02T12:05:14Z</time>
      </trkpt>
      <trkpt lat="46.520019" lon="12.008849">
        <ele>2113.064</ele>
        <time>2026-10-02T12:05:15Z</time>
      </trkpt>
      <trkpt lat="46.520028" lon="12.008859">
        <ele>2113.046</ele>
        <time>2026-10-02T12:05:16Z</time>
      </trkpt>
      <trkpt lat="46.520037" lon="12.008869">
        <ele>2113.095</ele>
        <time>2026-10-02T12:05:17Z</time>
      </trkpt>
      <trkpt lat="46.520046" lon="12.008880">
        <ele>2113.036</ele>
        <time>2026-10-02T12:05:18Z</time>
      </trkpt>
      <trkpt lat="46.520056" lon="12.008892">
        <ele>2113.095</ele>
        <time>2026-10-02T12:05:19Z</time>
      </trkpt>
      <trkpt lat="46.520065" lon="12.008903">
        <ele>2113.097</ele>
        <time>2026-10-02T12:05:20Z</time>
      </trkpt>
      <trkpt lat="46.520073" lon="12.008914">
        <ele>2113.065</ele>
        <time>2026-10-02T12:05:21Z</time>
      </trkpt>
      <trkpt lat="46.520082" lon="12.008925">
        <ele>2113.068</ele>
        <time>2026-10-02T12:05:22Z</time>
      </trkpt>
      <trkpt lat="46.520090" lon="12.008935">
        <ele>2113.014</ele>
        <time>2026-10-02T12:05:23Z</time>
      </trkpt>
      <trkpt lat="46.520098" lon="12.008945">
        <ele>2113.009</ele>
        <time>2026-10-02T12:05:24Z</time>
      </trkpt>
      <trkpt lat="46.520105" lon="12.008954">
        <ele>2113.058</ele>
        <time>2026-10-02T12:05:25Z</time>
      </trkpt>
      <trkpt lat="46.520113" lon="12.008961">
        <ele>2113.064</ele>
        <time>2026-10-02T12:05:26Z</time>
      </trkpt>
      <trkpt lat="46.520121" lon="12.008967">
        <ele>2114.045</ele>
        <time>2026-10-02T12:05:27Z</time>
      </trkpt>
      <trkpt lat="46.520128" lon="12.008974">
        <ele>2114.026</ele>
        <time>2026-10-02T12:05:28Z</time>
      </trkpt>
      <trkpt lat="46.520135" lon="12.008981">
        <ele>2114.028</ele>
        <time>2026-10-02T12:05:29Z</time>
      </trkpt>
      <trkpt lat="46.520141" lon="12.008988">
        <ele>2114.047</ele>
        <time>2026-10-02T12:05:30Z</time>
      </trkpt>
      <trkpt lat="46.520147" lon="12.008994">
        <ele>2115.078</ele>
        <time>2026-10-02T12:05:56Z</time>
      </trkpt>
      <trkpt lat="46.520152" lon="12.008998">
        <ele>2115.087</ele>
        <time>2026-10-02T12:05:57Z</time>
      </trkpt>
      <trkpt lat="46.520156" lon="12.009003">
        <ele>2115.049</ele>
        <time>2026-10-02T12:05:58Z</time>
      </trkpt>
      <trkpt lat="46.520161" lon="12.009007">
        <ele>2115.076</ele>
        <time>2026-10-02T12:05:59Z</time>
      </trkpt>
      <trkpt lat="46.520168" lon="12.009014">
        <ele>2115.090</ele>
        <time>2026-10-02T12:06:00Z</time>
      </trkpt>
      <trkpt lat="46.520175" lon="12.009022">
        <ele>2115.019</ele>
        <time>2026-10-02T12:06:01Z</time>
      </trkpt>
      <trkpt lat="46.520177" lon="12.009025">
        <ele>2115.009</ele>
        <time>2026-10-02T12:06:02Z</time>
      </trkpt>
      <trkpt lat="46.520180" lon="12.009029">
        <ele>2116.029</ele>
        <time>2026-10-02T12:06:03Z</time>
      </trkpt>
      <trkpt lat="46.520182" lon="12.009032">
        <ele>2116.095</ele>
        <time>2026-10-02T12:06:04Z</time>
      </trkpt>
      <trkpt lat="46.520189" lon="12.009040">
        <ele>2116.066</ele>
        <time>2026-10-02T12:06:05Z</time>
      </trkpt>
      <trkpt lat="46.520196" lon="12.009047">
        <ele>2116.017</ele>
        <time>2026-10-02T12:06:06Z</time>
      </trkpt>
      <trkpt lat="46.520202" lon="12.009054">
        <ele>2116.049</ele>
        <time>2026-10-02T12:06:07Z</time>
      </trkpt>
      <trkpt lat="46.520209" lon="12.009061">
        <ele>2116.058</ele>
        <time>2026-10-02T12:06:08Z</time>
      </trkpt>
      <trkpt lat="46.520217" lon="12.009068">
        <ele>2116.049</ele>
        <time>2026-10-02T12:06:09Z</time>
      </trkpt>
      <trkpt lat="46.520225" lon="12.009074">
        <ele>2116.078</ele>
        <time>2026-10-02T12:06:10Z</time>
      </trkpt>
      <trkpt lat="46.520234" lon="12.009081">
        <ele>2116.060</ele>
        <time>2026-10-02T12:06:11Z</time>
      </trkpt>
      <trkpt lat="46.520242" lon="12.009088">
        <ele>2116.091</ele>
        <time>2026-10-02T12:06:12Z</time>
      </trkpt>
      <trkpt lat="46.520249" lon="12.009095">
        <ele>2116.081</ele>
        <time>2026-10-02T12:06:13Z</time>
      </trkpt>
      <trkpt lat="46.520256" lon="12.009101">
        <ele>2116.019</ele>
        <time>2026-10-02T12:06:14Z</time>
      </trkpt>
      <trkpt lat="46.520262" lon="12.009106">
        <ele>2116.009</ele>
        <time>2026-10-02T12:06:15Z</time>
      </trkpt>
      <trkpt lat="46.520268" lon="12.009111">
        <ele>2116.021</ele>
        <time>2026-10-02T12:06:16Z</time>
      </trkpt>
      <trkpt lat="46.520275" lon="12.009117">
        <ele>2116.057</ele>
        <time>2026-10-02T12:06:17Z</time>
      </trkpt>
      <trkpt lat="46.520281" lon="12.009124">
        <ele>2116.028</ele>
        <time>2026-10-02T12:06:18Z</time>
      </trkpt>
      <trkpt lat="46.520288" lon="12.009131">
        <ele>2117.059</ele>
        <time>2026-10-02T12:06:19Z</time>
      </trkpt>
      <trkpt lat="46.520296" lon="12.009138">
        <ele>2117.071</ele>
        <time>2026-10-02T12:06:20Z</time>
      </trkpt>
      <trkpt lat="46.520303" lon="12.009145">
        <ele>2117.070</ele>
        <time>2026-10-02T12:06:21Z</time>
      </trkpt>
      <trkpt lat="46.520311" lon="12.009152">
        <ele>2117.041</ele>
        <time>2026-10-02T12:06:22Z</time>
      </trkpt>
      <trkpt lat="46.520318" lon="12.009160">
        <ele>2117.010</ele>
        <time>2026-10-02T12:06:23Z</time>
      </trkpt>
      <trkpt lat="46.520325" lon="12.009169">
        <ele>2117.092</ele>
        <time>2026-10-02T12:06:24Z</time>
      </trkpt>
      <trkpt lat="46.520331" lon="12.009179">
        <ele>2117.049</ele>
        <time>2026-10-02T12:06:25Z</time>
      </trkpt>
      <trkpt lat="46.520337" lon="12.009189">
        <ele>2117.002</ele>
        <time>2026-10-02T12:06:26Z</time>
      </trkpt>
      <trkpt lat="46.520343" lon="12.009199">
        <ele>2118.022</ele>
        <time>2026-10-02T12:06:27Z</time>
      </trkpt>
      <trkpt lat="46.520350" lon="12.009209">
        <ele>2118.009</ele>
        <time>2026-10-02T12:06:28Z</time>
      </trkpt>
      <trkpt lat="46.520356" lon="12.009218">
        <ele>2118.036</ele>
        <time>2026-10-02T12:06:29Z</time>
      </trkpt>
      <trkpt lat="46.520362" lon="12.009226">
        <ele>2118.092</ele>
        <time>2026-10-02T12:06:30Z</time>
      </trkpt>
      <trkpt lat="46.520368" lon="12.009233">
        <ele>2118.043</ele>
        <time>2026-10-02T12:06:31Z</time>
      </trkpt>
      <trkpt lat="46.520375" lon="12.009240">
        <ele>2118.034</ele>
        <time>2026-10-02T12:06:32Z</time>
      </trkpt>
      <trkpt lat="46.520382" lon="12.009246">
        <ele>2118.066</ele>
        <time>2026-10-02T12:06:33Z</time>
      </trkpt>
      <trkpt lat="46.520389" lon="12.009253">
        <ele>2118.015</ele>
        <time>2026-10-02T12:06:34Z</time>
      </trkpt>
      <trkpt lat="46.520396" lon="12.009261">
        <ele>2119.026</ele>
        <time>2026-10-02T12:06:35Z</time>
      </trkpt>
      <trkpt lat="46.520402" lon="12.009268">
        <ele>2119.095</ele>
        <time>2026-10-02T12:06:36Z</time>
      </trkpt>
      <trkpt lat="46.520408" lon="12.009275">
        <ele>2119.037</ele>
        <time>2026-10-02T12:06:37Z</time>
      </trkpt>
      <trkpt lat="46.520414" lon="12.009282">
        <ele>2119.053</ele>
        <time>2026-10-02T12:06:38Z</time>
      </trkpt>
      <trkpt lat="46.520420" lon="12.009287">
        <ele>2119.004</ele>
        <time>2026-10-02T12:06:39Z</time>
      </trkpt>
      <trkpt lat="46.520427" lon="12.009293">
        <ele>2119.014</ele>
        <time>2026-10-02T12:06:40Z</time>
      </trkpt>
      <trkpt lat="46.520434" lon="12.009298">
        <ele>2119.009</ele>
        <time>2026-10-02T12:06:41Z</time>
      </trkpt>
      <trkpt lat="46.520440" lon="12.009303">
        <ele>2119.027</ele>
        <time>2026-10-02T12:06:42Z</time>
      </trkpt>
      <trkpt lat="46.520444" lon="12.009310">
        <ele>2121.033</ele>
        <time>2026-10-02T12:06:53Z</time>
      </trkpt>
      <trkpt lat="46.520448" lon="12.009316">
        <ele>2121.034</ele>
        <time>2026-10-02T12:06:54Z</time>
      </trkpt>
      <trkpt lat="46.520451" lon="12.009321">
        <ele>2121.085</ele>
        <time>2026-10-02T12:06:55Z</time>
      </trkpt>
      <trkpt lat="46.520455" lon="12.009325">
        <ele>2121.047</ele>
        <time>2026-10-02T12:06:56Z</time>
      </trkpt>
      <trkpt lat="46.520460" lon="12.009329">
        <ele>2121.066</ele>
        <time>2026-10-02T12:06:57Z</time>
      </trkpt>
      <trkpt lat="46.520467" lon="12.009333">
        <ele>2121.037</ele>
        <time>2026-10-02T12:06:58Z</time>
      </trkpt>
      <trkpt lat="46.520474" lon="12.009338">
        <ele>2122.016</ele>
        <time>2026-10-02T12:06:59Z</time>
      </trkpt>
      <trkpt lat="46.520481" lon="12.009346">
        <ele>2123.028</ele>
        <time>2026-10-02T12:07:09Z</time>
      </trkpt>
      <trkpt lat="46.520486" lon="12.009351">
        <ele>2123.056</ele>
        <time>2026-10-02T12:07:10Z</time>
      </trkpt>
      <trkpt lat="46.520491" lon="12.009356">
        <ele>2123.059</ele>
        <time>2026-10-02T12:07:11Z</time>
      </trkpt>
      <trkpt lat="46.520496" lon="12.009360">
        <ele>2123.014</ele>
        <time>2026-10-02T12:07:12Z</time>
      </trkpt>
      <trkpt lat="46.520501" lon="12.009364">
        <ele>2123.009</ele>
        <time>2026-10-02T12:07:13Z</time>
      </trkpt>
      <trkpt lat="46.520507" lon="12.009370">
        <ele>2123.097</ele>
        <time>2026-10-02T12:07:14Z</time>
      </trkpt>
      <trkpt lat="46.520514" lon="12.009375">
        <ele>2123.083</ele>
        <time>2026-10-02T12:07:15Z</time>
      </trkpt>
      <trkpt lat="46.520520" lon="12.009380">
        <ele>2123.024</ele>
        <time>2026-10-02T12:07:16Z</time>
      </trkpt>
      <trkpt lat="46.520528" lon="12.009386">
        <ele>2123.025</ele>
        <time>2026-10-02T12:07:17Z</time>
      </trkpt>
      <trkpt lat="46.520536" lon="12.009391">
        <ele>2123.097</ele>
        <time>2026-10-02T12:07:18Z</time>
      </trkpt>
      <trkpt lat="46.520544" lon="12.009397">
        <ele>2124.076</ele>
        <time>2026-10-02T12:07:19Z</time>
      </trkpt>
      <trkpt lat="46.520552" lon="12.009403">
        <ele>2124.087</ele>
        <time>2026-10-02T12:07:20Z</time>
      </trkpt>
      <trkpt lat="46.520560" lon="12.009409">
        <ele>2124.086</ele>
        <time>2026-10-02T12:07:21Z</time>
      </trkpt>
      <trkpt lat="46.520567" lon="12.009416">
        <ele>2124.038</ele>
        <time>2026-10-02T12:07:22Z</time>
      </trkpt>
      <trkpt lat="46.520574" lon="12.009422">
        <ele>2125.093</ele>
        <time>2026-10-02T12:07:23Z</time>
      </trkpt>
      <trkpt lat="46.520581" lon="12.009428">
        <ele>2125.065</ele>
        <time>2026-10-02T12:07:24Z</time>
      </trkpt>
      <trkpt lat="46.520588" lon="12.009434">
        <ele>2125.021</ele>
        <time>2026-10-02T12:07:25Z</time>
      </trkpt>
      <trkpt lat="46.520595" lon="12.009440">
        <ele>2125.009</ele>
        <time>2026-10-02T12:07:26Z</time>
      </trkpt>
      <trkpt lat="46.520601" lon="12.009447">
        <ele>2126.021</ele>
        <time>2026-10-02T12:07:27Z</time>
      </trkpt>
      <trkpt lat="46.520607" lon="12.009455">
        <ele>2126.037</ele>
        <time>2026-10-02T12:07:28Z</time>
      </trkpt>
      <trkpt lat="46.520612" lon="12.009464">
        <ele>2126.038</ele>
        <time>2026-10-02T12:07:29Z</time>
      </trkpt>
      <trkpt lat="46.520616" lon="12.009473">
        <ele>2126.019</ele>
        <time>2026-10-02T12:07:30Z</time>
      </trkpt>
      <trkpt lat="46.520620" lon="12.009483">
        <ele>2127.041</ele>
        <time>2026-10-02T12:07:31Z</time>
      </trkpt>
      <trkpt lat="46.520623" lon="12.009492">
        <ele>2127.020</ele>
        <time>2026-10-02T12:07:32Z</time>
      </trkpt>
      <trkpt lat="46.520626" lon="12.009501">
        <ele>2127.061</ele>
        <time>2026-10-02T12:07:33Z</time>
      </trkpt>
      <trkpt lat="46.520630" lon="12.009510">
        <ele>2127.040</ele>
        <time>2026-10-02T12:07:34Z</time>
      </trkpt>
      <trkpt lat="46.520633" lon="12.009519">
        <ele>2127.012</ele>
        <time>2026-10-02T12:07:35Z</time>
      </trkpt>
      <trkpt lat="46.520636" lon="12.009530">
        <ele>2127.011</ele>
        <time>2026-10-02T12:07:36Z</time>
      </trkpt>
      <trkpt lat="46.520639" lon="12.009542">
        <ele>2127.021</ele>
        <time>2026-10-02T12:07:37Z</time>
      </trkpt>
      <trkpt lat="46.520643" lon="12.009555">
        <ele>2127.003</ele>
        <time>2026-10-02T12:07:38Z</time>
      </trkpt>
      <trkpt lat="46.520646" lon="12.009568">
        <ele>2128.009</ele>
        <time>2026-10-02T12:07:39Z</time>
      </trkpt>
      <trkpt lat="46.520649" lon="12.009582">
        <ele>2128.023</ele>
        <time>2026-10-02T12:07:40Z</time>
      </trkpt>
      <trkpt lat="46.520652" lon="12.009596">
        <ele>2128.069</ele>
        <time>2026-10-02T12:07:41Z</time>
      </trkpt>
      <trkpt lat="46.520654" lon="12.009610">
        <ele>2128.010</ele>
        <time>2026-10-02T12:07:42Z</time>
      </trkpt>
      <trkpt lat="46.520656" lon="12.009623">
        <ele>2129.081</ele>
        <time>2026-10-02T12:07:43Z</time>
      </trkpt>
      <trkpt lat="46.520658" lon="12.009634">
        <ele>2129.023</ele>
        <time>2026-10-02T12:07:44Z</time>
      </trkpt>
      <trkpt lat="46.520660" lon="12.009643">
        <ele>2129.072</ele>
        <time>2026-10-02T12:07:45Z</time>
      </trkpt>
      <trkpt lat="46.520663" lon="12.009650">
        <ele>2129.083</ele>
        <time>2026-10-02T12:07:46Z</time>
      </trkpt>
      <trkpt lat="46.520668" lon="12.009657">
        <ele>2130.012</ele>
        <time>2026-10-02T12:07:47Z</time>
      </trkpt>
      <trkpt lat="46.520673" lon="12.009662">
        <ele>2130.044</ele>
        <time>2026-10-02T12:07:48Z</time>
      </trkpt>
      <trkpt lat="46.520680" lon="12.009665">
        <ele>2130.032</ele>
        <time>2026-10-02T12:07:49Z</time>
      </trkpt>
      <trkpt lat="46.520688" lon="12.009667">
        <ele>2130.092</ele>
        <time>2026-10-02T12:07:50Z</time>
      </trkpt>
      <trkpt lat="46.520697" lon="12.009668">
        <ele>2131.011</ele>
        <time>2026-10-02T12:07:51Z</time>
      </trkpt>
      <trkpt lat="46.520704" lon="12.009667">
        <ele>2131.009</ele>
        <time>2026-10-02T12:07:52Z</time>
      </trkpt>
      <trkpt lat="46.520712" lon="12.009666">
        <ele>2131.025</ele>
        <time>2026-10-02T12:07:53Z</time>
      </trkpt>
      <trkpt lat="46.520720" lon="12.009665">
        <ele>2131.011</ele>
        <time>2026-10-02T12:07:54Z</time>
      </trkpt>
      <trkpt lat="46.520728" lon="12.009664">
        <ele>2132.092</ele>
        <time>2026-10-02T12:07:55Z</time>
      </trkpt>
      <trkpt lat="46.520735" lon="12.009665">
        <ele>2132.023</ele>
        <time>2026-10-02T12:07:56Z</time>
      </trkpt>
      <trkpt lat="46.520742" lon="12.009667">
        <ele>2132.085</ele>
        <time>2026-10-02T12:07:57Z</time>
      </trkpt>
      <trkpt lat="46.520749" lon="12.009671">
        <ele>2132.054</ele>
        <time>2026-10-02T12:07:58Z</time>
      </trkpt>
      <trkpt lat="46.520755" lon="12.009676">
        <ele>2132.045</ele>
        <time>2026-10-02T12:07:59Z</time>
      </trkpt>
      <trkpt lat="46.520761" lon="12.009684">
        <ele>2132.074</ele>
        <time>2026-10-02T12:08:00Z</time>
      </trkpt>
      <trkpt lat="46.520763" lon="12.009693">
        <ele>2134.016</ele>
        <time>2026-10-02T12:08:13Z</time>
      </trkpt>
      <trkpt lat="46.520764" lon="12.009700">
        <ele>2134.037</ele>
        <time>2026-10-02T12:08:14Z</time>
      </trkpt>
      <trkpt lat="46.520766" lon="12.009706">
        <ele>2135.049</ele>
        <time>2026-10-02T12:08:15Z</time>
      </trkpt>
      <trkpt lat="46.520769" lon="12.009710">
        <ele>2135.013</ele>
        <time>2026-10-02T12:08:16Z</time>
      </trkpt>
      <trkpt lat="46.520774" lon="12.009713">
        <ele>2135.009</ele>
        <time>2026-10-02T12:08:17Z</time>
      </trkpt>
      <trkpt lat="46.520780" lon="12.009716">
        <ele>2135.045</ele>
        <time>2026-10-02T12:08:18Z</time>
      </trkpt>
      <trkpt lat="46.520788" lon="12.009719">
        <ele>2135.031</ele>
        <time>2026-10-02T12:08:19Z</time>
      </trkpt>
      <trkpt lat="46.520795" lon="12.009724">
        <ele>2135.022</ele>
        <time>2026-10-02T12:08:20Z</time>
      </trkpt>
      <trkpt lat="46.520803" lon="12.009729">
        <ele>2135.083</ele>
        <time>2026-10-02T12:08:21Z</time>
      </trkpt>
      <trkpt lat="46.520810" lon="12.009735">
        <ele>2135.025</ele>
        <time>2026-10-02T12:08:22Z</time>
      </trkpt>
      <trkpt lat="46.520817" lon="12.009739">
        <ele>2135.014</ele>
        <time>2026-10-02T12:08:23Z</time>
      </trkpt>
      <trkpt lat="46.520824" lon="12.009743">
        <ele>2135.055</ele>
        <time>2026-10-02T12:08:24Z</time>
      </trkpt>
      <trkpt lat="46.520831" lon="12.009746">
        <ele>2135.024</ele>
        <time>2026-10-02T12:08:25Z</time>
      </trkpt>
      <trkpt lat="46.520838" lon="12.009749">
        <ele>2135.056</ele>
        <time>2026-10-02T12:08:26Z</time>
      </trkpt>
      <trkpt lat="46.520845" lon="12.009751">
        <ele>2136.061</ele>
        <time>2026-10-02T12:08:27Z</time>
      </trkpt>
      <trkpt lat="46.520853" lon="12.009753">
        <ele>2136.021</ele>
        <time>2026-10-02T12:08:28Z</time>
      </trkpt>
      <trkpt lat="46.520860" lon="12.009754">
        <ele>2136.013</ele>
        <time>2026-10-02T12:08:29Z</time>
      </trkpt>
      <trkpt lat="46.520867" lon="12.009755">
        <ele>2136.009</ele>
        <time>2026-10-02T12:08:30Z</time>
      </trkpt>
      <trkpt lat="46.520874" lon="12.009756">
        <ele>2137.038</ele>
        <time>2026-10-02T12:08:31Z</time>
      </trkpt>
      <trkpt lat="46.520880" lon="12.009756">
        <ele>2137.014</ele>
        <time>2026-10-02T12:08:32Z</time>
      </trkpt>
      <trkpt lat="46.520887" lon="12.009754">
        <ele>2137.025</ele>
        <time>2026-10-02T12:08:33Z</time>
      </trkpt>
      <trkpt lat="46.520893" lon="12.009751">
        <ele>2137.076</ele>
        <time>2026-10-02T12:08:34Z</time>
      </trkpt>
      <trkpt lat="46.520900" lon="12.009747">
        <ele>2137.058</ele>
        <time>2026-10-02T12:08:35Z</time>
      </trkpt>
      <trkpt lat="46.520907" lon="12.009743">
        <ele>2137.017</ele>
        <time>2026-10-02T12:08:36Z</time>
      </trkpt>
      <trkpt lat="46.520914" lon="12.009739">
        <ele>2137.078</ele>
        <time>2026-10-02T12:08:37Z</time>
      </trkpt>
      <trkpt lat="46.520921" lon="12.009737">
        <ele>2137.067</ele>
        <time>2026-10-02T12:08:38Z</time>
      </trkpt>
      <trkpt lat="46.520929" lon="12.009735">
        <ele>2138.029</ele>
        <time>2026-10-02T12:08:39Z</time>
      </trkpt>
      <trkpt lat="46.520936" lon="12.009732">
        <ele>2138.094</ele>
        <time>2026-10-02T12:08:40Z</time>
      </trkpt>
      <trkpt lat="46.520943" lon="12.009729">
        <ele>2138.057</ele>
        <time>2026-10-02T12:08:41Z</time>
      </trkpt>
      <trkpt lat="46.520950" lon="12.009727">
        <ele>2138.022</ele>
        <time>2026-10-02T12:08:42Z</time>
      </trkpt>
      <trkpt lat="46.520957" lon="12.009727">
        <ele>2139.009</ele>
        <time>2026-10-02T12:08:43Z</time>
      </trkpt>
      <trkpt lat="46.520963" lon="12.009729">
        <ele>2139.011</ele>
        <time>2026-10-02T12:08:44Z</time>
      </trkpt>
      <trkpt lat="46.520969" lon="12.009732">
        <ele>2139.037</ele>
        <time>2026-10-02T12:08:45Z</time>
      </trkpt>
      <trkpt lat="46.520975" lon="12.009736">
        <ele>2139.058</ele>
        <time>2026-10-02T12:08:46Z</time>
      </trkpt>
      <trkpt lat="46.520982" lon="12.009739">
        <ele>2139.029</ele>
        <time>2026-10-02T12:08:47Z</time>
      </trkpt>
      <trkpt lat="46.520989" lon="12.009742">
        <ele>2139.061</ele>
        <time>2026-10-02T12:08:48Z</time>
      </trkpt>
      <trkpt lat="46.520997" lon="12.009744">
        <ele>2139.010</ele>
        <time>2026-10-02T12:08:49Z</time>
      </trkpt>
      <trkpt lat="46.521005" lon="12.009747">
        <ele>2139.011</ele>
        <time>2026-10-02T12:08:50Z</time>
      </trkpt>
      <trkpt lat="46.521013" lon="12.009751">
        <ele>2140.020</ele>
        <time>2026-10-02T12:08:51Z</time>
      </trkpt>
      <trkpt lat="46.521021" lon="12.009756">
        <ele>2140.092</ele>
        <time>2026-10-02T12:08:52Z</time>
      </trkpt>
      <trkpt lat="46.521030" lon="12.009760">
        <ele>2140.071</ele>
        <time>2026-10-02T12:08:53Z</time>
      </trkpt>
      <trkpt lat="46.521039" lon="12.009764">
        <ele>2140.041</ele>
        <time>2026-10-02T12:08:54Z</time>
      </trkpt>
      <trkpt lat="46.521048" lon="12.009767">
        <ele>2141.015</ele>
        <time>2026-10-02T12:08:55Z</time>
      </trkpt>
      <trkpt lat="46.521058" lon="12.009770">
        <ele>2141.009</ele>
        <time>2026-10-02T12:08:56Z</time>
      </trkpt>
      <trkpt lat="46.521067" lon="12.009773">
        <ele>2141.079</ele>
        <time>2026-10-02T12:08:57Z</time>
      </trkpt>
      <trkpt lat="46.521076" lon="12.009778">
        <ele>2141.025</ele>
        <time>2026-10-02T12:08:58Z</time>
      </trkpt>
      <trkpt lat="46.521082" lon="12.009785">
        <ele>2141.076</ele>
        <time>2026-10-02T12:08:59Z</time>
      </trkpt>
      <trkpt lat="46.521088" lon="12.009793">
        <ele>2141.077</ele>
        <time>2026-10-02T12:09:00Z</time>
      </trkpt>
      <trkpt lat="46.521092" lon="12.009802">
        <ele>2141.079</ele>
        <time>2026-10-02T12:09:01Z</time>
      </trkpt>
      <trkpt lat="46.521097" lon="12.009811">
        <ele>2141.028</ele>
        <time>2026-10-02T12:09:02Z</time>
      </trkpt>
      <trkpt lat="46.521102" lon="12.009819">
        <ele>2142.099</ele>
        <time>2026-10-02T12:09:03Z</time>
      </trkpt>
      <trkpt lat="46.521108" lon="12.009826">
        <ele>2142.048</ele>
        <time>2026-10-02T12:09:04Z</time>
      </trkpt>
      <trkpt lat="46.521116" lon="12.009830">
        <ele>2142.010</ele>
        <time>2026-10-02T12:09:05Z</time>
      </trkpt>
      <trkpt lat="46.521123" lon="12.009833">
        <ele>2142.098</ele>
        <time>2026-10-02T12:09:06Z</time>
      </trkpt>
      <trkpt lat="46.521132" lon="12.009837">
        <ele>2142.015</ele>
        <time>2026-10-02T12:09:07Z</time>
      </trkpt>
      <trkpt lat="46.521140" lon="12.009841">
        <ele>2142.026</ele>
        <time>2026-10-02T12:09:08Z</time>
      </trkpt>
      <trkpt lat="46.521148" lon="12.009847">
        <ele>2142.009</ele>
        <time>2026-10-02T12:09:09Z</time>
      </trkpt>
      <trkpt lat="46.521156" lon="12.009853">
        <ele>2142.081</ele>
        <time>2026-10-02T12:09:10Z</time>
      </trkpt>
      <trkpt lat="46.521164" lon="12.009859">
        <ele>2143.067</ele>
        <time>2026-10-02T12:09:11Z</time>
      </trkpt>
      <trkpt lat="46.521172" lon="12.009864">
        <ele>2143.068</ele>
        <time>2026-10-02T12:09:12Z</time>
      </trkpt>
      <trkpt lat="46.521181" lon="12.009869">
        <ele>2143.029</ele>
        <time>2026-10-02T12:09:13Z</time>
      </trkpt>
      <trkpt lat="46.521189" lon="12.009874">
        <ele>2143.021</ele>
        <time>2026-10-02T12:09:14Z</time>
      </trkpt>
      <trkpt lat="46.521197" lon="12.009880">
        <ele>2144.030</ele>
        <time>2026-10-02T12:09:15Z</time>
      </trkpt>
      <trkpt lat="46.521205" lon="12.009887">
        <ele>2144.011</ele>
        <time>2026-10-02T12:09:16Z</time>
      </trkpt>
      <trkpt lat="46.521212" lon="12.009895">
        <ele>2144.050</ele>
        <time>2026-10-02T12:09:17Z</time>
      </trkpt>
      <trkpt lat="46.521219" lon="12.009902">
        <ele>2144.082</ele>
        <time>2026-10-02T12:09:18Z</time>
      </trkpt>
      <trkpt lat="46.521225" lon="12.009911">
        <ele>2144.084</ele>
        <time>2026-10-02T12:09:19Z</time>
      </trkpt>
      <trkpt lat="46.521231" lon="12.009919">
        <ele>2144.007</ele>
        <time>2026-10-02T12:09:20Z</time>
      </trkpt>
      <trkpt lat="46.521236" lon="12.009925">
        <ele>2144.017</ele>
        <time>2026-10-02T12:09:21Z</time>
      </trkpt>
      <trkpt lat="46.521245" lon="12.009935">
        <ele>2147.009</ele>
        <time>2026-10-02T12:09:35Z</time>
      </trkpt>
      <trkpt lat="46.521252" lon="12.009940">
        <ele>2147.030</ele>
        <time>2026-10-02T12:09:36Z</time>
      </trkpt>
      <trkpt lat="46.521257" lon="12.009944">
        <ele>2147.026</ele>
        <time>2026-10-02T12:09:37Z</time>
      </trkpt>
      <trkpt lat="46.521262" lon="12.009947">
        <ele>2147.047</ele>
        <time>2026-10-02T12:09:38Z</time>
      </trkpt>
      <trkpt lat="46.521268" lon="12.009951">
        <ele>2147.068</ele>
        <time>2026-10-02T12:09:39Z</time>
      </trkpt>
      <trkpt lat="46.521273" lon="12.009957">
        <ele>2147.040</ele>
        <time>2026-10-02T12:09:40Z</time>
      </trkpt>
      <trkpt lat="46.521279" lon="12.009965">
        <ele>2147.029</ele>
        <time>2026-10-02T12:09:41Z</time>
      </trkpt>
      <trkpt lat="46.521284" lon="12.009974">
        <ele>2147.050</ele>
        <time>2026-10-02T12:09:42Z</time>
      </trkpt>
      <trkpt lat="46.521289" lon="12.009984">
        <ele>2147.029</ele>
        <time>2026-10-02T12:09:43Z</time>
      </trkpt>
      <trkpt lat="46.521294" lon="12.009994">
        <ele>2147.041</ele>
        <time>2026-10-02T12:09:44Z</time>
      </trkpt>
      <trkpt lat="46.521299" lon="12.010002">
        <ele>2147.041</ele>
        <time>2026-10-02T12:09:45Z</time>
      </trkpt>
      <trkpt lat="46.521304" lon="12.010010">
        <ele>2147.081</ele>
        <time>2026-10-02T12:09:46Z</time>
      </trkpt>
      <trkpt lat="46.521308" lon="12.010017">
        <ele>2148.009</ele>
        <time>2026-10-02T12:09:47Z</time>
      </trkpt>
      <trkpt lat="46.521312" lon="12.010024">
        <ele>2148.009</ele>
        <time>2026-10-02T12:09:48Z</time>
      </trkpt>
      <trkpt lat="46.521316" lon="12.010032">
        <ele>2148.016</ele>
        <time>2026-10-02T12:09:49Z</time>
      </trkpt>
      <trkpt lat="46.521319" lon="12.010042">
        <ele>2148.062</ele>
        <time>2026-10-02T12:09:50Z</time>
      </trkpt>
      <trkpt lat="46.521321" lon="12.010052">
        <ele>2149.063</ele>
        <time>2026-10-02T12:09:51Z</time>
      </trkpt>
      <trkpt lat="46.521324" lon="12.010062">
        <ele>2149.084</ele>
        <time>2026-10-02T12:09:52Z</time>
      </trkpt>
      <trkpt lat="46.521327" lon="12.010071">
        <ele>2149.056</ele>
        <time>2026-10-02T12:09:53Z</time>
      </trkpt>
      <trkpt lat="46.521330" lon="12.010080">
        <ele>2149.055</ele>
        <time>2026-10-02T12:09:54Z</time>
      </trkpt>
      <trkpt lat="46.521335" lon="12.010087">
        <ele>2150.056</ele>
        <time>2026-10-02T12:09:55Z</time>
      </trkpt>
      <trkpt lat="46.521340" lon="12.010090">
        <ele>2150.015</ele>
        <time>2026-10-02T12:09:56Z</time>
      </trkpt>
      <trkpt lat="46.521346" lon="12.010092">
        <ele>2150.097</ele>
        <time>2026-10-02T12:09:57Z</time>
      </trkpt>
      <trkpt lat="46.521353" lon="12.010093">
        <ele>2150.094</ele>
        <time>2026-10-02T12:09:58Z</time>
      </trkpt>
      <trkpt lat="46.521359" lon="12.010094">
        <ele>2150.057</ele>
        <time>2026-10-02T12:09:59Z</time>
      </trkpt>
      <trkpt lat="46.521365" lon="12.010097">
        <ele>2150.022</ele>
        <time>2026-10-02T12:10:00Z</time>
      </trkpt>
      <trkpt lat="46.521372" lon="12.010102">
        <ele>2150.009</ele>
        <time>2026-10-02T12:10:01Z</time>
      </trkpt>
      <trkpt lat="46.521379" lon="12.010107">
        <ele>2150.031</ele>
        <time>2026-10-02T12:10:02Z</time>
      </trkpt>
      <trkpt lat="46.521386" lon="12.010113">
        <ele>2151.047</ele>
        <time>2026-10-02T12:10:03Z</time>
      </trkpt>
      <trkpt lat="46.521393" lon="12.010119">
        <ele>2151.088</ele>
        <time>2026-10-02T12:10:04Z</time>
      </trkpt>
      <trkpt lat="46.521399" lon="12.010126">
        <ele>2152.049</ele>
        <time>2026-10-02T12:10:33Z</time>
      </trkpt>
      <trkpt lat="46.521404" lon="12.010131">
        <ele>2152.041</ele>
        <time>2026-10-02T12:10:34Z</time>
      </trkpt>
      <trkpt lat="46.521409" lon="12.010136">
        <ele>2152.070</ele>
        <time>2026-10-02T12:10:35Z</time>
      </trkpt>
      <trkpt lat="46.521413" lon="12.010141">
        <ele>2152.091</ele>
        <time>2026-10-02T12:10:36Z</time>
      </trkpt>
      <trkpt lat="46.521414" lon="12.010142">
        <ele>2152.030</ele>
        <time>2026-10-02T12:10:37Z</time>
      </trkpt>
      <trkpt lat="46.521415" lon="12.010144">
        <ele>2152.052</ele>
        <time>2026-10-02T12:10:38Z</time>
      </trkpt>
      <trkpt lat="46.521417" lon="12.010146">
        <ele>2152.062</ele>
        <time>2026-10-02T12:10:39Z</time>
      </trkpt>
      <trkpt lat="46.521418" lon="12.010148">
        <ele>2152.083</ele>
        <time>2026-10-02T12:10:40Z</time>
      </trkpt>
      <trkpt lat="46.521422" lon="12.010153">
        <ele>2152.011</ele>
        <time>2026-10-02T12:10:41Z</time>
      </trkpt>
      <trkpt lat="46.521427" lon="12.010156">
        <ele>2152.009</ele>
        <time>2026-10-02T12:10:42Z</time>
      </trkpt>
      <trkpt lat="46.521433" lon="12.010159">
        <ele>2152.038</ele>
        <time>2026-10-02T12:10:43Z</time>
      </trkpt>
      <trkpt lat="46.521439" lon="12.010161">
        <ele>2152.074</ele>
        <time>2026-10-02T12:10:44Z</time>
      </trkpt>
      <trkpt lat="46.521446" lon="12.010163">
        <ele>2152.055</ele>
        <time>2026-10-02T12:10:45Z</time>
      </trkpt>
      <trkpt lat="46.521454" lon="12.010165">
        <ele>2152.016</ele>
        <time>2026-10-02T12:10:46Z</time>
      </trkpt>
      <trkpt lat="46.521461" lon="12.010169">
        <ele>2153.058</ele>
        <time>2026-10-02T12:10:47Z</time>
      </trkpt>
      <trkpt lat="46.521468" lon="12.010174">
        <ele>2153.027</ele>
        <time>2026-10-02T12:10:48Z</time>
      </trkpt>
      <trkpt lat="46.521473" lon="12.010180">
        <ele>2153.018</ele>
        <time>2026-10-02T12:10:49Z</time>
      </trkpt>
      <trkpt lat="46.521477" lon="12.010188">
        <ele>2153.047</ele>
        <time>2026-10-02T12:10:50Z</time>
      </trkpt>
      <trkpt lat="46.521480" lon="12.010198">
        <ele>2153.029</ele>
        <time>2026-10-02T12:10:51Z</time>
      </trkpt>
      <trkpt lat="46.521483" lon="12.010207">
        <ele>2153.086</ele>
        <time>2026-10-02T12:10:52Z</time>
      </trkpt>
      <trkpt lat="46.521485" lon="12.010217">
        <ele>2153.060</ele>
        <time>2026-10-02T12:10:53Z</time>
      </trkpt>
      <trkpt lat="46.521489" lon="12.010227">
        <ele>2153.026</ele>
        <time>2026-10-02T12:10:54Z</time>
      </trkpt>
      <trkpt lat="46.521492" lon="12.010237">
        <ele>2153.009</ele>
        <time>2026-10-02T12:10:55Z</time>
      </trkpt>
      <trkpt lat="46.521496" lon="12.010248">
        <ele>2153.040</ele>
        <time>2026-10-02T12:10:56Z</time>
      </trkpt>
      <trkpt lat="46.521499" lon="12.010258">
        <ele>2153.076</ele>
        <time>2026-10-02T12:10:57Z</time>
      </trkpt>
      <trkpt lat="46.521503" lon="12.010268">
        <ele>2153.027</ele>
        <time>2026-10-02T12:10:58Z</time>
      </trkpt>
      <trkpt lat="46.521506" lon="12.010279">
        <ele>2154.068</ele>
        <time>2026-10-02T12:10:59Z</time>
      </trkpt>
      <trkpt lat="46.521510" lon="12.010289">
        <ele>2154.010</ele>
        <time>2026-10-02T12:11:00Z</time>
      </trkpt>
      <trkpt lat="46.521515" lon="12.010298">
        <ele>2154.059</ele>
        <time>2026-10-02T12:11:01Z</time>
      </trkpt>
      <trkpt lat="46.521520" lon="12.010307">
        <ele>2154.040</ele>
        <time>2026-10-02T12:11:02Z</time>
      </trkpt>
      <trkpt lat="46.521526" lon="12.010317">
        <ele>2154.089</ele>
        <time>2026-10-02T12:11:03Z</time>
      </trkpt>
      <trkpt lat="46.521531" lon="12.010326">
        <ele>2154.071</ele>
        <time>2026-10-02T12:11:04Z</time>
      </trkpt>
      <trkpt lat="46.521535" lon="12.010336">
        <ele>2154.035</ele>
        <time>2026-10-02T12:11:05Z</time>
      </trkpt>
      <trkpt lat="46.521540" lon="12.010346">
        <ele>2154.086</ele>
        <time>2026-10-02T12:11:06Z</time>
      </trkpt>
      <trkpt lat="46.521545" lon="12.010355">
        <ele>2155.014</ele>
        <time>2026-10-02T12:11:07Z</time>
      </trkpt>
      <trkpt lat="46.521549" lon="12.010365">
        <ele>2155.009</ele>
        <time>2026-10-02T12:11:08Z</time>
      </trkpt>
      <trkpt lat="46.521553" lon="12.010374">
        <ele>2155.025</ele>
        <time>2026-10-02T12:11:09Z</time>
      </trkpt>
      <trkpt lat="46.521558" lon="12.010382">
        <ele>2155.061</ele>
        <time>2026-10-02T12:11:10Z</time>
      </trkpt>
      <trkpt lat="46.521563" lon="12.010390">
        <ele>2156.092</ele>
        <time>2026-10-02T12:11:11Z</time>
      </trkpt>
      <trkpt lat="46.521569" lon="12.010399">
        <ele>2156.013</ele>
        <time>2026-10-02T12:11:12Z</time>
      </trkpt>
      <trkpt lat="46.521574" lon="12.010408">
        <ele>2156.025</ele>
        <time>2026-10-02T12:11:13Z</time>
      </trkpt>
      <trkpt lat="46.521580" lon="12.010416">
        <ele>2156.094</ele>
        <time>2026-10-02T12:11:14Z</time>
      </trkpt>
      <trkpt lat="46.521585" lon="12.010423">
        <ele>2156.025</ele>
        <time>2026-10-02T12:11:15Z</time>
      </trkpt>
      <trkpt lat="46.521592" lon="12.010429">
        <ele>2156.034</ele>
        <time>2026-10-02T12:11:16Z</time>
      </trkpt>
      <trkpt lat="46.521598" lon="12.010434">
        <ele>2156.046</ele>
        <time>2026-10-02T12:11:17Z</time>
      </trkpt>
      <trkpt lat="46.521605" lon="12.010439">
        <ele>2156.069</ele>
        <time>2026-10-02T12:11:18Z</time>
      </trkpt>
      <trkpt lat="46.521612" lon="12.010445">
        <ele>2157.004</ele>
        <time>2026-10-02T12:11:19Z</time>
      </trkpt>
      <trkpt lat="46.521616" lon="12.010453">
        <ele>2157.024</ele>
        <time>2026-10-02T12:11:20Z</time>
      </trkpt>
      <trkpt lat="46.521618" lon="12.010463">
        <ele>2157.009</ele>
        <time>2026-10-02T12:11:21Z</time>
      </trkpt>
      <trkpt lat="46.521617" lon="12.010472">
        <ele>2157.098</ele>
        <time>2026-10-02T12:11:22Z</time>
      </trkpt>
      <trkpt lat="46.521615" lon="12.010483">
        <ele>2158.014</ele>
        <time>2026-10-02T12:11:23Z</time>
      </trkpt>
      <trkpt lat="46.521614" lon="12.010492">
        <ele>2158.015</ele>
        <time>2026-10-02T12:11:24Z</time>
      </trkpt>
      <trkpt lat="46.521614" lon="12.010502">
        <ele>2158.086</ele>
        <time>2026-10-02T12:11:25Z</time>
      </trkpt>
      <trkpt lat="46.521616" lon="12.010512">
        <ele>2158.028</ele>
        <time>2026-10-02T12:11:26Z</time>
      </trkpt>
      <trkpt lat="46.521619" lon="12.010521">
        <ele>2159.057</ele>
        <time>2026-10-02T12:11:27Z</time>
      </trkpt>
      <trkpt lat="46.521622" lon="12.010531">
        <ele>2159.038</ele>
        <time>2026-10-02T12:11:28Z</time>
      </trkpt>
      <trkpt lat="46.521626" lon="12.010543">
        <ele>2159.077</ele>
        <time>2026-10-02T12:11:29Z</time>
      </trkpt>
      <trkpt lat="46.521631" lon="12.010555">
        <ele>2159.099</ele>
        <time>2026-10-02T12:11:30Z</time>
      </trkpt>
      <trkpt lat="46.521635" lon="12.010566">
        <ele>2159.035</ele>
        <time>2026-10-02T12:11:31Z</time>
      </trkpt>
      <trkpt lat="46.521640" lon="12.010577">
        <ele>2159.086</ele>
        <time>2026-10-02T12:11:32Z</time>
      </trkpt>
      <trkpt lat="46.521645" lon="12.010587">
        <ele>2159.014</ele>
        <time>2026-10-02T12:11:33Z</time>
      </trkpt>
      <trkpt lat="46.521651" lon="12.010597">
        <ele>2159.009</ele>
        <time>2026-10-02T12:11:34Z</time>
      </trkpt>
      <trkpt lat="46.521657" lon="12.010607">
        <ele>2160.065</ele>
        <time>2026-10-02T12:11:35Z</time>
      </trkpt>
      <trkpt lat="46.521663" lon="12.010617">
        <ele>2160.061</ele>
        <time>2026-10-02T12:11:36Z</time>
      </trkpt>
      <trkpt lat="46.521668" lon="12.010626">
        <ele>2160.022</ele>
        <time>2026-10-02T12:11:37Z</time>
      </trkpt>
      <trkpt lat="46.521670" lon="12.010633">
        <ele>2162.043</ele>
        <time>2026-10-02T12:12:42Z</time>
      </trkpt>
      <trkpt lat="46.521671" lon="12.010638">
        <ele>2162.075</ele>
        <time>2026-10-02T12:12:43Z</time>
      </trkpt>
      <trkpt lat="46.521673" lon="12.010643">
        <ele>2162.014</ele>
        <time>2026-10-02T12:12:44Z</time>
      </trkpt>
      <trkpt lat="46.521675" lon="12.010648">
        <ele>2162.035</ele>
        <time>2026-10-02T12:12:45Z</time>
      </trkpt>
      <trkpt lat="46.521678" lon="12.010653">
        <ele>2162.084</ele>
        <time>2026-10-02T12:12:46Z</time>
      </trkpt>
      <trkpt lat="46.521681" lon="12.010660">
        <ele>2162.056</ele>
        <time>2026-10-02T12:12:47Z</time>
      </trkpt>
      <trkpt lat="46.521685" lon="12.010667">
        <ele>2162.088</ele>
        <time>2026-10-02T12:12:48Z</time>
      </trkpt>
      <trkpt lat="46.521691" lon="12.010675">
        <ele>2162.024</ele>
        <time>2026-10-02T12:12:49Z</time>
      </trkpt>
      <trkpt lat="46.521696" lon="12.010684">
        <ele>2162.026</ele>
        <time>2026-10-02T12:12:50Z</time>
      </trkpt>
      <trkpt lat="46.521702" lon="12.010693">
        <ele>2163.009</ele>
        <time>2026-10-02T12:12:51Z</time>
      </trkpt>
      <trkpt lat="46.521707" lon="12.010702">
        <ele>2163.090</ele>
        <time>2026-10-02T12:12:52Z</time>
      </trkpt>
      <trkpt lat="46.521708" lon="12.010706">
        <ele>2163.066</ele>
        <time>2026-10-02T12:12:53Z</time>
      </trkpt>
      <trkpt lat="46.521710" lon="12.010710">
        <ele>2163.017</ele>
        <time>2026-10-02T12:12:54Z</time>
      </trkpt>
      <trkpt lat="46.521711" lon="12.010715">
        <ele>2163.078</ele>
        <time>2026-10-02T12:12:55Z</time>
      </trkpt>
      <trkpt lat="46.521715" lon="12.010725">
        <ele>2163.050</ele>
        <time>2026-10-02T12:12:56Z</time>
      </trkpt>
      <trkpt lat="46.521717" lon="12.010734">
        <ele>2163.079</ele>
        <time>2026-10-02T12:12:57Z</time>
      </trkpt>
      <trkpt lat="46.521720" lon="12.010744">
        <ele>2163.050</ele>
        <time>2026-10-02T12:12:58Z</time>
      </trkpt>
      <trkpt lat="46.521723" lon="12.010754">
        <ele>2164.049</ele>
        <time>2026-10-02T12:12:59Z</time>
      </trkpt>
      <trkpt lat="46.521727" lon="12.010764">
        <ele>2164.081</ele>
        <time>2026-10-02T12:13:00Z</time>
      </trkpt>
      <trkpt lat="46.521732" lon="12.010774">
        <ele>2164.013</ele>
        <time>2026-10-02T12:13:01Z</time>
      </trkpt>
      <trkpt lat="46.521736" lon="12.010785">
        <ele>2164.043</ele>
        <time>2026-10-02T12:13:02Z</time>
      </trkpt>
      <trkpt lat="46.521742" lon="12.010793">
        <ele>2164.007</ele>
        <time>2026-10-02T12:13:03Z</time>
      </trkpt>
      <trkpt lat="46.521748" lon="12.010799">
        <ele>2166.009</ele>
        <time>2026-10-02T12:13:12Z</time>
      </trkpt>
      <trkpt lat="46.521753" lon="12.010804">
        <ele>2166.093</ele>
        <time>2026-10-02T12:13:13Z</time>
      </trkpt>
      <trkpt lat="46.521756" lon="12.010811">
        <ele>2166.069</ele>
        <time>2026-10-02T12:13:14Z</time>
      </trkpt>
      <trkpt lat="46.521759" lon="12.010818">
        <ele>2166.070</ele>
        <time>2026-10-02T12:13:15Z</time>
      </trkpt>
      <trkpt lat="46.521762" lon="12.010826">
        <ele>2166.041</ele>
        <time>2026-10-02T12:13:16Z</time>
      </trkpt>
      <trkpt lat="46.521766" lon="12.010836">
        <ele>2166.033</ele>
        <time>2026-10-02T12:13:17Z</time>
      </trkpt>
      <trkpt lat="46.521771" lon="12.010847">
        <ele>2166.022</ele>
        <time>2026-10-02T12:13:18Z</time>
      </trkpt>
      <trkpt lat="46.521775" lon="12.010858">
        <ele>2167.043</ele>
        <time>2026-10-02T12:13:19Z</time>
      </trkpt>
      <trkpt lat="46.521779" lon="12.010870">
        <ele>2167.022</ele>
        <time>2026-10-02T12:13:20Z</time>
      </trkpt>
      <trkpt lat="46.521780" lon="12.010882">
        <ele>2167.024</ele>
        <time>2026-10-02T12:13:21Z</time>
      </trkpt>
      <trkpt lat="46.521780" lon="12.010894">
        <ele>2167.013</ele>
        <time>2026-10-02T12:13:22Z</time>
      </trkpt>
      <trkpt lat="46.521781" lon="12.010905">
        <ele>2167.043</ele>
        <time>2026-10-02T12:13:23Z</time>
      </trkpt>
      <trkpt lat="46.521783" lon="12.010917">
        <ele>2167.007</ele>
        <time>2026-10-02T12:13:24Z</time>
      </trkpt>
      <trkpt lat="46.521785" lon="12.010929">
        <ele>2167.009</ele>
        <time>2026-10-02T12:13:25Z</time>
      </trkpt>
      <trkpt lat="46.521788" lon="12.010941">
        <ele>2167.083</ele>
        <time>2026-10-02T12:13:26Z</time>
      </trkpt>
      <trkpt lat="46.521792" lon="12.010953">
        <ele>2168.039</ele>
        <time>2026-10-02T12:13:27Z</time>
      </trkpt>
      <trkpt lat="46.521796" lon="12.010966">
        <ele>2168.020</ele>
        <time>2026-10-02T12:13:28Z</time>
      </trkpt>
      <trkpt lat="46.521802" lon="12.010977">
        <ele>2168.011</ele>
        <time>2026-10-02T12:13:29Z</time>
      </trkpt>
      <trkpt lat="46.521809" lon="12.010987">
        <ele>2168.033</ele>
        <time>2026-10-02T12:13:30Z</time>
      </trkpt>
      <trkpt lat="46.521816" lon="12.010996">
        <ele>2169.032</ele>
        <time>2026-10-02T12:13:31Z</time>
      </trkpt>
      <trkpt lat="46.521824" lon="12.011006">
        <ele>2169.063</ele>
        <time>2026-10-02T12:13:32Z</time>
      </trkpt>
      <trkpt lat="46.521830" lon="12.011016">
        <ele>2169.072</ele>
        <time>2026-10-02T12:13:33Z</time>
      </trkpt>
      <trkpt lat="46.521836" lon="12.011028">
        <ele>2169.064</ele>
        <time>2026-10-02T12:13:34Z</time>
      </trkpt>
      <trkpt lat="46.521841" lon="12.011039">
        <ele>2169.083</ele>
        <time>2026-10-02T12:13:35Z</time>
      </trkpt>
      <trkpt lat="46.521846" lon="12.011051">
        <ele>2169.025</ele>
        <time>2026-10-02T12:13:36Z</time>
      </trkpt>
      <trkpt lat="46.521851" lon="12.011062">
        <ele>2169.017</ele>
        <time>2026-10-02T12:13:37Z</time>
      </trkpt>
      <trkpt lat="46.521855" lon="12.011073">
        <ele>2169.009</ele>
        <time>2026-10-02T12:13:38Z</time>
      </trkpt>
      <trkpt lat="46.521860" lon="12.011084">
        <ele>2170.080</ele>
        <time>2026-10-02T12:13:39Z</time>
      </trkpt>
      <trkpt lat="46.521866" lon="12.011095">
        <ele>2170.066</ele>
        <time>2026-10-02T12:13:40Z</time>
      </trkpt>
      <trkpt lat="46.521871" lon="12.011106">
        <ele>2170.067</ele>
        <time>2026-10-02T12:13:41Z</time>
      </trkpt>
      <trkpt lat="46.521877" lon="12.011117">
        <ele>2170.078</ele>
        <time>2026-10-02T12:13:42Z</time>
      </trkpt>
      <trkpt lat="46.521884" lon="12.011127">
        <ele>2171.010</ele>
        <time>2026-10-02T12:13:43Z</time>
      </trkpt>
      <trkpt lat="46.521890" lon="12.011137">
        <ele>2171.039</ele>
        <time>2026-10-02T12:13:44Z</time>
      </trkpt>
      <trkpt lat="46.521896" lon="12.011146">
        <ele>2171.050</ele>
        <time>2026-10-02T12:13:45Z</time>
      </trkpt>
      <trkpt lat="46.521897" lon="12.011148">
        <ele>2171.059</ele>
        <time>2026-10-02T12:13:46Z</time>
      </trkpt>
      <trkpt lat="46.521898" lon="12.011150">
        <ele>2172.051</ele>
        <time>2026-10-02T12:13:47Z</time>
      </trkpt>
      <trkpt lat="46.521900" lon="12.011152">
        <ele>2172.014</ele>
        <time>2026-10-02T12:13:48Z</time>
      </trkpt>
      <trkpt lat="46.521903" lon="12.011156">
        <ele>2172.054</ele>
        <time>2026-10-02T12:13:49Z</time>
      </trkpt>
      <trkpt lat="46.521905" lon="12.011161">
        <ele>2172.009</ele>
        <time>2026-10-02T12:13:50Z</time>
      </trkpt>
      <trkpt lat="46.521908" lon="12.011167">
        <ele>2172.009</ele>
        <time>2026-10-02T12:13:51Z</time>
      </trkpt>
      <trkpt lat="46.521912" lon="12.011175">
        <ele>2172.093</ele>
        <time>2026-10-02T12:13:52Z</time>
      </trkpt>
      <trkpt lat="46.521916" lon="12.011185">
        <ele>2172.019</ele>
        <time>2026-10-02T12:13:53Z</time>
      </trkpt>
      <trkpt lat="46.521921" lon="12.011196">
        <ele>2172.040</ele>
        <time>2026-10-02T12:13:54Z</time>
      </trkpt>
      <trkpt lat="46.521926" lon="12.011209">
        <ele>2173.081</ele>
        <time>2026-10-02T12:13:55Z</time>
      </trkpt>
      <trkpt lat="46.521931" lon="12.011224">
        <ele>2173.023</ele>
        <time>2026-10-02T12:13:56Z</time>
      </trkpt>
      <trkpt lat="46.521936" lon="12.011241">
        <ele>2173.032</ele>
        <time>2026-10-02T12:13:57Z</time>
      </trkpt>
      <trkpt lat="46.521941" lon="12.011257">
        <ele>2173.053</ele>
        <time>2026-10-02T12:13:58Z</time>
      </trkpt>
      <trkpt lat="46.521946" lon="12.011273">
        <ele>2174.052</ele>
        <time>2026-10-02T12:13:59Z</time>
      </trkpt>
      <trkpt lat="46.521952" lon="12.011289">
        <ele>2174.024</ele>
        <time>2026-10-02T12:14:00Z</time>
      </trkpt>
      <trkpt lat="46.521956" lon="12.011305">
        <ele>2174.031</ele>
        <time>2026-10-02T12:14:01Z</time>
      </trkpt>
      <trkpt lat="46.521960" lon="12.011321">
        <ele>2174.061</ele>
        <time>2026-10-02T12:14:02Z</time>
      </trkpt>
      <trkpt lat="46.521963" lon="12.011337">
        <ele>2175.007</ele>
        <time>2026-10-02T12:14:03Z</time>
      </trkpt>
      <trkpt lat="46.521967" lon="12.011353">
        <ele>2175.009</ele>
        <time>2026-10-02T12:14:04Z</time>
      </trkpt>
      <trkpt lat="46.521970" lon="12.011369">
        <ele>2175.065</ele>
        <time>2026-10-02T12:14:05Z</time>
      </trkpt>
      <trkpt lat="46.521974" lon="12.011384">
        <ele>2175.011</ele>
        <time>2026-10-02T12:14:06Z</time>
      </trkpt>
      <trkpt lat="46.521978" lon="12.011401">
        <ele>2175.062</ele>
        <time>2026-10-02T12:14:07Z</time>
      </trkpt>
      <trkpt lat="46.521982" lon="12.011418">
        <ele>2175.053</ele>
        <time>2026-10-02T12:14:08Z</time>
      </trkpt>
      <trkpt lat="46.521986" lon="12.011434">
        <ele>2175.085</ele>
        <time>2026-10-02T12:14:09Z</time>
      </trkpt>
      <trkpt lat="46.521990" lon="12.011450">
        <ele>2175.084</ele>
        <time>2026-10-02T12:14:10Z</time>
      </trkpt>
      <trkpt lat="46.521994" lon="12.011465">
        <ele>2176.095</ele>
        <time>2026-10-02T12:14:11Z</time>
      </trkpt>
      <trkpt lat="46.521998" lon="12.011480">
        <ele>2176.054</ele>
        <time>2026-10-02T12:14:12Z</time>
      </trkpt>
      <trkpt lat="46.522003" lon="12.011496">
        <ele>2176.086</ele>
        <time>2026-10-02T12:14:13Z</time>
      </trkpt>
      <trkpt lat="46.522008" lon="12.011511">
        <ele>2176.024</ele>
        <time>2026-10-02T12:14:14Z</time>
      </trkpt>
      <trkpt lat="46.522014" lon="12.011526">
        <ele>2177.004</ele>
        <time>2026-10-02T12:14:15Z</time>
      </trkpt>
      <trkpt lat="46.522020" lon="12.011541">
        <ele>2177.014</ele>
        <time>2026-10-02T12:14:16Z</time>
      </trkpt>
      <trkpt lat="46.522026" lon="12.011556">
        <ele>2177.009</ele>
        <time>2026-10-02T12:14:17Z</time>
      </trkpt>
      <trkpt lat="46.522032" lon="12.011570">
        <ele>2177.024</ele>
        <time>2026-10-02T12:14:18Z</time>
      </trkpt>
      <trkpt lat="46.522039" lon="12.011584">
        <ele>2178.060</ele>
        <time>2026-10-02T12:14:19Z</time>
      </trkpt>
      <trkpt lat="46.522046" lon="12.011598">
        <ele>2178.051</ele>
        <time>2026-10-02T12:14:20Z</time>
      </trkpt>
      <trkpt lat="46.522052" lon="12.011612">
        <ele>2178.092</ele>
        <time>2026-10-02T12:14:21Z</time>
      </trkpt>
      <trkpt lat="46.522059" lon="12.011627">
        <ele>2178.094</ele>
        <time>2026-10-02T12:14:22Z</time>
      </trkpt>
      <trkpt lat="46.522065" lon="12.011641">
        <ele>2178.063</ele>
        <time>2026-10-02T12:14:23Z</time>
      </trkpt>
      <trkpt lat="46.522072" lon="12.011655">
        <ele>2178.024</ele>
        <time>2026-10-02T12:14:24Z</time>
      </trkpt>
      <trkpt lat="46.522078" lon="12.011669">
        <ele>2178.013</ele>
        <time>2026-10-02T12:14:25Z</time>
      </trkpt>
      <trkpt lat="46.522085" lon="12.011684">
        <ele>2178.075</ele>
        <time>2026-10-02T12:14:26Z</time>
      </trkpt>
      <trkpt lat="46.522091" lon="12.011698">
        <ele>2178.041</ele>
        <time>2026-10-02T12:14:27Z</time>
      </trkpt>
      <trkpt lat="46.522097" lon="12.011713">
        <ele>2178.081</ele>
        <time>2026-10-02T12:14:28Z</time>
      </trkpt>
      <trkpt lat="46.522103" lon="12.011727">
        <ele>2178.009</ele>
        <time>2026-10-02T12:14:29Z</time>
      </trkpt>
      <trkpt lat="46.522109" lon="12.011741">
        <ele>2178.009</ele>
        <time>2026-10-02T12:14:30Z</time>
      </trkpt>
      <trkpt lat="46.522115" lon="12.011755">
        <ele>2179.036</ele>
        <time>2026-10-02T12:14:31Z</time>
      </trkpt>
      <trkpt lat="46.522120" lon="12.011768">
        <ele>2179.062</ele>
        <time>2026-10-02T12:14:32Z</time>
      </trkpt>
      <trkpt lat="46.522126" lon="12.011781">
        <ele>2179.053</ele>
        <time>2026-10-02T12:14:33Z</time>
      </trkpt>
      <trkpt lat="46.522131" lon="12.011794">
        <ele>2179.044</ele>
        <time>2026-10-02T12:14:34Z</time>
      </trkpt>
      <trkpt lat="46.522137" lon="12.011807">
        <ele>2179.046</ele>
        <time>2026-10-02T12:14:35Z</time>
      </trkpt>
      <trkpt lat="46.522143" lon="12.011819">
        <ele>2179.085</ele>
        <time>2026-10-02T12:14:36Z</time>
      </trkpt>
      <trkpt lat="46.522145" lon="12.011830">
        <ele>2179.056</ele>
        <time>2026-10-02T12:14:50Z</time>
      </trkpt>
      <trkpt lat="46.522147" lon="12.011838">
        <ele>2179.015</ele>
        <time>2026-10-02T12:14:51Z</time>
      </trkpt>
      <trkpt lat="46.522150" lon="12.011845">
        <ele>2179.037</ele>
        <time>2026-10-02T12:14:52Z</time>
      </trkpt>
      <trkpt lat="46.522153" lon="12.011854">
        <ele>2179.077</ele>
        <time>2026-10-02T12:14:53Z</time>
      </trkpt>
      <trkpt lat="46.522155" lon="12.011864">
        <ele>2179.061</ele>
        <time>2026-10-02T12:14:54Z</time>
      </trkpt>
      <trkpt lat="46.522159" lon="12.011876">
        <ele>2180.027</ele>
        <time>2026-10-02T12:14:55Z</time>
      </trkpt>
      <trkpt lat="46.522163" lon="12.011889">
        <ele>2180.009</ele>
        <time>2026-10-02T12:14:56Z</time>
      </trkpt>
      <trkpt lat="46.522168" lon="12.011902">
        <ele>2180.089</ele>
        <time>2026-10-02T12:14:57Z</time>
      </trkpt>
      <trkpt lat="46.522175" lon="12.011914">
        <ele>2180.095</ele>
        <time>2026-10-02T12:14:58Z</time>
      </trkpt>
      <trkpt lat="46.522183" lon="12.011926">
        <ele>2180.086</ele>
        <time>2026-10-02T12:14:59Z</time>
      </trkpt>
      <trkpt lat="46.522191" lon="12.011937">
        <ele>2180.017</ele>
        <time>2026-10-02T12:15:00Z</time>
      </trkpt>
      <trkpt lat="46.522199" lon="12.011950">
        <ele>2180.089</ele>
        <time>2026-10-02T12:15:01Z</time>
      </trkpt>
      <trkpt lat="46.522206" lon="12.011962">
        <ele>2180.078</ele>
        <time>2026-10-02T12:15:02Z</time>
      </trkpt>
      <trkpt lat="46.522210" lon="12.011971">
        <ele>2181.059</ele>
        <time>2026-10-02T12:15:25Z</time>
      </trkpt>
      <trkpt lat="46.522213" lon="12.011976">
        <ele>2181.028</ele>
        <time>2026-10-02T12:15:26Z</time>
      </trkpt>
      <trkpt lat="46.522216" lon="12.011982">
        <ele>2181.050</ele>
        <time>2026-10-02T12:15:27Z</time>
      </trkpt>
      <trkpt lat="46.522219" lon="12.011989">
        <ele>2181.092</ele>
        <time>2026-10-02T12:15:28Z</time>
      </trkpt>
      <trkpt lat="46.522222" lon="12.011997">
        <ele>2181.073</ele>
        <time>2026-10-02T12:15:29Z</time>
      </trkpt>
      <trkpt lat="46.522225" lon="12.012008">
        <ele>2181.020</ele>
        <time>2026-10-02T12:15:30Z</time>
      </trkpt>
      <trkpt lat="46.522229" lon="12.012021">
        <ele>2182.009</ele>
        <time>2026-10-02T12:15:54Z</time>
      </trkpt>
      <trkpt lat="46.522233" lon="12.012030">
        <ele>2182.011</ele>
        <time>2026-10-02T12:15:55Z</time>
      </trkpt>
      <trkpt lat="46.522237" lon="12.012037">
        <ele>2182.097</ele>
        <time>2026-10-02T12:15:56Z</time>
      </trkpt>
      <trkpt lat="46.522241" lon="12.012043">
        <ele>2182.078</ele>
        <time>2026-10-02T12:15:57Z</time>
      </trkpt>
      <trkpt lat="46.522247" lon="12.012049">
        <ele>2182.029</ele>
        <time>2026-10-02T12:15:58Z</time>
      </trkpt>
      <trkpt lat="46.522254" lon="12.012056">
        <ele>2182.061</ele>
        <time>2026-10-02T12:15:59Z</time>
      </trkpt>
      <trkpt lat="46.522261" lon="12.012065">
        <ele>2182.090</ele>
        <time>2026-10-02T12:16:00Z</time>
      </trkpt>
      <trkpt lat="46.522268" lon="12.012075">
        <ele>2182.031</ele>
        <time>2026-10-02T12:16:01Z</time>
      </trkpt>
      <trkpt lat="46.522274" lon="12.012085">
        <ele>2182.060</ele>
        <time>2026-10-02T12:16:02Z</time>
      </trkpt>
      <trkpt lat="46.522281" lon="12.012095">
        <ele>2182.032</ele>
        <time>2026-10-02T12:16:03Z</time>
      </trkpt>
      <trkpt lat="46.522288" lon="12.012105">
        <ele>2182.055</ele>
        <time>2026-10-02T12:16:04Z</time>
      </trkpt>
      <trkpt lat="46.522296" lon="12.012115">
        <ele>2182.007</ele>
        <time>2026-10-02T12:16:05Z</time>
      </trkpt>
      <trkpt lat="46.522304" lon="12.012126">
        <ele>2182.017</ele>
        <time>2026-10-02T12:16:06Z</time>
      </trkpt>
      <trkpt lat="46.522311" lon="12.012136">
        <ele>2182.009</ele>
        <time>2026-10-02T12:16:07Z</time>
      </trkpt>
      <trkpt lat="46.522318" lon="12.012146">
        <ele>2182.067</ele>
        <time>2026-10-02T12:16:08Z</time>
      </trkpt>
      <trkpt lat="46.522324" lon="12.012155">
        <ele>2182.063</ele>
        <time>2026-10-02T12:16:09Z</time>
      </trkpt>
      <trkpt lat="46.522329" lon="12.012161">
        <ele>2182.074</ele>
        <time>2026-10-02T12:16:10Z</time>
      </trkpt>
      <trkpt lat="46.522335" lon="12.012166">
        <ele>2182.035</ele>
        <time>2026-10-02T12:16:11Z</time>
      </trkpt>
      <trkpt lat="46.522340" lon="12.012172">
        <ele>2182.067</ele>
        <time>2026-10-02T12:16:12Z</time>
      </trkpt>
      <trkpt lat="46.522345" lon="12.012179">
        <ele>2182.056</ele>
        <time>2026-10-02T12:16:13Z</time>
      </trkpt>
      <trkpt lat="46.522351" lon="12.012185">
        <ele>2182.057</ele>
        <time>2026-10-02T12:16:14Z</time>
      </trkpt>
      <trkpt lat="46.522357" lon="12.012191">
        <ele>2182.076</ele>
        <time>2026-10-02T12:16:15Z</time>
      </trkpt>
      <trkpt lat="46.522364" lon="12.012196">
        <ele>2182.088</ele>
        <time>2026-10-02T12:16:16Z</time>
      </trkpt>
      <trkpt lat="46.522372" lon="12.012202">
        <ele>2182.023</ele>
        <time>2026-10-02T12:16:17Z</time>
      </trkpt>
      <trkpt lat="46.522379" lon="12.012209">
        <ele>2182.083</ele>
        <time>2026-10-02T12:16:18Z</time>
      </trkpt>
      <trkpt lat="46.522385" lon="12.012216">
        <ele>2183.011</ele>
        <time>2026-10-02T12:16:19Z</time>
      </trkpt>
      <trkpt lat="46.522391" lon="12.012223">
        <ele>2183.009</ele>
        <time>2026-10-02T12:16:20Z</time>
      </trkpt>
      <trkpt lat="46.522397" lon="12.012230">
        <ele>2183.064</ele>
        <time>2026-10-02T12:16:21Z</time>
      </trkpt>
      <trkpt lat="46.522402" lon="12.012236">
        <ele>2183.090</ele>
        <time>2026-10-02T12:16:22Z</time>
      </trkpt>
      <trkpt lat="46.522408" lon="12.012241">
        <ele>2183.091</ele>
        <time>2026-10-02T12:16:23Z</time>
      </trkpt>
      <trkpt lat="46.522414" lon="12.012247">
        <ele>2183.072</ele>
        <time>2026-10-02T12:16:24Z</time>
      </trkpt>
      <trkpt lat="46.522421" lon="12.012250">
        <ele>2183.024</ele>
        <time>2026-10-02T12:16:32Z</time>
      </trkpt>
      <trkpt lat="46.522426" lon="12.012252">
        <ele>2183.063</ele>
        <time>2026-10-02T12:16:33Z</time>
      </trkpt>
      <trkpt lat="46.522431" lon="12.012253">
        <ele>2183.084</ele>
        <time>2026-10-02T12:16:34Z</time>
      </trkpt>
      <trkpt lat="46.522435" lon="12.012255">
        <ele>2183.093</ele>
        <time>2026-10-02T12:16:35Z</time>
      </trkpt>
      <trkpt lat="46.522444" lon="12.012260">
        <ele>2183.035</ele>
        <time>2026-10-02T12:16:47Z</time>
      </trkpt>
      <trkpt lat="46.522451" lon="12.012265">
        <ele>2183.022</ele>
        <time>2026-10-02T12:16:48Z</time>
      </trkpt>
      <trkpt lat="46.522457" lon="12.012268">
        <ele>2183.062</ele>
        <time>2026-10-02T12:16:49Z</time>
      </trkpt>
      <trkpt lat="46.522462" lon="12.012273">
        <ele>2183.008</ele>
        <time>2026-10-02T12:16:50Z</time>
      </trkpt>
      <trkpt lat="46.522469" lon="12.012278">
        <ele>2184.009</ele>
        <time>2026-10-02T12:16:51Z</time>
      </trkpt>
      <trkpt lat="46.522476" lon="12.012285">
        <ele>2184.074</ele>
        <time>2026-10-02T12:16:52Z</time>
      </trkpt>
      <trkpt lat="46.522483" lon="12.012292">
        <ele>2184.090</ele>
        <time>2026-10-02T12:16:53Z</time>
      </trkpt>
      <trkpt lat="46.522490" lon="12.012300">
        <ele>2184.031</ele>
        <time>2026-10-02T12:16:54Z</time>
      </trkpt>
      <trkpt lat="46.522498" lon="12.012309">
        <ele>2184.022</ele>
        <time>2026-10-02T12:16:55Z</time>
      </trkpt>
      <trkpt lat="46.522505" lon="12.012318">
        <ele>2184.054</ele>
        <time>2026-10-02T12:16:56Z</time>
      </trkpt>
      <trkpt lat="46.522512" lon="12.012326">
        <ele>2184.033</ele>
        <time>2026-10-02T12:16:57Z</time>
      </trkpt>
      <trkpt lat="46.522518" lon="12.012333">
        <ele>2184.014</ele>
        <time>2026-10-02T12:16:58Z</time>
      </trkpt>
      <trkpt lat="46.522526" lon="12.012340">
        <ele>2184.063</ele>
        <time>2026-10-02T12:16:59Z</time>
      </trkpt>
      <trkpt lat="46.522533" lon="12.012345">
        <ele>2184.055</ele>
        <time>2026-10-02T12:17:00Z</time>
      </trkpt>
      <trkpt lat="46.522541" lon="12.012351">
        <ele>2184.039</ele>
        <time>2026-10-02T12:17:01Z</time>
      </trkpt>
      <trkpt lat="46.522548" lon="12.012356">
        <ele>2184.001</ele>
        <time>2026-10-02T12:17:02Z</time>
      </trkpt>
      <trkpt lat="46.522556" lon="12.012362">
        <ele>2184.021</ele>
        <time>2026-10-02T12:17:03Z</time>
      </trkpt>
      <trkpt lat="46.522563" lon="12.012367">
        <ele>2184.009</ele>
        <time>2026-10-02T12:17:04Z</time>
      </trkpt>
      <trkpt lat="46.522570" lon="12.012372">
        <ele>2184.035</ele>
        <time>2026-10-02T12:17:05Z</time>
      </trkpt>
      <trkpt lat="46.522577" lon="12.012376">
        <ele>2184.091</ele>
        <time>2026-10-02T12:17:06Z</time>
      </trkpt>
      <trkpt lat="46.522583" lon="12.012380">
        <ele>2185.082</ele>
        <time>2026-10-02T12:17:07Z</time>
      </trkpt>
      <trkpt lat="46.522590" lon="12.012385">
        <ele>2185.033</ele>
        <time>2026-10-02T12:17:08Z</time>
      </trkpt>
      <trkpt lat="46.522596" lon="12.012390">
        <ele>2185.045</ele>
        <time>2026-10-02T12:17:09Z</time>
      </trkpt>
      <trkpt lat="46.522602" lon="12.012395">
        <ele>2185.074</ele>
        <time>2026-10-02T12:17:10Z</time>
      </trkpt>
      <trkpt lat="46.522608" lon="12.012400">
        <ele>2185.075</ele>
        <time>2026-10-02T12:17:11Z</time>
      </trkpt>
      <trkpt lat="46.522615" lon="12.012405">
        <ele>2185.094</ele>
        <time>2026-10-02T12:17:12Z</time>
      </trkpt>
      <trkpt lat="46.522621" lon="12.012410">
        <ele>2185.066</ele>
        <time>2026-10-02T12:17:13Z</time>
      </trkpt>
      <trkpt lat="46.522628" lon="12.012415">
        <ele>2185.066</ele>
        <time>2026-10-02T12:17:14Z</time>
      </trkpt>
      <trkpt lat="46.522635" lon="12.012421">
        <ele>2185.029</ele>
        <time>2026-10-02T12:17:15Z</time>
      </trkpt>
      <trkpt lat="46.522641" lon="12.012427">
        <ele>2185.021</ele>
        <time>2026-10-02T12:17:16Z</time>
      </trkpt>
      <trkpt lat="46.522648" lon="12.012434">
        <ele>2185.009</ele>
        <time>2026-10-02T12:17:17Z</time>
      </trkpt>
      <trkpt lat="46.522654" lon="12.012441">
        <ele>2185.048</ele>
        <time>2026-10-02T12:17:18Z</time>
      </trkpt>
      <trkpt lat="46.522661" lon="12.012447">
        <ele>2186.064</ele>
        <time>2026-10-02T12:17:19Z</time>
      </trkpt>
      <trkpt lat="46.522668" lon="12.012454">
        <ele>2186.015</ele>
        <time>2026-10-02T12:17:20Z</time>
      </trkpt>
      <trkpt lat="46.522675" lon="12.012462">
        <ele>2186.026</ele>
        <time>2026-10-02T12:17:21Z</time>
      </trkpt>
      <trkpt lat="46.522682" lon="12.012469">
        <ele>2186.078</ele>
        <time>2026-10-02T12:17:22Z</time>
      </trkpt>
      <trkpt lat="46.522683" lon="12.012471">
        <ele>2186.037</ele>
        <time>2026-10-02T12:17:23Z</time>
      </trkpt>
      <trkpt lat="46.522684" lon="12.012473">
        <ele>2186.028</ele>
        <time>2026-10-02T12:17:24Z</time>
      </trkpt>
      <trkpt lat="46.522685" lon="12.012475">
        <ele>2186.087</ele>
        <time>2026-10-02T12:17:25Z</time>
      </trkpt>
      <trkpt lat="46.522686" lon="12.012477">
        <ele>2186.059</ele>
        <time>2026-10-02T12:17:26Z</time>
      </trkpt>
      <trkpt lat="46.522687" lon="12.012479">
        <ele>2187.069</ele>
        <time>2026-10-02T12:17:27Z</time>
      </trkpt>
      <trkpt lat="46.522691" lon="12.012486">
        <ele>2187.004</ele>
        <time>2026-10-02T12:17:28Z</time>
      </trkpt>
      <trkpt lat="46.522694" lon="12.012492">
        <ele>2187.024</ele>
        <time>2026-10-02T12:17:29Z</time>
      </trkpt>
      <trkpt lat="46.522697" lon="12.012498">
        <ele>2187.009</ele>
        <time>2026-10-02T12:17:30Z</time>
      </trkpt>
      <trkpt lat="46.522700" lon="12.012504">
        <ele>2187.018</ele>
        <time>2026-10-02T12:17:31Z</time>
      </trkpt>
      <trkpt lat="46.522704" lon="12.012511">
        <ele>2187.064</ele>
        <time>2026-10-02T12:17:32Z</time>
      </trkpt>
      <trkpt lat="46.522709" lon="12.012517">
        <ele>2187.085</ele>
        <time>2026-10-02T12:17:33Z</time>
      </trkpt>
      <trkpt lat="46.522715" lon="12.012524">
        <ele>2187.086</ele>
        <time>2026-10-02T12:17:34Z</time>
      </trkpt>
      <trkpt lat="46.522722" lon="12.012532">
        <ele>2187.068</ele>
        <time>2026-10-02T12:17:35Z</time>
      </trkpt>
      <trkpt lat="46.522728" lon="12.012541">
        <ele>2187.057</ele>
        <time>2026-10-02T12:17:36Z</time>
      </trkpt>
      <trkpt lat="46.522735" lon="12.012550">
        <ele>2187.088</ele>
        <time>2026-10-02T12:17:37Z</time>
      </trkpt>
      <trkpt lat="46.522742" lon="12.012560">
        <ele>2187.087</ele>
        <time>2026-10-02T12:17:38Z</time>
      </trkpt>
      <trkpt lat="46.522748" lon="12.012569">
        <ele>2187.099</ele>
        <time>2026-10-02T12:17:39Z</time>
      </trkpt>
      <trkpt lat="46.522755" lon="12.012578">
        <ele>2187.066</ele>
        <time>2026-10-02T12:17:40Z</time>
      </trkpt>
      <trkpt lat="46.522763" lon="12.012586">
        <ele>2187.029</ele>
        <time>2026-10-02T12:17:41Z</time>
      </trkpt>
      <trkpt lat="46.522770" lon="12.012595">
        <ele>2187.021</ele>
        <time>2026-10-02T12:17:42Z</time>
      </trkpt>
      <trkpt lat="46.522778" lon="12.012605">
        <ele>2188.009</ele>
        <time>2026-10-02T12:17:43Z</time>
      </trkpt>
      <trkpt lat="46.522786" lon="12.012615">
        <ele>2188.068</ele>
        <time>2026-10-02T12:17:44Z</time>
      </trkpt>
      <trkpt lat="46.522794" lon="12.012626">
        <ele>2188.064</ele>
        <time>2026-10-02T12:17:45Z</time>
      </trkpt>
      <trkpt lat="46.522802" lon="12.012637">
        <ele>2188.065</ele>
        <time>2026-10-02T12:17:46Z</time>
      </trkpt>
      <trkpt lat="46.522811" lon="12.012647">
        <ele>2188.026</ele>
        <time>2026-10-02T12:17:47Z</time>
      </trkpt>
      <trkpt lat="46.522820" lon="12.012657">
        <ele>2188.058</ele>
        <time>2026-10-02T12:17:48Z</time>
      </trkpt>
      <trkpt lat="46.522828" lon="12.012666">
        <ele>2188.027</ele>
        <time>2026-10-02T12:17:49Z</time>
      </trkpt>
      <trkpt lat="46.522837" lon="12.012676">
        <ele>2188.098</ele>
        <time>2026-10-02T12:17:50Z</time>
      </trkpt>
      <trkpt lat="46.522845" lon="12.012687">
        <ele>2189.087</ele>
        <time>2026-10-02T12:17:51Z</time>
      </trkpt>
      <trkpt lat="46.522852" lon="12.012698">
        <ele>2189.019</ele>
        <time>2026-10-02T12:17:52Z</time>
      </trkpt>
      <trkpt lat="46.522859" lon="12.012709">
        <ele>2189.059</ele>
        <time>2026-10-02T12:17:53Z</time>
      </trkpt>
      <trkpt lat="46.522866" lon="12.012719">
        <ele>2189.003</ele>
        <time>2026-10-02T12:17:54Z</time>
      </trkpt>
      <trkpt lat="46.522872" lon="12.012730">
        <ele>2190.023</ele>
        <time>2026-10-02T12:17:55Z</time>
      </trkpt>
      <trkpt lat="46.522879" lon="12.012741">
        <ele>2190.009</ele>
        <time>2026-10-02T12:17:56Z</time>
      </trkpt>
      <trkpt lat="46.522886" lon="12.012753">
        <ele>2190.057</ele>
        <time>2026-10-02T12:17:57Z</time>
      </trkpt>
      <trkpt lat="46.522893" lon="12.012764">
        <ele>2190.023</ele>
        <time>2026-10-02T12:17:58Z</time>
      </trkpt>
      <trkpt lat="46.522901" lon="12.012775">
        <ele>2190.044</ele>
        <time>2026-10-02T12:17:59Z</time>
      </trkpt>
      <trkpt lat="46.522908" lon="12.012785">
        <ele>2190.095</ele>
        <time>2026-10-02T12:18:00Z</time>
      </trkpt>
      <trkpt lat="46.522916" lon="12.012795">
        <ele>2190.027</ele>
        <time>2026-10-02T12:18:01Z</time>
      </trkpt>
      <trkpt lat="46.522924" lon="12.012804">
        <ele>2190.026</ele>
        <time>2026-10-02T12:18:02Z</time>
      </trkpt>
      <trkpt lat="46.522933" lon="12.012814">
        <ele>2191.047</ele>
        <time>2026-10-02T12:18:03Z</time>
      </trkpt>
      <trkpt lat="46.522941" lon="12.012824">
        <ele>2191.066</ele>
        <time>2026-10-02T12:18:04Z</time>
      </trkpt>
      <trkpt lat="46.522949" lon="12.012834">
        <ele>2191.048</ele>
        <time>2026-10-02T12:18:05Z</time>
      </trkpt>
      <trkpt lat="46.522957" lon="12.012844">
        <ele>2191.049</ele>
        <time>2026-10-02T12:18:06Z</time>
      </trkpt>
      <trkpt lat="46.522965" lon="12.012855">
        <ele>2191.002</ele>
        <time>2026-10-02T12:18:07Z</time>
      </trkpt>
      <trkpt lat="46.522971" lon="12.012866">
        <ele>2191.022</ele>
        <time>2026-10-02T12:18:08Z</time>
      </trkpt>
      <trkpt lat="46.522978" lon="12.012877">
        <ele>2191.009</ele>
        <time>2026-10-02T12:18:09Z</time>
      </trkpt>
      <trkpt lat="46.522985" lon="12.012887">
        <ele>2191.066</ele>
        <time>2026-10-02T12:18:10Z</time>
      </trkpt>
      <trkpt lat="46.522993" lon="12.012896">
        <ele>2192.032</ele>
        <time>2026-10-02T12:18:11Z</time>
      </trkpt>
      <trkpt lat="46.523001" lon="12.012906">
        <ele>2192.013</ele>
        <time>2026-10-02T12:18:12Z</time>
      </trkpt>
      <trkpt lat="46.523009" lon="12.012915">
        <ele>2192.034</ele>
        <time>2026-10-02T12:18:13Z</time>
      </trkpt>
      <trkpt lat="46.523016" lon="12.012924">
        <ele>2192.096</ele>
        <time>2026-10-02T12:18:14Z</time>
      </trkpt>
      <trkpt lat="46.523024" lon="12.012933">
        <ele>2192.065</ele>
        <time>2026-10-02T12:18:15Z</time>
      </trkpt>
      <trkpt lat="46.523031" lon="12.012943">
        <ele>2192.036</ele>
        <time>2026-10-02T12:18:16Z</time>
      </trkpt>
      <trkpt lat="46.523038" lon="12.012953">
        <ele>2192.075</ele>
        <time>2026-10-02T12:18:17Z</time>
      </trkpt>
      <trkpt lat="46.523044" lon="12.012964">
        <ele>2192.027</ele>
        <time>2026-10-02T12:18:18Z</time>
      </trkpt>
      <trkpt lat="46.523050" lon="12.012975">
        <ele>2193.085</ele>
        <time>2026-10-02T12:18:19Z</time>
      </trkpt>
      <trkpt lat="46.523057" lon="12.012986">
        <ele>2193.089</ele>
        <time>2026-10-02T12:18:20Z</time>
      </trkpt>
      <trkpt lat="46.523063" lon="12.012997">
        <ele>2193.017</ele>
        <time>2026-10-02T12:18:21Z</time>
      </trkpt>
      <trkpt lat="46.523070" lon="12.013008">
        <ele>2193.009</ele>
        <time>2026-10-02T12:18:22Z</time>
      </trkpt>
      <trkpt lat="46.523078" lon="12.013019">
        <ele>2193.060</ele>
        <time>2026-10-02T12:18:23Z</time>
      </trkpt>
      <trkpt lat="46.523086" lon="12.013030">
        <ele>2193.026</ele>
        <time>2026-10-02T12:18:24Z</time>
      </trkpt>
      <trkpt lat="46.523095" lon="12.013040">
        <ele>2193.077</ele>
        <time>2026-10-02T12:18:25Z</time>
      </trkpt>
      <trkpt lat="46.523104" lon="12.013052">
        <ele>2193.078</ele>
        <time>2026-10-02T12:18:26Z</time>
      </trkpt>
      <trkpt lat="46.523111" lon="12.013063">
        <ele>2194.050</ele>
        <time>2026-10-02T12:18:27Z</time>
      </trkpt>
      <trkpt lat="46.523118" lon="12.013072">
        <ele>2194.089</ele>
        <time>2026-10-02T12:18:28Z</time>
      </trkpt>
      <trkpt lat="46.523123" lon="12.013079">
        <ele>2194.010</ele>
        <time>2026-10-02T12:18:29Z</time>
      </trkpt>
      <trkpt lat="46.523128" lon="12.013085">
        <ele>2194.039</ele>
        <time>2026-10-02T12:18:30Z</time>
      </trkpt>
      <trkpt lat="46.523132" lon="12.013090">
        <ele>2194.011</ele>
        <time>2026-10-02T12:18:31Z</time>
      </trkpt>
      <trkpt lat="46.523136" lon="12.013097">
        <ele>2194.086</ele>
        <time>2026-10-02T12:18:32Z</time>
      </trkpt>
      <trkpt lat="46.523142" lon="12.013105">
        <ele>2194.060</ele>
        <time>2026-10-02T12:18:33Z</time>
      </trkpt>
      <trkpt lat="46.523147" lon="12.013113">
        <ele>2194.026</ele>
        <time>2026-10-02T12:18:34Z</time>
      </trkpt>
      <trkpt lat="46.523154" lon="12.013122">
        <ele>2194.009</ele>
        <time>2026-10-02T12:18:35Z</time>
      </trkpt>
      <trkpt lat="46.523160" lon="12.013132">
        <ele>2194.050</ele>
        <time>2026-10-02T12:18:36Z</time>
      </trkpt>
      <trkpt lat="46.523167" lon="12.013144">
        <ele>2194.056</ele>
        <time>2026-10-02T12:18:37Z</time>
      </trkpt>
      <trkpt lat="46.523172" lon="12.013155">
        <ele>2194.087</ele>
        <time>2026-10-02T12:18:38Z</time>
      </trkpt>
      <trkpt lat="46.523177" lon="12.013167">
        <ele>2195.048</ele>
        <time>2026-10-02T12:18:39Z</time>
      </trkpt>
      <trkpt lat="46.523182" lon="12.013180">
        <ele>2195.080</ele>
        <time>2026-10-02T12:18:40Z</time>
      </trkpt>
      <trkpt lat="46.523186" lon="12.013193">
        <ele>2195.019</ele>
        <time>2026-10-02T12:18:41Z</time>
      </trkpt>
      <trkpt lat="46.523191" lon="12.013206">
        <ele>2195.080</ele>
        <time>2026-10-02T12:18:42Z</time>
      </trkpt>
      <trkpt lat="46.523195" lon="12.013219">
        <ele>2195.049</ele>
        <time>2026-10-02T12:18:43Z</time>
      </trkpt>
      <trkpt lat="46.523198" lon="12.013232">
        <ele>2195.041</ele>
        <time>2026-10-02T12:18:49Z</time>
      </trkpt>
      <trkpt lat="46.523200" lon="12.013242">
        <ele>2195.071</ele>
        <time>2026-10-02T12:18:50Z</time>
      </trkpt>
      <trkpt lat="46.523203" lon="12.013250">
        <ele>2196.041</ele>
        <time>2026-10-02T12:18:51Z</time>
      </trkpt>
      <trkpt lat="46.523207" lon="12.013259">
        <ele>2196.015</ele>
        <time>2026-10-02T12:18:52Z</time>
      </trkpt>
      <trkpt lat="46.523211" lon="12.013269">
        <ele>2196.009</ele>
        <time>2026-10-02T12:18:53Z</time>
      </trkpt>
      <trkpt lat="46.523216" lon="12.013280">
        <ele>2196.039</ele>
        <time>2026-10-02T12:18:54Z</time>
      </trkpt>
      <trkpt lat="46.523221" lon="12.013293">
        <ele>2196.085</ele>
        <time>2026-10-02T12:18:55Z</time>
      </trkpt>
      <trkpt lat="46.523227" lon="12.013306">
        <ele>2196.056</ele>
        <time>2026-10-02T12:18:56Z</time>
      </trkpt>
      <trkpt lat="46.523233" lon="12.013320">
        <ele>2196.017</ele>
        <time>2026-10-02T12:18:57Z</time>
      </trkpt>
      <trkpt lat="46.523239" lon="12.013335">
        <ele>2196.029</ele>
        <time>2026-10-02T12:18:58Z</time>
      </trkpt>
      <trkpt lat="46.523244" lon="12.013349">
        <ele>2196.028</ele>
        <time>2026-10-02T12:18:59Z</time>
      </trkpt>
      <trkpt lat="46.523248" lon="12.013363">
        <ele>2196.039</ele>
        <time>2026-10-02T12:19:00Z</time>
      </trkpt>
      <trkpt lat="46.523253" lon="12.013376">
        <ele>2196.038</ele>
        <time>2026-10-02T12:19:01Z</time>
      </trkpt>
      <trkpt lat="46.523257" lon="12.013388">
        <ele>2196.090</ele>
        <time>2026-10-02T12:19:02Z</time>
      </trkpt>
      <trkpt lat="46.523262" lon="12.013401">
        <ele>2197.053</ele>
        <time>2026-10-02T12:19:03Z</time>
      </trkpt>
      <trkpt lat="46.523267" lon="12.013413">
        <ele>2197.004</ele>
        <time>2026-10-02T12:19:04Z</time>
      </trkpt>
      <trkpt lat="46.523272" lon="12.013426">
        <ele>2197.014</ele>
        <time>2026-10-02T12:19:05Z</time>
      </trkpt>
      <trkpt lat="46.523277" lon="12.013439">
        <ele>2197.009</ele>
        <time>2026-10-02T12:19:06Z</time>
      </trkpt>
      <trkpt lat="46.523281" lon="12.013452">
        <ele>2197.097</ele>
        <time>2026-10-02T12:19:07Z</time>
      </trkpt>
      <trkpt lat="46.523284" lon="12.013466">
        <ele>2197.083</ele>
        <time>2026-10-02T12:19:08Z</time>
      </trkpt>
      <trkpt lat="46.523288" lon="12.013480">
        <ele>2197.054</ele>
        <time>2026-10-02T12:19:09Z</time>
      </trkpt>
      <trkpt lat="46.523290" lon="12.013495">
        <ele>2197.065</ele>
        <time>2026-10-02T12:19:10Z</time>
      </trkpt>
      <trkpt lat="46.523293" lon="12.013509">
        <ele>2198.047</ele>
        <time>2026-10-02T12:19:11Z</time>
      </trkpt>
      <trkpt lat="46.523296" lon="12.013524">
        <ele>2198.086</ele>
        <time>2026-10-02T12:19:12Z</time>
      </trkpt>
      <trkpt lat="46.523299" lon="12.013539">
        <ele>2198.087</ele>
        <time>2026-10-02T12:19:13Z</time>
      </trkpt>
      <trkpt lat="46.523302" lon="12.013554">
        <ele>2198.046</ele>
        <time>2026-10-02T12:19:14Z</time>
      </trkpt>
      <trkpt lat="46.523304" lon="12.013568">
        <ele>2199.038</ele>
        <time>2026-10-02T12:19:15Z</time>
      </trkpt>
      <trkpt lat="46.523306" lon="12.013583">
        <ele>2199.053</ele>
        <time>2026-10-02T12:19:16Z</time>
      </trkpt>
      <trkpt lat="46.523308" lon="12.013597">
        <ele>2199.004</ele>
        <time>2026-10-02T12:19:17Z</time>
      </trkpt>
      <trkpt lat="46.523311" lon="12.013611">
        <ele>2199.014</ele>
        <time>2026-10-02T12:19:18Z</time>
      </trkpt>
      <trkpt lat="46.523314" lon="12.013625">
        <ele>2200.009</ele>
        <time>2026-10-02T12:19:19Z</time>
      </trkpt>
      <trkpt lat="46.523316" lon="12.013640">
        <ele>2200.097</ele>
        <time>2026-10-02T12:19:20Z</time>
      </trkpt>
      <trkpt lat="46.523318" lon="12.013654">
        <ele>2200.013</ele>
        <time>2026-10-02T12:19:21Z</time>
      </trkpt>
      <trkpt lat="46.523320" lon="12.013668">
        <ele>2200.084</ele>
        <time>2026-10-02T12:19:22Z</time>
      </trkpt>
      <trkpt lat="46.523323" lon="12.013683">
        <ele>2200.015</ele>
        <time>2026-10-02T12:19:23Z</time>
      </trkpt>
      <trkpt lat="46.523325" lon="12.013698">
        <ele>2200.037</ele>
        <time>2026-10-02T12:19:24Z</time>
      </trkpt>
      <trkpt lat="46.523328" lon="12.013713">
        <ele>2200.046</ele>
        <time>2026-10-02T12:19:25Z</time>
      </trkpt>
      <trkpt lat="46.523331" lon="12.013729">
        <ele>2200.087</ele>
        <time>2026-10-02T12:19:26Z</time>
      </trkpt>
      <trkpt lat="46.523334" lon="12.013745">
        <ele>2201.076</ele>
        <time>2026-10-02T12:19:27Z</time>
      </trkpt>
      <trkpt lat="46.523337" lon="12.013762">
        <ele>2201.068</ele>
        <time>2026-10-02T12:19:28Z</time>
      </trkpt>
      <trkpt lat="46.523340" lon="12.013777">
        <ele>2201.065</ele>
        <time>2026-10-02T12:19:29Z</time>
      </trkpt>
      <trkpt lat="46.523343" lon="12.013792">
        <ele>2201.068</ele>
        <time>2026-10-02T12:19:30Z</time>
      </trkpt>
      <trkpt lat="46.523346" lon="12.013806">
        <ele>2201.014</ele>
        <time>2026-10-02T12:19:31Z</time>
      </trkpt>
      <trkpt lat="46.523349" lon="12.013820">
        <ele>2201.009</ele>
        <time>2026-10-02T12:19:32Z</time>
      </trkpt>
      <trkpt lat="46.523352" lon="12.013834">
        <ele>2201.038</ele>
        <time>2026-10-02T12:19:33Z</time>
      </trkpt>
      <trkpt lat="46.523355" lon="12.013849">
        <ele>2201.054</ele>
        <time>2026-10-02T12:19:34Z</time>
      </trkpt>
      <trkpt lat="46.523357" lon="12.013864">
        <ele>2202.015</ele>
        <time>2026-10-02T12:19:35Z</time>
      </trkpt>
      <trkpt lat="46.523360" lon="12.013879">
        <ele>2202.086</ele>
        <time>2026-10-02T12:19:36Z</time>
      </trkpt>
      <trkpt lat="46.523362" lon="12.013894">
        <ele>2202.018</ele>
        <time>2026-10-02T12:19:37Z</time>
      </trkpt>
      <trkpt lat="46.523364" lon="12.013910">
        <ele>2202.087</ele>
        <time>2026-10-02T12:19:38Z</time>
      </trkpt>
      <trkpt lat="46.523366" lon="12.013925">
        <ele>2202.048</ele>
        <time>2026-10-02T12:19:39Z</time>
      </trkpt>
      <trkpt lat="46.523368" lon="12.013941">
        <ele>2202.027</ele>
        <time>2026-10-02T12:19:40Z</time>
      </trkpt>
      <trkpt lat="46.523371" lon="12.013957">
        <ele>2202.039</ele>
        <time>2026-10-02T12:19:41Z</time>
      </trkpt>
      <trkpt lat="46.523374" lon="12.013972">
        <ele>2202.099</ele>
        <time>2026-10-02T12:19:42Z</time>
      </trkpt>
      <trkpt lat="46.523376" lon="12.013988">
        <ele>2203.007</ele>
        <time>2026-10-02T12:19:43Z</time>
      </trkpt>
      <trkpt lat="46.523379" lon="12.014003">
        <ele>2203.027</ele>
        <time>2026-10-02T12:19:44Z</time>
      </trkpt>
      <trkpt lat="46.523381" lon="12.014017">
        <ele>2203.009</ele>
        <time>2026-10-02T12:19:45Z</time>
      </trkpt>
      <trkpt lat="46.523383" lon="12.014031">
        <ele>2203.081</ele>
        <time>2026-10-02T12:19:46Z</time>
      </trkpt>
      <trkpt lat="46.523385" lon="12.014045">
        <ele>2203.087</ele>
        <time>2026-10-02T12:19:47Z</time>
      </trkpt>
      <trkpt lat="46.523387" lon="12.014059">
        <ele>2203.068</ele>
        <time>2026-10-02T12:19:48Z</time>
      </trkpt>
      <trkpt lat="46.523389" lon="12.014073">
        <ele>2203.029</ele>
        <time>2026-10-02T12:19:49Z</time>
      </trkpt>
      <trkpt lat="46.523391" lon="12.014086">
        <ele>2203.061</ele>
        <time>2026-10-02T12:19:50Z</time>
      </trkpt>
      <trkpt lat="46.523394" lon="12.014100">
        <ele>2204.060</ele>
        <time>2026-10-02T12:19:51Z</time>
      </trkpt>
      <trkpt lat="46.523396" lon="12.014113">
        <ele>2204.031</ele>
        <time>2026-10-02T12:19:52Z</time>
      </trkpt>
      <trkpt lat="46.523398" lon="12.014125">
        <ele>2204.020</ele>
        <time>2026-10-02T12:19:53Z</time>
      </trkpt>
      <trkpt lat="46.523400" lon="12.014137">
        <ele>2204.092</ele>
        <time>2026-10-02T12:19:54Z</time>
      </trkpt>
      <trkpt lat="46.523402" lon="12.014147">
        <ele>2204.048</ele>
        <time>2026-10-02T12:19:55Z</time>
      </trkpt>
      <trkpt lat="46.523405" lon="12.014158">
        <ele>2204.061</ele>
        <time>2026-10-02T12:19:56Z</time>
      </trkpt>
      <trkpt lat="46.523407" lon="12.014169">
        <ele>2204.017</ele>
        <time>2026-10-02T12:19:57Z</time>
      </trkpt>
      <trkpt lat="46.523410" lon="12.014180">
        <ele>2204.009</ele>
        <time>2026-10-02T12:19:58Z</time>
      </trkpt>
      <trkpt lat="46.523413" lon="12.014191">
        <ele>2205.076</ele>
        <time>2026-10-02T12:19:59Z</time>
      </trkpt>
      <trkpt lat="46.523416" lon="12.014201">
        <ele>2205.062</ele>
        <time>2026-10-02T12:20:00Z</time>
      </trkpt>
      <trkpt lat="46.523419" lon="12.014211">
        <ele>2205.083</ele>
        <time>2026-10-02T12:20:01Z</time>
      </trkpt>
      <trkpt lat="46.523422" lon="12.014221">
        <ele>2205.064</ele>
        <time>2026-10-02T12:20:02Z</time>
      </trkpt>
      <trkpt lat="46.523425" lon="12.014230">
        <ele>2206.036</ele>
        <time>2026-10-02T12:20:03Z</time>
      </trkpt>
      <trkpt lat="46.523430" lon="12.014239">
        <ele>2206.095</ele>
        <time>2026-10-02T12:20:04Z</time>
      </trkpt>
      <trkpt lat="46.523434" lon="12.014248">
        <ele>2206.036</ele>
        <time>2026-10-02T12:20:05Z</time>
      </trkpt>
      <trkpt lat="46.523439" lon="12.014258">
        <ele>2206.065</ele>
        <time>2026-10-02T12:20:06Z</time>
      </trkpt>
      <trkpt lat="46.523444" lon="12.014270">
        <ele>2206.027</ele>
        <time>2026-10-02T12:20:07Z</time>
      </trkpt>
      <trkpt lat="46.523447" lon="12.014284">
        <ele>2206.054</ele>
        <time>2026-10-02T12:20:08Z</time>
      </trkpt>
      <trkpt lat="46.523450" lon="12.014297">
        <ele>2206.056</ele>
        <time>2026-10-02T12:20:09Z</time>
      </trkpt>
      <trkpt lat="46.523452" lon="12.014310">
        <ele>2206.011</ele>
        <time>2026-10-02T12:20:10Z</time>
      </trkpt>
      <trkpt lat="46.523453" lon="12.014323">
        <ele>2207.009</ele>
        <time>2026-10-02T12:20:11Z</time>
      </trkpt>
      <trkpt lat="46.523454" lon="12.014335">
        <ele>2207.077</ele>
        <time>2026-10-02T12:20:12Z</time>
      </trkpt>
      <trkpt lat="46.523455" lon="12.014346">
        <ele>2207.033</ele>
        <time>2026-10-02T12:20:13Z</time>
      </trkpt>
      <trkpt lat="46.523456" lon="12.014359">
        <ele>2207.024</ele>
        <time>2026-10-02T12:20:14Z</time>
      </trkpt>
      <trkpt lat="46.523457" lon="12.014371">
        <ele>2208.025</ele>
        <time>2026-10-02T12:20:15Z</time>
      </trkpt>
      <trkpt lat="46.523459" lon="12.014385">
        <ele>2208.097</ele>
        <time>2026-10-02T12:20:16Z</time>
      </trkpt>
      <trkpt lat="46.523462" lon="12.014398">
        <ele>2208.066</ele>
        <time>2026-10-02T12:20:17Z</time>
      </trkpt>
      <trkpt lat="46.523465" lon="12.014412">
        <ele>2208.077</ele>
        <time>2026-10-02T12:20:18Z</time>
      </trkpt>
      <trkpt lat="46.523469" lon="12.014425">
        <ele>2208.076</ele>
        <time>2026-10-02T12:20:19Z</time>
      </trkpt>
      <trkpt lat="46.523473" lon="12.014438">
        <ele>2208.038</ele>
        <time>2026-10-02T12:20:20Z</time>
      </trkpt>
      <trkpt lat="46.523477" lon="12.014451">
        <ele>2208.069</ele>
        <time>2026-10-02T12:20:21Z</time>
      </trkpt>
      <trkpt lat="46.523481" lon="12.014464">
        <ele>2208.004</ele>
        <time>2026-10-02T12:20:22Z</time>
      </trkpt>
      <trkpt lat="46.523485" lon="12.014477">
        <ele>2209.024</ele>
        <time>2026-10-02T12:20:23Z</time>
      </trkpt>
      <trkpt lat="46.523489" lon="12.014489">
        <ele>2209.009</ele>
        <time>2026-10-02T12:20:24Z</time>
      </trkpt>
      <trkpt lat="46.523494" lon="12.014500">
        <ele>2209.068</ele>
        <time>2026-10-02T12:20:25Z</time>
      </trkpt>
      <trkpt lat="46.523500" lon="12.014513">
        <ele>2209.034</ele>
        <time>2026-10-02T12:20:26Z</time>
      </trkpt>
      <trkpt lat="46.523505" lon="12.014524">
        <ele>2210.035</ele>
        <time>2026-10-02T12:20:27Z</time>
      </trkpt>
      <trkpt lat="46.523514" lon="12.014541">
        <ele>2210.026</ele>
        <time>2026-10-02T12:20:36Z</time>
      </trkpt>
      <trkpt lat="46.523520" lon="12.014553">
        <ele>2210.068</ele>
        <time>2026-10-02T12:20:37Z</time>
      </trkpt>
      <trkpt lat="46.523524" lon="12.014562">
        <ele>2210.087</ele>
        <time>2026-10-02T12:20:38Z</time>
      </trkpt>
      <trkpt lat="46.523528" lon="12.014571">
        <ele>2210.078</ele>
        <time>2026-10-02T12:20:39Z</time>
      </trkpt>
      <trkpt lat="46.523532" lon="12.014579">
        <ele>2210.067</ele>
        <time>2026-10-02T12:20:40Z</time>
      </trkpt>
      <trkpt lat="46.523536" lon="12.014587">
        <ele>2210.089</ele>
        <time>2026-10-02T12:20:41Z</time>
      </trkpt>
      <trkpt lat="46.523539" lon="12.014595">
        <ele>2210.019</ele>
        <time>2026-10-02T12:20:42Z</time>
      </trkpt>
      <trkpt lat="46.523541" lon="12.014603">
        <ele>2211.009</ele>
        <time>2026-10-02T12:20:43Z</time>
      </trkpt>
      <trkpt lat="46.523544" lon="12.014612">
        <ele>2211.019</ele>
        <time>2026-10-02T12:20:44Z</time>
      </trkpt>
      <trkpt lat="46.523547" lon="12.014622">
        <ele>2211.009</ele>
        <time>2026-10-02T12:20:45Z</time>
      </trkpt>
      <trkpt lat="46.523549" lon="12.014632">
        <ele>2211.063</ele>
        <time>2026-10-02T12:20:46Z</time>
      </trkpt>
      <trkpt lat="46.523553" lon="12.014643">
        <ele>2211.069</ele>
        <time>2026-10-02T12:20:47Z</time>
      </trkpt>
      <trkpt lat="46.523557" lon="12.014654">
        <ele>2211.040</ele>
        <time>2026-10-02T12:20:48Z</time>
      </trkpt>
      <trkpt lat="46.523561" lon="12.014666">
        <ele>2211.011</ele>
        <time>2026-10-02T12:20:49Z</time>
      </trkpt>
      <trkpt lat="46.523565" lon="12.014679">
        <ele>2211.083</ele>
        <time>2026-10-02T12:20:50Z</time>
      </trkpt>
      <trkpt lat="46.523569" lon="12.014692">
        <ele>2211.082</ele>
        <time>2026-10-02T12:20:51Z</time>
      </trkpt>
      <trkpt lat="46.523573" lon="12.014706">
        <ele>2211.043</ele>
        <time>2026-10-02T12:20:52Z</time>
      </trkpt>
      <trkpt lat="46.523577" lon="12.014719">
        <ele>2211.052</ele>
        <time>2026-10-02T12:20:53Z</time>
      </trkpt>
      <trkpt lat="46.523581" lon="12.014732">
        <ele>2211.074</ele>
        <time>2026-10-02T12:20:54Z</time>
      </trkpt>
      <trkpt lat="46.523587" lon="12.014744">
        <ele>2212.089</ele>
        <time>2026-10-02T12:20:55Z</time>
      </trkpt>
      <trkpt lat="46.523593" lon="12.014757">
        <ele>2212.006</ele>
        <time>2026-10-02T12:20:56Z</time>
      </trkpt>
      <trkpt lat="46.523600" lon="12.014771">
        <ele>2212.026</ele>
        <time>2026-10-02T12:20:57Z</time>
      </trkpt>
      <trkpt lat="46.523606" lon="12.014784">
        <ele>2212.009</ele>
        <time>2026-10-02T12:20:58Z</time>
      </trkpt>
      <trkpt lat="46.523613" lon="12.014798">
        <ele>2212.020</ele>
        <time>2026-10-02T12:20:59Z</time>
      </trkpt>
      <trkpt lat="46.523619" lon="12.014810">
        <ele>2212.046</ele>
        <time>2026-10-02T12:21:00Z</time>
      </trkpt>
      <trkpt lat="46.523626" lon="12.014823">
        <ele>2212.097</ele>
        <time>2026-10-02T12:21:01Z</time>
      </trkpt>
      <trkpt lat="46.523632" lon="12.014835">
        <ele>2212.098</ele>
        <time>2026-10-02T12:21:02Z</time>
      </trkpt>
      <trkpt lat="46.523638" lon="12.014848">
        <ele>2213.020</ele>
        <time>2026-10-02T12:21:03Z</time>
      </trkpt>
      <trkpt lat="46.523643" lon="12.014861">
        <ele>2213.069</ele>
        <time>2026-10-02T12:21:04Z</time>
      </trkpt>
      <trkpt lat="46.523648" lon="12.014874">
        <ele>2213.080</ele>
        <time>2026-10-02T12:21:05Z</time>
      </trkpt>
      <trkpt lat="46.523653" lon="12.014886">
        <ele>2213.079</ele>
        <time>2026-10-02T12:21:06Z</time>
      </trkpt>
      <trkpt lat="46.523658" lon="12.014899">
        <ele>2213.051</ele>
        <time>2026-10-02T12:21:07Z</time>
      </trkpt>
      <trkpt lat="46.523663" lon="12.014911">
        <ele>2213.052</ele>
        <time>2026-10-02T12:21:08Z</time>
      </trkpt>
      <trkpt lat="46.523667" lon="12.014922">
        <ele>2213.053</ele>
        <time>2026-10-02T12:21:09Z</time>
      </trkpt>
      <trkpt lat="46.523672" lon="12.014934">
        <ele>2213.008</ele>
        <time>2026-10-02T12:21:10Z</time>
      </trkpt>
      <trkpt lat="46.523677" lon="12.014945">
        <ele>2214.009</ele>
        <time>2026-10-02T12:21:11Z</time>
      </trkpt>
      <trkpt lat="46.523681" lon="12.014956">
        <ele>2214.067</ele>
        <time>2026-10-02T12:21:12Z</time>
      </trkpt>
      <trkpt lat="46.523686" lon="12.014967">
        <ele>2214.053</ele>
        <time>2026-10-02T12:21:13Z</time>
      </trkpt>
      <trkpt lat="46.523690" lon="12.014979">
        <ele>2214.094</ele>
        <time>2026-10-02T12:21:14Z</time>
      </trkpt>
      <trkpt lat="46.523695" lon="12.014991">
        <ele>2214.085</ele>
        <time>2026-10-02T12:21:15Z</time>
      </trkpt>
      <trkpt lat="46.523701" lon="12.015003">
        <ele>2214.047</ele>
        <time>2026-10-02T12:21:16Z</time>
      </trkpt>
      <trkpt lat="46.523706" lon="12.015014">
        <ele>2214.066</ele>
        <time>2026-10-02T12:21:17Z</time>
      </trkpt>
      <trkpt lat="46.523710" lon="12.015027">
        <ele>2214.067</ele>
        <time>2026-10-02T12:21:18Z</time>
      </trkpt>
      <trkpt lat="46.523715" lon="12.015040">
        <ele>2215.026</ele>
        <time>2026-10-02T12:21:19Z</time>
      </trkpt>
      <trkpt lat="46.523719" lon="12.015053">
        <ele>2215.028</ele>
        <time>2026-10-02T12:21:20Z</time>
      </trkpt>
      <trkpt lat="46.523722" lon="12.015066">
        <ele>2215.097</ele>
        <time>2026-10-02T12:21:21Z</time>
      </trkpt>
      <trkpt lat="46.523727" lon="12.015078">
        <ele>2215.023</ele>
        <time>2026-10-02T12:21:22Z</time>
      </trkpt>
      <trkpt lat="46.523731" lon="12.015091">
        <ele>2216.025</ele>
        <time>2026-10-02T12:21:23Z</time>
      </trkpt>
      <trkpt lat="46.523737" lon="12.015103">
        <ele>2216.009</ele>
        <time>2026-10-02T12:21:24Z</time>
      </trkpt>
      <trkpt lat="46.523742" lon="12.015116">
        <ele>2216.081</ele>
        <time>2026-10-02T12:21:25Z</time>
      </trkpt>
      <trkpt lat="46.523747" lon="12.015129">
        <ele>2216.077</ele>
        <time>2026-10-02T12:21:26Z</time>
      </trkpt>
      <trkpt lat="46.523752" lon="12.015143">
        <ele>2216.018</ele>
        <time>2026-10-02T12:21:27Z</time>
      </trkpt>
      <trkpt lat="46.523757" lon="12.015156">
        <ele>2216.069</ele>
        <time>2026-10-02T12:21:28Z</time>
      </trkpt>
      <trkpt lat="46.523761" lon="12.015169">
        <ele>2216.031</ele>
        <time>2026-10-02T12:21:29Z</time>
      </trkpt>
      <trkpt lat="46.523765" lon="12.015182">
        <ele>2216.050</ele>
        <time>2026-10-02T12:21:30Z</time>
      </trkpt>
      <trkpt lat="46.523769" lon="12.015194">
        <ele>2217.071</ele>
        <time>2026-10-02T12:21:31Z</time>
      </trkpt>
      <trkpt lat="46.523773" lon="12.015206">
        <ele>2217.030</ele>
        <time>2026-10-02T12:21:32Z</time>
      </trkpt>
      <trkpt lat="46.523777" lon="12.015218">
        <ele>2217.052</ele>
        <time>2026-10-02T12:21:33Z</time>
      </trkpt>
      <trkpt lat="46.523781" lon="12.015231">
        <ele>2217.056</ele>
        <time>2026-10-02T12:21:34Z</time>
      </trkpt>
      <trkpt lat="46.523785" lon="12.015244">
        <ele>2218.059</ele>
        <time>2026-10-02T12:21:35Z</time>
      </trkpt>
      <trkpt lat="46.523789" lon="12.015257">
        <ele>2218.014</ele>
        <time>2026-10-02T12:21:36Z</time>
      </trkpt>
      <trkpt lat="46.523792" lon="12.015270">
        <ele>2218.009</ele>
        <time>2026-10-02T12:21:37Z</time>
      </trkpt>
      <trkpt lat="46.523795" lon="12.015283">
        <ele>2218.057</ele>
        <time>2026-10-02T12:21:38Z</time>
      </trkpt>
      <trkpt lat="46.523799" lon="12.015297">
        <ele>2218.033</ele>
        <time>2026-10-02T12:21:39Z</time>
      </trkpt>
      <trkpt lat="46.523803" lon="12.015311">
        <ele>2218.074</ele>
        <time>2026-10-02T12:21:40Z</time>
      </trkpt>
      <trkpt lat="46.523807" lon="12.015324">
        <ele>2218.025</ele>
        <time>2026-10-02T12:21:41Z</time>
      </trkpt>
      <trkpt lat="46.523812" lon="12.015337">
        <ele>2218.057</ele>
        <time>2026-10-02T12:21:42Z</time>
      </trkpt>
      <trkpt lat="46.523817" lon="12.015348">
        <ele>2219.066</ele>
        <time>2026-10-02T12:21:43Z</time>
      </trkpt>
      <trkpt lat="46.523821" lon="12.015355">
        <ele>2220.087</ele>
        <time>2026-10-02T12:21:52Z</time>
      </trkpt>
      <trkpt lat="46.523824" lon="12.015360">
        <ele>2220.056</ele>
        <time>2026-10-02T12:21:53Z</time>
      </trkpt>
      <trkpt lat="46.523826" lon="12.015366">
        <ele>2220.038</ele>
        <time>2026-10-02T12:21:54Z</time>
      </trkpt>
      <trkpt lat="46.523829" lon="12.015373">
        <ele>2220.067</ele>
        <time>2026-10-02T12:21:55Z</time>
      </trkpt>
      <trkpt lat="46.523833" lon="12.015381">
        <ele>2220.081</ele>
        <time>2026-10-02T12:21:56Z</time>
      </trkpt>
      <trkpt lat="46.523836" lon="12.015391">
        <ele>2220.019</ele>
        <time>2026-10-02T12:21:57Z</time>
      </trkpt>
      <trkpt lat="46.523841" lon="12.015402">
        <ele>2220.009</ele>
        <time>2026-10-02T12:21:58Z</time>
      </trkpt>
      <trkpt lat="46.523845" lon="12.015414">
        <ele>2220.068</ele>
        <time>2026-10-02T12:21:59Z</time>
      </trkpt>
      <trkpt lat="46.523850" lon="12.015428">
        <ele>2220.074</ele>
        <time>2026-10-02T12:22:00Z</time>
      </trkpt>
      <trkpt lat="46.523854" lon="12.015441">
        <ele>2220.025</ele>
        <time>2026-10-02T12:22:01Z</time>
      </trkpt>
      <trkpt lat="46.523858" lon="12.015453">
        <ele>2220.026</ele>
        <time>2026-10-02T12:22:02Z</time>
      </trkpt>
      <trkpt lat="46.523864" lon="12.015463">
        <ele>2220.048</ele>
        <time>2026-10-02T12:22:03Z</time>
      </trkpt>
      <trkpt lat="46.523870" lon="12.015473">
        <ele>2220.047</ele>
        <time>2026-10-02T12:22:04Z</time>
      </trkpt>
      <trkpt lat="46.523877" lon="12.015484">
        <ele>2220.038</ele>
        <time>2026-10-02T12:22:05Z</time>
      </trkpt>
      <trkpt lat="46.523882" lon="12.015495">
        <ele>2220.017</ele>
        <time>2026-10-02T12:22:06Z</time>
      </trkpt>
      <trkpt lat="46.523884" lon="12.015505">
        <ele>2222.049</ele>
        <time>2026-10-02T12:22:13Z</time>
      </trkpt>
      <trkpt lat="46.523885" lon="12.015513">
        <ele>2222.038</ele>
        <time>2026-10-02T12:22:14Z</time>
      </trkpt>
      <trkpt lat="46.523887" lon="12.015519">
        <ele>2222.070</ele>
        <time>2026-10-02T12:22:15Z</time>
      </trkpt>
      <trkpt lat="46.523889" lon="12.015525">
        <ele>2222.017</ele>
        <time>2026-10-02T12:22:16Z</time>
      </trkpt>
      <trkpt lat="46.523892" lon="12.015532">
        <ele>2222.009</ele>
        <time>2026-10-02T12:22:17Z</time>
      </trkpt>
      <trkpt lat="46.523895" lon="12.015541">
        <ele>2222.085</ele>
        <time>2026-10-02T12:22:18Z</time>
      </trkpt>
      <trkpt lat="46.523899" lon="12.015551">
        <ele>2222.081</ele>
        <time>2026-10-02T12:22:19Z</time>
      </trkpt>
      <trkpt lat="46.523903" lon="12.015561">
        <ele>2222.022</ele>
        <time>2026-10-02T12:22:20Z</time>
      </trkpt>
      <trkpt lat="46.523908" lon="12.015573">
        <ele>2222.013</ele>
        <time>2026-10-02T12:22:21Z</time>
      </trkpt>
      <trkpt lat="46.523913" lon="12.015583">
        <ele>2222.015</ele>
        <time>2026-10-02T12:22:22Z</time>
      </trkpt>
      <trkpt lat="46.523919" lon="12.015594">
        <ele>2222.094</ele>
        <time>2026-10-02T12:22:23Z</time>
      </trkpt>
      <trkpt lat="46.523924" lon="12.015605">
        <ele>2222.045</ele>
        <time>2026-10-02T12:22:24Z</time>
      </trkpt>
      <trkpt lat="46.523929" lon="12.015617">
        <ele>2222.014</ele>
        <time>2026-10-02T12:22:25Z</time>
      </trkpt>
      <trkpt lat="46.523935" lon="12.015628">
        <ele>2222.036</ele>
        <time>2026-10-02T12:22:26Z</time>
      </trkpt>
      <trkpt lat="46.523941" lon="12.015637">
        <ele>2223.061</ele>
        <time>2026-10-02T12:22:27Z</time>
      </trkpt>
      <trkpt lat="46.523947" lon="12.015645">
        <ele>2223.021</ele>
        <time>2026-10-02T12:22:28Z</time>
      </trkpt>
      <trkpt lat="46.523953" lon="12.015655">
        <ele>2223.013</ele>
        <time>2026-10-02T12:22:29Z</time>
      </trkpt>
      <trkpt lat="46.523958" lon="12.015665">
        <ele>2223.009</ele>
        <time>2026-10-02T12:22:30Z</time>
      </trkpt>
      <trkpt lat="46.523964" lon="12.015675">
        <ele>2223.038</ele>
        <time>2026-10-02T12:22:31Z</time>
      </trkpt>
      <trkpt lat="46.523969" lon="12.015686">
        <ele>2223.094</ele>
        <time>2026-10-02T12:22:32Z</time>
      </trkpt>
      <trkpt lat="46.523974" lon="12.015695">
        <ele>2223.065</ele>
        <time>2026-10-02T12:22:33Z</time>
      </trkpt>
      <trkpt lat="46.523981" lon="12.015705">
        <ele>2223.056</ele>
        <time>2026-10-02T12:22:34Z</time>
      </trkpt>
      <trkpt lat="46.523988" lon="12.015715">
        <ele>2224.088</ele>
        <time>2026-10-02T12:22:35Z</time>
      </trkpt>
      <trkpt lat="46.523995" lon="12.015724">
        <ele>2224.057</ele>
        <time>2026-10-02T12:22:36Z</time>
      </trkpt>
      <trkpt lat="46.524003" lon="12.015734">
        <ele>2224.098</ele>
        <time>2026-10-02T12:22:37Z</time>
      </trkpt>
      <trkpt lat="46.524011" lon="12.015742">
        <ele>2224.097</ele>
        <time>2026-10-02T12:22:38Z</time>
      </trkpt>
      <trkpt lat="46.524019" lon="12.015750">
        <ele>2224.049</ele>
        <time>2026-10-02T12:22:39Z</time>
      </trkpt>
      <trkpt lat="46.524028" lon="12.015758">
        <ele>2224.077</ele>
        <time>2026-10-02T12:22:40Z</time>
      </trkpt>
      <trkpt lat="46.524036" lon="12.015765">
        <ele>2224.061</ele>
        <time>2026-10-02T12:22:41Z</time>
      </trkpt>
      <trkpt lat="46.524045" lon="12.015771">
        <ele>2224.027</ele>
        <time>2026-10-02T12:22:42Z</time>
      </trkpt>
      <trkpt lat="46.524054" lon="12.015777">
        <ele>2225.009</ele>
        <time>2026-10-02T12:22:43Z</time>
      </trkpt>
      <trkpt lat="46.524062" lon="12.015783">
        <ele>2225.019</ele>
        <time>2026-10-02T12:22:44Z</time>
      </trkpt>
      <trkpt lat="46.524070" lon="12.015789">
        <ele>2225.035</ele>
        <time>2026-10-02T12:22:45Z</time>
      </trkpt>
      <trkpt lat="46.524077" lon="12.015796">
        <ele>2225.046</ele>
        <time>2026-10-02T12:22:46Z</time>
      </trkpt>
      <trkpt lat="46.524084" lon="12.015802">
        <ele>2226.017</ele>
        <time>2026-10-02T12:22:47Z</time>
      </trkpt>
      <trkpt lat="46.524091" lon="12.015808">
        <ele>2226.019</ele>
        <time>2026-10-02T12:22:48Z</time>
      </trkpt>
      <trkpt lat="46.524097" lon="12.015813">
        <ele>2226.098</ele>
        <time>2026-10-02T12:22:49Z</time>
      </trkpt>
      <trkpt lat="46.524104" lon="12.015818">
        <ele>2226.019</ele>
        <time>2026-10-02T12:22:50Z</time>
      </trkpt>
      <trkpt lat="46.524111" lon="12.015823">
        <ele>2227.038</ele>
        <time>2026-10-02T12:22:51Z</time>
      </trkpt>
      <trkpt lat="46.524117" lon="12.015827">
        <ele>2227.050</ele>
        <time>2026-10-02T12:22:52Z</time>
      </trkpt>
      <trkpt lat="46.524123" lon="12.015833">
        <ele>2227.023</ele>
        <time>2026-10-02T12:22:53Z</time>
      </trkpt>
      <trkpt lat="46.524128" lon="12.015838">
        <ele>2227.083</ele>
        <time>2026-10-02T12:22:54Z</time>
      </trkpt>
      <trkpt lat="46.524134" lon="12.015843">
        <ele>2227.011</ele>
        <time>2026-10-02T12:22:55Z</time>
      </trkpt>
      <trkpt lat="46.524139" lon="12.015847">
        <ele>2227.009</ele>
        <time>2026-10-02T12:22:56Z</time>
      </trkpt>
      <trkpt lat="46.524143" lon="12.015852">
        <ele>2227.034</ele>
        <time>2026-10-02T12:22:57Z</time>
      </trkpt>
      <trkpt lat="46.524148" lon="12.015857">
        <ele>2227.030</ele>
        <time>2026-10-02T12:22:58Z</time>
      </trkpt>
      <trkpt lat="46.524150" lon="12.015858">
        <ele>2228.091</ele>
        <time>2026-10-02T12:22:59Z</time>
      </trkpt>
      <trkpt lat="46.524152" lon="12.015860">
        <ele>2228.042</ele>
        <time>2026-10-02T12:23:00Z</time>
      </trkpt>
      <trkpt lat="46.524154" lon="12.015862">
        <ele>2228.044</ele>
        <time>2026-10-02T12:23:01Z</time>
      </trkpt>
      <trkpt lat="46.524156" lon="12.015863">
        <ele>2228.083</ele>
        <time>2026-10-02T12:23:02Z</time>
      </trkpt>
      <trkpt lat="46.524163" lon="12.015869">
        <ele>2229.074</ele>
        <time>2026-10-02T12:23:03Z</time>
      </trkpt>
      <trkpt lat="46.524168" lon="12.015874">
        <ele>2229.083</ele>
        <time>2026-10-02T12:23:04Z</time>
      </trkpt>
      <trkpt lat="46.524174" lon="12.015879">
        <ele>2229.075</ele>
        <time>2026-10-02T12:23:05Z</time>
      </trkpt>
      <trkpt lat="46.524180" lon="12.015883">
        <ele>2229.025</ele>
        <time>2026-10-02T12:23:06Z</time>
      </trkpt>
      <trkpt lat="46.524186" lon="12.015887">
        <ele>2229.026</ele>
        <time>2026-10-02T12:23:07Z</time>
      </trkpt>
      <trkpt lat="46.524192" lon="12.015890">
        <ele>2229.008</ele>
        <time>2026-10-02T12:23:08Z</time>
      </trkpt>
      <trkpt lat="46.524198" lon="12.015894">
        <ele>2229.009</ele>
        <time>2026-10-02T12:23:09Z</time>
      </trkpt>
      <trkpt lat="46.524205" lon="12.015898">
        <ele>2229.064</ele>
        <time>2026-10-02T12:23:10Z</time>
      </trkpt>
      <trkpt lat="46.524212" lon="12.015903">
        <ele>2230.080</ele>
        <time>2026-10-02T12:23:11Z</time>
      </trkpt>
      <trkpt lat="46.524219" lon="12.015909">
        <ele>2230.091</ele>
        <time>2026-10-02T12:23:12Z</time>
      </trkpt>
      <trkpt lat="46.524226" lon="12.015915">
        <ele>2230.092</ele>
        <time>2026-10-02T12:23:13Z</time>
      </trkpt>
      <trkpt lat="46.524233" lon="12.015920">
        <ele>2230.024</ele>
        <time>2026-10-02T12:23:14Z</time>
      </trkpt>
      <trkpt lat="46.524240" lon="12.015925">
        <ele>2231.053</ele>
        <time>2026-10-02T12:23:15Z</time>
      </trkpt>
      <trkpt lat="46.524247" lon="12.015929">
        <ele>2231.024</ele>
        <time>2026-10-02T12:23:16Z</time>
      </trkpt>
      <trkpt lat="46.524254" lon="12.015933">
        <ele>2231.023</ele>
        <time>2026-10-02T12:23:17Z</time>
      </trkpt>
      <trkpt lat="46.524261" lon="12.015938">
        <ele>2231.095</ele>
        <time>2026-10-02T12:23:18Z</time>
      </trkpt>
      <trkpt lat="46.524267" lon="12.015943">
        <ele>2231.022</ele>
        <time>2026-10-02T12:23:19Z</time>
      </trkpt>
      <trkpt lat="46.524271" lon="12.015949">
        <ele>2231.062</ele>
        <time>2026-10-02T12:23:20Z</time>
      </trkpt>
      <trkpt lat="46.524275" lon="12.015955">
        <ele>2231.008</ele>
        <time>2026-10-02T12:23:21Z</time>
      </trkpt>
      <trkpt lat="46.524279" lon="12.015960">
        <ele>2231.009</ele>
        <time>2026-10-02T12:23:22Z</time>
      </trkpt>
      <trkpt lat="46.524284" lon="12.015966">
        <ele>2232.044</ele>
        <time>2026-10-02T12:23:23Z</time>
      </trkpt>
      <trkpt lat="46.524288" lon="12.015972">
        <ele>2232.080</ele>
        <time>2026-10-02T12:23:24Z</time>
      </trkpt>
      <trkpt lat="46.524293" lon="12.015977">
        <ele>2232.061</ele>
        <time>2026-10-02T12:23:25Z</time>
      </trkpt>
      <trkpt lat="46.524298" lon="12.015981">
        <ele>2232.042</ele>
        <time>2026-10-02T12:23:26Z</time>
      </trkpt>
      <trkpt lat="46.524304" lon="12.015985">
        <ele>2233.074</ele>
        <time>2026-10-02T12:23:27Z</time>
      </trkpt>
      <trkpt lat="46.524310" lon="12.015988">
        <ele>2233.093</ele>
        <time>2026-10-02T12:23:28Z</time>
      </trkpt>
      <trkpt lat="46.524316" lon="12.015990">
        <ele>2233.014</ele>
        <time>2026-10-02T12:23:29Z</time>
      </trkpt>
      <trkpt lat="46.524323" lon="12.015992">
        <ele>2233.023</ele>
        <time>2026-10-02T12:23:30Z</time>
      </trkpt>
      <trkpt lat="46.524329" lon="12.015995">
        <ele>2233.065</ele>
        <time>2026-10-02T12:23:31Z</time>
      </trkpt>
      <trkpt lat="46.524334" lon="12.015999">
        <ele>2233.018</ele>
        <time>2026-10-02T12:23:32Z</time>
      </trkpt>
      <trkpt lat="46.524340" lon="12.016004">
        <ele>2233.098</ele>
        <time>2026-10-02T12:23:33Z</time>
      </trkpt>
      <trkpt lat="46.524346" lon="12.016010">
        <ele>2233.017</ele>
        <time>2026-10-02T12:23:34Z</time>
      </trkpt>
      <trkpt lat="46.524352" lon="12.016015">
        <ele>2234.009</ele>
        <time>2026-10-02T12:23:35Z</time>
      </trkpt>
      <trkpt lat="46.524359" lon="12.016020">
        <ele>2234.063</ele>
        <time>2026-10-02T12:23:36Z</time>
      </trkpt>
      <trkpt lat="46.524365" lon="12.016026">
        <ele>2234.099</ele>
        <time>2026-10-02T12:23:37Z</time>
      </trkpt>
      <trkpt lat="46.524372" lon="12.016032">
        <ele>2234.040</ele>
        <time>2026-10-02T12:23:38Z</time>
      </trkpt>
      <trkpt lat="46.524378" lon="12.016038">
        <ele>2235.061</ele>
        <time>2026-10-02T12:23:39Z</time>
      </trkpt>
      <trkpt lat="46.524385" lon="12.016042">
        <ele>2235.073</ele>
        <time>2026-10-02T12:23:40Z</time>
      </trkpt>
      <trkpt lat="46.524392" lon="12.016045">
        <ele>2235.052</ele>
        <time>2026-10-02T12:23:41Z</time>
      </trkpt>
      <trkpt lat="46.524399" lon="12.016048">
        <ele>2235.013</ele>
        <time>2026-10-02T12:23:42Z</time>
      </trkpt>
      <trkpt lat="46.524405" lon="12.016051">
        <ele>2236.052</ele>
        <time>2026-10-02T12:23:43Z</time>
      </trkpt>
      <trkpt lat="46.524408" lon="12.016052">
        <ele>2236.024</ele>
        <time>2026-10-02T12:23:44Z</time>
      </trkpt>
      <trkpt lat="46.524410" lon="12.016053">
        <ele>2236.096</ele>
        <time>2026-10-02T12:23:45Z</time>
      </trkpt>
      <trkpt lat="46.524413" lon="12.016054">
        <ele>2236.031</ele>
        <time>2026-10-02T12:23:46Z</time>
      </trkpt>
      <trkpt lat="46.524419" lon="12.016056">
        <ele>2236.024</ele>
        <time>2026-10-02T12:23:47Z</time>
      </trkpt>
      <trkpt lat="46.524425" lon="12.016058">
        <ele>2236.009</ele>
        <time>2026-10-02T12:23:48Z</time>
      </trkpt>
      <trkpt lat="46.524431" lon="12.016060">
        <ele>2236.051</ele>
        <time>2026-10-02T12:23:49Z</time>
      </trkpt>
      <trkpt lat="46.524437" lon="12.016062">
        <ele>2236.027</ele>
        <time>2026-10-02T12:23:50Z</time>
      </trkpt>
      <trkpt lat="46.524443" lon="12.016064">
        <ele>2237.038</ele>
        <time>2026-10-02T12:23:51Z</time>
      </trkpt>
      <trkpt lat="46.524448" lon="12.016066">
        <ele>2237.029</ele>
        <time>2026-10-02T12:23:52Z</time>
      </trkpt>
      <trkpt lat="46.524453" lon="12.016070">
        <ele>2237.041</ele>
        <time>2026-10-02T12:23:53Z</time>
      </trkpt>
      <trkpt lat="46.524459" lon="12.016075">
        <ele>2237.090</ele>
        <time>2026-10-02T12:23:54Z</time>
      </trkpt>
      <trkpt lat="46.524465" lon="12.016079">
        <ele>2238.051</ele>
        <time>2026-10-02T12:23:55Z</time>
      </trkpt>
      <trkpt lat="46.524470" lon="12.016083">
        <ele>2238.050</ele>
        <time>2026-10-02T12:23:56Z</time>
      </trkpt>
      <trkpt lat="46.524476" lon="12.016087">
        <ele>2238.062</ele>
        <time>2026-10-02T12:23:57Z</time>
      </trkpt>
      <trkpt lat="46.524482" lon="12.016091">
        <ele>2238.032</ele>
        <time>2026-10-02T12:23:58Z</time>
      </trkpt>
      <trkpt lat="46.524489" lon="12.016096">
        <ele>2238.092</ele>
        <time>2026-10-02T12:23:59Z</time>
      </trkpt>
      <trkpt lat="46.524495" lon="12.016102">
        <ele>2238.011</ele>
        <time>2026-10-02T12:24:00Z</time>
      </trkpt>
      <trkpt lat="46.524501" lon="12.016107">
        <ele>2238.009</ele>
        <time>2026-10-02T12:24:01Z</time>
      </trkpt>
      <trkpt lat="46.524507" lon="12.016114">
        <ele>2238.015</ele>
        <time>2026-10-02T12:24:02Z</time>
      </trkpt>
      <trkpt lat="46.524513" lon="12.016120">
        <ele>2239.061</ele>
        <time>2026-10-02T12:24:03Z</time>
      </trkpt>
      <trkpt lat="46.524515" lon="12.016122">
        <ele>2239.082</ele>
        <time>2026-10-02T12:24:04Z</time>
      </trkpt>
      <trkpt lat="46.524517" lon="12.016124">
        <ele>2239.033</ele>
        <time>2026-10-02T12:24:05Z</time>
      </trkpt>
      <trkpt lat="46.524518" lon="12.016127">
        <ele>2239.055</ele>
        <time>2026-10-02T12:24:06Z</time>
      </trkpt>
      <trkpt lat="46.524523" lon="12.016132">
        <ele>2240.074</ele>
        <time>2026-10-02T12:24:07Z</time>
      </trkpt>
      <trkpt lat="46.524528" lon="12.016136">
        <ele>2240.065</ele>
        <time>2026-10-02T12:24:08Z</time>
      </trkpt>
      <trkpt lat="46.524533" lon="12.016139">
        <ele>2240.094</ele>
        <time>2026-10-02T12:24:09Z</time>
      </trkpt>
      <trkpt lat="46.524534" lon="12.016140">
        <ele>2240.076</ele>
        <time>2026-10-02T12:24:10Z</time>
      </trkpt>
      <trkpt lat="46.524536" lon="12.016141">
        <ele>2241.093</ele>
        <time>2026-10-02T12:24:11Z</time>
      </trkpt>
      <trkpt lat="46.524537" lon="12.016141">
        <ele>2241.065</ele>
        <time>2026-10-02T12:24:12Z</time>
      </trkpt>
      <trkpt lat="46.524539" lon="12.016142">
        <ele>2241.021</ele>
        <time>2026-10-02T12:24:13Z</time>
      </trkpt>
      <trkpt lat="46.524543" lon="12.016143">
        <ele>2241.009</ele>
        <time>2026-10-02T12:24:14Z</time>
      </trkpt>
      <trkpt lat="46.524547" lon="12.016145">
        <ele>2242.011</ele>
        <time>2026-10-02T12:24:15Z</time>
      </trkpt>
      <trkpt lat="46.524551" lon="12.016147">
        <ele>2242.047</ele>
        <time>2026-10-02T12:24:16Z</time>
      </trkpt>
      <trkpt lat="46.524555" lon="12.016151">
        <ele>2242.078</ele>
        <time>2026-10-02T12:24:17Z</time>
      </trkpt>
      <trkpt lat="46.524560" lon="12.016156">
        <ele>2242.049</ele>
        <time>2026-10-02T12:24:18Z</time>
      </trkpt>
      <trkpt lat="46.524565" lon="12.016161">
        <ele>2242.061</ele>
        <time>2026-10-02T12:24:19Z</time>
      </trkpt>
      <trkpt lat="46.524571" lon="12.016166">
        <ele>2242.050</ele>
        <time>2026-10-02T12:24:20Z</time>
      </trkpt>
      <trkpt lat="46.524578" lon="12.016172">
        <ele>2242.071</ele>
        <time>2026-10-02T12:24:21Z</time>
      </trkpt>
      <trkpt lat="46.524585" lon="12.016177">
        <ele>2242.080</ele>
        <time>2026-10-02T12:24:22Z</time>
      </trkpt>
      <trkpt lat="46.524592" lon="12.016183">
        <ele>2243.042</ele>
        <time>2026-10-02T12:24:23Z</time>
      </trkpt>
      <trkpt lat="46.524599" lon="12.016187">
        <ele>2243.089</ele>
        <time>2026-10-02T12:24:24Z</time>
      </trkpt>
      <trkpt lat="46.524608" lon="12.016191">
        <ele>2243.006</ele>
        <time>2026-10-02T12:24:25Z</time>
      </trkpt>
      <trkpt lat="46.524616" lon="12.016194">
        <ele>2243.026</ele>
        <time>2026-10-02T12:24:26Z</time>
      </trkpt>
      <trkpt lat="46.524623" lon="12.016196">
        <ele>2244.009</ele>
        <time>2026-10-02T12:24:27Z</time>
      </trkpt>
      <trkpt lat="46.524630" lon="12.016199">
        <ele>2244.050</ele>
        <time>2026-10-02T12:24:28Z</time>
      </trkpt>
      <trkpt lat="46.524636" lon="12.016202">
        <ele>2244.036</ele>
        <time>2026-10-02T12:24:29Z</time>
      </trkpt>
      <trkpt lat="46.524643" lon="12.016205">
        <ele>2244.087</ele>
        <time>2026-10-02T12:24:30Z</time>
      </trkpt>
      <trkpt lat="46.524648" lon="12.016209">
        <ele>2245.098</ele>
        <time>2026-10-02T12:24:31Z</time>
      </trkpt>
      <trkpt lat="46.524654" lon="12.016212">
        <ele>2245.010</ele>
        <time>2026-10-02T12:24:32Z</time>
      </trkpt>
      <trkpt lat="46.524660" lon="12.016216">
        <ele>2245.029</ele>
        <time>2026-10-02T12:24:33Z</time>
      </trkpt>
      <trkpt lat="46.524666" lon="12.016219">
        <ele>2245.070</ele>
        <time>2026-10-02T12:24:34Z</time>
      </trkpt>
      <trkpt lat="46.524672" lon="12.016222">
        <ele>2245.069</ele>
        <time>2026-10-02T12:24:35Z</time>
      </trkpt>
      <trkpt lat="46.524678" lon="12.016225">
        <ele>2245.011</ele>
        <time>2026-10-02T12:24:36Z</time>
      </trkpt>
      <trkpt lat="46.524684" lon="12.016229">
        <ele>2245.039</ele>
        <time>2026-10-02T12:24:37Z</time>
      </trkpt>
      <trkpt lat="46.524697" lon="12.016236">
        <ele>2247.001</ele>
        <time>2026-10-02T12:25:03Z</time>
      </trkpt>
      <trkpt lat="46.524712" lon="12.016251">
        <ele>2248.021</ele>
        <time>2026-10-02T12:25:14Z</time>
      </trkpt>
      <trkpt lat="46.524731" lon="12.016269">
        <ele>2249.009</ele>
        <time>2026-10-02T12:25:21Z</time>
      </trkpt>
      <trkpt lat="46.524736" lon="12.016273">
        <ele>2249.075</ele>
        <time>2026-10-02T12:25:22Z</time>
      </trkpt>
      <trkpt lat="46.524741" lon="12.016277">
        <ele>2249.031</ele>
        <time>2026-10-02T12:25:23Z</time>
      </trkpt>
      <trkpt lat="46.524746" lon="12.016281">
        <ele>2249.072</ele>
        <time>2026-10-02T12:25:24Z</time>
      </trkpt>
      <trkpt lat="46.524757" lon="12.016289">
        <ele>2249.063</ele>
        <time>2026-10-02T12:25:25Z</time>
      </trkpt>
      <trkpt lat="46.524766" lon="12.016293">
        <ele>2249.045</ele>
        <time>2026-10-02T12:25:26Z</time>
      </trkpt>
      <trkpt lat="46.524774" lon="12.016295">
        <ele>2250.084</ele>
        <time>2026-10-02T12:25:27Z</time>
      </trkpt>
      <trkpt lat="46.524781" lon="12.016296">
        <ele>2250.025</ele>
        <time>2026-10-02T12:25:28Z</time>
      </trkpt>
      <trkpt lat="46.524787" lon="12.016297">
        <ele>2250.094</ele>
        <time>2026-10-02T12:25:29Z</time>
      </trkpt>
      <trkpt lat="46.524794" lon="12.016299">
        <ele>2250.056</ele>
        <time>2026-10-02T12:25:30Z</time>
      </trkpt>
      <trkpt lat="46.524800" lon="12.016303">
        <ele>2250.086</ele>
        <time>2026-10-02T12:25:31Z</time>
      </trkpt>
      <trkpt lat="46.524806" lon="12.016307">
        <ele>2250.060</ele>
        <time>2026-10-02T12:25:32Z</time>
      </trkpt>
      <trkpt lat="46.524813" lon="12.016312">
        <ele>2250.026</ele>
        <time>2026-10-02T12:25:33Z</time>
      </trkpt>
      <trkpt lat="46.524820" lon="12.016318">
        <ele>2250.009</ele>
        <time>2026-10-02T12:25:34Z</time>
      </trkpt>
      <trkpt lat="46.524822" lon="12.016320">
        <ele>2251.040</ele>
        <time>2026-10-02T12:25:35Z</time>
      </trkpt>
      <trkpt lat="46.524824" lon="12.016322">
        <ele>2251.046</ele>
        <time>2026-10-02T12:25:36Z</time>
      </trkpt>
      <trkpt lat="46.524826" lon="12.016324">
        <ele>2251.067</ele>
        <time>2026-10-02T12:25:37Z</time>
      </trkpt>
      <trkpt lat="46.524831" lon="12.016328">
        <ele>2251.088</ele>
        <time>2026-10-02T12:25:38Z</time>
      </trkpt>
      <trkpt lat="46.524835" lon="12.016331">
        <ele>2252.070</ele>
        <time>2026-10-02T12:25:39Z</time>
      </trkpt>
      <trkpt lat="46.524840" lon="12.016335">
        <ele>2252.039</ele>
        <time>2026-10-02T12:25:40Z</time>
      </trkpt>
      <trkpt lat="46.524844" lon="12.016338">
        <ele>2252.050</ele>
        <time>2026-10-02T12:25:41Z</time>
      </trkpt>
      <trkpt lat="46.524849" lon="12.016342">
        <ele>2252.039</ele>
        <time>2026-10-02T12:25:42Z</time>
      </trkpt>
      <trkpt lat="46.524854" lon="12.016347">
        <ele>2252.091</ele>
        <time>2026-10-02T12:25:43Z</time>
      </trkpt>
      <trkpt lat="46.524859" lon="12.016352">
        <ele>2252.045</ele>
        <time>2026-10-02T12:25:44Z</time>
      </trkpt>
      <trkpt lat="46.524864" lon="12.016357">
        <ele>2252.047</ele>
        <time>2026-10-02T12:25:45Z</time>
      </trkpt>
      <trkpt lat="46.524869" lon="12.016362">
        <ele>2252.011</ele>
        <time>2026-10-02T12:25:46Z</time>
      </trkpt>
      <trkpt lat="46.524874" lon="12.016367">
        <ele>2253.009</ele>
        <time>2026-10-02T12:25:47Z</time>
      </trkpt>
      <trkpt lat="46.524879" lon="12.016373">
        <ele>2253.056</ele>
        <time>2026-10-02T12:25:48Z</time>
      </trkpt>
      <trkpt lat="46.524884" lon="12.016380">
        <ele>2253.062</ele>
        <time>2026-10-02T12:25:49Z</time>
      </trkpt>
      <trkpt lat="46.524888" lon="12.016386">
        <ele>2253.023</ele>
        <time>2026-10-02T12:25:50Z</time>
      </trkpt>
      <trkpt lat="46.524893" lon="12.016392">
        <ele>2254.034</ele>
        <time>2026-10-02T12:25:51Z</time>
      </trkpt>
      <trkpt lat="46.524897" lon="12.016399">
        <ele>2254.016</ele>
        <time>2026-10-02T12:25:52Z</time>
      </trkpt>
      <trkpt lat="46.524900" lon="12.016406">
        <ele>2254.025</ele>
        <time>2026-10-02T12:25:53Z</time>
      </trkpt>
      <trkpt lat="46.524904" lon="12.016413">
        <ele>2254.026</ele>
        <time>2026-10-02T12:25:54Z</time>
      </trkpt>
      <trkpt lat="46.524907" lon="12.016419">
        <ele>2255.015</ele>
        <time>2026-10-02T12:25:55Z</time>
      </trkpt>
      <trkpt lat="46.524912" lon="12.016425">
        <ele>2255.097</ele>
        <time>2026-10-02T12:25:56Z</time>
      </trkpt>
      <trkpt lat="46.524917" lon="12.016432">
        <ele>2255.053</ele>
        <time>2026-10-02T12:25:57Z</time>
      </trkpt>
      <trkpt lat="46.524923" lon="12.016438">
        <ele>2255.004</ele>
        <time>2026-10-02T12:25:58Z</time>
      </trkpt>
      <trkpt lat="46.524930" lon="12.016444">
        <ele>2255.014</ele>
        <time>2026-10-02T12:25:59Z</time>
      </trkpt>
      <trkpt lat="46.524937" lon="12.016450">
        <ele>2255.009</ele>
        <time>2026-10-02T12:26:00Z</time>
      </trkpt>
      <trkpt lat="46.524944" lon="12.016457">
        <ele>2255.077</ele>
        <time>2026-10-02T12:26:01Z</time>
      </trkpt>
      <trkpt lat="46.524952" lon="12.016463">
        <ele>2255.053</ele>
        <time>2026-10-02T12:26:02Z</time>
      </trkpt>
      <trkpt lat="46.524959" lon="12.016469">
        <ele>2256.074</ele>
        <time>2026-10-02T12:26:03Z</time>
      </trkpt>
      <trkpt lat="46.524967" lon="12.016475">
        <ele>2256.065</ele>
        <time>2026-10-02T12:26:04Z</time>
      </trkpt>
      <trkpt lat="46.524974" lon="12.016481">
        <ele>2256.097</ele>
        <time>2026-10-02T12:26:05Z</time>
      </trkpt>
      <trkpt lat="46.524981" lon="12.016487">
        <ele>2256.036</ele>
        <time>2026-10-02T12:26:06Z</time>
      </trkpt>
      <trkpt lat="46.524989" lon="12.016492">
        <ele>2257.017</ele>
        <time>2026-10-02T12:26:07Z</time>
      </trkpt>
      <trkpt lat="46.524997" lon="12.016497">
        <ele>2257.096</ele>
        <time>2026-10-02T12:26:08Z</time>
      </trkpt>
      <trkpt lat="46.525005" lon="12.016502">
        <ele>2257.048</ele>
        <time>2026-10-02T12:26:09Z</time>
      </trkpt>
      <trkpt lat="46.525013" lon="12.016507">
        <ele>2257.021</ele>
        <time>2026-10-02T12:26:10Z</time>
      </trkpt>
      <trkpt lat="46.525021" lon="12.016514">
        <ele>2258.041</ele>
        <time>2026-10-02T12:26:11Z</time>
      </trkpt>
      <trkpt lat="46.525028" lon="12.016520">
        <ele>2258.005</ele>
        <time>2026-10-02T12:26:12Z</time>
      </trkpt>
      <trkpt lat="46.525034" lon="12.016527">
        <ele>2259.009</ele>
        <time>2026-10-02T12:26:13Z</time>
      </trkpt>
      <trkpt lat="46.525038" lon="12.016536">
        <ele>2260.024</ele>
        <time>2026-10-02T12:26:21Z</time>
      </trkpt>
      <trkpt lat="46.525042" lon="12.016544">
        <ele>2260.010</ele>
        <time>2026-10-02T12:26:22Z</time>
      </trkpt>
      <trkpt lat="46.525044" lon="12.016551">
        <ele>2261.081</ele>
        <time>2026-10-02T12:26:23Z</time>
      </trkpt>
      <trkpt lat="46.525047" lon="12.016558">
        <ele>2261.072</ele>
        <time>2026-10-02T12:26:24Z</time>
      </trkpt>
      <trkpt lat="46.525051" lon="12.016566">
        <ele>2261.044</ele>
        <time>2026-10-02T12:26:25Z</time>
      </trkpt>
      <trkpt lat="46.525054" lon="12.016574">
        <ele>2261.073</ele>
        <time>2026-10-02T12:26:26Z</time>
      </trkpt>
      <trkpt lat="46.525058" lon="12.016583">
        <ele>2261.094</ele>
        <time>2026-10-02T12:26:27Z</time>
      </trkpt>
      <trkpt lat="46.525061" lon="12.016593">
        <ele>2261.063</ele>
        <time>2026-10-02T12:26:28Z</time>
      </trkpt>
      <trkpt lat="46.525064" lon="12.016603">
        <ele>2261.035</ele>
        <time>2026-10-02T12:26:29Z</time>
      </trkpt>
      <trkpt lat="46.525067" lon="12.016614">
        <ele>2261.078</ele>
        <time>2026-10-02T12:26:30Z</time>
      </trkpt>
      <trkpt lat="46.525069" lon="12.016625">
        <ele>2262.033</ele>
        <time>2026-10-02T12:26:31Z</time>
      </trkpt>
      <trkpt lat="46.525071" lon="12.016637">
        <ele>2262.026</ele>
        <time>2026-10-02T12:26:32Z</time>
      </trkpt>
      <trkpt lat="46.525071" lon="12.016648">
        <ele>2262.009</ele>
        <time>2026-10-02T12:26:33Z</time>
      </trkpt>
      <trkpt lat="46.525072" lon="12.016659">
        <ele>2262.089</ele>
        <time>2026-10-02T12:26:34Z</time>
      </trkpt>
      <trkpt lat="46.525072" lon="12.016671">
        <ele>2263.065</ele>
        <time>2026-10-02T12:26:35Z</time>
      </trkpt>
      <trkpt lat="46.525072" lon="12.016682">
        <ele>2263.046</ele>
        <time>2026-10-02T12:26:36Z</time>
      </trkpt>
      <trkpt lat="46.525073" lon="12.016694">
        <ele>2263.087</ele>
        <time>2026-10-02T12:26:37Z</time>
      </trkpt>
      <trkpt lat="46.525074" lon="12.016705">
        <ele>2263.099</ele>
        <time>2026-10-02T12:26:38Z</time>
      </trkpt>
      <trkpt lat="46.525077" lon="12.016716">
        <ele>2264.098</ele>
        <time>2026-10-02T12:26:39Z</time>
      </trkpt>
      <trkpt lat="46.525080" lon="12.016728">
        <ele>2264.069</ele>
        <time>2026-10-02T12:26:40Z</time>
      </trkpt>
      <trkpt lat="46.525085" lon="12.016738">
        <ele>2264.098</ele>
        <time>2026-10-02T12:26:41Z</time>
      </trkpt>
      <trkpt lat="46.525090" lon="12.016749">
        <ele>2264.040</ele>
        <time>2026-10-02T12:26:42Z</time>
      </trkpt>
      <trkpt lat="46.525095" lon="12.016761">
        <ele>2265.019</ele>
        <time>2026-10-02T12:26:43Z</time>
      </trkpt>
      <trkpt lat="46.525099" lon="12.016772">
        <ele>2266.009</ele>
        <time>2026-10-02T12:26:50Z</time>
      </trkpt>
      <trkpt lat="46.525101" lon="12.016780">
        <ele>2266.019</ele>
        <time>2026-10-02T12:26:51Z</time>
      </trkpt>
      <trkpt lat="46.525103" lon="12.016787">
        <ele>2266.009</ele>
        <time>2026-10-02T12:26:52Z</time>
      </trkpt>
      <trkpt lat="46.525103" lon="12.016794">
        <ele>2266.093</ele>
        <time>2026-10-02T12:26:53Z</time>
      </trkpt>
      <trkpt lat="46.525103" lon="12.016802">
        <ele>2266.089</ele>
        <time>2026-10-02T12:26:54Z</time>
      </trkpt>
      <trkpt lat="46.525102" lon="12.016812">
        <ele>2267.070</ele>
        <time>2026-10-02T12:26:55Z</time>
      </trkpt>
      <trkpt lat="46.525101" lon="12.016822">
        <ele>2267.081</ele>
        <time>2026-10-02T12:26:56Z</time>
      </trkpt>
      <trkpt lat="46.525099" lon="12.016833">
        <ele>2267.073</ele>
        <time>2026-10-02T12:26:57Z</time>
      </trkpt>
      <trkpt lat="46.525098" lon="12.016845">
        <ele>2267.022</ele>
        <time>2026-10-02T12:26:58Z</time>
      </trkpt>
      <trkpt lat="46.525097" lon="12.016857">
        <ele>2267.033</ele>
        <time>2026-10-02T12:26:59Z</time>
      </trkpt>
      <trkpt lat="46.525096" lon="12.016869">
        <ele>2267.092</ele>
        <time>2026-10-02T12:27:00Z</time>
      </trkpt>
      <trkpt lat="46.525095" lon="12.016882">
        <ele>2267.024</ele>
        <time>2026-10-02T12:27:01Z</time>
      </trkpt>
      <trkpt lat="46.525093" lon="12.016895">
        <ele>2267.022</ele>
        <time>2026-10-02T12:27:02Z</time>
      </trkpt>
      <trkpt lat="46.525091" lon="12.016908">
        <ele>2268.062</ele>
        <time>2026-10-02T12:27:03Z</time>
      </trkpt>
      <trkpt lat="46.525088" lon="12.016921">
        <ele>2268.008</ele>
        <time>2026-10-02T12:27:04Z</time>
      </trkpt>
      <trkpt lat="46.525086" lon="12.016933">
        <ele>2268.009</ele>
        <time>2026-10-02T12:27:05Z</time>
      </trkpt>
      <trkpt lat="46.525084" lon="12.016945">
        <ele>2268.024</ele>
        <time>2026-10-02T12:27:06Z</time>
      </trkpt>
      <trkpt lat="46.525082" lon="12.016957">
        <ele>2268.060</ele>
        <time>2026-10-02T12:27:07Z</time>
      </trkpt>
      <trkpt lat="46.525081" lon="12.016960">
        <ele>2268.031</ele>
        <time>2026-10-02T12:27:08Z</time>
      </trkpt>
      <trkpt lat="46.525081" lon="12.016963">
        <ele>2268.022</ele>
        <time>2026-10-02T12:27:09Z</time>
      </trkpt>
      <trkpt lat="46.525080" lon="12.016966">
        <ele>2268.034</ele>
        <time>2026-10-02T12:27:10Z</time>
      </trkpt>
      <trkpt lat="46.525080" lon="12.016969">
        <ele>2269.023</ele>
        <time>2026-10-02T12:27:11Z</time>
      </trkpt>
      <trkpt lat="46.525078" lon="12.016980">
        <ele>2269.094</ele>
        <time>2026-10-02T12:27:12Z</time>
      </trkpt>
      <trkpt lat="46.525077" lon="12.016990">
        <ele>2269.073</ele>
        <time>2026-10-02T12:27:13Z</time>
      </trkpt>
      <trkpt lat="46.525076" lon="12.016999">
        <ele>2269.065</ele>
        <time>2026-10-02T12:27:14Z</time>
      </trkpt>
      <trkpt lat="46.525074" lon="12.017009">
        <ele>2270.024</ele>
        <time>2026-10-02T12:27:15Z</time>
      </trkpt>
      <trkpt lat="46.525072" lon="12.017019">
        <ele>2270.004</ele>
        <time>2026-10-02T12:27:16Z</time>
      </trkpt>
      <trkpt lat="46.525071" lon="12.017029">
        <ele>2270.014</ele>
        <time>2026-10-02T12:27:17Z</time>
      </trkpt>
      <trkpt lat="46.525069" lon="12.017040">
        <ele>2270.009</ele>
        <time>2026-10-02T12:27:18Z</time>
      </trkpt>
      <trkpt lat="46.525066" lon="12.017050">
        <ele>2270.074</ele>
        <time>2026-10-02T12:27:19Z</time>
      </trkpt>
      <trkpt lat="46.525063" lon="12.017060">
        <ele>2270.060</ele>
        <time>2026-10-02T12:27:20Z</time>
      </trkpt>
      <trkpt lat="46.525059" lon="12.017072">
        <ele>2270.051</ele>
        <time>2026-10-02T12:27:21Z</time>
      </trkpt>
      <trkpt lat="46.525055" lon="12.017083">
        <ele>2270.032</ele>
        <time>2026-10-02T12:27:22Z</time>
      </trkpt>
      <trkpt lat="46.525052" lon="12.017095">
        <ele>2271.054</ele>
        <time>2026-10-02T12:27:23Z</time>
      </trkpt>
      <trkpt lat="46.525048" lon="12.017107">
        <ele>2271.073</ele>
        <time>2026-10-02T12:27:24Z</time>
      </trkpt>
      <trkpt lat="46.525044" lon="12.017119">
        <ele>2272.024</ele>
        <time>2026-10-02T12:27:25Z</time>
      </trkpt>
      <trkpt lat="46.525041" lon="12.017131">
        <ele>2272.093</ele>
        <time>2026-10-02T12:27:26Z</time>
      </trkpt>
      <trkpt lat="46.525037" lon="12.017144">
        <ele>2273.045</ele>
        <time>2026-10-02T12:27:27Z</time>
      </trkpt>
      <trkpt lat="46.525033" lon="12.017157">
        <ele>2273.079</ele>
        <time>2026-10-02T12:27:28Z</time>
      </trkpt>
      <trkpt lat="46.525030" lon="12.017171">
        <ele>2273.005</ele>
        <time>2026-10-02T12:27:29Z</time>
      </trkpt>
      <trkpt lat="46.525027" lon="12.017185">
        <ele>2273.025</ele>
        <time>2026-10-02T12:27:30Z</time>
      </trkpt>
      <trkpt lat="46.525023" lon="12.017198">
        <ele>2274.009</ele>
        <time>2026-10-02T12:27:31Z</time>
      </trkpt>
      <trkpt lat="46.525020" lon="12.017211">
        <ele>2274.079</ele>
        <time>2026-10-02T12:27:32Z</time>
      </trkpt>
      <trkpt lat="46.525016" lon="12.017225">
        <ele>2274.045</ele>
        <time>2026-10-02T12:27:33Z</time>
      </trkpt>
      <trkpt lat="46.525012" lon="12.017240">
        <ele>2274.066</ele>
        <time>2026-10-02T12:27:34Z</time>
      </trkpt>
      <trkpt lat="46.525008" lon="12.017253">
        <ele>2275.057</ele>
        <time>2026-10-02T12:27:35Z</time>
      </trkpt>
      <trkpt lat="46.525005" lon="12.017265">
        <ele>2275.069</ele>
        <time>2026-10-02T12:27:36Z</time>
      </trkpt>
      <trkpt lat="46.525003" lon="12.017277">
        <ele>2275.078</ele>
        <time>2026-10-02T12:27:37Z</time>
      </trkpt>
      <trkpt lat="46.525001" lon="12.017289">
        <ele>2275.049</ele>
        <time>2026-10-02T12:27:38Z</time>
      </trkpt>
      <trkpt lat="46.525000" lon="12.017300">
        <ele>2276.028</ele>
        <time>2026-10-02T12:27:39Z</time>
      </trkpt>
      <trkpt lat="46.525000" lon="12.017312">
        <ele>2276.030</ele>
        <time>2026-10-02T12:27:40Z</time>
      </trkpt>
      <trkpt lat="46.525001" lon="12.017323">
        <ele>2276.085</ele>
        <time>2026-10-02T12:27:41Z</time>
      </trkpt>
      <trkpt lat="46.525002" lon="12.017334">
        <ele>2276.089</ele>
        <time>2026-10-02T12:27:42Z</time>
      </trkpt>
      <trkpt lat="46.525004" lon="12.017346">
        <ele>2277.017</ele>
        <time>2026-10-02T12:27:43Z</time>
      </trkpt>
      <trkpt lat="46.525005" lon="12.017358">
        <ele>2277.009</ele>
        <time>2026-10-02T12:27:44Z</time>
      </trkpt>
      <trkpt lat="46.525007" lon="12.017369">
        <ele>2277.010</ele>
        <time>2026-10-02T12:27:45Z</time>
      </trkpt>
      <trkpt lat="46.525011" lon="12.017380">
        <ele>2277.076</ele>
        <time>2026-10-02T12:27:46Z</time>
      </trkpt>
      <trkpt lat="46.525015" lon="12.017391">
        <ele>2278.077</ele>
        <time>2026-10-02T12:27:47Z</time>
      </trkpt>
      <trkpt lat="46.525020" lon="12.017401">
        <ele>2278.018</ele>
        <time>2026-10-02T12:27:48Z</time>
      </trkpt>
      <trkpt lat="46.525025" lon="12.017411">
        <ele>2278.090</ele>
        <time>2026-10-02T12:27:49Z</time>
      </trkpt>
      <trkpt lat="46.525030" lon="12.017421">
        <ele>2278.039</ele>
        <time>2026-10-02T12:27:50Z</time>
      </trkpt>
      <trkpt lat="46.525035" lon="12.017430">
        <ele>2279.040</ele>
        <time>2026-10-02T12:27:51Z</time>
      </trkpt>
      <trkpt lat="46.525046" lon="12.017441">
        <ele>2281.099</ele>
        <time>2026-10-02T12:28:32Z</time>
      </trkpt>
      <trkpt lat="46.525054" lon="12.017448">
        <ele>2281.061</ele>
        <time>2026-10-02T12:28:33Z</time>
      </trkpt>
      <trkpt lat="46.525061" lon="12.017453">
        <ele>2281.031</ele>
        <time>2026-10-02T12:28:34Z</time>
      </trkpt>
      <trkpt lat="46.525068" lon="12.017456">
        <ele>2282.061</ele>
        <time>2026-10-02T12:28:35Z</time>
      </trkpt>
      <trkpt lat="46.525075" lon="12.017459">
        <ele>2282.007</ele>
        <time>2026-10-02T12:28:36Z</time>
      </trkpt>
      <trkpt lat="46.525082" lon="12.017463">
        <ele>2282.009</ele>
        <time>2026-10-02T12:28:37Z</time>
      </trkpt>
      <trkpt lat="46.525089" lon="12.017469">
        <ele>2282.055</ele>
        <time>2026-10-02T12:28:38Z</time>
      </trkpt>
      <trkpt lat="46.525094" lon="12.017475">
        <ele>2282.011</ele>
        <time>2026-10-02T12:28:39Z</time>
      </trkpt>
      <trkpt lat="46.525099" lon="12.017480">
        <ele>2282.012</ele>
        <time>2026-10-02T12:28:40Z</time>
      </trkpt>
      <trkpt lat="46.525104" lon="12.017483">
        <ele>2282.023</ele>
        <time>2026-10-02T12:28:41Z</time>
      </trkpt>
      <trkpt lat="46.525110" lon="12.017486">
        <ele>2282.035</ele>
        <time>2026-10-02T12:28:42Z</time>
      </trkpt>
      <trkpt lat="46.525117" lon="12.017488">
        <ele>2282.044</ele>
        <time>2026-10-02T12:28:43Z</time>
      </trkpt>
      <trkpt lat="46.525123" lon="12.017491">
        <ele>2282.095</ele>
        <time>2026-10-02T12:28:44Z</time>
      </trkpt>
      <trkpt lat="46.525130" lon="12.017495">
        <ele>2282.074</ele>
        <time>2026-10-02T12:28:45Z</time>
      </trkpt>
      <trkpt lat="46.525137" lon="12.017500">
        <ele>2282.056</ele>
        <time>2026-10-02T12:28:46Z</time>
      </trkpt>
      <trkpt lat="46.525144" lon="12.017506">
        <ele>2283.033</ele>
        <time>2026-10-02T12:28:47Z</time>
      </trkpt>
      <trkpt lat="46.525150" lon="12.017512">
        <ele>2283.023</ele>
        <time>2026-10-02T12:28:48Z</time>
      </trkpt>
      <trkpt lat="46.525157" lon="12.017517">
        <ele>2283.015</ele>
        <time>2026-10-02T12:28:49Z</time>
      </trkpt>
      <trkpt lat="46.525164" lon="12.017523">
        <ele>2283.009</ele>
        <time>2026-10-02T12:28:50Z</time>
      </trkpt>
      <trkpt lat="46.525172" lon="12.017527">
        <ele>2284.045</ele>
        <time>2026-10-02T12:28:51Z</time>
      </trkpt>
      <trkpt lat="46.525180" lon="12.017531">
        <ele>2284.051</ele>
        <time>2026-10-02T12:28:52Z</time>
      </trkpt>
      <trkpt lat="46.525188" lon="12.017533">
        <ele>2284.092</ele>
        <time>2026-10-02T12:28:53Z</time>
      </trkpt>
      <trkpt lat="46.525197" lon="12.017534">
        <ele>2284.023</ele>
        <time>2026-10-02T12:28:54Z</time>
      </trkpt>
      <trkpt lat="46.525204" lon="12.017535">
        <ele>2284.065</ele>
        <time>2026-10-02T12:28:55Z</time>
      </trkpt>
      <trkpt lat="46.525212" lon="12.017537">
        <ele>2284.074</ele>
        <time>2026-10-02T12:28:56Z</time>
      </trkpt>
      <trkpt lat="46.525219" lon="12.017540">
        <ele>2284.025</ele>
        <time>2026-10-02T12:28:57Z</time>
      </trkpt>
      <trkpt lat="46.525226" lon="12.017544">
        <ele>2284.024</ele>
        <time>2026-10-02T12:28:58Z</time>
      </trkpt>
      <trkpt lat="46.525231" lon="12.017549">
        <ele>2285.016</ele>
        <time>2026-10-02T12:28:59Z</time>
      </trkpt>
      <trkpt lat="46.525234" lon="12.017557">
        <ele>2285.091</ele>
        <time>2026-10-02T12:29:00Z</time>
      </trkpt>
      <trkpt lat="46.525237" lon="12.017565">
        <ele>2285.081</ele>
        <time>2026-10-02T12:29:01Z</time>
      </trkpt>
      <trkpt lat="46.525238" lon="12.017572">
        <ele>2285.019</ele>
        <time>2026-10-02T12:29:02Z</time>
      </trkpt>
      <trkpt lat="46.525239" lon="12.017577">
        <ele>2286.009</ele>
        <time>2026-10-02T12:29:03Z</time>
      </trkpt>
      <trkpt lat="46.525242" lon="12.017581">
        <ele>2286.041</ele>
        <time>2026-10-02T12:29:04Z</time>
      </trkpt>
      <trkpt lat="46.525247" lon="12.017586">
        <ele>2286.037</ele>
        <time>2026-10-02T12:29:05Z</time>
      </trkpt>
      <trkpt lat="46.525253" lon="12.017593">
        <ele>2286.018</ele>
        <time>2026-10-02T12:29:06Z</time>
      </trkpt>
      <trkpt lat="46.525259" lon="12.017602">
        <ele>2286.069</ele>
        <time>2026-10-02T12:29:07Z</time>
      </trkpt>
      <trkpt lat="46.525264" lon="12.017613">
        <ele>2286.091</ele>
        <time>2026-10-02T12:29:08Z</time>
      </trkpt>
      <trkpt lat="46.525267" lon="12.017625">
        <ele>2286.090</ele>
        <time>2026-10-02T12:29:09Z</time>
      </trkpt>
      <trkpt lat="46.525269" lon="12.017636">
        <ele>2286.041</ele>
        <time>2026-10-02T12:29:10Z</time>
      </trkpt>
      <trkpt lat="46.525272" lon="12.017645">
        <ele>2287.070</ele>
        <time>2026-10-02T12:29:11Z</time>
      </trkpt>
      <trkpt lat="46.525274" lon="12.017653">
        <ele>2287.032</ele>
        <time>2026-10-02T12:29:12Z</time>
      </trkpt>
      <trkpt lat="46.525277" lon="12.017656">
        <ele>2288.071</ele>
        <time>2026-10-02T12:29:27Z</time>
      </trkpt>
      <trkpt lat="46.525279" lon="12.017656">
        <ele>2288.041</ele>
        <time>2026-10-02T12:29:28Z</time>
      </trkpt>
      <trkpt lat="46.525282" lon="12.017655">
        <ele>2288.015</ele>
        <time>2026-10-02T12:29:29Z</time>
      </trkpt>
      <trkpt lat="46.525284" lon="12.017651">
        <ele>2288.009</ele>
        <time>2026-10-02T12:29:30Z</time>
      </trkpt>
      <trkpt lat="46.525288" lon="12.017647">
        <ele>2289.019</ele>
        <time>2026-10-02T12:29:31Z</time>
      </trkpt>
      <trkpt lat="46.525299" lon="12.017646">
        <ele>2290.055</ele>
        <time>2026-10-02T12:30:07Z</time>
      </trkpt>
      <trkpt lat="46.525309" lon="12.017646">
        <ele>2290.066</ele>
        <time>2026-10-02T12:30:08Z</time>
      </trkpt>
      <trkpt lat="46.525317" lon="12.017646">
        <ele>2290.067</ele>
        <time>2026-10-02T12:30:09Z</time>
      </trkpt>
      <trkpt lat="46.525326" lon="12.017648">
        <ele>2290.059</ele>
        <time>2026-10-02T12:30:10Z</time>
      </trkpt>
      <trkpt lat="46.525336" lon="12.017650">
        <ele>2290.088</ele>
        <time>2026-10-02T12:30:11Z</time>
      </trkpt>
      <trkpt lat="46.525346" lon="12.017654">
        <ele>2290.089</ele>
        <time>2026-10-02T12:30:12Z</time>
      </trkpt>
      <trkpt lat="46.525356" lon="12.017657">
        <ele>2290.088</ele>
        <time>2026-10-02T12:30:13Z</time>
      </trkpt>
      <trkpt lat="46.525365" lon="12.017660">
        <ele>2290.030</ele>
        <time>2026-10-02T12:30:14Z</time>
      </trkpt>
      <trkpt lat="46.525375" lon="12.017663">
        <ele>2290.079</ele>
        <time>2026-10-02T12:30:15Z</time>
      </trkpt>
      <trkpt lat="46.525383" lon="12.017667">
        <ele>2290.005</ele>
        <time>2026-10-02T12:30:16Z</time>
      </trkpt>
      <trkpt lat="46.525391" lon="12.017672">
        <ele>2290.025</ele>
        <time>2026-10-02T12:30:17Z</time>
      </trkpt>
      <trkpt lat="46.525398" lon="12.017675">
        <ele>2290.009</ele>
        <time>2026-10-02T12:30:18Z</time>
      </trkpt>
      <trkpt lat="46.525405" lon="12.017676">
        <ele>2291.039</ele>
        <time>2026-10-02T12:30:19Z</time>
      </trkpt>
      <trkpt lat="46.525411" lon="12.017676">
        <ele>2291.025</ele>
        <time>2026-10-02T12:30:20Z</time>
      </trkpt>
      <trkpt lat="46.525417" lon="12.017676">
        <ele>2291.086</ele>
        <time>2026-10-02T12:30:21Z</time>
      </trkpt>
      <trkpt lat="46.525423" lon="12.017675">
        <ele>2291.077</ele>
        <time>2026-10-02T12:30:22Z</time>
      </trkpt>
      <trkpt lat="46.525429" lon="12.017676">
        <ele>2291.089</ele>
        <time>2026-10-02T12:30:23Z</time>
      </trkpt>
      <trkpt lat="46.525436" lon="12.017678">
        <ele>2291.028</ele>
        <time>2026-10-02T12:30:24Z</time>
      </trkpt>
      <trkpt lat="46.525443" lon="12.017681">
        <ele>2291.079</ele>
        <time>2026-10-02T12:30:25Z</time>
      </trkpt>
      <trkpt lat="46.525450" lon="12.017683">
        <ele>2291.088</ele>
        <time>2026-10-02T12:30:26Z</time>
      </trkpt>
      <trkpt lat="46.525458" lon="12.017685">
        <ele>2292.070</ele>
        <time>2026-10-02T12:30:27Z</time>
      </trkpt>
      <trkpt lat="46.525466" lon="12.017686">
        <ele>2292.045</ele>
        <time>2026-10-02T12:30:28Z</time>
      </trkpt>
      <trkpt lat="46.525474" lon="12.017687">
        <ele>2292.047</ele>
        <time>2026-10-02T12:30:29Z</time>
      </trkpt>
      <trkpt lat="46.525482" lon="12.017688">
        <ele>2292.011</ele>
        <time>2026-10-02T12:30:30Z</time>
      </trkpt>
      <trkpt lat="46.525490" lon="12.017690">
        <ele>2292.009</ele>
        <time>2026-10-02T12:30:31Z</time>
      </trkpt>
      <trkpt lat="46.525497" lon="12.017691">
        <ele>2292.026</ele>
        <time>2026-10-02T12:30:32Z</time>
      </trkpt>
      <trkpt lat="46.525505" lon="12.017693">
        <ele>2292.032</ele>
        <time>2026-10-02T12:30:33Z</time>
      </trkpt>
      <trkpt lat="46.525513" lon="12.017695">
        <ele>2292.013</ele>
        <time>2026-10-02T12:30:34Z</time>
      </trkpt>
      <trkpt lat="46.525521" lon="12.017697">
        <ele>2292.024</ele>
        <time>2026-10-02T12:30:35Z</time>
      </trkpt>
      <trkpt lat="46.525529" lon="12.017699">
        <ele>2292.046</ele>
        <time>2026-10-02T12:30:36Z</time>
      </trkpt>
      <trkpt lat="46.525537" lon="12.017700">
        <ele>2292.045</ele>
        <time>2026-10-02T12:30:37Z</time>
      </trkpt>
      <trkpt lat="46.525545" lon="12.017700">
        <ele>2292.086</ele>
        <time>2026-10-02T12:30:38Z</time>
      </trkpt>
      <trkpt lat="46.525554" lon="12.017700">
        <ele>2293.015</ele>
        <time>2026-10-02T12:30:39Z</time>
      </trkpt>
      <trkpt lat="46.525563" lon="12.017699">
        <ele>2293.037</ele>
        <time>2026-10-02T12:30:40Z</time>
      </trkpt>
      <trkpt lat="46.525572" lon="12.017698">
        <ele>2293.027</ele>
        <time>2026-10-02T12:30:41Z</time>
      </trkpt>
      <trkpt lat="46.525581" lon="12.017697">
        <ele>2293.068</ele>
        <time>2026-10-02T12:30:42Z</time>
      </trkpt>
      <trkpt lat="46.525590" lon="12.017697">
        <ele>2293.014</ele>
        <time>2026-10-02T12:30:43Z</time>
      </trkpt>
      <trkpt lat="46.525600" lon="12.017698">
        <ele>2293.009</ele>
        <time>2026-10-02T12:30:44Z</time>
      </trkpt>
      <trkpt lat="46.525610" lon="12.017700">
        <ele>2293.024</ele>
        <time>2026-10-02T12:30:45Z</time>
      </trkpt>
      <trkpt lat="46.525620" lon="12.017701">
        <ele>2293.050</ele>
        <time>2026-10-02T12:30:46Z</time>
      </trkpt>
      <trkpt lat="46.525630" lon="12.017701">
        <ele>2294.051</ele>
        <time>2026-10-02T12:30:47Z</time>
      </trkpt>
      <trkpt lat="46.525640" lon="12.017700">
        <ele>2294.022</ele>
        <time>2026-10-02T12:30:48Z</time>
      </trkpt>
      <trkpt lat="46.525649" lon="12.017699">
        <ele>2294.034</ele>
        <time>2026-10-02T12:30:49Z</time>
      </trkpt>
      <trkpt lat="46.525659" lon="12.017697">
        <ele>2294.023</ele>
        <time>2026-10-02T12:30:50Z</time>
      </trkpt>
      <trkpt lat="46.525668" lon="12.017694">
        <ele>2294.014</ele>
        <time>2026-10-02T12:30:51Z</time>
      </trkpt>
      <trkpt lat="46.525676" lon="12.017691">
        <ele>2294.013</ele>
        <time>2026-10-02T12:30:52Z</time>
      </trkpt>
      <trkpt lat="46.525685" lon="12.017688">
        <ele>2294.075</ele>
        <time>2026-10-02T12:30:53Z</time>
      </trkpt>
      <trkpt lat="46.525693" lon="12.017685">
        <ele>2294.064</ele>
        <time>2026-10-02T12:30:54Z</time>
      </trkpt>
      <trkpt lat="46.525702" lon="12.017683">
        <ele>2295.006</ele>
        <time>2026-10-02T12:30:55Z</time>
      </trkpt>
      <trkpt lat="46.525709" lon="12.017682">
        <ele>2295.016</ele>
        <time>2026-10-02T12:30:56Z</time>
      </trkpt>
      <trkpt lat="46.525718" lon="12.017680">
        <ele>2295.009</ele>
        <time>2026-10-02T12:30:57Z</time>
      </trkpt>
      <trkpt lat="46.525725" lon="12.017679">
        <ele>2295.088</ele>
        <time>2026-10-02T12:30:58Z</time>
      </trkpt>
      <trkpt lat="46.525733" lon="12.017678">
        <ele>2296.034</ele>
        <time>2026-10-02T12:30:59Z</time>
      </trkpt>
      <trkpt lat="46.525741" lon="12.017676">
        <ele>2296.085</ele>
        <time>2026-10-02T12:31:00Z</time>
      </trkpt>
      <trkpt lat="46.525748" lon="12.017674">
        <ele>2296.086</ele>
        <time>2026-10-02T12:31:01Z</time>
      </trkpt>
      <trkpt lat="46.525756" lon="12.017672">
        <ele>2296.098</ele>
        <time>2026-10-02T12:31:02Z</time>
      </trkpt>
      <trkpt lat="46.525764" lon="12.017669">
        <ele>2296.037</ele>
        <time>2026-10-02T12:31:03Z</time>
      </trkpt>
      <trkpt lat="46.525773" lon="12.017667">
        <ele>2296.038</ele>
        <time>2026-10-02T12:31:04Z</time>
      </trkpt>
      <trkpt lat="46.525782" lon="12.017665">
        <ele>2296.087</ele>
        <time>2026-10-02T12:31:05Z</time>
      </trkpt>
      <trkpt lat="46.525791" lon="12.017665">
        <ele>2296.079</ele>
        <time>2026-10-02T12:31:06Z</time>
      </trkpt>
      <trkpt lat="46.525801" lon="12.017665">
        <ele>2297.025</ele>
        <time>2026-10-02T12:31:07Z</time>
      </trkpt>
      <trkpt lat="46.525810" lon="12.017664">
        <ele>2297.026</ele>
        <time>2026-10-02T12:31:08Z</time>
      </trkpt>
      <trkpt lat="46.525820" lon="12.017663">
        <ele>2297.008</ele>
        <time>2026-10-02T12:31:09Z</time>
      </trkpt>
      <trkpt lat="46.525829" lon="12.017662">
        <ele>2297.009</ele>
        <time>2026-10-02T12:31:10Z</time>
      </trkpt>
      <trkpt lat="46.525838" lon="12.017661">
        <ele>2297.054</ele>
        <time>2026-10-02T12:31:11Z</time>
      </trkpt>
      <trkpt lat="46.525847" lon="12.017660">
        <ele>2297.010</ele>
        <time>2026-10-02T12:31:12Z</time>
      </trkpt>
      <trkpt lat="46.525855" lon="12.017659">
        <ele>2297.011</ele>
        <time>2026-10-02T12:31:13Z</time>
      </trkpt>
      <trkpt lat="46.525863" lon="12.017657">
        <ele>2297.022</ele>
        <time>2026-10-02T12:31:14Z</time>
      </trkpt>
      <trkpt lat="46.525870" lon="12.017655">
        <ele>2298.074</ele>
        <time>2026-10-02T12:31:15Z</time>
      </trkpt>
      <trkpt lat="46.525877" lon="12.017651">
        <ele>2298.013</ele>
        <time>2026-10-02T12:31:16Z</time>
      </trkpt>
      <trkpt lat="46.525884" lon="12.017648">
        <ele>2298.064</ele>
        <time>2026-10-02T12:31:17Z</time>
      </trkpt>
      <trkpt lat="46.525891" lon="12.017644">
        <ele>2298.093</ele>
        <time>2026-10-02T12:31:18Z</time>
      </trkpt>
      <trkpt lat="46.525893" lon="12.017643">
        <ele>2299.015</ele>
        <time>2026-10-02T12:31:19Z</time>
      </trkpt>
      <trkpt lat="46.525896" lon="12.017642">
        <ele>2299.051</ele>
        <time>2026-10-02T12:31:20Z</time>
      </trkpt>
      <trkpt lat="46.525899" lon="12.017641">
        <ele>2299.001</ele>
        <time>2026-10-02T12:31:21Z</time>
      </trkpt>
      <trkpt lat="46.525906" lon="12.017640">
        <ele>2299.011</ele>
        <time>2026-10-02T12:31:22Z</time>
      </trkpt>
      <trkpt lat="46.525913" lon="12.017641">
        <ele>2299.009</ele>
        <time>2026-10-02T12:31:23Z</time>
      </trkpt>
      <trkpt lat="46.525920" lon="12.017644">
        <ele>2299.067</ele>
        <time>2026-10-02T12:31:24Z</time>
      </trkpt>
      <trkpt lat="46.525926" lon="12.017647">
        <ele>2299.063</ele>
        <time>2026-10-02T12:31:25Z</time>
      </trkpt>
      <trkpt lat="46.525933" lon="12.017651">
        <ele>2299.034</ele>
        <time>2026-10-02T12:31:26Z</time>
      </trkpt>
      <trkpt lat="46.525939" lon="12.017655">
        <ele>2300.035</ele>
        <time>2026-10-02T12:31:27Z</time>
      </trkpt>
      <trkpt lat="46.525945" lon="12.017658">
        <ele>2300.027</ele>
        <time>2026-10-02T12:31:28Z</time>
      </trkpt>
      <trkpt lat="46.525952" lon="12.017661">
        <ele>2300.036</ele>
        <time>2026-10-02T12:31:29Z</time>
      </trkpt>
      <trkpt lat="46.525959" lon="12.017665">
        <ele>2300.077</ele>
        <time>2026-10-02T12:31:30Z</time>
      </trkpt>
      <trkpt lat="46.525961" lon="12.017665">
        <ele>2301.046</ele>
        <time>2026-10-02T12:31:31Z</time>
      </trkpt>
      <trkpt lat="46.525964" lon="12.017665">
        <ele>2301.048</ele>
        <time>2026-10-02T12:31:32Z</time>
      </trkpt>
      <trkpt lat="46.525966" lon="12.017666">
        <ele>2301.078</ele>
        <time>2026-10-02T12:31:33Z</time>
      </trkpt>
      <trkpt lat="46.525971" lon="12.017665">
        <ele>2301.033</ele>
        <time>2026-10-02T12:31:34Z</time>
      </trkpt>
      <trkpt lat="46.525976" lon="12.017665">
        <ele>2301.026</ele>
        <time>2026-10-02T12:31:35Z</time>
      </trkpt>
      <trkpt lat="46.525980" lon="12.017666">
        <ele>2301.009</ele>
        <time>2026-10-02T12:31:36Z</time>
      </trkpt>
      <trkpt lat="46.525986" lon="12.017669">
        <ele>2301.059</ele>
        <time>2026-10-02T12:31:37Z</time>
      </trkpt>
      <trkpt lat="46.525992" lon="12.017670">
        <ele>2301.095</ele>
        <time>2026-10-02T12:31:38Z</time>
      </trkpt>
      <trkpt lat="46.525998" lon="12.017671">
        <ele>2301.026</ele>
        <time>2026-10-02T12:31:39Z</time>
      </trkpt>
      <trkpt lat="46.526004" lon="12.017671">
        <ele>2301.097</ele>
        <time>2026-10-02T12:31:40Z</time>
      </trkpt>
      <trkpt lat="46.526010" lon="12.017671">
        <ele>2301.089</ele>
        <time>2026-10-02T12:31:41Z</time>
      </trkpt>
      <trkpt lat="46.526017" lon="12.017671">
        <ele>2301.098</ele>
        <time>2026-10-02T12:31:42Z</time>
      </trkpt>
      <trkpt lat="46.526020" lon="12.017671">
        <ele>2302.049</ele>
        <time>2026-10-02T12:31:43Z</time>
      </trkpt>
      <trkpt lat="46.526023" lon="12.017670">
        <ele>2302.078</ele>
        <time>2026-10-02T12:31:44Z</time>
      </trkpt>
      <trkpt lat="46.526025" lon="12.017670">
        <ele>2302.060</ele>
        <time>2026-10-02T12:31:45Z</time>
      </trkpt>
      <trkpt lat="46.526033" lon="12.017668">
        <ele>2302.072</ele>
        <time>2026-10-02T12:31:46Z</time>
      </trkpt>
      <trkpt lat="46.526040" lon="12.017667">
        <ele>2302.013</ele>
        <time>2026-10-02T12:31:47Z</time>
      </trkpt>
      <trkpt lat="46.526048" lon="12.017665">
        <ele>2302.014</ele>
        <time>2026-10-02T12:31:48Z</time>
      </trkpt>
      <trkpt lat="46.526054" lon="12.017663">
        <ele>2302.009</ele>
        <time>2026-10-02T12:31:49Z</time>
      </trkpt>
      <trkpt lat="46.526061" lon="12.017662">
        <ele>2302.029</ele>
        <time>2026-10-02T12:31:50Z</time>
      </trkpt>
      <trkpt lat="46.526069" lon="12.017661">
        <ele>2303.015</ele>
        <time>2026-10-02T12:31:51Z</time>
      </trkpt>
      <trkpt lat="46.526076" lon="12.017661">
        <ele>2303.026</ele>
        <time>2026-10-02T12:31:52Z</time>
      </trkpt>
      <trkpt lat="46.526082" lon="12.017660">
        <ele>2303.017</ele>
        <time>2026-10-02T12:31:53Z</time>
      </trkpt>
      <trkpt lat="46.526089" lon="12.017659">
        <ele>2303.049</ele>
        <time>2026-10-02T12:31:54Z</time>
      </trkpt>
      <trkpt lat="46.526095" lon="12.017659">
        <ele>2303.078</ele>
        <time>2026-10-02T12:31:55Z</time>
      </trkpt>
      <trkpt lat="46.526101" lon="12.017658">
        <ele>2303.059</ele>
        <time>2026-10-02T12:31:56Z</time>
      </trkpt>
      <trkpt lat="46.526107" lon="12.017659">
        <ele>2303.068</ele>
        <time>2026-10-02T12:31:57Z</time>
      </trkpt>
      <trkpt lat="46.526112" lon="12.017660">
        <ele>2303.070</ele>
        <time>2026-10-02T12:31:58Z</time>
      </trkpt>
      <trkpt lat="46.526118" lon="12.017661">
        <ele>2304.073</ele>
        <time>2026-10-02T12:31:59Z</time>
      </trkpt>
      <trkpt lat="46.526124" lon="12.017662">
        <ele>2304.085</ele>
        <time>2026-10-02T12:32:00Z</time>
      </trkpt>
      <trkpt lat="46.526131" lon="12.017663">
        <ele>2304.013</ele>
        <time>2026-10-02T12:32:01Z</time>
      </trkpt>
      <trkpt lat="46.526137" lon="12.017663">
        <ele>2304.009</ele>
        <time>2026-10-02T12:32:02Z</time>
      </trkpt>
      <trkpt lat="46.526146" lon="12.017662">
        <ele>2305.099</ele>
        <time>2026-10-02T12:32:03Z</time>
      </trkpt>
      <trkpt lat="46.526154" lon="12.017662">
        <ele>2305.025</ele>
        <time>2026-10-02T12:32:04Z</time>
      </trkpt>
      <trkpt lat="46.526166" lon="12.017660">
        <ele>2306.096</ele>
        <time>2026-10-02T12:32:14Z</time>
      </trkpt>
      <trkpt lat="46.526174" lon="12.017658">
        <ele>2307.097</ele>
        <time>2026-10-02T12:32:15Z</time>
      </trkpt>
      <trkpt lat="46.526181" lon="12.017655">
        <ele>2307.029</ele>
        <time>2026-10-02T12:32:16Z</time>
      </trkpt>
      <trkpt lat="46.526187" lon="12.017653">
        <ele>2307.088</ele>
        <time>2026-10-02T12:32:17Z</time>
      </trkpt>
      <trkpt lat="46.526193" lon="12.017651">
        <ele>2307.039</ele>
        <time>2026-10-02T12:32:18Z</time>
      </trkpt>
      <trkpt lat="46.526198" lon="12.017650">
        <ele>2307.058</ele>
        <time>2026-10-02T12:32:19Z</time>
      </trkpt>
      <trkpt lat="46.526203" lon="12.017650">
        <ele>2307.070</ele>
        <time>2026-10-02T12:32:20Z</time>
      </trkpt>
      <trkpt lat="46.526208" lon="12.017650">
        <ele>2307.012</ele>
        <time>2026-10-02T12:32:21Z</time>
      </trkpt>
      <trkpt lat="46.526214" lon="12.017651">
        <ele>2307.032</ele>
        <time>2026-10-02T12:32:22Z</time>
      </trkpt>
      <trkpt lat="46.526220" lon="12.017652">
        <ele>2308.005</ele>
        <time>2026-10-02T12:32:23Z</time>
      </trkpt>
      <trkpt lat="46.526226" lon="12.017653">
        <ele>2308.009</ele>
        <time>2026-10-02T12:32:24Z</time>
      </trkpt>
      <trkpt lat="46.526233" lon="12.017653">
        <ele>2308.093</ele>
        <time>2026-10-02T12:32:25Z</time>
      </trkpt>
      <trkpt lat="46.526239" lon="12.017652">
        <ele>2308.069</ele>
        <time>2026-10-02T12:32:26Z</time>
      </trkpt>
      <trkpt lat="46.526244" lon="12.017652">
        <ele>2308.060</ele>
        <time>2026-10-02T12:32:27Z</time>
      </trkpt>
      <trkpt lat="46.526250" lon="12.017651">
        <ele>2308.021</ele>
        <time>2026-10-02T12:32:28Z</time>
      </trkpt>
      <trkpt lat="46.526255" lon="12.017651">
        <ele>2308.063</ele>
        <time>2026-10-02T12:32:29Z</time>
      </trkpt>
      <trkpt lat="46.526261" lon="12.017651">
        <ele>2308.022</ele>
        <time>2026-10-02T12:32:30Z</time>
      </trkpt>
      <trkpt lat="46.526267" lon="12.017652">
        <ele>2309.063</ele>
        <time>2026-10-02T12:32:31Z</time>
      </trkpt>
      <trkpt lat="46.526273" lon="12.017653">
        <ele>2309.032</ele>
        <time>2026-10-02T12:32:32Z</time>
      </trkpt>
      <trkpt lat="46.526279" lon="12.017654">
        <ele>2309.074</ele>
        <time>2026-10-02T12:32:33Z</time>
      </trkpt>
      <trkpt lat="46.526285" lon="12.017652">
        <ele>2309.012</ele>
        <time>2026-10-02T12:32:34Z</time>
      </trkpt>
      <trkpt lat="46.526291" lon="12.017651">
        <ele>2310.032</ele>
        <time>2026-10-02T12:32:35Z</time>
      </trkpt>
      <trkpt lat="46.526297" lon="12.017650">
        <ele>2310.005</ele>
        <time>2026-10-02T12:32:36Z</time>
      </trkpt>
      <trkpt lat="46.526305" lon="12.017650">
        <ele>2310.009</ele>
        <time>2026-10-02T12:32:37Z</time>
      </trkpt>
      <trkpt lat="46.526312" lon="12.017650">
        <ele>2310.033</ele>
        <time>2026-10-02T12:32:38Z</time>
      </trkpt>
      <trkpt lat="46.526319" lon="12.017650">
        <ele>2310.049</ele>
        <time>2026-10-02T12:32:39Z</time>
      </trkpt>
      <trkpt lat="46.526327" lon="12.017649">
        <ele>2310.020</ele>
        <time>2026-10-02T12:32:40Z</time>
      </trkpt>
      <trkpt lat="46.526336" lon="12.017648">
        <ele>2310.011</ele>
        <time>2026-10-02T12:32:41Z</time>
      </trkpt>
      <trkpt lat="46.526344" lon="12.017647">
        <ele>2310.023</ele>
        <time>2026-10-02T12:32:42Z</time>
      </trkpt>
      <trkpt lat="46.526353" lon="12.017645">
        <ele>2311.042</ele>
        <time>2026-10-02T12:32:43Z</time>
      </trkpt>
      <trkpt lat="46.526362" lon="12.017645">
        <ele>2311.013</ele>
        <time>2026-10-02T12:32:44Z</time>
      </trkpt>
      <trkpt lat="46.526370" lon="12.017645">
        <ele>2311.052</ele>
        <time>2026-10-02T12:32:45Z</time>
      </trkpt>
      <trkpt lat="46.526379" lon="12.017645">
        <ele>2311.014</ele>
        <time>2026-10-02T12:32:46Z</time>
      </trkpt>
      <trkpt lat="46.526387" lon="12.017645">
        <ele>2311.081</ele>
        <time>2026-10-02T12:32:47Z</time>
      </trkpt>
      <trkpt lat="46.526395" lon="12.017645">
        <ele>2311.061</ele>
        <time>2026-10-02T12:32:48Z</time>
      </trkpt>
      <trkpt lat="46.526398" lon="12.017644">
        <ele>2311.017</ele>
        <time>2026-10-02T12:32:49Z</time>
      </trkpt>
      <trkpt lat="46.526401" lon="12.017644">
        <ele>2311.009</ele>
        <time>2026-10-02T12:32:50Z</time>
      </trkpt>
      <trkpt lat="46.526404" lon="12.017643">
        <ele>2312.090</ele>
        <time>2026-10-02T12:32:51Z</time>
      </trkpt>
      <trkpt lat="46.526411" lon="12.017639">
        <ele>2312.056</ele>
        <time>2026-10-02T12:32:52Z</time>
      </trkpt>
      <trkpt lat="46.526418" lon="12.017635">
        <ele>2312.047</ele>
        <time>2026-10-02T12:32:53Z</time>
      </trkpt>
      <trkpt lat="46.526424" lon="12.017631">
        <ele>2312.098</ele>
        <time>2026-10-02T12:32:54Z</time>
      </trkpt>
      <trkpt lat="46.526429" lon="12.017628">
        <ele>2312.070</ele>
        <time>2026-10-02T12:32:55Z</time>
      </trkpt>
      <trkpt lat="46.526434" lon="12.017627">
        <ele>2312.029</ele>
        <time>2026-10-02T12:32:56Z</time>
      </trkpt>
      <trkpt lat="46.526439" lon="12.017625">
        <ele>2312.080</ele>
        <time>2026-10-02T12:32:57Z</time>
      </trkpt>
      <trkpt lat="46.526445" lon="12.017624">
        <ele>2312.039</ele>
        <time>2026-10-02T12:32:58Z</time>
      </trkpt>
      <trkpt lat="46.526450" lon="12.017622">
        <ele>2313.031</ele>
        <time>2026-10-02T12:32:59Z</time>
      </trkpt>
      <trkpt lat="46.526456" lon="12.017620">
        <ele>2313.034</ele>
        <time>2026-10-02T12:33:00Z</time>
      </trkpt>
      <trkpt lat="46.526461" lon="12.017619">
        <ele>2313.055</ele>
        <time>2026-10-02T12:33:01Z</time>
      </trkpt>
      <trkpt lat="46.526467" lon="12.017618">
        <ele>2313.010</ele>
        <time>2026-10-02T12:33:02Z</time>
      </trkpt>
      <trkpt lat="46.526472" lon="12.017617">
        <ele>2313.009</ele>
        <time>2026-10-02T12:33:03Z</time>
      </trkpt>
      <trkpt lat="46.526477" lon="12.017617">
        <ele>2313.095</ele>
        <time>2026-10-02T12:33:04Z</time>
      </trkpt>
      <trkpt lat="46.526482" lon="12.017616">
        <ele>2313.011</ele>
        <time>2026-10-02T12:33:05Z</time>
      </trkpt>
      <trkpt lat="46.526488" lon="12.017616">
        <ele>2313.022</ele>
        <time>2026-10-02T12:33:06Z</time>
      </trkpt>
      <trkpt lat="46.526493" lon="12.017615">
        <ele>2314.053</ele>
        <time>2026-10-02T12:33:07Z</time>
      </trkpt>
      <trkpt lat="46.526499" lon="12.017614">
        <ele>2314.075</ele>
        <time>2026-10-02T12:33:08Z</time>
      </trkpt>
      <trkpt lat="46.526506" lon="12.017612">
        <ele>2314.054</ele>
        <time>2026-10-02T12:33:09Z</time>
      </trkpt>
      <trkpt lat="46.526513" lon="12.017610">
        <ele>2314.085</ele>
        <time>2026-10-02T12:33:10Z</time>
      </trkpt>
      <trkpt lat="46.526520" lon="12.017607">
        <ele>2315.024</ele>
        <time>2026-10-02T12:33:11Z</time>
      </trkpt>
      <trkpt lat="46.526528" lon="12.017603">
        <ele>2315.036</ele>
        <time>2026-10-02T12:33:12Z</time>
      </trkpt>
      <trkpt lat="46.526536" lon="12.017600">
        <ele>2315.026</ele>
        <time>2026-10-02T12:33:13Z</time>
      </trkpt>
      <trkpt lat="46.526544" lon="12.017598">
        <ele>2315.047</ele>
        <time>2026-10-02T12:33:14Z</time>
      </trkpt>
      <trkpt lat="46.526552" lon="12.017596">
        <ele>2315.011</ele>
        <time>2026-10-02T12:33:15Z</time>
      </trkpt>
      <trkpt lat="46.526560" lon="12.017595">
        <ele>2315.009</ele>
        <time>2026-10-02T12:33:16Z</time>
      </trkpt>
      <trkpt lat="46.526569" lon="12.017595">
        <ele>2315.044</ele>
        <time>2026-10-02T12:33:17Z</time>
      </trkpt>
      <trkpt lat="46.526573" lon="12.017600">
        <ele>2317.030</ele>
        <time>2026-10-02T12:33:41Z</time>
      </trkpt>
      <trkpt lat="46.526576" lon="12.017604">
        <ele>2317.031</ele>
        <time>2026-10-02T12:33:42Z</time>
      </trkpt>
      <trkpt lat="46.526580" lon="12.017606">
        <ele>2318.082</ele>
        <time>2026-10-02T12:33:43Z</time>
      </trkpt>
      <trkpt lat="46.526585" lon="12.017608">
        <ele>2318.084</ele>
        <time>2026-10-02T12:33:44Z</time>
      </trkpt>
      <trkpt lat="46.526591" lon="12.017609">
        <ele>2318.053</ele>
        <time>2026-10-02T12:33:45Z</time>
      </trkpt>
      <trkpt lat="46.526599" lon="12.017609">
        <ele>2318.054</ele>
        <time>2026-10-02T12:33:46Z</time>
      </trkpt>
      <trkpt lat="46.526607" lon="12.017608">
        <ele>2318.053</ele>
        <time>2026-10-02T12:33:47Z</time>
      </trkpt>
      <trkpt lat="46.526615" lon="12.017607">
        <ele>2318.045</ele>
        <time>2026-10-02T12:33:48Z</time>
      </trkpt>
      <trkpt lat="46.526624" lon="12.017607">
        <ele>2318.058</ele>
        <time>2026-10-02T12:33:49Z</time>
      </trkpt>
      <trkpt lat="46.526632" lon="12.017606">
        <ele>2318.052</ele>
        <time>2026-10-02T12:33:50Z</time>
      </trkpt>
      <trkpt lat="46.526641" lon="12.017605">
        <ele>2318.017</ele>
        <time>2026-10-02T12:33:51Z</time>
      </trkpt>
      <trkpt lat="46.526649" lon="12.017603">
        <ele>2318.009</ele>
        <time>2026-10-02T12:33:52Z</time>
      </trkpt>
      <trkpt lat="46.526657" lon="12.017602">
        <ele>2318.037</ele>
        <time>2026-10-02T12:33:53Z</time>
      </trkpt>
      <trkpt lat="46.526665" lon="12.017600">
        <ele>2318.023</ele>
        <time>2026-10-02T12:33:54Z</time>
      </trkpt>
      <trkpt lat="46.526673" lon="12.017597">
        <ele>2319.024</ele>
        <time>2026-10-02T12:33:55Z</time>
      </trkpt>
      <trkpt lat="46.526681" lon="12.017595">
        <ele>2319.065</ele>
        <time>2026-10-02T12:33:56Z</time>
      </trkpt>
      <trkpt lat="46.526690" lon="12.017593">
        <ele>2319.097</ele>
        <time>2026-10-02T12:33:57Z</time>
      </trkpt>
      <trkpt lat="46.526700" lon="12.017591">
        <ele>2319.076</ele>
        <time>2026-10-02T12:33:58Z</time>
      </trkpt>
      <trkpt lat="46.526710" lon="12.017590">
        <ele>2320.077</ele>
        <time>2026-10-02T12:33:59Z</time>
      </trkpt>
      <trkpt lat="46.526720" lon="12.017589">
        <ele>2320.016</ele>
        <time>2026-10-02T12:34:00Z</time>
      </trkpt>
      <trkpt lat="46.526730" lon="12.017588">
        <ele>2320.068</ele>
        <time>2026-10-02T12:34:01Z</time>
      </trkpt>
      <trkpt lat="46.526739" lon="12.017588">
        <ele>2320.032</ele>
        <time>2026-10-02T12:34:02Z</time>
      </trkpt>
      <trkpt lat="46.526748" lon="12.017587">
        <ele>2321.092</ele>
        <time>2026-10-02T12:34:03Z</time>
      </trkpt>
      <trkpt lat="46.526756" lon="12.017588">
        <ele>2321.011</ele>
        <time>2026-10-02T12:34:04Z</time>
      </trkpt>
      <trkpt lat="46.526764" lon="12.017589">
        <ele>2321.009</ele>
        <time>2026-10-02T12:34:05Z</time>
      </trkpt>
      <trkpt lat="46.526771" lon="12.017590">
        <ele>2321.065</ele>
        <time>2026-10-02T12:34:06Z</time>
      </trkpt>
      <trkpt lat="46.526777" lon="12.017592">
        <ele>2322.011</ele>
        <time>2026-10-02T12:34:07Z</time>
      </trkpt>
      <trkpt lat="46.526784" lon="12.017593">
        <ele>2322.072</ele>
        <time>2026-10-02T12:34:08Z</time>
      </trkpt>
      <trkpt lat="46.526790" lon="12.017594">
        <ele>2322.043</ele>
        <time>2026-10-02T12:34:09Z</time>
      </trkpt>
      <trkpt lat="46.526797" lon="12.017595">
        <ele>2322.045</ele>
        <time>2026-10-02T12:34:10Z</time>
      </trkpt>
      <trkpt lat="46.526803" lon="12.017596">
        <ele>2322.014</ele>
        <time>2026-10-02T12:34:11Z</time>
      </trkpt>
      <trkpt lat="46.526810" lon="12.017597">
        <ele>2322.095</ele>
        <time>2026-10-02T12:34:12Z</time>
      </trkpt>
      <trkpt lat="46.526815" lon="12.017600">
        <ele>2322.014</ele>
        <time>2026-10-02T12:34:13Z</time>
      </trkpt>
      <trkpt lat="46.526820" lon="12.017603">
        <ele>2322.096</ele>
        <time>2026-10-02T12:34:14Z</time>
      </trkpt>
      <trkpt lat="46.526825" lon="12.017606">
        <ele>2323.047</ele>
        <time>2026-10-02T12:34:15Z</time>
      </trkpt>
      <trkpt lat="46.526830" lon="12.017610">
        <ele>2323.029</ele>
        <time>2026-10-02T12:34:16Z</time>
      </trkpt>
      <trkpt lat="46.526836" lon="12.017614">
        <ele>2323.021</ele>
        <time>2026-10-02T12:34:17Z</time>
      </trkpt>
      <trkpt lat="46.526843" lon="12.017618">
        <ele>2323.009</ele>
        <time>2026-10-02T12:34:18Z</time>
      </trkpt>
      <trkpt lat="46.526849" lon="12.017621">
        <ele>2324.086</ele>
        <time>2026-10-02T12:34:19Z</time>
      </trkpt>
      <trkpt lat="46.526856" lon="12.017623">
        <ele>2324.052</ele>
        <time>2026-10-02T12:34:20Z</time>
      </trkpt>
      <trkpt lat="46.526864" lon="12.017623">
        <ele>2324.073</ele>
        <time>2026-10-02T12:34:21Z</time>
      </trkpt>
      <trkpt lat="46.526871" lon="12.017621">
        <ele>2324.044</ele>
        <time>2026-10-02T12:34:22Z</time>
      </trkpt>
      <trkpt lat="46.526878" lon="12.017617">
        <ele>2324.036</ele>
        <time>2026-10-02T12:34:23Z</time>
      </trkpt>
      <trkpt lat="46.526885" lon="12.017612">
        <ele>2324.095</ele>
        <time>2026-10-02T12:34:24Z</time>
      </trkpt>
      <trkpt lat="46.526892" lon="12.017607">
        <ele>2325.086</ele>
        <time>2026-10-02T12:34:25Z</time>
      </trkpt>
      <trkpt lat="46.526899" lon="12.017604">
        <ele>2325.085</ele>
        <time>2026-10-02T12:34:26Z</time>
      </trkpt>
      <trkpt lat="46.526907" lon="12.017602">
        <ele>2326.067</ele>
        <time>2026-10-02T12:34:27Z</time>
      </trkpt>
      <trkpt lat="46.526913" lon="12.017602">
        <ele>2326.022</ele>
        <time>2026-10-02T12:34:28Z</time>
      </trkpt>
      <trkpt lat="46.526920" lon="12.017603">
        <ele>2326.062</ele>
        <time>2026-10-02T12:34:29Z</time>
      </trkpt>
      <trkpt lat="46.526926" lon="12.017606">
        <ele>2326.008</ele>
        <time>2026-10-02T12:34:30Z</time>
      </trkpt>
      <trkpt lat="46.526933" lon="12.017607">
        <ele>2327.009</ele>
        <time>2026-10-02T12:34:31Z</time>
      </trkpt>
      <trkpt lat="46.526940" lon="12.017608">
        <ele>2327.014</ele>
        <time>2026-10-02T12:34:32Z</time>
      </trkpt>
      <trkpt lat="46.526947" lon="12.017607">
        <ele>2327.020</ele>
        <time>2026-10-02T12:34:33Z</time>
      </trkpt>
      <trkpt lat="46.526954" lon="12.017606">
        <ele>2327.061</ele>
        <time>2026-10-02T12:34:34Z</time>
      </trkpt>
      <trkpt lat="46.526961" lon="12.017605">
        <ele>2328.012</ele>
        <time>2026-10-02T12:34:35Z</time>
      </trkpt>
      <trkpt lat="46.526968" lon="12.017605">
        <ele>2328.024</ele>
        <time>2026-10-02T12:34:36Z</time>
      </trkpt>
      <trkpt lat="46.526981" lon="12.017606">
        <ele>2329.023</ele>
        <time>2026-10-02T12:34:42Z</time>
      </trkpt>
      <trkpt lat="46.526993" lon="12.017606">
        <ele>2330.094</ele>
        <time>2026-10-02T12:34:43Z</time>
      </trkpt>
      <trkpt lat="46.527002" lon="12.017607">
        <ele>2330.013</ele>
        <time>2026-10-02T12:34:44Z</time>
      </trkpt>
      <trkpt lat="46.527011" lon="12.017608">
        <ele>2330.045</ele>
        <time>2026-10-02T12:34:45Z</time>
      </trkpt>
      <trkpt lat="46.527018" lon="12.017609">
        <ele>2330.024</ele>
        <time>2026-10-02T12:34:46Z</time>
      </trkpt>
      <trkpt lat="46.527025" lon="12.017608">
        <ele>2332.004</ele>
        <time>2026-10-02T12:34:56Z</time>
      </trkpt>
      <trkpt lat="46.527030" lon="12.017606">
        <ele>2332.014</ele>
        <time>2026-10-02T12:34:57Z</time>
      </trkpt>
      <trkpt lat="46.527035" lon="12.017604">
        <ele>2332.009</ele>
        <time>2026-10-02T12:34:58Z</time>
      </trkpt>
      <trkpt lat="46.527041" lon="12.017601">
        <ele>2332.084</ele>
        <time>2026-10-02T12:34:59Z</time>
      </trkpt>
      <trkpt lat="46.527049" lon="12.017597">
        <ele>2332.030</ele>
        <time>2026-10-02T12:35:00Z</time>
      </trkpt>
      <trkpt lat="46.527057" lon="12.017594">
        <ele>2332.071</ele>
        <time>2026-10-02T12:35:01Z</time>
      </trkpt>
      <trkpt lat="46.527059" lon="12.017593">
        <ele>2332.082</ele>
        <time>2026-10-02T12:35:02Z</time>
      </trkpt>
      <trkpt lat="46.527062" lon="12.017593">
        <ele>2333.064</ele>
        <time>2026-10-02T12:35:03Z</time>
      </trkpt>
      <trkpt lat="46.527065" lon="12.017592">
        <ele>2333.083</ele>
        <time>2026-10-02T12:35:04Z</time>
      </trkpt>
      <trkpt lat="46.527082" lon="12.017593">
        <ele>2334.024</ele>
        <time>2026-10-02T12:35:11Z</time>
      </trkpt>
      <trkpt lat="46.527086" lon="12.017593">
        <ele>2334.093</ele>
        <time>2026-10-02T12:35:12Z</time>
      </trkpt>
      <trkpt lat="46.527091" lon="12.017593">
        <ele>2334.025</ele>
        <time>2026-10-02T12:35:13Z</time>
      </trkpt>
      <trkpt lat="46.527096" lon="12.017594">
        <ele>2334.068</ele>
        <time>2026-10-02T12:35:14Z</time>
      </trkpt>
      <trkpt lat="46.527106" lon="12.017595">
        <ele>2335.042</ele>
        <time>2026-10-02T12:35:15Z</time>
      </trkpt>
      <trkpt lat="46.527115" lon="12.017596">
        <ele>2335.026</ele>
        <time>2026-10-02T12:35:16Z</time>
      </trkpt>
      <trkpt lat="46.527123" lon="12.017598">
        <ele>2335.009</ele>
        <time>2026-10-02T12:35:17Z</time>
      </trkpt>
      <trkpt lat="46.527130" lon="12.017601">
        <ele>2335.088</ele>
        <time>2026-10-02T12:35:18Z</time>
      </trkpt>
      <trkpt lat="46.527136" lon="12.017605">
        <ele>2335.054</ele>
        <time>2026-10-02T12:35:19Z</time>
      </trkpt>
      <trkpt lat="46.527143" lon="12.017609">
        <ele>2335.065</ele>
        <time>2026-10-02T12:35:20Z</time>
      </trkpt>
      <trkpt lat="46.527149" lon="12.017612">
        <ele>2335.066</ele>
        <time>2026-10-02T12:35:21Z</time>
      </trkpt>
      <trkpt lat="46.527158" lon="12.017613">
        <ele>2335.078</ele>
        <time>2026-10-02T12:35:22Z</time>
      </trkpt>
      <trkpt lat="46.527173" lon="12.017609">
        <ele>2339.077</ele>
        <time>2026-10-02T12:35:37Z</time>
      </trkpt>
      <trkpt lat="46.527183" lon="12.017605">
        <ele>2339.048</ele>
        <time>2026-10-02T12:35:38Z</time>
      </trkpt>
      <trkpt lat="46.527192" lon="12.017602">
        <ele>2339.027</ele>
        <time>2026-10-02T12:35:39Z</time>
      </trkpt>
      <trkpt lat="46.527199" lon="12.017600">
        <ele>2339.029</ele>
        <time>2026-10-02T12:35:40Z</time>
      </trkpt>
      <trkpt lat="46.527206" lon="12.017598">
        <ele>2339.063</ele>
        <time>2026-10-02T12:35:41Z</time>
      </trkpt>
      <trkpt lat="46.527213" lon="12.017596">
        <ele>2339.044</ele>
        <time>2026-10-02T12:35:42Z</time>
      </trkpt>
      <trkpt lat="46.527220" lon="12.017594">
        <ele>2339.018</ele>
        <time>2026-10-02T12:35:43Z</time>
      </trkpt>
      <trkpt lat="46.527228" lon="12.017591">
        <ele>2339.009</ele>
        <time>2026-10-02T12:35:44Z</time>
      </trkpt>
      <trkpt lat="46.527235" lon="12.017589">
        <ele>2339.028</ele>
        <time>2026-10-02T12:35:45Z</time>
      </trkpt>
      <trkpt lat="46.527241" lon="12.017586">
        <ele>2339.084</ele>
        <time>2026-10-02T12:35:46Z</time>
      </trkpt>
      <trkpt lat="46.527248" lon="12.017585">
        <ele>2340.015</ele>
        <time>2026-10-02T12:35:47Z</time>
      </trkpt>
      <trkpt lat="46.527256" lon="12.017584">
        <ele>2340.076</ele>
        <time>2026-10-02T12:35:48Z</time>
      </trkpt>
      <trkpt lat="46.527263" lon="12.017584">
        <ele>2340.078</ele>
        <time>2026-10-02T12:35:49Z</time>
      </trkpt>
      <trkpt lat="46.527272" lon="12.017580">
        <ele>2342.057</ele>
        <time>2026-10-02T12:36:02Z</time>
      </trkpt>
      <trkpt lat="46.527278" lon="12.017576">
        <ele>2343.018</ele>
        <time>2026-10-02T12:36:03Z</time>
      </trkpt>
      <trkpt lat="46.527283" lon="12.017573">
        <ele>2343.047</ele>
        <time>2026-10-02T12:36:04Z</time>
      </trkpt>
      <trkpt lat="46.527287" lon="12.017568">
        <ele>2343.029</ele>
        <time>2026-10-02T12:36:05Z</time>
      </trkpt>
      <trkpt lat="46.527292" lon="12.017562">
        <ele>2343.065</ele>
        <time>2026-10-02T12:36:06Z</time>
      </trkpt>
      <trkpt lat="46.527296" lon="12.017554">
        <ele>2343.068</ele>
        <time>2026-10-02T12:36:07Z</time>
      </trkpt>
      <trkpt lat="46.527300" lon="12.017543">
        <ele>2343.014</ele>
        <time>2026-10-02T12:36:08Z</time>
      </trkpt>
      <trkpt lat="46.527301" lon="12.017539">
        <ele>2343.009</ele>
        <time>2026-10-02T12:36:09Z</time>
      </trkpt>
      <trkpt lat="46.527301" lon="12.017535">
        <ele>2343.048</ele>
        <time>2026-10-02T12:36:10Z</time>
      </trkpt>
      <trkpt lat="46.527302" lon="12.017531">
        <ele>2343.044</ele>
        <time>2026-10-02T12:36:11Z</time>
      </trkpt>
      <trkpt lat="46.527305" lon="12.017521">
        <ele>2343.095</ele>
        <time>2026-10-02T12:36:12Z</time>
      </trkpt>
      <trkpt lat="46.527307" lon="12.017512">
        <ele>2343.026</ele>
        <time>2026-10-02T12:36:13Z</time>
      </trkpt>
      <trkpt lat="46.527309" lon="12.017504">
        <ele>2343.018</ele>
        <time>2026-10-02T12:36:14Z</time>
      </trkpt>
      <trkpt lat="46.527311" lon="12.017496">
        <ele>2344.027</ele>
        <time>2026-10-02T12:36:15Z</time>
      </trkpt>
      <trkpt lat="46.527312" lon="12.017488">
        <ele>2344.068</ele>
        <time>2026-10-02T12:36:16Z</time>
      </trkpt>
      <trkpt lat="46.527312" lon="12.017480">
        <ele>2344.047</ele>
        <time>2026-10-02T12:36:17Z</time>
      </trkpt>
      <trkpt lat="46.527311" lon="12.017471">
        <ele>2344.079</ele>
        <time>2026-10-02T12:36:18Z</time>
      </trkpt>
      <trkpt lat="46.527311" lon="12.017459">
        <ele>2345.097</ele>
        <time>2026-10-02T12:36:19Z</time>
      </trkpt>
      <trkpt lat="46.527311" lon="12.017448">
        <ele>2345.023</ele>
        <time>2026-10-02T12:36:20Z</time>
      </trkpt>
      <trkpt lat="46.527312" lon="12.017439">
        <ele>2345.025</ele>
        <time>2026-10-02T12:36:21Z</time>
      </trkpt>
      <trkpt lat="46.527312" lon="12.017435">
        <ele>2345.009</ele>
        <time>2026-10-02T12:36:22Z</time>
      </trkpt>
      <trkpt lat="46.527313" lon="12.017432">
        <ele>2345.071</ele>
        <time>2026-10-02T12:36:23Z</time>
      </trkpt>
      <trkpt lat="46.527314" lon="12.017428">
        <ele>2345.037</ele>
        <time>2026-10-02T12:36:24Z</time>
      </trkpt>
      <trkpt lat="46.527316" lon="12.017418">
        <ele>2345.018</ele>
        <time>2026-10-02T12:36:25Z</time>
      </trkpt>
      <trkpt lat="46.527318" lon="12.017409">
        <ele>2345.099</ele>
        <time>2026-10-02T12:36:26Z</time>
      </trkpt>
      <trkpt lat="46.527320" lon="12.017400">
        <ele>2346.081</ele>
        <time>2026-10-02T12:36:27Z</time>
      </trkpt>
      <trkpt lat="46.527323" lon="12.017388">
        <ele>2346.020</ele>
        <time>2026-10-02T12:36:28Z</time>
      </trkpt>
      <trkpt lat="46.527326" lon="12.017377">
        <ele>2346.041</ele>
        <time>2026-10-02T12:36:29Z</time>
      </trkpt>
      <trkpt lat="46.527327" lon="12.017373">
        <ele>2346.020</ele>
        <time>2026-10-02T12:36:30Z</time>
      </trkpt>
      <trkpt lat="46.527328" lon="12.017369">
        <ele>2347.072</ele>
        <time>2026-10-02T12:36:31Z</time>
      </trkpt>
      <trkpt lat="46.527328" lon="12.017365">
        <ele>2347.047</ele>
        <time>2026-10-02T12:36:32Z</time>
      </trkpt>
      <trkpt lat="46.527330" lon="12.017354">
        <ele>2347.029</ele>
        <time>2026-10-02T12:36:33Z</time>
      </trkpt>
      <trkpt lat="46.527331" lon="12.017344">
        <ele>2347.021</ele>
        <time>2026-10-02T12:36:34Z</time>
      </trkpt>
      <trkpt lat="46.527332" lon="12.017336">
        <ele>2348.009</ele>
        <time>2026-10-02T12:36:35Z</time>
      </trkpt>
      <trkpt lat="46.527334" lon="12.017326">
        <ele>2348.076</ele>
        <time>2026-10-02T12:36:36Z</time>
      </trkpt>
      <trkpt lat="46.527335" lon="12.017317">
        <ele>2348.062</ele>
        <time>2026-10-02T12:36:37Z</time>
      </trkpt>
      <trkpt lat="46.527336" lon="12.017307">
        <ele>2348.093</ele>
        <time>2026-10-02T12:36:38Z</time>
      </trkpt>
      <trkpt lat="46.527337" lon="12.017297">
        <ele>2349.074</ele>
        <time>2026-10-02T12:36:39Z</time>
      </trkpt>
      <trkpt lat="46.527338" lon="12.017288">
        <ele>2349.046</ele>
        <time>2026-10-02T12:36:40Z</time>
      </trkpt>
      <trkpt lat="46.527339" lon="12.017278">
        <ele>2349.035</ele>
        <time>2026-10-02T12:36:41Z</time>
      </trkpt>
      <trkpt lat="46.527339" lon="12.017268">
        <ele>2349.036</ele>
        <time>2026-10-02T12:36:42Z</time>
      </trkpt>
      <trkpt lat="46.527340" lon="12.017258">
        <ele>2350.055</ele>
        <time>2026-10-02T12:36:43Z</time>
      </trkpt>
      <trkpt lat="46.527341" lon="12.017249">
        <ele>2350.077</ele>
        <time>2026-10-02T12:36:44Z</time>
      </trkpt>
      <trkpt lat="46.527342" lon="12.017240">
        <ele>2350.092</ele>
        <time>2026-10-02T12:36:45Z</time>
      </trkpt>
      <trkpt lat="46.527343" lon="12.017231">
        <ele>2350.073</ele>
        <time>2026-10-02T12:36:46Z</time>
      </trkpt>
      <trkpt lat="46.527344" lon="12.017221">
        <ele>2351.020</ele>
        <time>2026-10-02T12:36:47Z</time>
      </trkpt>
      <trkpt lat="46.527346" lon="12.017212">
        <ele>2351.009</ele>
        <time>2026-10-02T12:36:48Z</time>
      </trkpt>
      <trkpt lat="46.527347" lon="12.017201">
        <ele>2351.041</ele>
        <time>2026-10-02T12:36:49Z</time>
      </trkpt>
      <trkpt lat="46.527348" lon="12.017191">
        <ele>2351.077</ele>
        <time>2026-10-02T12:36:50Z</time>
      </trkpt>
      <trkpt lat="46.527350" lon="12.017181">
        <ele>2352.028</ele>
        <time>2026-10-02T12:36:51Z</time>
      </trkpt>
      <trkpt lat="46.527351" lon="12.017170">
        <ele>2352.079</ele>
        <time>2026-10-02T12:36:52Z</time>
      </trkpt>
      <trkpt lat="46.527354" lon="12.017158">
        <ele>2352.041</ele>
        <time>2026-10-02T12:36:53Z</time>
      </trkpt>
      <trkpt lat="46.527356" lon="12.017148">
        <ele>2352.040</ele>
        <time>2026-10-02T12:36:54Z</time>
      </trkpt>
      <trkpt lat="46.527358" lon="12.017145">
        <ele>2353.061</ele>
        <time>2026-10-02T12:36:55Z</time>
      </trkpt>
      <trkpt lat="46.527360" lon="12.017142">
        <ele>2353.070</ele>
        <time>2026-10-02T12:36:56Z</time>
      </trkpt>
      <trkpt lat="46.527361" lon="12.017139">
        <ele>2354.022</ele>
        <time>2026-10-02T12:36:57Z</time>
      </trkpt>
      <trkpt lat="46.527363" lon="12.017136">
        <ele>2354.062</ele>
        <time>2026-10-02T12:36:58Z</time>
      </trkpt>
      <trkpt lat="46.527369" lon="12.017127">
        <ele>2355.083</ele>
        <time>2026-10-02T12:36:59Z</time>
      </trkpt>
      <trkpt lat="46.527374" lon="12.017120">
        <ele>2355.011</ele>
        <time>2026-10-02T12:37:00Z</time>
      </trkpt>
      <trkpt lat="46.527379" lon="12.017115">
        <ele>2355.009</ele>
        <time>2026-10-02T12:37:01Z</time>
      </trkpt>
      <trkpt lat="46.527384" lon="12.017112">
        <ele>2355.068</ele>
        <time>2026-10-02T12:37:02Z</time>
      </trkpt>
      <trkpt lat="46.527389" lon="12.017110">
        <ele>2356.064</ele>
        <time>2026-10-02T12:37:03Z</time>
      </trkpt>
      <trkpt lat="46.527394" lon="12.017109">
        <ele>2356.085</ele>
        <time>2026-10-02T12:37:04Z</time>
      </trkpt>
      <trkpt lat="46.527409" lon="12.017112">
        <ele>2357.096</ele>
        <time>2026-10-02T12:37:12Z</time>
      </trkpt>
      <trkpt lat="46.527413" lon="12.017113">
        <ele>2357.088</ele>
        <time>2026-10-02T12:37:13Z</time>
      </trkpt>
      <trkpt lat="46.527418" lon="12.017114">
        <ele>2357.017</ele>
        <time>2026-10-02T12:37:14Z</time>
      </trkpt>
      <trkpt lat="46.527422" lon="12.017115">
        <ele>2358.068</ele>
        <time>2026-10-02T12:37:15Z</time>
      </trkpt>
      <trkpt lat="46.527433" lon="12.017118">
        <ele>2358.097</ele>
        <time>2026-10-02T12:37:16Z</time>
      </trkpt>
      <trkpt lat="46.527442" lon="12.017120">
        <ele>2358.059</ele>
        <time>2026-10-02T12:37:17Z</time>
      </trkpt>
      <trkpt lat="46.527451" lon="12.017122">
        <ele>2358.088</ele>
        <time>2026-10-02T12:37:18Z</time>
      </trkpt>
      <trkpt lat="46.527459" lon="12.017124">
        <ele>2358.024</ele>
        <time>2026-10-02T12:37:19Z</time>
      </trkpt>
      <trkpt lat="46.527467" lon="12.017126">
        <ele>2358.026</ele>
        <time>2026-10-02T12:37:20Z</time>
      </trkpt>
      <trkpt lat="46.527475" lon="12.017127">
        <ele>2358.009</ele>
        <time>2026-10-02T12:37:21Z</time>
      </trkpt>
      <trkpt lat="46.527482" lon="12.017126">
        <ele>2358.080</ele>
        <time>2026-10-02T12:37:22Z</time>
      </trkpt>
      <trkpt lat="46.527497" lon="12.017124">
        <ele>2360.036</ele>
        <time>2026-10-02T12:37:31Z</time>
      </trkpt>
      <trkpt lat="46.527501" lon="12.017123">
        <ele>2360.027</ele>
        <time>2026-10-02T12:37:32Z</time>
      </trkpt>
      <trkpt lat="46.527505" lon="12.017123">
        <ele>2360.018</ele>
        <time>2026-10-02T12:37:33Z</time>
      </trkpt>
      <trkpt lat="46.527510" lon="12.017122">
        <ele>2360.040</ele>
        <time>2026-10-02T12:37:34Z</time>
      </trkpt>
      <trkpt lat="46.527514" lon="12.017122">
        <ele>2361.019</ele>
        <time>2026-10-02T12:37:35Z</time>
      </trkpt>
      <trkpt lat="46.527526" lon="12.017120">
        <ele>2361.020</ele>
        <time>2026-10-02T12:37:36Z</time>
      </trkpt>
      <trkpt lat="46.527537" lon="12.017120">
        <ele>2361.069</ele>
        <time>2026-10-02T12:37:37Z</time>
      </trkpt>
      <trkpt lat="46.527546" lon="12.017121">
        <ele>2361.051</ele>
        <time>2026-10-02T12:37:38Z</time>
      </trkpt>
      <trkpt lat="46.527556" lon="12.017124">
        <ele>2361.042</ele>
        <time>2026-10-02T12:37:39Z</time>
      </trkpt>
      <trkpt lat="46.527564" lon="12.017126">
        <ele>2361.022</ele>
        <time>2026-10-02T12:37:40Z</time>
      </trkpt>
      <trkpt lat="46.527572" lon="12.017128">
        <ele>2361.014</ele>
        <time>2026-10-02T12:37:41Z</time>
      </trkpt>
      <trkpt lat="46.527579" lon="12.017130">
        <ele>2361.009</ele>
        <time>2026-10-02T12:37:42Z</time>
      </trkpt>
      <trkpt lat="46.527586" lon="12.017132">
        <ele>2362.046</ele>
        <time>2026-10-02T12:37:43Z</time>
      </trkpt>
      <trkpt lat="46.527592" lon="12.017133">
        <ele>2362.082</ele>
        <time>2026-10-02T12:37:44Z</time>
      </trkpt>
      <trkpt lat="46.527599" lon="12.017136">
        <ele>2362.013</ele>
        <time>2026-10-02T12:37:45Z</time>
      </trkpt>
      <trkpt lat="46.527605" lon="12.017138">
        <ele>2362.074</ele>
        <time>2026-10-02T12:37:46Z</time>
      </trkpt>
      <trkpt lat="46.527611" lon="12.017140">
        <ele>2363.096</ele>
        <time>2026-10-02T12:37:47Z</time>
      </trkpt>
      <trkpt lat="46.527618" lon="12.017142">
        <ele>2363.045</ele>
        <time>2026-10-02T12:37:48Z</time>
      </trkpt>
      <trkpt lat="46.527624" lon="12.017143">
        <ele>2363.056</ele>
        <time>2026-10-02T12:37:49Z</time>
      </trkpt>
      <trkpt lat="46.527630" lon="12.017144">
        <ele>2363.085</ele>
        <time>2026-10-02T12:37:50Z</time>
      </trkpt>
      <trkpt lat="46.527635" lon="12.017145">
        <ele>2364.017</ele>
        <time>2026-10-02T12:37:51Z</time>
      </trkpt>
      <trkpt lat="46.527641" lon="12.017145">
        <ele>2364.024</ele>
        <time>2026-10-02T12:37:52Z</time>
      </trkpt>
      <trkpt lat="46.527647" lon="12.017145">
        <ele>2364.004</ele>
        <time>2026-10-02T12:37:53Z</time>
      </trkpt>
      <trkpt lat="46.527654" lon="12.017145">
        <ele>2364.014</ele>
        <time>2026-10-02T12:37:54Z</time>
      </trkpt>
      <trkpt lat="46.527661" lon="12.017146">
        <ele>2365.009</ele>
        <time>2026-10-02T12:37:55Z</time>
      </trkpt>
      <trkpt lat="46.527668" lon="12.017148">
        <ele>2365.094</ele>
        <time>2026-10-02T12:37:56Z</time>
      </trkpt>
      <trkpt lat="46.527675" lon="12.017149">
        <ele>2365.050</ele>
        <time>2026-10-02T12:37:57Z</time>
      </trkpt>
      <trkpt lat="46.527677" lon="12.017150">
        <ele>2365.041</ele>
        <time>2026-10-02T12:37:58Z</time>
      </trkpt>
      <trkpt lat="46.527680" lon="12.017151">
        <ele>2366.022</ele>
        <time>2026-10-02T12:37:59Z</time>
      </trkpt>
      <trkpt lat="46.527683" lon="12.017152">
        <ele>2366.034</ele>
        <time>2026-10-02T12:38:00Z</time>
      </trkpt>
      <trkpt lat="46.527691" lon="12.017154">
        <ele>2366.073</ele>
        <time>2026-10-02T12:38:01Z</time>
      </trkpt>
      <trkpt lat="46.527698" lon="12.017156">
        <ele>2366.044</ele>
        <time>2026-10-02T12:38:02Z</time>
      </trkpt>
      <trkpt lat="46.527705" lon="12.017158">
        <ele>2366.013</ele>
        <time>2026-10-02T12:38:03Z</time>
      </trkpt>
      <trkpt lat="46.527712" lon="12.017161">
        <ele>2366.055</ele>
        <time>2026-10-02T12:38:04Z</time>
      </trkpt>
      <trkpt lat="46.527718" lon="12.017164">
        <ele>2366.031</ele>
        <time>2026-10-02T12:38:05Z</time>
      </trkpt>
      <trkpt lat="46.527724" lon="12.017167">
        <ele>2366.061</ele>
        <time>2026-10-02T12:38:06Z</time>
      </trkpt>
      <trkpt lat="46.527729" lon="12.017170">
        <ele>2367.007</ele>
        <time>2026-10-02T12:38:07Z</time>
      </trkpt>
      <trkpt lat="46.527735" lon="12.017173">
        <ele>2367.009</ele>
        <time>2026-10-02T12:38:08Z</time>
      </trkpt>
      <trkpt lat="46.527740" lon="12.017175">
        <ele>2367.095</ele>
        <time>2026-10-02T12:38:09Z</time>
      </trkpt>
      <trkpt lat="46.527745" lon="12.017177">
        <ele>2367.051</ele>
        <time>2026-10-02T12:38:10Z</time>
      </trkpt>
      <trkpt lat="46.527747" lon="12.017178">
        <ele>2368.062</ele>
        <time>2026-10-02T12:38:11Z</time>
      </trkpt>
      <trkpt lat="46.527749" lon="12.017179">
        <ele>2368.093</ele>
        <time>2026-10-02T12:38:12Z</time>
      </trkpt>
      <trkpt lat="46.527752" lon="12.017180">
        <ele>2368.025</ele>
        <time>2026-10-02T12:38:13Z</time>
      </trkpt>
      <trkpt lat="46.527766" lon="12.017187">
        <ele>2369.014</ele>
        <time>2026-10-02T12:38:20Z</time>
      </trkpt>
      <trkpt lat="46.527785" lon="12.017197">
        <ele>2371.025</ele>
        <time>2026-10-02T12:38:29Z</time>
      </trkpt>
      <trkpt lat="46.527789" lon="12.017199">
        <ele>2371.014</ele>
        <time>2026-10-02T12:38:30Z</time>
      </trkpt>
      <trkpt lat="46.527793" lon="12.017201">
        <ele>2371.096</ele>
        <time>2026-10-02T12:38:31Z</time>
      </trkpt>
      <trkpt lat="46.527798" lon="12.017203">
        <ele>2371.077</ele>
        <time>2026-10-02T12:38:32Z</time>
      </trkpt>
      <trkpt lat="46.527802" lon="12.017205">
        <ele>2371.061</ele>
        <time>2026-10-02T12:38:33Z</time>
      </trkpt>
      <trkpt lat="46.527814" lon="12.017211">
        <ele>2371.027</ele>
        <time>2026-10-02T12:38:34Z</time>
      </trkpt>
      <trkpt lat="46.527823" lon="12.017215">
        <ele>2372.009</ele>
        <time>2026-10-02T12:38:35Z</time>
      </trkpt>
      <trkpt lat="46.527831" lon="12.017219">
        <ele>2372.069</ele>
        <time>2026-10-02T12:38:36Z</time>
      </trkpt>
      <trkpt lat="46.527838" lon="12.017224">
        <ele>2372.025</ele>
        <time>2026-10-02T12:38:37Z</time>
      </trkpt>
      <trkpt lat="46.527844" lon="12.017228">
        <ele>2372.086</ele>
        <time>2026-10-02T12:38:38Z</time>
      </trkpt>
      <trkpt lat="46.527850" lon="12.017234">
        <ele>2373.027</ele>
        <time>2026-10-02T12:38:39Z</time>
      </trkpt>
      <trkpt lat="46.527856" lon="12.017239">
        <ele>2373.019</ele>
        <time>2026-10-02T12:38:40Z</time>
      </trkpt>
      <trkpt lat="46.527862" lon="12.017243">
        <ele>2373.098</ele>
        <time>2026-10-02T12:38:41Z</time>
      </trkpt>
      <trkpt lat="46.527870" lon="12.017247">
        <ele>2373.019</ele>
        <time>2026-10-02T12:38:42Z</time>
      </trkpt>
      <trkpt lat="46.527879" lon="12.017249">
        <ele>2373.038</ele>
        <time>2026-10-02T12:38:43Z</time>
      </trkpt>
      <trkpt lat="46.527888" lon="12.017250">
        <ele>2373.080</ele>
        <time>2026-10-02T12:38:44Z</time>
      </trkpt>
      <trkpt lat="46.527896" lon="12.017249">
        <ele>2373.093</ele>
        <time>2026-10-02T12:38:45Z</time>
      </trkpt>
      <trkpt lat="46.527905" lon="12.017248">
        <ele>2373.065</ele>
        <time>2026-10-02T12:38:46Z</time>
      </trkpt>
      <trkpt lat="46.527913" lon="12.017247">
        <ele>2374.021</ele>
        <time>2026-10-02T12:38:47Z</time>
      </trkpt>
      <trkpt lat="46.527921" lon="12.017246">
        <ele>2374.009</ele>
        <time>2026-10-02T12:38:48Z</time>
      </trkpt>
      <trkpt lat="46.527928" lon="12.017246">
        <ele>2374.051</ele>
        <time>2026-10-02T12:38:49Z</time>
      </trkpt>
      <trkpt lat="46.527935" lon="12.017248">
        <ele>2374.077</ele>
        <time>2026-10-02T12:38:50Z</time>
      </trkpt>
      <trkpt lat="46.527943" lon="12.017251">
        <ele>2375.038</ele>
        <time>2026-10-02T12:38:51Z</time>
      </trkpt>
      <trkpt lat="46.527950" lon="12.017255">
        <ele>2375.079</ele>
        <time>2026-10-02T12:38:52Z</time>
      </trkpt>
      <trkpt lat="46.527958" lon="12.017260">
        <ele>2375.071</ele>
        <time>2026-10-02T12:38:53Z</time>
      </trkpt>
      <trkpt lat="46.527964" lon="12.017267">
        <ele>2375.030</ele>
        <time>2026-10-02T12:38:54Z</time>
      </trkpt>
      <trkpt lat="46.527970" lon="12.017275">
        <ele>2376.021</ele>
        <time>2026-10-02T12:38:55Z</time>
      </trkpt>
      <trkpt lat="46.527974" lon="12.017285">
        <ele>2376.040</ele>
        <time>2026-10-02T12:38:56Z</time>
      </trkpt>
      <trkpt lat="46.527977" lon="12.017297">
        <ele>2376.072</ele>
        <time>2026-10-02T12:38:57Z</time>
      </trkpt>
      <trkpt lat="46.527979" lon="12.017310">
        <ele>2376.023</ele>
        <time>2026-10-02T12:38:58Z</time>
      </trkpt>
      <trkpt lat="46.527981" lon="12.017323">
        <ele>2377.083</ele>
        <time>2026-10-02T12:38:59Z</time>
      </trkpt>
      <trkpt lat="46.527983" lon="12.017336">
        <ele>2377.011</ele>
        <time>2026-10-02T12:39:00Z</time>
      </trkpt>
      <trkpt lat="46.527984" lon="12.017349">
        <ele>2377.009</ele>
        <time>2026-10-02T12:39:01Z</time>
      </trkpt>
      <trkpt lat="46.527988" lon="12.017372">
        <ele>2379.024</ele>
        <time>2026-10-02T12:39:47Z</time>
      </trkpt>
      <trkpt lat="46.527989" lon="12.017377">
        <ele>2379.060</ele>
        <time>2026-10-02T12:39:48Z</time>
      </trkpt>
      <trkpt lat="46.527990" lon="12.017382">
        <ele>2379.071</ele>
        <time>2026-10-02T12:39:49Z</time>
      </trkpt>
      <trkpt lat="46.527991" lon="12.017387">
        <ele>2379.082</ele>
        <time>2026-10-02T12:39:50Z</time>
      </trkpt>
      <trkpt lat="46.527994" lon="12.017396">
        <ele>2380.034</ele>
        <time>2026-10-02T12:39:51Z</time>
      </trkpt>
      <trkpt lat="46.527998" lon="12.017403">
        <ele>2380.043</ele>
        <time>2026-10-02T12:39:52Z</time>
      </trkpt>
      <trkpt lat="46.528003" lon="12.017407">
        <ele>2380.074</ele>
        <time>2026-10-02T12:39:53Z</time>
      </trkpt>
      <trkpt lat="46.528008" lon="12.017411">
        <ele>2380.033</ele>
        <time>2026-10-02T12:39:54Z</time>
      </trkpt>
      <trkpt lat="46.528014" lon="12.017414">
        <ele>2380.045</ele>
        <time>2026-10-02T12:39:55Z</time>
      </trkpt>
      <trkpt lat="46.528022" lon="12.017414">
        <ele>2380.025</ele>
        <time>2026-10-02T12:39:56Z</time>
      </trkpt>
      <trkpt lat="46.528029" lon="12.017413">
        <ele>2380.026</ele>
        <time>2026-10-02T12:39:57Z</time>
      </trkpt>
      <trkpt lat="46.528036" lon="12.017410">
        <ele>2380.008</ele>
        <time>2026-10-02T12:39:58Z</time>
      </trkpt>
      <trkpt lat="46.528043" lon="12.017407">
        <ele>2380.009</ele>
        <time>2026-10-02T12:39:59Z</time>
      </trkpt>
      <trkpt lat="46.528049" lon="12.017402">
        <ele>2380.084</ele>
        <time>2026-10-02T12:40:00Z</time>
      </trkpt>
      <trkpt lat="46.528055" lon="12.017398">
        <ele>2380.050</ele>
        <time>2026-10-02T12:40:01Z</time>
      </trkpt>
      <trkpt lat="46.528061" lon="12.017395">
        <ele>2380.041</ele>
        <time>2026-10-02T12:40:02Z</time>
      </trkpt>
      <trkpt lat="46.528067" lon="12.017392">
        <ele>2381.082</ele>
        <time>2026-10-02T12:40:03Z</time>
      </trkpt>
      <trkpt lat="46.528073" lon="12.017389">
        <ele>2381.094</ele>
        <time>2026-10-02T12:40:04Z</time>
      </trkpt>
      <trkpt lat="46.528078" lon="12.017386">
        <ele>2381.063</ele>
        <time>2026-10-02T12:40:05Z</time>
      </trkpt>
      <trkpt lat="46.528083" lon="12.017383">
        <ele>2381.084</ele>
        <time>2026-10-02T12:40:06Z</time>
      </trkpt>
      <trkpt lat="46.528089" lon="12.017377">
        <ele>2382.053</ele>
        <time>2026-10-02T12:40:12Z</time>
      </trkpt>
      <trkpt lat="46.528094" lon="12.017372">
        <ele>2382.075</ele>
        <time>2026-10-02T12:40:13Z</time>
      </trkpt>
      <trkpt lat="46.528098" lon="12.017366">
        <ele>2382.076</ele>
        <time>2026-10-02T12:40:14Z</time>
      </trkpt>
      <trkpt lat="46.528102" lon="12.017361">
        <ele>2382.090</ele>
        <time>2026-10-02T12:40:15Z</time>
      </trkpt>
      <trkpt lat="46.528106" lon="12.017356">
        <ele>2382.019</ele>
        <time>2026-10-02T12:40:16Z</time>
      </trkpt>
      <trkpt lat="46.528108" lon="12.017354">
        <ele>2382.009</ele>
        <time>2026-10-02T12:40:17Z</time>
      </trkpt>
      <trkpt lat="46.528110" lon="12.017352">
        <ele>2382.059</ele>
        <time>2026-10-02T12:40:18Z</time>
      </trkpt>
      <trkpt lat="46.528111" lon="12.017351">
        <ele>2383.025</ele>
        <time>2026-10-02T12:40:19Z</time>
      </trkpt>
      <trkpt lat="46.528117" lon="12.017347">
        <ele>2383.036</ele>
        <time>2026-10-02T12:40:20Z</time>
      </trkpt>
      <trkpt lat="46.528122" lon="12.017343">
        <ele>2383.047</ele>
        <time>2026-10-02T12:40:21Z</time>
      </trkpt>
      <trkpt lat="46.528127" lon="12.017339">
        <ele>2383.019</ele>
        <time>2026-10-02T12:40:22Z</time>
      </trkpt>
      <trkpt lat="46.528133" lon="12.017335">
        <ele>2383.058</ele>
        <time>2026-10-02T12:40:23Z</time>
      </trkpt>
      <trkpt lat="46.528140" lon="12.017330">
        <ele>2383.049</ele>
        <time>2026-10-02T12:40:24Z</time>
      </trkpt>
      <trkpt lat="46.528149" lon="12.017326">
        <ele>2383.038</ele>
        <time>2026-10-02T12:40:25Z</time>
      </trkpt>
      <trkpt lat="46.528157" lon="12.017324">
        <ele>2383.010</ele>
        <time>2026-10-02T12:40:26Z</time>
      </trkpt>
      <trkpt lat="46.528166" lon="12.017322">
        <ele>2384.011</ele>
        <time>2026-10-02T12:40:27Z</time>
      </trkpt>
      <trkpt lat="46.528175" lon="12.017321">
        <ele>2384.021</ele>
        <time>2026-10-02T12:40:28Z</time>
      </trkpt>
      <trkpt lat="46.528184" lon="12.017322">
        <ele>2384.003</ele>
        <time>2026-10-02T12:40:29Z</time>
      </trkpt>
      <trkpt lat="46.528193" lon="12.017325">
        <ele>2384.009</ele>
        <time>2026-10-02T12:40:30Z</time>
      </trkpt>
      <trkpt lat="46.528202" lon="12.017327">
        <ele>2384.043</ele>
        <time>2026-10-02T12:40:31Z</time>
      </trkpt>
      <trkpt lat="46.528211" lon="12.017332">
        <ele>2384.079</ele>
        <time>2026-10-02T12:40:32Z</time>
      </trkpt>
      <trkpt lat="46.528220" lon="12.017338">
        <ele>2385.070</ele>
        <time>2026-10-02T12:40:33Z</time>
      </trkpt>
      <trkpt lat="46.528227" lon="12.017346">
        <ele>2385.061</ele>
        <time>2026-10-02T12:40:34Z</time>
      </trkpt>
      <trkpt lat="46.528234" lon="12.017354">
        <ele>2386.023</ele>
        <time>2026-10-02T12:40:35Z</time>
      </trkpt>
      <trkpt lat="46.528240" lon="12.017363">
        <ele>2386.092</ele>
        <time>2026-10-02T12:40:36Z</time>
      </trkpt>
      <trkpt lat="46.528245" lon="12.017374">
        <ele>2386.093</ele>
        <time>2026-10-02T12:40:37Z</time>
      </trkpt>
      <trkpt lat="46.528249" lon="12.017385">
        <ele>2386.052</ele>
        <time>2026-10-02T12:40:38Z</time>
      </trkpt>
      <trkpt lat="46.528251" lon="12.017397">
        <ele>2386.094</ele>
        <time>2026-10-02T12:40:39Z</time>
      </trkpt>
      <trkpt lat="46.528253" lon="12.017409">
        <ele>2386.036</ele>
        <time>2026-10-02T12:40:40Z</time>
      </trkpt>
      <trkpt lat="46.528255" lon="12.017421">
        <ele>2386.017</ele>
        <time>2026-10-02T12:40:41Z</time>
      </trkpt>
      <trkpt lat="46.528256" lon="12.017432">
        <ele>2386.018</ele>
        <time>2026-10-02T12:40:42Z</time>
      </trkpt>
      <trkpt lat="46.528256" lon="12.017443">
        <ele>2387.009</ele>
        <time>2026-10-02T12:40:43Z</time>
      </trkpt>
      <trkpt lat="46.528255" lon="12.017455">
        <ele>2387.055</ele>
        <time>2026-10-02T12:40:44Z</time>
      </trkpt>
      <trkpt lat="46.528254" lon="12.017466">
        <ele>2387.091</ele>
        <time>2026-10-02T12:40:45Z</time>
      </trkpt>
      <trkpt lat="46.528252" lon="12.017478">
        <ele>2387.042</ele>
        <time>2026-10-02T12:40:46Z</time>
      </trkpt>
      <trkpt lat="46.528250" lon="12.017490">
        <ele>2388.033</ele>
        <time>2026-10-02T12:40:47Z</time>
      </trkpt>
      <trkpt lat="46.528248" lon="12.017501">
        <ele>2388.075</ele>
        <time>2026-10-02T12:40:48Z</time>
      </trkpt>
      <trkpt lat="46.528246" lon="12.017511">
        <ele>2388.054</ele>
        <time>2026-10-02T12:40:49Z</time>
      </trkpt>
      <trkpt lat="46.528245" lon="12.017522">
        <ele>2388.065</ele>
        <time>2026-10-02T12:40:50Z</time>
      </trkpt>
      <trkpt lat="46.528244" lon="12.017534">
        <ele>2389.064</ele>
        <time>2026-10-02T12:40:51Z</time>
      </trkpt>
      <trkpt lat="46.528243" lon="12.017546">
        <ele>2389.056</ele>
        <time>2026-10-02T12:40:52Z</time>
      </trkpt>
      <trkpt lat="46.528242" lon="12.017556">
        <ele>2389.015</ele>
        <time>2026-10-02T12:40:53Z</time>
      </trkpt>
      <trkpt lat="46.528240" lon="12.017568">
        <ele>2389.065</ele>
        <time>2026-10-02T12:40:54Z</time>
      </trkpt>
      <trkpt lat="46.528238" lon="12.017580">
        <ele>2390.011</ele>
        <time>2026-10-02T12:40:55Z</time>
      </trkpt>
      <trkpt lat="46.528236" lon="12.017592">
        <ele>2390.009</ele>
        <time>2026-10-02T12:40:56Z</time>
      </trkpt>
      <trkpt lat="46.528234" lon="12.017604">
        <ele>2390.023</ele>
        <time>2026-10-02T12:40:57Z</time>
      </trkpt>
      <trkpt lat="46.528233" lon="12.017609">
        <ele>2390.099</ele>
        <time>2026-10-02T12:40:58Z</time>
      </trkpt>
      <trkpt lat="46.528232" lon="12.017613">
        <ele>2391.070</ele>
        <time>2026-10-02T12:40:59Z</time>
      </trkpt>
      <trkpt lat="46.528231" lon="12.017618">
        <ele>2391.071</ele>
        <time>2026-10-02T12:41:00Z</time>
      </trkpt>
      <trkpt lat="46.528229" lon="12.017629">
        <ele>2391.083</ele>
        <time>2026-10-02T12:41:01Z</time>
      </trkpt>
      <trkpt lat="46.528227" lon="12.017640">
        <ele>2391.052</ele>
        <time>2026-10-02T12:41:02Z</time>
      </trkpt>
      <trkpt lat="46.528226" lon="12.017650">
        <ele>2392.053</ele>
        <time>2026-10-02T12:41:03Z</time>
      </trkpt>
      <trkpt lat="46.528224" lon="12.017660">
        <ele>2392.022</ele>
        <time>2026-10-02T12:41:04Z</time>
      </trkpt>
      <trkpt lat="46.528223" lon="12.017671">
        <ele>2392.044</ele>
        <time>2026-10-02T12:41:05Z</time>
      </trkpt>
      <trkpt lat="46.528222" lon="12.017682">
        <ele>2392.044</ele>
        <time>2026-10-02T12:41:06Z</time>
      </trkpt>
      <trkpt lat="46.528222" lon="12.017693">
        <ele>2392.005</ele>
        <time>2026-10-02T12:41:07Z</time>
      </trkpt>
      <trkpt lat="46.528223" lon="12.017704">
        <ele>2392.015</ele>
        <time>2026-10-02T12:41:08Z</time>
      </trkpt>
      <trkpt lat="46.528226" lon="12.017715">
        <ele>2392.009</ele>
        <time>2026-10-02T12:41:09Z</time>
      </trkpt>
      <trkpt lat="46.528229" lon="12.017725">
        <ele>2392.046</ele>
        <time>2026-10-02T12:41:10Z</time>
      </trkpt>
      <trkpt lat="46.528232" lon="12.017734">
        <ele>2393.012</ele>
        <time>2026-10-02T12:41:11Z</time>
      </trkpt>
      <trkpt lat="46.528236" lon="12.017743">
        <ele>2393.073</ele>
        <time>2026-10-02T12:41:12Z</time>
      </trkpt>
      <trkpt lat="46.528239" lon="12.017753">
        <ele>2393.054</ele>
        <time>2026-10-02T12:41:13Z</time>
      </trkpt>
      <trkpt lat="46.528243" lon="12.017761">
        <ele>2393.086</ele>
        <time>2026-10-02T12:41:14Z</time>
      </trkpt>
      <trkpt lat="46.528246" lon="12.017770">
        <ele>2394.015</ele>
        <time>2026-10-02T12:41:15Z</time>
      </trkpt>
      <trkpt lat="46.528249" lon="12.017778">
        <ele>2394.086</ele>
        <time>2026-10-02T12:41:16Z</time>
      </trkpt>
      <trkpt lat="46.528253" lon="12.017785">
        <ele>2394.045</ele>
        <time>2026-10-02T12:41:17Z</time>
      </trkpt>
      <trkpt lat="46.528256" lon="12.017793">
        <ele>2394.087</ele>
        <time>2026-10-02T12:41:18Z</time>
      </trkpt>
      <trkpt lat="46.528261" lon="12.017800">
        <ele>2395.063</ele>
        <time>2026-10-02T12:41:19Z</time>
      </trkpt>
      <trkpt lat="46.528265" lon="12.017808">
        <ele>2395.044</ele>
        <time>2026-10-02T12:41:20Z</time>
      </trkpt>
      <trkpt lat="46.528271" lon="12.017817">
        <ele>2395.018</ele>
        <time>2026-10-02T12:41:21Z</time>
      </trkpt>
      <trkpt lat="46.528276" lon="12.017826">
        <ele>2395.009</ele>
        <time>2026-10-02T12:41:22Z</time>
      </trkpt>
      <trkpt lat="46.528281" lon="12.017834">
        <ele>2396.028</ele>
        <time>2026-10-02T12:41:23Z</time>
      </trkpt>
      <trkpt lat="46.528286" lon="12.017841">
        <ele>2396.024</ele>
        <time>2026-10-02T12:41:24Z</time>
      </trkpt>
      <trkpt lat="46.528290" lon="12.017847">
        <ele>2396.065</ele>
        <time>2026-10-02T12:41:25Z</time>
      </trkpt>
      <trkpt lat="46.528294" lon="12.017853">
        <ele>2396.056</ele>
        <time>2026-10-02T12:41:26Z</time>
      </trkpt>
      <trkpt lat="46.528298" lon="12.017859">
        <ele>2396.058</ele>
        <time>2026-10-02T12:41:27Z</time>
      </trkpt>
      <trkpt lat="46.528302" lon="12.017864">
        <ele>2396.017</ele>
        <time>2026-10-02T12:41:28Z</time>
      </trkpt>
      <trkpt lat="46.528305" lon="12.017869">
        <ele>2396.068</ele>
        <time>2026-10-02T12:41:29Z</time>
      </trkpt>
      <trkpt lat="46.528309" lon="12.017874">
        <ele>2396.037</ele>
        <time>2026-10-02T12:41:30Z</time>
      </trkpt>
      <trkpt lat="46.528313" lon="12.017880">
        <ele>2397.029</ele>
        <time>2026-10-02T12:41:31Z</time>
      </trkpt>
      <trkpt lat="46.528316" lon="12.017887">
        <ele>2397.031</ele>
        <time>2026-10-02T12:41:32Z</time>
      </trkpt>
      <trkpt lat="46.528320" lon="12.017893">
        <ele>2397.061</ele>
        <time>2026-10-02T12:41:33Z</time>
      </trkpt>
      <trkpt lat="46.528323" lon="12.017901">
        <ele>2397.007</ele>
        <time>2026-10-02T12:41:34Z</time>
      </trkpt>
      <trkpt lat="46.528325" lon="12.017910">
        <ele>2398.009</ele>
        <time>2026-10-02T12:41:35Z</time>
      </trkpt>
      <trkpt lat="46.528327" lon="12.017920">
        <ele>2398.035</ele>
        <time>2026-10-02T12:41:36Z</time>
      </trkpt>
      <trkpt lat="46.528332" lon="12.017940">
        <ele>2401.051</ele>
        <time>2026-10-02T12:42:19Z</time>
      </trkpt>
      <trkpt lat="46.528336" lon="12.017956">
        <ele>2403.042</ele>
        <time>2026-10-02T12:43:00Z</time>
      </trkpt>
      <trkpt lat="46.528340" lon="12.017967">
        <ele>2403.053</ele>
        <time>2026-10-02T12:43:01Z</time>
      </trkpt>
      <trkpt lat="46.528343" lon="12.017974">
        <ele>2403.035</ele>
        <time>2026-10-02T12:43:02Z</time>
      </trkpt>
      <trkpt lat="46.528347" lon="12.017981">
        <ele>2403.084</ele>
        <time>2026-10-02T12:43:03Z</time>
      </trkpt>
      <trkpt lat="46.528350" lon="12.017986">
        <ele>2403.065</ele>
        <time>2026-10-02T12:43:04Z</time>
      </trkpt>
      <trkpt lat="46.528354" lon="12.017992">
        <ele>2403.034</ele>
        <time>2026-10-02T12:43:05Z</time>
      </trkpt>
      <trkpt lat="46.528359" lon="12.017997">
        <ele>2403.056</ele>
        <time>2026-10-02T12:43:06Z</time>
      </trkpt>
      <trkpt lat="46.528364" lon="12.018001">
        <ele>2403.068</ele>
        <time>2026-10-02T12:43:07Z</time>
      </trkpt>
      <trkpt lat="46.528370" lon="12.018004">
        <ele>2403.042</ele>
        <time>2026-10-02T12:43:08Z</time>
      </trkpt>
      <trkpt lat="46.528376" lon="12.018008">
        <ele>2403.026</ele>
        <time>2026-10-02T12:43:09Z</time>
      </trkpt>
      <trkpt lat="46.528381" lon="12.018013">
        <ele>2403.009</ele>
        <time>2026-10-02T12:43:10Z</time>
      </trkpt>
      <trkpt lat="46.528385" lon="12.018019">
        <ele>2404.068</ele>
        <time>2026-10-02T12:43:11Z</time>
      </trkpt>
      <trkpt lat="46.528390" lon="12.018026">
        <ele>2404.094</ele>
        <time>2026-10-02T12:43:12Z</time>
      </trkpt>
      <trkpt lat="46.528396" lon="12.018033">
        <ele>2404.085</ele>
        <time>2026-10-02T12:43:13Z</time>
      </trkpt>
      <trkpt lat="46.528401" lon="12.018039">
        <ele>2404.066</ele>
        <time>2026-10-02T12:43:14Z</time>
      </trkpt>
      <trkpt lat="46.528408" lon="12.018045">
        <ele>2404.048</ele>
        <time>2026-10-02T12:43:15Z</time>
      </trkpt>
      <trkpt lat="46.528414" lon="12.018051">
        <ele>2404.067</ele>
        <time>2026-10-02T12:43:16Z</time>
      </trkpt>
      <trkpt lat="46.528421" lon="12.018056">
        <ele>2404.038</ele>
        <time>2026-10-02T12:43:17Z</time>
      </trkpt>
      <trkpt lat="46.528427" lon="12.018059">
        <ele>2404.097</ele>
        <time>2026-10-02T12:43:18Z</time>
      </trkpt>
      <trkpt lat="46.528434" lon="12.018063">
        <ele>2405.069</ele>
        <time>2026-10-02T12:43:19Z</time>
      </trkpt>
      <trkpt lat="46.528440" lon="12.018065">
        <ele>2405.059</ele>
        <time>2026-10-02T12:43:20Z</time>
      </trkpt>
      <trkpt lat="46.528447" lon="12.018067">
        <ele>2405.003</ele>
        <time>2026-10-02T12:43:21Z</time>
      </trkpt>
      <trkpt lat="46.528454" lon="12.018069">
        <ele>2405.023</ele>
        <time>2026-10-02T12:43:22Z</time>
      </trkpt>
      <trkpt lat="46.528462" lon="12.018073">
        <ele>2406.009</ele>
        <time>2026-10-02T12:43:23Z</time>
      </trkpt>
      <trkpt lat="46.528469" lon="12.018077">
        <ele>2406.017</ele>
        <time>2026-10-02T12:43:24Z</time>
      </trkpt>
      <trkpt lat="46.528476" lon="12.018083">
        <ele>2406.093</ele>
        <time>2026-10-02T12:43:25Z</time>
      </trkpt>
      <trkpt lat="46.528479" lon="12.018084">
        <ele>2406.094</ele>
        <time>2026-10-02T12:43:26Z</time>
      </trkpt>
      <trkpt lat="46.528481" lon="12.018086">
        <ele>2407.085</ele>
        <time>2026-10-02T12:43:27Z</time>
      </trkpt>
      <trkpt lat="46.528483" lon="12.018088">
        <ele>2407.057</ele>
        <time>2026-10-02T12:43:28Z</time>
      </trkpt>
      <trkpt lat="46.528485" lon="12.018090">
        <ele>2407.016</ele>
        <time>2026-10-02T12:43:29Z</time>
      </trkpt>
      <trkpt lat="46.528488" lon="12.018092">
        <ele>2407.077</ele>
        <time>2026-10-02T12:43:30Z</time>
      </trkpt>
      <trkpt lat="46.528497" lon="12.018101">
        <ele>2407.046</ele>
        <time>2026-10-02T12:43:31Z</time>
      </trkpt>
      <trkpt lat="46.528504" lon="12.018109">
        <ele>2407.028</ele>
        <time>2026-10-02T12:43:32Z</time>
      </trkpt>
      <trkpt lat="46.528510" lon="12.018116">
        <ele>2407.048</ele>
        <time>2026-10-02T12:43:33Z</time>
      </trkpt>
      <trkpt lat="46.528516" lon="12.018124">
        <ele>2407.061</ele>
        <time>2026-10-02T12:43:34Z</time>
      </trkpt>
      <trkpt lat="46.528521" lon="12.018132">
        <ele>2408.017</ele>
        <time>2026-10-02T12:43:35Z</time>
      </trkpt>
      <trkpt lat="46.528526" lon="12.018140">
        <ele>2408.009</ele>
        <time>2026-10-02T12:43:36Z</time>
      </trkpt>
      <trkpt lat="46.528531" lon="12.018149">
        <ele>2408.066</ele>
        <time>2026-10-02T12:43:37Z</time>
      </trkpt>
      <trkpt lat="46.528535" lon="12.018158">
        <ele>2408.052</ele>
        <time>2026-10-02T12:43:38Z</time>
      </trkpt>
      <trkpt lat="46.528545" lon="12.018168">
        <ele>2411.083</ele>
        <time>2026-10-02T12:44:03Z</time>
      </trkpt>
      <trkpt lat="46.528553" lon="12.018175">
        <ele>2411.044</ele>
        <time>2026-10-02T12:44:04Z</time>
      </trkpt>
      <trkpt lat="46.528559" lon="12.018179">
        <ele>2411.096</ele>
        <time>2026-10-02T12:44:05Z</time>
      </trkpt>
      <trkpt lat="46.528565" lon="12.018184">
        <ele>2411.085</ele>
        <time>2026-10-02T12:44:06Z</time>
      </trkpt>
      <trkpt lat="46.528571" lon="12.018188">
        <ele>2411.046</ele>
        <time>2026-10-02T12:44:07Z</time>
      </trkpt>
      <trkpt lat="46.528577" lon="12.018192">
        <ele>2411.075</ele>
        <time>2026-10-02T12:44:08Z</time>
      </trkpt>
      <trkpt lat="46.528584" lon="12.018197">
        <ele>2411.067</ele>
        <time>2026-10-02T12:44:09Z</time>
      </trkpt>
      <trkpt lat="46.528591" lon="12.018202">
        <ele>2411.029</ele>
        <time>2026-10-02T12:44:10Z</time>
      </trkpt>
      <trkpt lat="46.528598" lon="12.018208">
        <ele>2411.000</ele>
        <time>2026-10-02T12:44:11Z</time>
      </trkpt>
      <trkpt lat="46.528605" lon="12.018213">
        <ele>2411.020</ele>
        <time>2026-10-02T12:44:12Z</time>
      </trkpt>
      <trkpt lat="46.528611" lon="12.018220">
        <ele>2411.009</ele>
        <time>2026-10-02T12:44:13Z</time>
      </trkpt>
      <trkpt lat="46.528618" lon="12.018226">
        <ele>2411.034</ele>
        <time>2026-10-02T12:44:14Z</time>
      </trkpt>
      <trkpt lat="46.528624" lon="12.018232">
        <ele>2412.070</ele>
        <time>2026-10-02T12:44:15Z</time>
      </trkpt>
      <trkpt lat="46.528630" lon="12.018238">
        <ele>2412.051</ele>
        <time>2026-10-02T12:44:16Z</time>
      </trkpt>
      <trkpt lat="46.528636" lon="12.018243">
        <ele>2412.062</ele>
        <time>2026-10-02T12:44:17Z</time>
      </trkpt>
      <trkpt lat="46.528643" lon="12.018251">
        <ele>2414.094</ele>
        <time>2026-10-02T12:44:31Z</time>
      </trkpt>
      <trkpt lat="46.528650" lon="12.018256">
        <ele>2414.053</ele>
        <time>2026-10-02T12:44:32Z</time>
      </trkpt>
      <trkpt lat="46.528655" lon="12.018260">
        <ele>2414.014</ele>
        <time>2026-10-02T12:44:33Z</time>
      </trkpt>
      <trkpt lat="46.528660" lon="12.018264">
        <ele>2414.073</ele>
        <time>2026-10-02T12:44:34Z</time>
      </trkpt>
      <trkpt lat="46.528666" lon="12.018267">
        <ele>2414.065</ele>
        <time>2026-10-02T12:44:35Z</time>
      </trkpt>
      <trkpt lat="46.528672" lon="12.018270">
        <ele>2414.015</ele>
        <time>2026-10-02T12:44:36Z</time>
      </trkpt>
      <trkpt lat="46.528679" lon="12.018272">
        <ele>2414.065</ele>
        <time>2026-10-02T12:44:37Z</time>
      </trkpt>
      <trkpt lat="46.528685" lon="12.018274">
        <ele>2414.011</ele>
        <time>2026-10-02T12:44:38Z</time>
      </trkpt>
      <trkpt lat="46.528692" lon="12.018277">
        <ele>2414.009</ele>
        <time>2026-10-02T12:44:39Z</time>
      </trkpt>
      <trkpt lat="46.528698" lon="12.018279">
        <ele>2414.053</ele>
        <time>2026-10-02T12:44:40Z</time>
      </trkpt>
      <trkpt lat="46.528704" lon="12.018282">
        <ele>2414.079</ele>
        <time>2026-10-02T12:44:41Z</time>
      </trkpt>
      <trkpt lat="46.528710" lon="12.018285">
        <ele>2414.010</ele>
        <time>2026-10-02T12:44:42Z</time>
      </trkpt>
      <trkpt lat="46.528716" lon="12.018288">
        <ele>2415.061</ele>
        <time>2026-10-02T12:44:43Z</time>
      </trkpt>
      <trkpt lat="46.528721" lon="12.018290">
        <ele>2415.053</ele>
        <time>2026-10-02T12:44:44Z</time>
      </trkpt>
      <trkpt lat="46.528726" lon="12.018291">
        <ele>2415.062</ele>
        <time>2026-10-02T12:44:45Z</time>
      </trkpt>
      <trkpt lat="46.528732" lon="12.018293">
        <ele>2415.083</ele>
        <time>2026-10-02T12:44:46Z</time>
      </trkpt>
      <trkpt lat="46.528737" lon="12.018297">
        <ele>2416.062</ele>
        <time>2026-10-02T12:44:47Z</time>
      </trkpt>
      <trkpt lat="46.528742" lon="12.018301">
        <ele>2416.074</ele>
        <time>2026-10-02T12:44:48Z</time>
      </trkpt>
      <trkpt lat="46.528749" lon="12.018306">
        <ele>2416.067</ele>
        <time>2026-10-02T12:44:49Z</time>
      </trkpt>
      <trkpt lat="46.528754" lon="12.018310">
        <ele>2416.081</ele>
        <time>2026-10-02T12:44:50Z</time>
      </trkpt>
      <trkpt lat="46.528759" lon="12.018314">
        <ele>2417.019</ele>
        <time>2026-10-02T12:44:51Z</time>
      </trkpt>
      <trkpt lat="46.528765" lon="12.018317">
        <ele>2417.009</ele>
        <time>2026-10-02T12:44:52Z</time>
      </trkpt>
      <trkpt lat="46.528767" lon="12.018319">
        <ele>2417.028</ele>
        <time>2026-10-02T12:44:53Z</time>
      </trkpt>
      <trkpt lat="46.528768" lon="12.018321">
        <ele>2417.054</ele>
        <time>2026-10-02T12:44:54Z</time>
      </trkpt>
      <trkpt lat="46.528771" lon="12.018323">
        <ele>2417.055</ele>
        <time>2026-10-02T12:44:55Z</time>
      </trkpt>
      <trkpt lat="46.528776" lon="12.018329">
        <ele>2417.076</ele>
        <time>2026-10-02T12:44:56Z</time>
      </trkpt>
      <trkpt lat="46.528778" lon="12.018331">
        <ele>2417.018</ele>
        <time>2026-10-02T12:44:57Z</time>
      </trkpt>
      <trkpt lat="46.528781" lon="12.018332">
        <ele>2417.017</ele>
        <time>2026-10-02T12:44:58Z</time>
      </trkpt>
      <trkpt lat="46.528783" lon="12.018334">
        <ele>2418.028</ele>
        <time>2026-10-02T12:44:59Z</time>
      </trkpt>
      <trkpt lat="46.528791" lon="12.018337">
        <ele>2418.077</ele>
        <time>2026-10-02T12:45:00Z</time>
      </trkpt>
      <trkpt lat="46.528797" lon="12.018339">
        <ele>2418.039</ele>
        <time>2026-10-02T12:45:01Z</time>
      </trkpt>
      <trkpt lat="46.528803" lon="12.018342">
        <ele>2418.018</ele>
        <time>2026-10-02T12:45:02Z</time>
      </trkpt>
      <trkpt lat="46.528809" lon="12.018346">
        <ele>2418.098</ele>
        <time>2026-10-02T12:45:03Z</time>
      </trkpt>
      <trkpt lat="46.528815" lon="12.018352">
        <ele>2418.017</ele>
        <time>2026-10-02T12:45:04Z</time>
      </trkpt>
      <trkpt lat="46.528820" lon="12.018358">
        <ele>2418.009</ele>
        <time>2026-10-02T12:45:05Z</time>
      </trkpt>
      <trkpt lat="46.528826" lon="12.018365">
        <ele>2418.043</ele>
        <time>2026-10-02T12:45:06Z</time>
      </trkpt>
      <trkpt lat="46.528832" lon="12.018373">
        <ele>2419.019</ele>
        <time>2026-10-02T12:45:07Z</time>
      </trkpt>
      <trkpt lat="46.528839" lon="12.018382">
        <ele>2419.040</ele>
        <time>2026-10-02T12:45:08Z</time>
      </trkpt>
      <trkpt lat="46.528846" lon="12.018389">
        <ele>2419.041</ele>
        <time>2026-10-02T12:45:09Z</time>
      </trkpt>
      <trkpt lat="46.528852" lon="12.018395">
        <ele>2419.013</ele>
        <time>2026-10-02T12:45:10Z</time>
      </trkpt>
      <trkpt lat="46.528858" lon="12.018400">
        <ele>2420.082</ele>
        <time>2026-10-02T12:45:11Z</time>
      </trkpt>
      <trkpt lat="46.528863" lon="12.018403">
        <ele>2420.023</ele>
        <time>2026-10-02T12:45:12Z</time>
      </trkpt>
      <trkpt lat="46.528867" lon="12.018406">
        <ele>2423.072</ele>
        <time>2026-10-02T12:48:35Z</time>
      </trkpt>
      <trkpt lat="46.528870" lon="12.018408">
        <ele>2422.054</ele>
        <time>2026-10-02T12:48:36Z</time>
      </trkpt>
      <trkpt lat="46.528873" lon="12.018408">
        <ele>2422.067</ele>
        <time>2026-10-02T12:48:37Z</time>
      </trkpt>
      <trkpt lat="46.528878" lon="12.018408">
        <ele>2422.081</ele>
        <time>2026-10-02T12:48:38Z</time>
      </trkpt>
      <trkpt lat="46.528893" lon="12.018414">
        <ele>2424.019</ele>
        <time>2026-10-02T12:51:57Z</time>
      </trkpt>
      <trkpt lat="46.528912" lon="12.018422">
        <ele>2425.009</ele>
        <time>2026-10-02T12:56:16Z</time>
      </trkpt>
      <trkpt lat="46.528926" lon="12.018427">
        <ele>2425.088</ele>
        <time>2026-10-02T12:56:30Z</time>
      </trkpt>
      <trkpt lat="46.528937" lon="12.018430">
        <ele>2425.094</ele>
        <time>2026-10-02T12:56:31Z</time>
      </trkpt>
      <trkpt lat="46.528945" lon="12.018434">
        <ele>2425.015</ele>
        <time>2026-10-02T12:56:32Z</time>
      </trkpt>
      <trkpt lat="46.528952" lon="12.018438">
        <ele>2425.096</ele>
        <time>2026-10-02T12:56:33Z</time>
      </trkpt>
      <trkpt lat="46.528959" lon="12.018443">
        <ele>2425.068</ele>
        <time>2026-10-02T12:56:34Z</time>
      </trkpt>
      <trkpt lat="46.528964" lon="12.018450">
        <ele>2426.067</ele>
        <time>2026-10-02T12:56:35Z</time>
      </trkpt>
      <trkpt lat="46.528969" lon="12.018458">
        <ele>2426.048</ele>
        <time>2026-10-02T12:56:36Z</time>
      </trkpt>
      <trkpt lat="46.528975" lon="12.018465">
        <ele>2426.087</ele>
        <time>2026-10-02T12:56:37Z</time>
      </trkpt>
      <trkpt lat="46.528981" lon="12.018474">
        <ele>2426.019</ele>
        <time>2026-10-02T12:56:38Z</time>
      </trkpt>
      <trkpt lat="46.528987" lon="12.018482">
        <ele>2426.064</ele>
        <time>2026-10-02T12:56:39Z</time>
      </trkpt>
      <trkpt lat="46.528994" lon="12.018491">
        <ele>2426.006</ele>
        <time>2026-10-02T12:56:40Z</time>
      </trkpt>
      <trkpt lat="46.529000" lon="12.018499">
        <ele>2426.016</ele>
        <time>2026-10-02T12:56:41Z</time>
      </trkpt>
      <trkpt lat="46.529006" lon="12.018507">
        <ele>2426.009</ele>
        <time>2026-10-02T12:56:42Z</time>
      </trkpt>
      <trkpt lat="46.529012" lon="12.018515">
        <ele>2427.058</ele>
        <time>2026-10-02T12:56:43Z</time>
      </trkpt>
      <trkpt lat="46.529020" lon="12.018523">
        <ele>2427.094</ele>
        <time>2026-10-02T12:56:44Z</time>
      </trkpt>
      <trkpt lat="46.529026" lon="12.018528">
        <ele>2427.085</ele>
        <time>2026-10-02T12:56:45Z</time>
      </trkpt>
      <trkpt lat="46.529032" lon="12.018532">
        <ele>2427.056</ele>
        <time>2026-10-02T12:56:46Z</time>
      </trkpt>
      <trkpt lat="46.529038" lon="12.018534">
        <ele>2427.088</ele>
        <time>2026-10-02T12:56:47Z</time>
      </trkpt>
      <trkpt lat="46.529044" lon="12.018537">
        <ele>2427.047</ele>
        <time>2026-10-02T12:56:48Z</time>
      </trkpt>
      <trkpt lat="46.529051" lon="12.018540">
        <ele>2427.068</ele>
        <time>2026-10-02T12:56:49Z</time>
      </trkpt>
      <trkpt lat="46.529057" lon="12.018546">
        <ele>2427.057</ele>
        <time>2026-10-02T12:56:50Z</time>
      </trkpt>
      <trkpt lat="46.529063" lon="12.018554">
        <ele>2428.029</ele>
        <time>2026-10-02T12:56:51Z</time>
      </trkpt>
      <trkpt lat="46.529068" lon="12.018563">
        <ele>2428.067</ele>
        <time>2026-10-02T12:56:52Z</time>
      </trkpt>
      <trkpt lat="46.529072" lon="12.018572">
        <ele>2428.081</ele>
        <time>2026-10-02T12:56:53Z</time>
      </trkpt>
      <trkpt lat="46.529076" lon="12.018581">
        <ele>2428.019</ele>
        <time>2026-10-02T12:56:54Z</time>
      </trkpt>
      <trkpt lat="46.529085" lon="12.018597">
        <ele>2429.009</ele>
        <time>2026-10-02T12:57:06Z</time>
      </trkpt>
      <trkpt lat="46.529092" lon="12.018608">
        <ele>2429.088</ele>
        <time>2026-10-02T12:57:07Z</time>
      </trkpt>
      <trkpt lat="46.529098" lon="12.018617">
        <ele>2429.024</ele>
        <time>2026-10-02T12:57:08Z</time>
      </trkpt>
      <trkpt lat="46.529101" lon="12.018625">
        <ele>2429.015</ele>
        <time>2026-10-02T12:57:09Z</time>
      </trkpt>
      <trkpt lat="46.529105" lon="12.018633">
        <ele>2429.076</ele>
        <time>2026-10-02T12:57:10Z</time>
      </trkpt>
      <trkpt lat="46.529109" lon="12.018639">
        <ele>2429.038</ele>
        <time>2026-10-02T12:57:11Z</time>
      </trkpt>
      <trkpt lat="46.529113" lon="12.018644">
        <ele>2429.087</ele>
        <time>2026-10-02T12:57:12Z</time>
      </trkpt>
      <trkpt lat="46.529119" lon="12.018648">
        <ele>2429.028</ele>
        <time>2026-10-02T12:57:13Z</time>
      </trkpt>
      <trkpt lat="46.529125" lon="12.018651">
        <ele>2429.067</ele>
        <time>2026-10-02T12:57:14Z</time>
      </trkpt>
      <trkpt lat="46.529130" lon="12.018653">
        <ele>2429.079</ele>
        <time>2026-10-02T12:57:15Z</time>
      </trkpt>
      <trkpt lat="46.529143" lon="12.018649">
        <ele>2430.026</ele>
        <time>2026-10-02T12:57:22Z</time>
      </trkpt>
      <trkpt lat="46.529156" lon="12.018635">
        <ele>2432.047</ele>
        <time>2026-10-02T12:57:44Z</time>
      </trkpt>
      <trkpt lat="46.529165" lon="12.018625">
        <ele>2432.011</ele>
        <time>2026-10-02T12:57:45Z</time>
      </trkpt>
      <trkpt lat="46.529172" lon="12.018618">
        <ele>2432.009</ele>
        <time>2026-10-02T12:57:46Z</time>
      </trkpt>
      <trkpt lat="46.529179" lon="12.018613">
        <ele>2432.034</ele>
        <time>2026-10-02T12:57:47Z</time>
      </trkpt>
      <trkpt lat="46.529185" lon="12.018609">
        <ele>2432.040</ele>
        <time>2026-10-02T12:57:48Z</time>
      </trkpt>
      <trkpt lat="46.529192" lon="12.018607">
        <ele>2432.051</ele>
        <time>2026-10-02T12:57:49Z</time>
      </trkpt>
      <trkpt lat="46.529199" lon="12.018606">
        <ele>2432.072</ele>
        <time>2026-10-02T12:57:50Z</time>
      </trkpt>
      <trkpt lat="46.529206" lon="12.018606">
        <ele>2432.044</ele>
        <time>2026-10-02T12:57:51Z</time>
      </trkpt>
      <trkpt lat="46.529218" lon="12.018610">
        <ele>2434.073</ele>
        <time>2026-10-02T12:59:21Z</time>
      </trkpt>
      <trkpt lat="46.529227" lon="12.018612">
        <ele>2434.054</ele>
        <time>2026-10-02T12:59:22Z</time>
      </trkpt>
      <trkpt lat="46.529233" lon="12.018613">
        <ele>2434.053</ele>
        <time>2026-10-02T12:59:23Z</time>
      </trkpt>
      <trkpt lat="46.529239" lon="12.018612">
        <ele>2434.065</ele>
        <time>2026-10-02T12:59:24Z</time>
      </trkpt>
      <trkpt lat="46.529245" lon="12.018611">
        <ele>2434.066</ele>
        <time>2026-10-02T12:59:25Z</time>
      </trkpt>
      <trkpt lat="46.529247" lon="12.018610">
        <ele>2434.029</ele>
        <time>2026-10-02T12:59:26Z</time>
      </trkpt>
      <trkpt lat="46.529249" lon="12.018609">
        <ele>2434.021</ele>
        <time>2026-10-02T12:59:27Z</time>
      </trkpt>
      <trkpt lat="46.529251" lon="12.018608">
        <ele>2434.009</ele>
        <time>2026-10-02T12:59:28Z</time>
      </trkpt>
      <trkpt lat="46.529253" lon="12.018607">
        <ele>2434.048</ele>
        <time>2026-10-02T12:59:29Z</time>
      </trkpt>
      <trkpt lat="46.529255" lon="12.018606">
        <ele>2434.014</ele>
        <time>2026-10-02T12:59:30Z</time>
      </trkpt>
      <trkpt lat="46.529262" lon="12.018601">
        <ele>2435.025</ele>
        <time>2026-10-02T12:59:31Z</time>
      </trkpt>
      <trkpt lat="46.529268" lon="12.018596">
        <ele>2435.036</ele>
        <time>2026-10-02T12:59:32Z</time>
      </trkpt>
      <trkpt lat="46.529273" lon="12.018591">
        <ele>2435.038</ele>
        <time>2026-10-02T12:59:33Z</time>
      </trkpt>
      <trkpt lat="46.529278" lon="12.018584">
        <ele>2435.057</ele>
        <time>2026-10-02T12:59:40Z</time>
      </trkpt>
      <trkpt lat="46.529282" lon="12.018577">
        <ele>2435.088</ele>
        <time>2026-10-02T12:59:41Z</time>
      </trkpt>
      <trkpt lat="46.529286" lon="12.018569">
        <ele>2435.047</ele>
        <time>2026-10-02T12:59:42Z</time>
      </trkpt>
      <trkpt lat="46.529291" lon="12.018561">
        <ele>2436.089</ele>
        <time>2026-10-02T12:59:43Z</time>
      </trkpt>
      <trkpt lat="46.529296" lon="12.018552">
        <ele>2436.025</ele>
        <time>2026-10-02T12:59:44Z</time>
      </trkpt>
      <trkpt lat="46.529301" lon="12.018546">
        <ele>2436.026</ele>
        <time>2026-10-02T12:59:45Z</time>
      </trkpt>
      <trkpt lat="46.529307" lon="12.018542">
        <ele>2436.008</ele>
        <time>2026-10-02T12:59:46Z</time>
      </trkpt>
      <trkpt lat="46.529312" lon="12.018539">
        <ele>2436.009</ele>
        <time>2026-10-02T12:59:47Z</time>
      </trkpt>
      <trkpt lat="46.529317" lon="12.018535">
        <ele>2436.034</ele>
        <time>2026-10-02T12:59:48Z</time>
      </trkpt>
      <trkpt lat="46.529323" lon="12.018530">
        <ele>2436.060</ele>
        <time>2026-10-02T12:59:49Z</time>
      </trkpt>
      <trkpt lat="46.529328" lon="12.018522">
        <ele>2436.041</ele>
        <time>2026-10-02T12:59:50Z</time>
      </trkpt>
      <trkpt lat="46.529334" lon="12.018514">
        <ele>2436.012</ele>
        <time>2026-10-02T12:59:51Z</time>
      </trkpt>
      <trkpt lat="46.529340" lon="12.018505">
        <ele>2436.064</ele>
        <time>2026-10-02T12:59:52Z</time>
      </trkpt>
      <trkpt lat="46.529346" lon="12.018496">
        <ele>2436.043</ele>
        <time>2026-10-02T12:59:53Z</time>
      </trkpt>
      <trkpt lat="46.529352" lon="12.018488">
        <ele>2436.074</ele>
        <time>2026-10-02T12:59:54Z</time>
      </trkpt>
      <trkpt lat="46.529358" lon="12.018481">
        <ele>2437.083</ele>
        <time>2026-10-02T12:59:55Z</time>
      </trkpt>
      <trkpt lat="46.529363" lon="12.018475">
        <ele>2437.085</ele>
        <time>2026-10-02T12:59:56Z</time>
      </trkpt>
      <trkpt lat="46.529369" lon="12.018470">
        <ele>2437.023</ele>
        <time>2026-10-02T12:59:57Z</time>
      </trkpt>
      <trkpt lat="46.529375" lon="12.018465">
        <ele>2437.083</ele>
        <time>2026-10-02T12:59:58Z</time>
      </trkpt>
      <trkpt lat="46.529380" lon="12.018460">
        <ele>2438.011</ele>
        <time>2026-10-02T12:59:59Z</time>
      </trkpt>
      <trkpt lat="46.529385" lon="12.018454">
        <ele>2438.009</ele>
        <time>2026-10-02T13:00:00Z</time>
      </trkpt>
      <trkpt lat="46.529390" lon="12.018448">
        <ele>2438.034</ele>
        <time>2026-10-02T13:00:01Z</time>
      </trkpt>
      <trkpt lat="46.529394" lon="12.018442">
        <ele>2438.090</ele>
        <time>2026-10-02T13:00:02Z</time>
      </trkpt>
      <trkpt lat="46.529398" lon="12.018435">
        <ele>2438.081</ele>
        <time>2026-10-02T13:00:03Z</time>
      </trkpt>
      <trkpt lat="46.529401" lon="12.018427">
        <ele>2438.082</ele>
        <time>2026-10-02T13:00:04Z</time>
      </trkpt>
      <trkpt lat="46.529404" lon="12.018417">
        <ele>2438.084</ele>
        <time>2026-10-02T13:00:05Z</time>
      </trkpt>
      <trkpt lat="46.529406" lon="12.018405">
        <ele>2438.073</ele>
        <time>2026-10-02T13:00:06Z</time>
      </trkpt>
      <trkpt lat="46.529408" lon="12.018393">
        <ele>2439.054</ele>
        <time>2026-10-02T13:00:07Z</time>
      </trkpt>
      <trkpt lat="46.529412" lon="12.018380">
        <ele>2439.013</ele>
        <time>2026-10-02T13:00:08Z</time>
      </trkpt>
      <trkpt lat="46.529416" lon="12.018368">
        <ele>2439.035</ele>
        <time>2026-10-02T13:00:09Z</time>
      </trkpt>
      <trkpt lat="46.529421" lon="12.018358">
        <ele>2439.085</ele>
        <time>2026-10-02T13:00:10Z</time>
      </trkpt>
      <trkpt lat="46.529427" lon="12.018350">
        <ele>2440.089</ele>
        <time>2026-10-02T13:00:11Z</time>
      </trkpt>
      <trkpt lat="46.529434" lon="12.018344">
        <ele>2440.017</ele>
        <time>2026-10-02T13:00:12Z</time>
      </trkpt>
      <trkpt lat="46.529445" lon="12.018333">
        <ele>2440.009</ele>
        <time>2026-10-02T13:00:18Z</time>
      </trkpt>
      <trkpt lat="46.529452" lon="12.018324">
        <ele>2441.040</ele>
        <time>2026-10-02T13:00:19Z</time>
      </trkpt>
      <trkpt lat="46.529459" lon="12.018315">
        <ele>2441.086</ele>
        <time>2026-10-02T13:00:20Z</time>
      </trkpt>
      <trkpt lat="46.529463" lon="12.018307">
        <ele>2441.097</ele>
        <time>2026-10-02T13:00:21Z</time>
      </trkpt>
      <trkpt lat="46.529468" lon="12.018298">
        <ele>2441.068</ele>
        <time>2026-10-02T13:00:22Z</time>
      </trkpt>
      <trkpt lat="46.529472" lon="12.018287">
        <ele>2442.030</ele>
        <time>2026-10-02T13:00:23Z</time>
      </trkpt>
      <trkpt lat="46.529473" lon="12.018283">
        <ele>2442.039</ele>
        <time>2026-10-02T13:00:24Z</time>
      </trkpt>
      <trkpt lat="46.529474" lon="12.018280">
        <ele>2442.050</ele>
        <time>2026-10-02T13:00:25Z</time>
      </trkpt>
      <trkpt lat="46.529476" lon="12.018276">
        <ele>2442.069</ele>
        <time>2026-10-02T13:00:26Z</time>
      </trkpt>
      <trkpt lat="46.529479" lon="12.018266">
        <ele>2442.061</ele>
        <time>2026-10-02T13:00:27Z</time>
      </trkpt>
      <trkpt lat="46.529481" lon="12.018257">
        <ele>2442.059</ele>
        <time>2026-10-02T13:00:28Z</time>
      </trkpt>
      <trkpt lat="46.529483" lon="12.018248">
        <ele>2442.003</ele>
        <time>2026-10-02T13:00:29Z</time>
      </trkpt>
      <trkpt lat="46.529484" lon="12.018245">
        <ele>2442.023</ele>
        <time>2026-10-02T13:00:30Z</time>
      </trkpt>
      <trkpt lat="46.529485" lon="12.018242">
        <ele>2443.009</ele>
        <time>2026-10-02T13:00:31Z</time>
      </trkpt>
      <trkpt lat="46.529486" lon="12.018239">
        <ele>2443.067</ele>
        <time>2026-10-02T13:00:32Z</time>
      </trkpt>
      <trkpt lat="46.529487" lon="12.018235">
        <ele>2443.083</ele>
        <time>2026-10-02T13:00:33Z</time>
      </trkpt>
      <trkpt lat="46.529489" lon="12.018226">
        <ele>2443.094</ele>
        <time>2026-10-02T13:00:34Z</time>
      </trkpt>
      <trkpt lat="46.529492" lon="12.018218">
        <ele>2444.085</ele>
        <time>2026-10-02T13:00:35Z</time>
      </trkpt>
      <trkpt lat="46.529495" lon="12.018211">
        <ele>2444.027</ele>
        <time>2026-10-02T13:00:36Z</time>
      </trkpt>
      <trkpt lat="46.529498" lon="12.018204">
        <ele>2444.096</ele>
        <time>2026-10-02T13:00:37Z</time>
      </trkpt>
      <trkpt lat="46.529501" lon="12.018198">
        <ele>2444.077</ele>
        <time>2026-10-02T13:00:38Z</time>
      </trkpt>
      <trkpt lat="46.529504" lon="12.018192">
        <ele>2444.066</ele>
        <time>2026-10-02T13:00:39Z</time>
      </trkpt>
      <trkpt lat="46.529511" lon="12.018175">
        <ele>2445.078</ele>
        <time>2026-10-02T13:00:46Z</time>
      </trkpt>
      <trkpt lat="46.529514" lon="12.018170">
        <ele>2445.089</ele>
        <time>2026-10-02T13:00:47Z</time>
      </trkpt>
      <trkpt lat="46.529516" lon="12.018165">
        <ele>2445.006</ele>
        <time>2026-10-02T13:00:48Z</time>
      </trkpt>
      <trkpt lat="46.529518" lon="12.018160">
        <ele>2445.026</ele>
        <time>2026-10-02T13:00:49Z</time>
      </trkpt>
      <trkpt lat="46.529524" lon="12.018149">
        <ele>2445.009</ele>
        <time>2026-10-02T13:00:50Z</time>
      </trkpt>
      <trkpt lat="46.529529" lon="12.018140">
        <ele>2446.050</ele>
        <time>2026-10-02T13:00:51Z</time>
      </trkpt>
      <trkpt lat="46.529533" lon="12.018133">
        <ele>2446.076</ele>
        <time>2026-10-02T13:00:52Z</time>
      </trkpt>
      <trkpt lat="46.529537" lon="12.018126">
        <ele>2446.087</ele>
        <time>2026-10-02T13:00:53Z</time>
      </trkpt>
      <trkpt lat="46.529541" lon="12.018120">
        <ele>2446.028</ele>
        <time>2026-10-02T13:00:54Z</time>
      </trkpt>
      <trkpt lat="46.529544" lon="12.018115">
        <ele>2447.090</ele>
        <time>2026-10-02T13:00:55Z</time>
      </trkpt>
      <trkpt lat="46.529548" lon="12.018109">
        <ele>2447.079</ele>
        <time>2026-10-02T13:00:56Z</time>
      </trkpt>
      <trkpt lat="46.529551" lon="12.018103">
        <ele>2447.030</ele>
        <time>2026-10-02T13:00:57Z</time>
      </trkpt>
      <trkpt lat="46.529555" lon="12.018096">
        <ele>2447.019</ele>
        <time>2026-10-02T13:00:58Z</time>
      </trkpt>
      <trkpt lat="46.529563" lon="12.018084">
        <ele>2449.041</ele>
        <time>2026-10-02T13:01:07Z</time>
      </trkpt>
      <trkpt lat="46.529569" lon="12.018074">
        <ele>2449.081</ele>
        <time>2026-10-02T13:01:08Z</time>
      </trkpt>
      <trkpt lat="46.529574" lon="12.018066">
        <ele>2449.061</ele>
        <time>2026-10-02T13:01:09Z</time>
      </trkpt>
      <trkpt lat="46.529580" lon="12.018060">
        <ele>2449.017</ele>
        <time>2026-10-02T13:01:10Z</time>
      </trkpt>
      <trkpt lat="46.529590" lon="12.018044">
        <ele>2450.009</ele>
        <time>2026-10-02T13:01:20Z</time>
      </trkpt>
      <trkpt lat="46.529597" lon="12.018034">
        <ele>2450.030</ele>
        <time>2026-10-02T13:01:21Z</time>
      </trkpt>
      <trkpt lat="46.529602" lon="12.018025">
        <ele>2450.056</ele>
        <time>2026-10-02T13:01:22Z</time>
      </trkpt>
      <trkpt lat="46.529606" lon="12.018018">
        <ele>2450.017</ele>
        <time>2026-10-02T13:01:23Z</time>
      </trkpt>
      <trkpt lat="46.529610" lon="12.018012">
        <ele>2450.078</ele>
        <time>2026-10-02T13:01:24Z</time>
      </trkpt>
      <trkpt lat="46.529614" lon="12.018005">
        <ele>2450.070</ele>
        <time>2026-10-02T13:01:25Z</time>
      </trkpt>
      <trkpt lat="46.529625" lon="12.017990">
        <ele>2452.019</ele>
        <time>2026-10-02T13:01:34Z</time>
      </trkpt>
      <trkpt lat="46.529628" lon="12.017987">
        <ele>2452.080</ele>
        <time>2026-10-02T13:01:35Z</time>
      </trkpt>
      <trkpt lat="46.529631" lon="12.017984">
        <ele>2452.059</ele>
        <time>2026-10-02T13:01:36Z</time>
      </trkpt>
      <trkpt lat="46.529633" lon="12.017981">
        <ele>2452.071</ele>
        <time>2026-10-02T13:01:37Z</time>
      </trkpt>
      <trkpt lat="46.529636" lon="12.017978">
        <ele>2452.013</ele>
        <time>2026-10-02T13:01:38Z</time>
      </trkpt>
      <trkpt lat="46.529639" lon="12.017975">
        <ele>2453.043</ele>
        <time>2026-10-02T13:01:39Z</time>
      </trkpt>
      <trkpt lat="46.529649" lon="12.017965">
        <ele>2453.007</ele>
        <time>2026-10-02T13:01:40Z</time>
      </trkpt>
      <trkpt lat="46.529657" lon="12.017956">
        <ele>2453.009</ele>
        <time>2026-10-02T13:01:41Z</time>
      </trkpt>
      <trkpt lat="46.529663" lon="12.017947">
        <ele>2453.083</ele>
        <time>2026-10-02T13:01:42Z</time>
      </trkpt>
      <trkpt lat="46.529668" lon="12.017938">
        <ele>2454.039</ele>
        <time>2026-10-02T13:01:43Z</time>
      </trkpt>
      <trkpt lat="46.529673" lon="12.017930">
        <ele>2454.010</ele>
        <time>2026-10-02T13:01:44Z</time>
      </trkpt>
      <trkpt lat="46.529676" lon="12.017921">
        <ele>2454.021</ele>
        <time>2026-10-02T13:01:45Z</time>
      </trkpt>
      <trkpt lat="46.529679" lon="12.017911">
        <ele>2454.053</ele>
        <time>2026-10-02T13:01:46Z</time>
      </trkpt>
      <trkpt lat="46.529681" lon="12.017902">
        <ele>2455.092</ele>
        <time>2026-10-02T13:01:47Z</time>
      </trkpt>
      <trkpt lat="46.529682" lon="12.017893">
        <ele>2455.053</ele>
        <time>2026-10-02T13:01:48Z</time>
      </trkpt>
      <trkpt lat="46.529684" lon="12.017885">
        <ele>2455.072</ele>
        <time>2026-10-02T13:01:49Z</time>
      </trkpt>
      <trkpt lat="46.529685" lon="12.017874">
        <ele>2455.084</ele>
        <time>2026-10-02T13:01:50Z</time>
      </trkpt>
      <trkpt lat="46.529687" lon="12.017863">
        <ele>2456.069</ele>
        <time>2026-10-02T13:01:51Z</time>
      </trkpt>
      <trkpt lat="46.529688" lon="12.017853">
        <ele>2456.004</ele>
        <time>2026-10-02T13:01:52Z</time>
      </trkpt>
      <trkpt lat="46.529689" lon="12.017842">
        <ele>2456.024</ele>
        <time>2026-10-02T13:01:53Z</time>
      </trkpt>
      <trkpt lat="46.529690" lon="12.017832">
        <ele>2456.009</ele>
        <time>2026-10-02T13:01:54Z</time>
      </trkpt>
      <trkpt lat="46.529692" lon="12.017821">
        <ele>2457.038</ele>
        <time>2026-10-02T13:01:55Z</time>
      </trkpt>
      <trkpt lat="46.529695" lon="12.017811">
        <ele>2457.084</ele>
        <time>2026-10-02T13:01:56Z</time>
      </trkpt>
      <trkpt lat="46.529697" lon="12.017802">
        <ele>2457.025</ele>
        <time>2026-10-02T13:01:57Z</time>
      </trkpt>
      <trkpt lat="46.529699" lon="12.017792">
        <ele>2457.086</ele>
        <time>2026-10-02T13:01:58Z</time>
      </trkpt>
      <trkpt lat="46.529701" lon="12.017782">
        <ele>2458.098</ele>
        <time>2026-10-02T13:01:59Z</time>
      </trkpt>
      <trkpt lat="46.529702" lon="12.017771">
        <ele>2458.087</ele>
        <time>2026-10-02T13:02:00Z</time>
      </trkpt>
      <trkpt lat="46.529703" lon="12.017759">
        <ele>2458.078</ele>
        <time>2026-10-02T13:02:01Z</time>
      </trkpt>
      <trkpt lat="46.529702" lon="12.017747">
        <ele>2458.017</ele>
        <time>2026-10-02T13:02:02Z</time>
      </trkpt>
      <trkpt lat="46.529701" lon="12.017735">
        <ele>2459.069</ele>
        <time>2026-10-02T13:02:03Z</time>
      </trkpt>
      <trkpt lat="46.529699" lon="12.017723">
        <ele>2459.097</ele>
        <time>2026-10-02T13:02:04Z</time>
      </trkpt>
      <trkpt lat="46.529698" lon="12.017712">
        <ele>2459.023</ele>
        <time>2026-10-02T13:02:05Z</time>
      </trkpt>
      <trkpt lat="46.529698" lon="12.017701">
        <ele>2459.025</ele>
        <time>2026-10-02T13:02:06Z</time>
      </trkpt>
      <trkpt lat="46.529699" lon="12.017689">
        <ele>2460.009</ele>
        <time>2026-10-02T13:02:07Z</time>
      </trkpt>
      <trkpt lat="46.529700" lon="12.017676">
        <ele>2460.071</ele>
        <time>2026-10-02T13:02:08Z</time>
      </trkpt>
      <trkpt lat="46.529700" lon="12.017664">
        <ele>2460.057</ele>
        <time>2026-10-02T13:02:09Z</time>
      </trkpt>
      <trkpt lat="46.529700" lon="12.017651">
        <ele>2460.038</ele>
        <time>2026-10-02T13:02:10Z</time>
      </trkpt>
      <trkpt lat="46.529701" lon="12.017638">
        <ele>2461.019</ele>
        <time>2026-10-02T13:02:11Z</time>
      </trkpt>
      <trkpt lat="46.529702" lon="12.017626">
        <ele>2461.051</ele>
        <time>2026-10-02T13:02:12Z</time>
      </trkpt>
      <trkpt lat="46.529704" lon="12.017617">
        <ele>2462.050</ele>
        <time>2026-10-02T13:02:27Z</time>
      </trkpt>
      <trkpt lat="46.529705" lon="12.017610">
        <ele>2462.071</ele>
        <time>2026-10-02T13:02:28Z</time>
      </trkpt>
      <trkpt lat="46.529706" lon="12.017603">
        <ele>2462.080</ele>
        <time>2026-10-02T13:02:29Z</time>
      </trkpt>
      <trkpt lat="46.529705" lon="12.017595">
        <ele>2462.042</ele>
        <time>2026-10-02T13:02:30Z</time>
      </trkpt>
      <trkpt lat="46.529705" lon="12.017585">
        <ele>2462.032</ele>
        <time>2026-10-02T13:02:31Z</time>
      </trkpt>
      <trkpt lat="46.529704" lon="12.017572">
        <ele>2462.092</ele>
        <time>2026-10-02T13:02:32Z</time>
      </trkpt>
      <trkpt lat="46.529702" lon="12.017559">
        <ele>2462.011</ele>
        <time>2026-10-02T13:02:33Z</time>
      </trkpt>
      <trkpt lat="46.529701" lon="12.017545">
        <ele>2462.009</ele>
        <time>2026-10-02T13:02:34Z</time>
      </trkpt>
      <trkpt lat="46.529701" lon="12.017531">
        <ele>2462.095</ele>
        <time>2026-10-02T13:02:35Z</time>
      </trkpt>
      <trkpt lat="46.529701" lon="12.017517">
        <ele>2462.081</ele>
        <time>2026-10-02T13:02:36Z</time>
      </trkpt>
      <trkpt lat="46.529701" lon="12.017502">
        <ele>2462.062</ele>
        <time>2026-10-02T13:02:37Z</time>
      </trkpt>
      <trkpt lat="46.529701" lon="12.017487">
        <ele>2462.093</ele>
        <time>2026-10-02T13:02:38Z</time>
      </trkpt>
      <trkpt lat="46.529701" lon="12.017471">
        <ele>2463.025</ele>
        <time>2026-10-02T13:02:39Z</time>
      </trkpt>
      <trkpt lat="46.529701" lon="12.017454">
        <ele>2463.054</ele>
        <time>2026-10-02T13:02:40Z</time>
      </trkpt>
      <trkpt lat="46.529700" lon="12.017438">
        <ele>2463.085</ele>
        <time>2026-10-02T13:02:41Z</time>
      </trkpt>
      <trkpt lat="46.529699" lon="12.017423">
        <ele>2463.074</ele>
        <time>2026-10-02T13:02:42Z</time>
      </trkpt>
      <trkpt lat="46.529698" lon="12.017407">
        <ele>2463.076</ele>
        <time>2026-10-02T13:02:43Z</time>
      </trkpt>
      <trkpt lat="46.529697" lon="12.017391">
        <ele>2463.049</ele>
        <time>2026-10-02T13:02:44Z</time>
      </trkpt>
      <trkpt lat="46.529697" lon="12.017376">
        <ele>2463.002</ele>
        <time>2026-10-02T13:02:45Z</time>
      </trkpt>
      <trkpt lat="46.529697" lon="12.017361">
        <ele>2463.022</ele>
        <time>2026-10-02T13:02:46Z</time>
      </trkpt>
      <trkpt lat="46.529696" lon="12.017347">
        <ele>2464.009</ele>
        <time>2026-10-02T13:02:47Z</time>
      </trkpt>
      <trkpt lat="46.529695" lon="12.017333">
        <ele>2464.066</ele>
        <time>2026-10-02T13:02:48Z</time>
      </trkpt>
      <trkpt lat="46.529694" lon="12.017320">
        <ele>2464.012</ele>
        <time>2026-10-02T13:02:49Z</time>
      </trkpt>
      <trkpt lat="46.529692" lon="12.017308">
        <ele>2464.013</ele>
        <time>2026-10-02T13:02:50Z</time>
      </trkpt>
      <trkpt lat="46.529692" lon="12.017296">
        <ele>2465.054</ele>
        <time>2026-10-02T13:02:51Z</time>
      </trkpt>
      <trkpt lat="46.529692" lon="12.017284">
        <ele>2465.086</ele>
        <time>2026-10-02T13:02:52Z</time>
      </trkpt>
      <trkpt lat="46.529691" lon="12.017271">
        <ele>2465.025</ele>
        <time>2026-10-02T13:02:53Z</time>
      </trkpt>
      <trkpt lat="46.529691" lon="12.017258">
        <ele>2465.036</ele>
        <time>2026-10-02T13:02:54Z</time>
      </trkpt>
      <trkpt lat="46.529689" lon="12.017244">
        <ele>2466.055</ele>
        <time>2026-10-02T13:02:55Z</time>
      </trkpt>
      <trkpt lat="46.529687" lon="12.017229">
        <ele>2466.047</ele>
        <time>2026-10-02T13:02:56Z</time>
      </trkpt>
      <trkpt lat="46.529685" lon="12.017213">
        <ele>2466.043</ele>
        <time>2026-10-02T13:02:57Z</time>
      </trkpt>
      <trkpt lat="46.529682" lon="12.017197">
        <ele>2466.064</ele>
        <time>2026-10-02T13:02:58Z</time>
      </trkpt>
      <trkpt lat="46.529680" lon="12.017181">
        <ele>2466.010</ele>
        <time>2026-10-02T13:02:59Z</time>
      </trkpt>
      <trkpt lat="46.529678" lon="12.017165">
        <ele>2466.009</ele>
        <time>2026-10-02T13:03:00Z</time>
      </trkpt>
      <trkpt lat="46.529676" lon="12.017150">
        <ele>2466.036</ele>
        <time>2026-10-02T13:03:01Z</time>
      </trkpt>
      <trkpt lat="46.529674" lon="12.017134">
        <ele>2466.032</ele>
        <time>2026-10-02T13:03:02Z</time>
      </trkpt>
      <trkpt lat="46.529673" lon="12.017119">
        <ele>2467.043</ele>
        <time>2026-10-02T13:03:03Z</time>
      </trkpt>
      <trkpt lat="46.529672" lon="12.017105">
        <ele>2467.084</ele>
        <time>2026-10-02T13:03:04Z</time>
      </trkpt>
      <trkpt lat="46.529670" lon="12.017092">
        <ele>2467.016</ele>
        <time>2026-10-02T13:03:05Z</time>
      </trkpt>
      <trkpt lat="46.529668" lon="12.017078">
        <ele>2468.045</ele>
        <time>2026-10-02T13:03:12Z</time>
      </trkpt>
      <trkpt lat="46.529666" lon="12.017069">
        <ele>2468.076</ele>
        <time>2026-10-02T13:03:13Z</time>
      </trkpt>
      <trkpt lat="46.529664" lon="12.017061">
        <ele>2468.075</ele>
        <time>2026-10-02T13:03:14Z</time>
      </trkpt>
      <trkpt lat="46.529662" lon="12.017050">
        <ele>2469.067</ele>
        <time>2026-10-02T13:03:15Z</time>
      </trkpt>
      <trkpt lat="46.529659" lon="12.017038">
        <ele>2468.038</ele>
        <time>2026-10-02T13:03:16Z</time>
      </trkpt>
      <trkpt lat="46.529655" lon="12.017024">
        <ele>2468.070</ele>
        <time>2026-10-02T13:03:17Z</time>
      </trkpt>
      <trkpt lat="46.529651" lon="12.017008">
        <ele>2468.017</ele>
        <time>2026-10-02T13:03:18Z</time>
      </trkpt>
      <trkpt lat="46.529647" lon="12.016992">
        <ele>2468.009</ele>
        <time>2026-10-02T13:03:19Z</time>
      </trkpt>
      <trkpt lat="46.529643" lon="12.016975">
        <ele>2468.015</ele>
        <time>2026-10-02T13:03:20Z</time>
      </trkpt>
      <trkpt lat="46.529638" lon="12.016957">
        <ele>2468.051</ele>
        <time>2026-10-02T13:03:21Z</time>
      </trkpt>
      <trkpt lat="46.529634" lon="12.016938">
        <ele>2468.042</ele>
        <time>2026-10-02T13:03:22Z</time>
      </trkpt>
      <trkpt lat="46.529630" lon="12.016919">
        <ele>2469.013</ele>
        <time>2026-10-02T13:03:23Z</time>
      </trkpt>
      <trkpt lat="46.529625" lon="12.016902">
        <ele>2469.055</ele>
        <time>2026-10-02T13:03:24Z</time>
      </trkpt>
      <trkpt lat="46.529622" lon="12.016886">
        <ele>2469.054</ele>
        <time>2026-10-02T13:03:25Z</time>
      </trkpt>
      <trkpt lat="46.529619" lon="12.016873">
        <ele>2469.045</ele>
        <time>2026-10-02T13:03:31Z</time>
      </trkpt>
      <trkpt lat="46.529619" lon="12.016863">
        <ele>2469.064</ele>
        <time>2026-10-02T13:03:32Z</time>
      </trkpt>
      <trkpt lat="46.529619" lon="12.016853">
        <ele>2469.016</ele>
        <time>2026-10-02T13:03:33Z</time>
      </trkpt>
      <trkpt lat="46.529618" lon="12.016841">
        <ele>2469.028</ele>
        <time>2026-10-02T13:03:34Z</time>
      </trkpt>
      <trkpt lat="46.529616" lon="12.016828">
        <ele>2470.089</ele>
        <time>2026-10-02T13:03:35Z</time>
      </trkpt>
      <trkpt lat="46.529612" lon="12.016814">
        <ele>2470.017</ele>
        <time>2026-10-02T13:03:36Z</time>
      </trkpt>
      <trkpt lat="46.529608" lon="12.016799">
        <ele>2470.009</ele>
        <time>2026-10-02T13:03:37Z</time>
      </trkpt>
      <trkpt lat="46.529604" lon="12.016783">
        <ele>2470.094</ele>
        <time>2026-10-02T13:03:38Z</time>
      </trkpt>
      <trkpt lat="46.529600" lon="12.016767">
        <ele>2470.090</ele>
        <time>2026-10-02T13:03:39Z</time>
      </trkpt>
      <trkpt lat="46.529597" lon="12.016753">
        <ele>2470.091</ele>
        <time>2026-10-02T13:03:40Z</time>
      </trkpt>
      <trkpt lat="46.529594" lon="12.016739">
        <ele>2470.042</ele>
        <time>2026-10-02T13:03:41Z</time>
      </trkpt>
      <trkpt lat="46.529590" lon="12.016727">
        <ele>2470.034</ele>
        <time>2026-10-02T13:03:42Z</time>
      </trkpt>
      <trkpt lat="46.529586" lon="12.016716">
        <ele>2470.013</ele>
        <time>2026-10-02T13:03:43Z</time>
      </trkpt>
      <trkpt lat="46.529582" lon="12.016704">
        <ele>2470.054</ele>
        <time>2026-10-02T13:03:44Z</time>
      </trkpt>
      <trkpt lat="46.529578" lon="12.016692">
        <ele>2470.063</ele>
        <time>2026-10-02T13:03:45Z</time>
      </trkpt>
      <trkpt lat="46.529573" lon="12.016680">
        <ele>2470.095</ele>
        <time>2026-10-02T13:03:46Z</time>
      </trkpt>
      <trkpt lat="46.529569" lon="12.016667">
        <ele>2471.088</ele>
        <time>2026-10-02T13:03:47Z</time>
      </trkpt>
      <trkpt lat="46.529565" lon="12.016654">
        <ele>2471.024</ele>
        <time>2026-10-02T13:03:48Z</time>
      </trkpt>
      <trkpt lat="46.529562" lon="12.016641">
        <ele>2471.026</ele>
        <time>2026-10-02T13:03:49Z</time>
      </trkpt>
      <trkpt lat="46.529558" lon="12.016628">
        <ele>2471.009</ele>
        <time>2026-10-02T13:03:50Z</time>
      </trkpt>
      <trkpt lat="46.529553" lon="12.016615">
        <ele>2471.030</ele>
        <time>2026-10-02T13:03:51Z</time>
      </trkpt>
      <trkpt lat="46.529548" lon="12.016602">
        <ele>2471.066</ele>
        <time>2026-10-02T13:03:52Z</time>
      </trkpt>
      <trkpt lat="46.529544" lon="12.016589">
        <ele>2471.037</ele>
        <time>2026-10-02T13:03:53Z</time>
      </trkpt>
      <trkpt lat="46.529539" lon="12.016577">
        <ele>2471.068</ele>
        <time>2026-10-02T13:03:54Z</time>
      </trkpt>
      <trkpt lat="46.529535" lon="12.016564">
        <ele>2472.080</ele>
        <time>2026-10-02T13:03:55Z</time>
      </trkpt>
      <trkpt lat="46.529531" lon="12.016551">
        <ele>2472.059</ele>
        <time>2026-10-02T13:03:56Z</time>
      </trkpt>
      <trkpt lat="46.529527" lon="12.016537">
        <ele>2472.030</ele>
        <time>2026-10-02T13:03:57Z</time>
      </trkpt>
      <trkpt lat="46.529523" lon="12.016524">
        <ele>2472.019</ele>
        <time>2026-10-02T13:03:58Z</time>
      </trkpt>
      <trkpt lat="46.529520" lon="12.016510">
        <ele>2473.071</ele>
        <time>2026-10-02T13:03:59Z</time>
      </trkpt>
      <trkpt lat="46.529517" lon="12.016497">
        <ele>2473.014</ele>
        <time>2026-10-02T13:04:00Z</time>
      </trkpt>
      <trkpt lat="46.529514" lon="12.016485">
        <ele>2473.054</ele>
        <time>2026-10-02T13:04:01Z</time>
      </trkpt>
      <trkpt lat="46.529510" lon="12.016474">
        <ele>2473.009</ele>
        <time>2026-10-02T13:04:02Z</time>
      </trkpt>
      <trkpt lat="46.529507" lon="12.016463">
        <ele>2473.009</ele>
        <time>2026-10-02T13:04:03Z</time>
      </trkpt>
      <trkpt lat="46.529502" lon="12.016452">
        <ele>2473.063</ele>
        <time>2026-10-02T13:04:04Z</time>
      </trkpt>
      <trkpt lat="46.529496" lon="12.016444">
        <ele>2473.089</ele>
        <time>2026-10-02T13:04:05Z</time>
      </trkpt>
      <trkpt lat="46.529490" lon="12.016436">
        <ele>2473.050</ele>
        <time>2026-10-02T13:04:06Z</time>
      </trkpt>
      <trkpt lat="46.529485" lon="12.016422">
        <ele>2475.091</ele>
        <time>2026-10-02T13:04:40Z</time>
      </trkpt>
      <trkpt lat="46.529482" lon="12.016412">
        <ele>2475.043</ele>
        <time>2026-10-02T13:04:41Z</time>
      </trkpt>
      <trkpt lat="46.529479" lon="12.016404">
        <ele>2475.082</ele>
        <time>2026-10-02T13:04:42Z</time>
      </trkpt>
      <trkpt lat="46.529477" lon="12.016397">
        <ele>2475.053</ele>
        <time>2026-10-02T13:04:43Z</time>
      </trkpt>
      <trkpt lat="46.529474" lon="12.016389">
        <ele>2475.092</ele>
        <time>2026-10-02T13:04:44Z</time>
      </trkpt>
      <trkpt lat="46.529472" lon="12.016380">
        <ele>2475.054</ele>
        <time>2026-10-02T13:04:45Z</time>
      </trkpt>
      <trkpt lat="46.529469" lon="12.016371">
        <ele>2475.027</ele>
        <time>2026-10-02T13:04:46Z</time>
      </trkpt>
      <trkpt lat="46.529465" lon="12.016362">
        <ele>2475.068</ele>
        <time>2026-10-02T13:04:47Z</time>
      </trkpt>
      <trkpt lat="46.529460" lon="12.016355">
        <ele>2475.014</ele>
        <time>2026-10-02T13:04:48Z</time>
      </trkpt>
      <trkpt lat="46.529455" lon="12.016348">
        <ele>2475.009</ele>
        <time>2026-10-02T13:04:49Z</time>
      </trkpt>
      <trkpt lat="46.529450" lon="12.016341">
        <ele>2475.064</ele>
        <time>2026-10-02T13:04:50Z</time>
      </trkpt>
      <trkpt lat="46.529445" lon="12.016335">
        <ele>2475.010</ele>
        <time>2026-10-02T13:04:51Z</time>
      </trkpt>
      <trkpt lat="46.529441" lon="12.016328">
        <ele>2475.011</ele>
        <time>2026-10-02T13:04:52Z</time>
      </trkpt>
      <trkpt lat="46.529437" lon="12.016321">
        <ele>2475.052</ele>
        <time>2026-10-02T13:04:53Z</time>
      </trkpt>
      <trkpt lat="46.529434" lon="12.016311">
        <ele>2475.064</ele>
        <time>2026-10-02T13:04:54Z</time>
      </trkpt>
      <trkpt lat="46.529434" lon="12.016309">
        <ele>2475.083</ele>
        <time>2026-10-02T13:04:55Z</time>
      </trkpt>
      <trkpt lat="46.529433" lon="12.016306">
        <ele>2475.024</ele>
        <time>2026-10-02T13:04:56Z</time>
      </trkpt>
      <trkpt lat="46.529433" lon="12.016303">
        <ele>2475.023</ele>
        <time>2026-10-02T13:04:57Z</time>
      </trkpt>
      <trkpt lat="46.529431" lon="12.016298">
        <ele>2475.025</ele>
        <time>2026-10-02T13:04:58Z</time>
      </trkpt>
      <trkpt lat="46.529428" lon="12.016292">
        <ele>2476.025</ele>
        <time>2026-10-02T13:04:59Z</time>
      </trkpt>
      <trkpt lat="46.529425" lon="12.016286">
        <ele>2476.026</ele>
        <time>2026-10-02T13:05:00Z</time>
      </trkpt>
      <trkpt lat="46.529422" lon="12.016278">
        <ele>2476.008</ele>
        <time>2026-10-02T13:05:01Z</time>
      </trkpt>
      <trkpt lat="46.529421" lon="12.016275">
        <ele>2476.009</ele>
        <time>2026-10-02T13:05:02Z</time>
      </trkpt>
      <trkpt lat="46.529420" lon="12.016273">
        <ele>2476.014</ele>
        <time>2026-10-02T13:05:03Z</time>
      </trkpt>
      <trkpt lat="46.529419" lon="12.016270">
        <ele>2476.060</ele>
        <time>2026-10-02T13:05:04Z</time>
      </trkpt>
      <trkpt lat="46.529418" lon="12.016268">
        <ele>2476.041</ele>
        <time>2026-10-02T13:05:05Z</time>
      </trkpt>
      <trkpt lat="46.529417" lon="12.016265">
        <ele>2476.092</ele>
        <time>2026-10-02T13:05:06Z</time>
      </trkpt>
      <trkpt lat="46.529413" lon="12.016256">
        <ele>2476.024</ele>
        <time>2026-10-02T13:05:07Z</time>
      </trkpt>
      <trkpt lat="46.529409" lon="12.016247">
        <ele>2476.023</ele>
        <time>2026-10-02T13:05:08Z</time>
      </trkpt>
      <trkpt lat="46.529406" lon="12.016239">
        <ele>2476.094</ele>
        <time>2026-10-02T13:05:09Z</time>
      </trkpt>
      <trkpt lat="46.529403" lon="12.016230">
        <ele>2476.053</ele>
        <time>2026-10-02T13:05:10Z</time>
      </trkpt>
      <trkpt lat="46.529401" lon="12.016220">
        <ele>2477.015</ele>
        <time>2026-10-02T13:05:11Z</time>
      </trkpt>
      <trkpt lat="46.529398" lon="12.016209">
        <ele>2477.093</ele>
        <time>2026-10-02T13:05:12Z</time>
      </trkpt>
      <trkpt lat="46.529395" lon="12.016197">
        <ele>2477.065</ele>
        <time>2026-10-02T13:05:13Z</time>
      </trkpt>
      <trkpt lat="46.529392" lon="12.016185">
        <ele>2477.021</ele>
        <time>2026-10-02T13:05:14Z</time>
      </trkpt>
      <trkpt lat="46.529388" lon="12.016174">
        <ele>2477.009</ele>
        <time>2026-10-02T13:05:15Z</time>
      </trkpt>
      <trkpt lat="46.529383" lon="12.016162">
        <ele>2477.011</ele>
        <time>2026-10-02T13:05:16Z</time>
      </trkpt>
      <trkpt lat="46.529379" lon="12.016151">
        <ele>2477.067</ele>
        <time>2026-10-02T13:05:17Z</time>
      </trkpt>
      <trkpt lat="46.529374" lon="12.016141">
        <ele>2477.048</ele>
        <time>2026-10-02T13:05:18Z</time>
      </trkpt>
      <trkpt lat="46.529369" lon="12.016131">
        <ele>2478.029</ele>
        <time>2026-10-02T13:05:19Z</time>
      </trkpt>
      <trkpt lat="46.529363" lon="12.016121">
        <ele>2478.061</ele>
        <time>2026-10-02T13:05:20Z</time>
      </trkpt>
      <trkpt lat="46.529357" lon="12.016109">
        <ele>2478.070</ele>
        <time>2026-10-02T13:05:21Z</time>
      </trkpt>
      <trkpt lat="46.529351" lon="12.016098">
        <ele>2478.051</ele>
        <time>2026-10-02T13:05:22Z</time>
      </trkpt>
      <trkpt lat="46.529346" lon="12.016087">
        <ele>2478.060</ele>
        <time>2026-10-02T13:05:23Z</time>
      </trkpt>
      <trkpt lat="46.529341" lon="12.016075">
        <ele>2478.082</ele>
        <time>2026-10-02T13:05:24Z</time>
      </trkpt>
      <trkpt lat="46.529336" lon="12.016064">
        <ele>2478.091</ele>
        <time>2026-10-02T13:05:25Z</time>
      </trkpt>
      <trkpt lat="46.529331" lon="12.016052">
        <ele>2478.081</ele>
        <time>2026-10-02T13:05:26Z</time>
      </trkpt>
      <trkpt lat="46.529327" lon="12.016042">
        <ele>2479.019</ele>
        <time>2026-10-02T13:05:27Z</time>
      </trkpt>
      <trkpt lat="46.529324" lon="12.016034">
        <ele>2481.009</ele>
        <time>2026-10-02T13:06:20Z</time>
      </trkpt>
      <trkpt lat="46.529321" lon="12.016028">
        <ele>2481.041</ele>
        <time>2026-10-02T13:06:21Z</time>
      </trkpt>
      <trkpt lat="46.529318" lon="12.016022">
        <ele>2481.057</ele>
        <time>2026-10-02T13:06:22Z</time>
      </trkpt>
      <trkpt lat="46.529315" lon="12.016016">
        <ele>2481.018</ele>
        <time>2026-10-02T13:06:23Z</time>
      </trkpt>
      <trkpt lat="46.529311" lon="12.016010">
        <ele>2481.019</ele>
        <time>2026-10-02T13:06:24Z</time>
      </trkpt>
      <trkpt lat="46.529308" lon="12.016003">
        <ele>2481.031</ele>
        <time>2026-10-02T13:06:25Z</time>
      </trkpt>
      <trkpt lat="46.529304" lon="12.015995">
        <ele>2481.080</ele>
        <time>2026-10-02T13:06:26Z</time>
      </trkpt>
      <trkpt lat="46.529300" lon="12.015987">
        <ele>2482.091</ele>
        <time>2026-10-02T13:06:27Z</time>
      </trkpt>
      <trkpt lat="46.529296" lon="12.015978">
        <ele>2482.070</ele>
        <time>2026-10-02T13:06:28Z</time>
      </trkpt>
      <trkpt lat="46.529291" lon="12.015969">
        <ele>2482.092</ele>
        <time>2026-10-02T13:06:29Z</time>
      </trkpt>
      <trkpt lat="46.529287" lon="12.015959">
        <ele>2482.064</ele>
        <time>2026-10-02T13:06:30Z</time>
      </trkpt>
      <trkpt lat="46.529283" lon="12.015951">
        <ele>2483.006</ele>
        <time>2026-10-02T13:06:31Z</time>
      </trkpt>
      <trkpt lat="46.529278" lon="12.015943">
        <ele>2483.016</ele>
        <time>2026-10-02T13:06:32Z</time>
      </trkpt>
      <trkpt lat="46.529274" lon="12.015936">
        <ele>2483.009</ele>
        <time>2026-10-02T13:06:33Z</time>
      </trkpt>
      <trkpt lat="46.529268" lon="12.015928">
        <ele>2483.038</ele>
        <time>2026-10-02T13:06:34Z</time>
      </trkpt>
      <trkpt lat="46.529262" lon="12.015921">
        <ele>2484.024</ele>
        <time>2026-10-02T13:06:35Z</time>
      </trkpt>
      <trkpt lat="46.529254" lon="12.015914">
        <ele>2484.065</ele>
        <time>2026-10-02T13:07:01Z</time>
      </trkpt>
      <trkpt lat="46.529249" lon="12.015908">
        <ele>2484.096</ele>
        <time>2026-10-02T13:07:02Z</time>
      </trkpt>
      <trkpt lat="46.529244" lon="12.015902">
        <ele>2484.048</ele>
        <time>2026-10-02T13:07:03Z</time>
      </trkpt>
      <trkpt lat="46.529239" lon="12.015896">
        <ele>2484.037</ele>
        <time>2026-10-02T13:07:04Z</time>
      </trkpt>
      <trkpt lat="46.529233" lon="12.015888">
        <ele>2484.088</ele>
        <time>2026-10-02T13:07:05Z</time>
      </trkpt>
      <trkpt lat="46.529226" lon="12.015878">
        <ele>2484.037</ele>
        <time>2026-10-02T13:07:06Z</time>
      </trkpt>
      <trkpt lat="46.529219" lon="12.015866">
        <ele>2484.019</ele>
        <time>2026-10-02T13:07:07Z</time>
      </trkpt>
      <trkpt lat="46.529212" lon="12.015854">
        <ele>2484.061</ele>
        <time>2026-10-02T13:07:08Z</time>
      </trkpt>
      <trkpt lat="46.529205" lon="12.015842">
        <ele>2484.021</ele>
        <time>2026-10-02T13:07:09Z</time>
      </trkpt>
      <trkpt lat="46.529197" lon="12.015829">
        <ele>2484.013</ele>
        <time>2026-10-02T13:07:10Z</time>
      </trkpt>
      <trkpt lat="46.529189" lon="12.015816">
        <ele>2485.009</ele>
        <time>2026-10-02T13:07:11Z</time>
      </trkpt>
      <trkpt lat="46.529181" lon="12.015803">
        <ele>2485.068</ele>
        <time>2026-10-02T13:07:12Z</time>
      </trkpt>
      <trkpt lat="46.529173" lon="12.015791">
        <ele>2485.064</ele>
        <time>2026-10-02T13:07:13Z</time>
      </trkpt>
      <trkpt lat="46.529166" lon="12.015781">
        <ele>2487.045</ele>
        <time>2026-10-02T13:07:24Z</time>
      </trkpt>
      <trkpt lat="46.529161" lon="12.015776">
        <ele>2487.086</ele>
        <time>2026-10-02T13:07:25Z</time>
      </trkpt>
      <trkpt lat="46.529157" lon="12.015772">
        <ele>2487.018</ele>
        <time>2026-10-02T13:07:26Z</time>
      </trkpt>
      <trkpt lat="46.529152" lon="12.015769">
        <ele>2487.087</ele>
        <time>2026-10-02T13:07:27Z</time>
      </trkpt>
      <trkpt lat="46.529146" lon="12.015766">
        <ele>2487.088</ele>
        <time>2026-10-02T13:07:28Z</time>
      </trkpt>
      <trkpt lat="46.529141" lon="12.015761">
        <ele>2487.077</ele>
        <time>2026-10-02T13:07:29Z</time>
      </trkpt>
      <trkpt lat="46.529132" lon="12.015754">
        <ele>2488.059</ele>
        <time>2026-10-02T13:07:36Z</time>
      </trkpt>
      <trkpt lat="46.529124" lon="12.015748">
        <ele>2488.098</ele>
        <time>2026-10-02T13:07:37Z</time>
      </trkpt>
      <trkpt lat="46.529118" lon="12.015742">
        <ele>2488.015</ele>
        <time>2026-10-02T13:07:38Z</time>
      </trkpt>
      <trkpt lat="46.529111" lon="12.015736">
        <ele>2488.026</ele>
        <time>2026-10-02T13:07:39Z</time>
      </trkpt>
      <trkpt lat="46.529104" lon="12.015729">
        <ele>2488.009</ele>
        <time>2026-10-02T13:07:40Z</time>
      </trkpt>
      <trkpt lat="46.529096" lon="12.015721">
        <ele>2488.051</ele>
        <time>2026-10-02T13:07:41Z</time>
      </trkpt>
      <trkpt lat="46.529088" lon="12.015714">
        <ele>2488.017</ele>
        <time>2026-10-02T13:07:42Z</time>
      </trkpt>
      <trkpt lat="46.529078" lon="12.015707">
        <ele>2488.088</ele>
        <time>2026-10-02T13:07:43Z</time>
      </trkpt>
      <trkpt lat="46.529069" lon="12.015699">
        <ele>2488.059</ele>
        <time>2026-10-02T13:07:44Z</time>
      </trkpt>
      <trkpt lat="46.529060" lon="12.015691">
        <ele>2488.051</ele>
        <time>2026-10-02T13:07:45Z</time>
      </trkpt>
      <trkpt lat="46.529051" lon="12.015683">
        <ele>2488.020</ele>
        <time>2026-10-02T13:07:46Z</time>
      </trkpt>
      <trkpt lat="46.529043" lon="12.015676">
        <ele>2488.081</ele>
        <time>2026-10-02T13:07:47Z</time>
      </trkpt>
      <trkpt lat="46.529035" lon="12.015672">
        <ele>2488.070</ele>
        <time>2026-10-02T13:07:48Z</time>
      </trkpt>
      <trkpt lat="46.529028" lon="12.015672">
        <ele>2488.092</ele>
        <time>2026-10-02T13:07:49Z</time>
      </trkpt>
      <trkpt lat="46.529021" lon="12.015675">
        <ele>2488.078</ele>
        <time>2026-10-02T13:07:50Z</time>
      </trkpt>
      <trkpt lat="46.529016" lon="12.015680">
        <ele>2488.033</ele>
        <time>2026-10-02T13:07:51Z</time>
      </trkpt>
      <trkpt lat="46.529011" lon="12.015685">
        <ele>2487.026</ele>
        <time>2026-10-02T13:08:20Z</time>
      </trkpt>
      <trkpt lat="46.529007" lon="12.015690">
        <ele>2487.009</ele>
        <time>2026-10-02T13:08:21Z</time>
      </trkpt>
      <trkpt lat="46.529002" lon="12.015695">
        <ele>2487.099</ele>
        <time>2026-10-02T13:08:22Z</time>
      </trkpt>
      <trkpt lat="46.528997" lon="12.015701">
        <ele>2487.095</ele>
        <time>2026-10-02T13:08:23Z</time>
      </trkpt>
      <trkpt lat="46.528991" lon="12.015709">
        <ele>2487.096</ele>
        <time>2026-10-02T13:08:24Z</time>
      </trkpt>
      <trkpt lat="46.528985" lon="12.015717">
        <ele>2487.077</ele>
        <time>2026-10-02T13:08:25Z</time>
      </trkpt>
      <trkpt lat="46.528979" lon="12.015727">
        <ele>2487.029</ele>
        <time>2026-10-02T13:08:26Z</time>
      </trkpt>
      <trkpt lat="46.528972" lon="12.015738">
        <ele>2487.048</ele>
        <time>2026-10-02T13:08:27Z</time>
      </trkpt>
      <trkpt lat="46.528966" lon="12.015748">
        <ele>2486.079</ele>
        <time>2026-10-02T13:08:28Z</time>
      </trkpt>
      <trkpt lat="46.528960" lon="12.015760">
        <ele>2486.028</ele>
        <time>2026-10-02T13:08:29Z</time>
      </trkpt>
      <trkpt lat="46.528958" lon="12.015769">
        <ele>2487.060</ele>
        <time>2026-10-02T13:09:07Z</time>
      </trkpt>
      <trkpt lat="46.528958" lon="12.015772">
        <ele>2487.056</ele>
        <time>2026-10-02T13:09:08Z</time>
      </trkpt>
      <trkpt lat="46.528959" lon="12.015772">
        <ele>2487.059</ele>
        <time>2026-10-02T13:09:09Z</time>
      </trkpt>
      <trkpt lat="46.528961" lon="12.015770">
        <ele>2487.014</ele>
        <time>2026-10-02T13:09:10Z</time>
      </trkpt>
      <trkpt lat="46.528964" lon="12.015765">
        <ele>2487.009</ele>
        <time>2026-10-02T13:09:11Z</time>
      </trkpt>
      <trkpt lat="46.528968" lon="12.015758">
        <ele>2487.017</ele>
        <time>2026-10-02T13:09:12Z</time>
      </trkpt>
      <trkpt lat="46.528973" lon="12.015750">
        <ele>2487.023</ele>
        <time>2026-10-02T13:09:13Z</time>
      </trkpt>
      <trkpt lat="46.528977" lon="12.015741">
        <ele>2487.034</ele>
        <time>2026-10-02T13:09:14Z</time>
      </trkpt>
      <trkpt lat="46.528982" lon="12.015732">
        <ele>2487.075</ele>
        <time>2026-10-02T13:09:15Z</time>
      </trkpt>
      <trkpt lat="46.528986" lon="12.015723">
        <ele>2487.057</ele>
        <time>2026-10-02T13:09:16Z</time>
      </trkpt>
      <trkpt lat="46.528991" lon="12.015714">
        <ele>2487.076</ele>
        <time>2026-10-02T13:09:17Z</time>
      </trkpt>
      <trkpt lat="46.528996" lon="12.015705">
        <ele>2487.047</ele>
        <time>2026-10-02T13:09:18Z</time>
      </trkpt>
      <trkpt lat="46.529001" lon="12.015696">
        <ele>2487.036</ele>
        <time>2026-10-02T13:09:19Z</time>
      </trkpt>
      <trkpt lat="46.529006" lon="12.015688">
        <ele>2487.068</ele>
        <time>2026-10-02T13:09:20Z</time>
      </trkpt>
      <trkpt lat="46.529011" lon="12.015679">
        <ele>2487.066</ele>
        <time>2026-10-02T13:09:21Z</time>
      </trkpt>
      <trkpt lat="46.529017" lon="12.015671">
        <ele>2487.029</ele>
        <time>2026-10-02T13:09:22Z</time>
      </trkpt>
      <trkpt lat="46.529022" lon="12.015664">
        <ele>2488.021</ele>
        <time>2026-10-02T13:09:23Z</time>
      </trkpt>
      <trkpt lat="46.529030" lon="12.015658">
        <ele>2489.009</ele>
        <time>2026-10-02T13:09:37Z</time>
      </trkpt>
      <trkpt lat="46.529035" lon="12.015653">
        <ele>2489.048</ele>
        <time>2026-10-02T13:09:38Z</time>
      </trkpt>
      <trkpt lat="46.529040" lon="12.015649">
        <ele>2489.034</ele>
        <time>2026-10-02T13:09:39Z</time>
      </trkpt>
      <trkpt lat="46.529044" lon="12.015647">
        <ele>2489.035</ele>
        <time>2026-10-02T13:09:40Z</time>
      </trkpt>
      <trkpt lat="46.529058" lon="12.015640">
        <ele>2490.076</ele>
        <time>2026-10-02T13:10:05Z</time>
      </trkpt>
      <trkpt lat="46.529069" lon="12.015636">
        <ele>2491.078</ele>
        <time>2026-10-02T13:11:07Z</time>
      </trkpt>
      <trkpt lat="46.529077" lon="12.015634">
        <ele>2491.027</ele>
        <time>2026-10-02T13:11:08Z</time>
      </trkpt>
      <trkpt lat="46.529084" lon="12.015632">
        <ele>2491.038</ele>
        <time>2026-10-02T13:11:09Z</time>
      </trkpt>
      <trkpt lat="46.529090" lon="12.015631">
        <ele>2491.067</ele>
        <time>2026-10-02T13:11:10Z</time>
      </trkpt>
      <trkpt lat="46.529092" lon="12.015629">
        <ele>2491.099</ele>
        <time>2026-10-02T13:11:11Z</time>
      </trkpt>
      <trkpt lat="46.529095" lon="12.015628">
        <ele>2491.014</ele>
        <time>2026-10-02T13:11:12Z</time>
      </trkpt>
      <trkpt lat="46.529097" lon="12.015626">
        <ele>2491.054</ele>
        <time>2026-10-02T13:11:13Z</time>
      </trkpt>
      <trkpt lat="46.529104" lon="12.015619">
        <ele>2491.009</ele>
        <time>2026-10-02T13:11:14Z</time>
      </trkpt>
      <trkpt lat="46.529110" lon="12.015611">
        <ele>2491.009</ele>
        <time>2026-10-02T13:11:15Z</time>
      </trkpt>
      <trkpt lat="46.529117" lon="12.015605">
        <ele>2491.053</ele>
        <time>2026-10-02T13:11:16Z</time>
      </trkpt>
      <trkpt lat="46.529125" lon="12.015599">
        <ele>2491.049</ele>
        <time>2026-10-02T13:11:17Z</time>
      </trkpt>
      <trkpt lat="46.529133" lon="12.015593">
        <ele>2491.020</ele>
        <time>2026-10-02T13:11:18Z</time>
      </trkpt>
      <trkpt lat="46.529141" lon="12.015587">
        <ele>2492.091</ele>
        <time>2026-10-02T13:11:19Z</time>
      </trkpt>
      <trkpt lat="46.529150" lon="12.015581">
        <ele>2492.063</ele>
        <time>2026-10-02T13:11:20Z</time>
      </trkpt>
      <trkpt lat="46.529158" lon="12.015574">
        <ele>2492.092</ele>
        <time>2026-10-02T13:11:21Z</time>
      </trkpt>
      <trkpt lat="46.529167" lon="12.015566">
        <ele>2492.053</ele>
        <time>2026-10-02T13:11:22Z</time>
      </trkpt>
      <trkpt lat="46.529175" lon="12.015558">
        <ele>2492.072</ele>
        <time>2026-10-02T13:11:23Z</time>
      </trkpt>
      <trkpt lat="46.529183" lon="12.015549">
        <ele>2492.084</ele>
        <time>2026-10-02T13:11:24Z</time>
      </trkpt>
      <trkpt lat="46.529191" lon="12.015541">
        <ele>2492.017</ele>
        <time>2026-10-02T13:11:25Z</time>
      </trkpt>
      <trkpt lat="46.529198" lon="12.015533">
        <ele>2492.087</ele>
        <time>2026-10-02T13:11:26Z</time>
      </trkpt>
      <trkpt lat="46.529205" lon="12.015525">
        <ele>2493.015</ele>
        <time>2026-10-02T13:11:27Z</time>
      </trkpt>
      <trkpt lat="46.529212" lon="12.015518">
        <ele>2493.009</ele>
        <time>2026-10-02T13:11:28Z</time>
      </trkpt>
      <trkpt lat="46.529220" lon="12.015512">
        <ele>2493.083</ele>
        <time>2026-10-02T13:11:29Z</time>
      </trkpt>
      <trkpt lat="46.529227" lon="12.015506">
        <ele>2493.039</ele>
        <time>2026-10-02T13:11:30Z</time>
      </trkpt>
      <trkpt lat="46.529234" lon="12.015500">
        <ele>2493.040</ele>
        <time>2026-10-02T13:11:31Z</time>
      </trkpt>
      <trkpt lat="46.529242" lon="12.015494">
        <ele>2493.031</ele>
        <time>2026-10-02T13:11:32Z</time>
      </trkpt>
      <trkpt lat="46.529251" lon="12.015488">
        <ele>2493.013</ele>
        <time>2026-10-02T13:11:33Z</time>
      </trkpt>
      <trkpt lat="46.529259" lon="12.015484">
        <ele>2493.062</ele>
        <time>2026-10-02T13:11:34Z</time>
      </trkpt>
      <trkpt lat="46.529267" lon="12.015481">
        <ele>2493.053</ele>
        <time>2026-10-02T13:11:35Z</time>
      </trkpt>
      <trkpt lat="46.529274" lon="12.015478">
        <ele>2493.082</ele>
        <time>2026-10-02T13:11:36Z</time>
      </trkpt>
      <trkpt lat="46.529281" lon="12.015476">
        <ele>2493.054</ele>
        <time>2026-10-02T13:11:37Z</time>
      </trkpt>
      <trkpt lat="46.529288" lon="12.015472">
        <ele>2493.055</ele>
        <time>2026-10-02T13:11:38Z</time>
      </trkpt>
      <trkpt lat="46.529294" lon="12.015468">
        <ele>2493.007</ele>
        <time>2026-10-02T13:11:39Z</time>
      </trkpt>
      <trkpt lat="46.529301" lon="12.015465">
        <ele>2493.017</ele>
        <time>2026-10-02T13:11:40Z</time>
      </trkpt>
      <trkpt lat="46.529308" lon="12.015462">
        <ele>2493.009</ele>
        <time>2026-10-02T13:11:41Z</time>
      </trkpt>
      <trkpt lat="46.529314" lon="12.015460">
        <ele>2493.017</ele>
        <time>2026-10-02T13:11:42Z</time>
      </trkpt>
      <trkpt lat="46.529320" lon="12.015457">
        <ele>2493.053</ele>
        <time>2026-10-02T13:11:43Z</time>
      </trkpt>
      <trkpt lat="46.529326" lon="12.015453">
        <ele>2493.014</ele>
        <time>2026-10-02T13:11:44Z</time>
      </trkpt>
      <trkpt lat="46.529331" lon="12.015448">
        <ele>2493.035</ele>
        <time>2026-10-02T13:11:45Z</time>
      </trkpt>
      <trkpt lat="46.529336" lon="12.015442">
        <ele>2493.097</ele>
        <time>2026-10-02T13:11:46Z</time>
      </trkpt>
      <trkpt lat="46.529341" lon="12.015437">
        <ele>2493.066</ele>
        <time>2026-10-02T13:11:47Z</time>
      </trkpt>
      <trkpt lat="46.529347" lon="12.015433">
        <ele>2493.037</ele>
        <time>2026-10-02T13:11:48Z</time>
      </trkpt>
      <trkpt lat="46.529354" lon="12.015431">
        <ele>2493.066</ele>
        <time>2026-10-02T13:11:49Z</time>
      </trkpt>
      <trkpt lat="46.529361" lon="12.015431">
        <ele>2493.028</ele>
        <time>2026-10-02T13:11:50Z</time>
      </trkpt>
      <trkpt lat="46.529368" lon="12.015432">
        <ele>2493.012</ele>
        <time>2026-10-02T13:11:51Z</time>
      </trkpt>
      <trkpt lat="46.529376" lon="12.015434">
        <ele>2493.032</ele>
        <time>2026-10-02T13:11:52Z</time>
      </trkpt>
      <trkpt lat="46.529384" lon="12.015435">
        <ele>2493.005</ele>
        <time>2026-10-02T13:11:53Z</time>
      </trkpt>
      <trkpt lat="46.529393" lon="12.015437">
        <ele>2493.009</ele>
        <time>2026-10-02T13:11:54Z</time>
      </trkpt>
      <trkpt lat="46.529401" lon="12.015437">
        <ele>2494.023</ele>
        <time>2026-10-02T13:11:55Z</time>
      </trkpt>
      <trkpt lat="46.529410" lon="12.015436">
        <ele>2494.049</ele>
        <time>2026-10-02T13:11:56Z</time>
      </trkpt>
      <trkpt lat="46.529418" lon="12.015435">
        <ele>2494.080</ele>
        <time>2026-10-02T13:11:57Z</time>
      </trkpt>
      <trkpt lat="46.529426" lon="12.015433">
        <ele>2494.061</ele>
        <time>2026-10-02T13:11:58Z</time>
      </trkpt>
      <trkpt lat="46.529433" lon="12.015430">
        <ele>2494.093</ele>
        <time>2026-10-02T13:11:59Z</time>
      </trkpt>
      <trkpt lat="46.529441" lon="12.015427">
        <ele>2494.042</ele>
        <time>2026-10-02T13:12:00Z</time>
      </trkpt>
      <trkpt lat="46.529449" lon="12.015424">
        <ele>2494.073</ele>
        <time>2026-10-02T13:12:01Z</time>
      </trkpt>
      <trkpt lat="46.529456" lon="12.015421">
        <ele>2494.032</ele>
        <time>2026-10-02T13:12:02Z</time>
      </trkpt>
      <trkpt lat="46.529462" lon="12.015417">
        <ele>2495.094</ele>
        <time>2026-10-02T13:12:03Z</time>
      </trkpt>
      <trkpt lat="46.529468" lon="12.015412">
        <ele>2495.087</ele>
        <time>2026-10-02T13:12:04Z</time>
      </trkpt>
      <trkpt lat="46.529473" lon="12.015407">
        <ele>2495.042</ele>
        <time>2026-10-02T13:12:05Z</time>
      </trkpt>
      <trkpt lat="46.529475" lon="12.015399">
        <ele>2495.026</ele>
        <time>2026-10-02T13:12:06Z</time>
      </trkpt>
      <trkpt lat="46.529475" lon="12.015390">
        <ele>2496.009</ele>
        <time>2026-10-02T13:12:07Z</time>
      </trkpt>
      <trkpt lat="46.529474" lon="12.015380">
        <ele>2496.020</ele>
        <time>2026-10-02T13:12:08Z</time>
      </trkpt>
      <trkpt lat="46.529473" lon="12.015369">
        <ele>2496.026</ele>
        <time>2026-10-02T13:12:09Z</time>
      </trkpt>
      <trkpt lat="46.529472" lon="12.015359">
        <ele>2496.027</ele>
        <time>2026-10-02T13:12:10Z</time>
      </trkpt>
      <trkpt lat="46.529473" lon="12.015349">
        <ele>2497.038</ele>
        <time>2026-10-02T13:12:11Z</time>
      </trkpt>
      <trkpt lat="46.529474" lon="12.015340">
        <ele>2497.070</ele>
        <time>2026-10-02T13:12:12Z</time>
      </trkpt>
      <trkpt lat="46.529477" lon="12.015331">
        <ele>2497.069</ele>
        <time>2026-10-02T13:12:13Z</time>
      </trkpt>
      <trkpt lat="46.529480" lon="12.015324">
        <ele>2497.030</ele>
        <time>2026-10-02T13:12:14Z</time>
      </trkpt>
      <trkpt lat="46.529484" lon="12.015317">
        <ele>2498.079</ele>
        <time>2026-10-02T13:12:15Z</time>
      </trkpt>
      <trkpt lat="46.529488" lon="12.015311">
        <ele>2498.011</ele>
        <time>2026-10-02T13:12:16Z</time>
      </trkpt>
      <trkpt lat="46.529493" lon="12.015305">
        <ele>2498.094</ele>
        <time>2026-10-02T13:12:17Z</time>
      </trkpt>
      <trkpt lat="46.529498" lon="12.015298">
        <ele>2498.057</ele>
        <time>2026-10-02T13:12:18Z</time>
      </trkpt>
      <trkpt lat="46.529502" lon="12.015292">
        <ele>2499.022</ele>
        <time>2026-10-02T13:12:19Z</time>
      </trkpt>
      <trkpt lat="46.529506" lon="12.015286">
        <ele>2499.009</ele>
        <time>2026-10-02T13:12:20Z</time>
      </trkpt>
      <trkpt lat="46.529508" lon="12.015279">
        <ele>2499.021</ele>
        <time>2026-10-02T13:12:21Z</time>
      </trkpt>
      <trkpt lat="46.529510" lon="12.015271">
        <ele>2499.047</ele>
        <time>2026-10-02T13:12:22Z</time>
      </trkpt>
      <trkpt lat="46.529512" lon="12.015260">
        <ele>2500.048</ele>
        <time>2026-10-02T13:12:23Z</time>
      </trkpt>
      <trkpt lat="46.529513" lon="12.015250">
        <ele>2500.099</ele>
        <time>2026-10-02T13:12:24Z</time>
      </trkpt>
      <trkpt lat="46.529515" lon="12.015241">
        <ele>2500.071</ele>
        <time>2026-10-02T13:12:25Z</time>
      </trkpt>
      <trkpt lat="46.529517" lon="12.015232">
        <ele>2500.060</ele>
        <time>2026-10-02T13:12:26Z</time>
      </trkpt>
      <trkpt lat="46.529518" lon="12.015228">
        <ele>2501.061</ele>
        <time>2026-10-02T13:12:27Z</time>
      </trkpt>
      <trkpt lat="46.529519" lon="12.015224">
        <ele>2501.010</ele>
        <time>2026-10-02T13:12:28Z</time>
      </trkpt>
      <trkpt lat="46.529520" lon="12.015221">
        <ele>2501.092</ele>
        <time>2026-10-02T13:12:29Z</time>
      </trkpt>
      <trkpt lat="46.529523" lon="12.015211">
        <ele>2501.069</ele>
        <time>2026-10-02T13:12:30Z</time>
      </trkpt>
      <trkpt lat="46.529525" lon="12.015203">
        <ele>2502.004</ele>
        <time>2026-10-02T13:12:31Z</time>
      </trkpt>
      <trkpt lat="46.529528" lon="12.015194">
        <ele>2502.024</ele>
        <time>2026-10-02T13:12:32Z</time>
      </trkpt>
      <trkpt lat="46.529530" lon="12.015184">
        <ele>2502.009</ele>
        <time>2026-10-02T13:12:33Z</time>
      </trkpt>
      <trkpt lat="46.529532" lon="12.015175">
        <ele>2502.098</ele>
        <time>2026-10-02T13:12:34Z</time>
      </trkpt>
      <trkpt lat="46.529534" lon="12.015166">
        <ele>2502.044</ele>
        <time>2026-10-02T13:12:35Z</time>
      </trkpt>
      <trkpt lat="46.529535" lon="12.015163">
        <ele>2502.025</ele>
        <time>2026-10-02T13:12:36Z</time>
      </trkpt>
      <trkpt lat="46.529536" lon="12.015160">
        <ele>2502.016</ele>
        <time>2026-10-02T13:12:37Z</time>
      </trkpt>
      <trkpt lat="46.529537" lon="12.015156">
        <ele>2502.058</ele>
        <time>2026-10-02T13:12:38Z</time>
      </trkpt>
      <trkpt lat="46.529540" lon="12.015146">
        <ele>2503.087</ele>
        <time>2026-10-02T13:12:39Z</time>
      </trkpt>
      <trkpt lat="46.529543" lon="12.015136">
        <ele>2503.058</ele>
        <time>2026-10-02T13:12:40Z</time>
      </trkpt>
      <trkpt lat="46.529546" lon="12.015126">
        <ele>2503.077</ele>
        <time>2026-10-02T13:12:41Z</time>
      </trkpt>
      <trkpt lat="46.529549" lon="12.015116">
        <ele>2503.039</ele>
        <time>2026-10-02T13:12:42Z</time>
      </trkpt>
      <trkpt lat="46.529551" lon="12.015106">
        <ele>2504.071</ele>
        <time>2026-10-02T13:12:43Z</time>
      </trkpt>
      <trkpt lat="46.529553" lon="12.015097">
        <ele>2504.041</ele>
        <time>2026-10-02T13:12:44Z</time>
      </trkpt>
      <trkpt lat="46.529555" lon="12.015087">
        <ele>2504.015</ele>
        <time>2026-10-02T13:12:45Z</time>
      </trkpt>
      <trkpt lat="46.529556" lon="12.015069">
        <ele>2506.009</ele>
        <time>2026-10-02T13:12:51Z</time>
      </trkpt>
      <trkpt lat="46.529556" lon="12.015054">
        <ele>2506.089</ele>
        <time>2026-10-02T13:12:52Z</time>
      </trkpt>
      <trkpt lat="46.529555" lon="12.015042">
        <ele>2506.055</ele>
        <time>2026-10-02T13:12:53Z</time>
      </trkpt>
      <trkpt lat="46.529553" lon="12.015030">
        <ele>2506.066</ele>
        <time>2026-10-02T13:12:54Z</time>
      </trkpt>
      <trkpt lat="46.529552" lon="12.015019">
        <ele>2506.037</ele>
        <time>2026-10-02T13:12:55Z</time>
      </trkpt>
      <trkpt lat="46.529552" lon="12.015007">
        <ele>2506.039</ele>
        <time>2026-10-02T13:12:56Z</time>
      </trkpt>
      <trkpt lat="46.529552" lon="12.014997">
        <ele>2506.098</ele>
        <time>2026-10-02T13:12:57Z</time>
      </trkpt>
      <trkpt lat="46.529554" lon="12.014975">
        <ele>2509.099</ele>
        <time>2026-10-02T13:13:19Z</time>
      </trkpt>
      <trkpt lat="46.529557" lon="12.014961">
        <ele>2509.088</ele>
        <time>2026-10-02T13:13:20Z</time>
      </trkpt>
      <trkpt lat="46.529560" lon="12.014953">
        <ele>2509.030</ele>
        <time>2026-10-02T13:13:21Z</time>
      </trkpt>
      <trkpt lat="46.529564" lon="12.014949">
        <ele>2509.037</ele>
        <time>2026-10-02T13:13:22Z</time>
      </trkpt>
      <trkpt lat="46.529571" lon="12.014948">
        <ele>2509.049</ele>
        <time>2026-10-02T13:13:23Z</time>
      </trkpt>
      <trkpt lat="46.529580" lon="12.014949">
        <ele>2512.013</ele>
        <time>2026-10-02T13:14:21Z</time>
      </trkpt>
      <trkpt lat="46.529587" lon="12.014947">
        <ele>2512.009</ele>
        <time>2026-10-02T13:14:22Z</time>
      </trkpt>
      <trkpt lat="46.529592" lon="12.014943">
        <ele>2512.095</ele>
        <time>2026-10-02T13:14:23Z</time>
      </trkpt>
      <trkpt lat="46.529597" lon="12.014937">
        <ele>2512.091</ele>
        <time>2026-10-02T13:14:24Z</time>
      </trkpt>
      <trkpt lat="46.529600" lon="12.014928">
        <ele>2513.032</ele>
        <time>2026-10-02T13:14:34Z</time>
      </trkpt>
      <trkpt lat="46.529603" lon="12.014921">
        <ele>2513.073</ele>
        <time>2026-10-02T13:14:35Z</time>
      </trkpt>
      <trkpt lat="46.529606" lon="12.014915">
        <ele>2513.025</ele>
        <time>2026-10-02T13:14:36Z</time>
      </trkpt>
      <trkpt lat="46.529609" lon="12.014911">
        <ele>2513.034</ele>
        <time>2026-10-02T13:14:37Z</time>
      </trkpt>
      <trkpt lat="46.529613" lon="12.014908">
        <ele>2513.085</ele>
        <time>2026-10-02T13:14:38Z</time>
      </trkpt>
      <trkpt lat="46.529624" lon="12.014895">
        <ele>2513.034</ele>
        <time>2026-10-02T13:14:45Z</time>
      </trkpt>
      <trkpt lat="46.529636" lon="12.014871">
        <ele>2516.016</ele>
        <time>2026-10-02T13:15:28Z</time>
      </trkpt>
      <trkpt lat="46.529644" lon="12.014854">
        <ele>2516.078</ele>
        <time>2026-10-02T13:15:29Z</time>
      </trkpt>
      <trkpt lat="46.529649" lon="12.014840">
        <ele>2516.033</ele>
        <time>2026-10-02T13:15:30Z</time>
      </trkpt>
      <trkpt lat="46.529652" lon="12.014828">
        <ele>2516.026</ele>
        <time>2026-10-02T13:15:31Z</time>
      </trkpt>
      <trkpt lat="46.529654" lon="12.014818">
        <ele>2516.009</ele>
        <time>2026-10-02T13:15:32Z</time>
      </trkpt>
      <trkpt lat="46.529656" lon="12.014807">
        <ele>2516.049</ele>
        <time>2026-10-02T13:15:33Z</time>
      </trkpt>
      <trkpt lat="46.529654" lon="12.014793">
        <ele>2517.075</ele>
        <time>2026-10-02T13:16:04Z</time>
      </trkpt>
      <trkpt lat="46.529652" lon="12.014782">
        <ele>2517.046</ele>
        <time>2026-10-02T13:16:05Z</time>
      </trkpt>
      <trkpt lat="46.529651" lon="12.014773">
        <ele>2517.087</ele>
        <time>2026-10-02T13:16:06Z</time>
      </trkpt>
      <trkpt lat="46.529650" lon="12.014765">
        <ele>2518.029</ele>
        <time>2026-10-02T13:16:07Z</time>
      </trkpt>
      <trkpt lat="46.529648" lon="12.014757">
        <ele>2518.088</ele>
        <time>2026-10-02T13:16:08Z</time>
      </trkpt>
      <trkpt lat="46.529646" lon="12.014748">
        <ele>2518.049</ele>
        <time>2026-10-02T13:16:09Z</time>
      </trkpt>
      <trkpt lat="46.529643" lon="12.014737">
        <ele>2518.028</ele>
        <time>2026-10-02T13:16:10Z</time>
      </trkpt>
      <trkpt lat="46.529640" lon="12.014728">
        <ele>2518.010</ele>
        <time>2026-10-02T13:16:11Z</time>
      </trkpt>
      <trkpt lat="46.529637" lon="12.014719">
        <ele>2518.051</ele>
        <time>2026-10-02T13:16:12Z</time>
      </trkpt>
      <trkpt lat="46.529632" lon="12.014698">
        <ele>2519.001</ele>
        <time>2026-10-02T13:16:26Z</time>
      </trkpt>
      <trkpt lat="46.529628" lon="12.014678">
        <ele>2521.011</ele>
        <time>2026-10-02T13:16:41Z</time>
      </trkpt>
      <trkpt lat="46.529625" lon="12.014664">
        <ele>2521.009</ele>
        <time>2026-10-02T13:16:42Z</time>
      </trkpt>
      <trkpt lat="46.529624" lon="12.014654">
        <ele>2521.017</ele>
        <time>2026-10-02T13:16:43Z</time>
      </trkpt>
      <trkpt lat="46.529624" lon="12.014645">
        <ele>2521.093</ele>
        <time>2026-10-02T13:16:44Z</time>
      </trkpt>
      <trkpt lat="46.529626" lon="12.014637">
        <ele>2521.094</ele>
        <time>2026-10-02T13:16:45Z</time>
      </trkpt>
      <trkpt lat="46.529635" lon="12.014623">
        <ele>2522.055</ele>
        <time>2026-10-02T13:16:54Z</time>
      </trkpt>
      <trkpt lat="46.529642" lon="12.014613">
        <ele>2523.057</ele>
        <time>2026-10-02T13:16:55Z</time>
      </trkpt>
      <trkpt lat="46.529649" lon="12.014605">
        <ele>2523.076</ele>
        <time>2026-10-02T13:16:56Z</time>
      </trkpt>
      <trkpt lat="46.529654" lon="12.014599">
        <ele>2523.017</ele>
        <time>2026-10-02T13:16:57Z</time>
      </trkpt>
      <trkpt lat="46.529660" lon="12.014594">
        <ele>2523.026</ele>
        <time>2026-10-02T13:16:58Z</time>
      </trkpt>
      <trkpt lat="46.529666" lon="12.014590">
        <ele>2524.098</ele>
        <time>2026-10-02T13:16:59Z</time>
      </trkpt>
      <trkpt lat="46.529673" lon="12.014587">
        <ele>2524.099</ele>
        <time>2026-10-02T13:17:00Z</time>
      </trkpt>
      <trkpt lat="46.529681" lon="12.014585">
        <ele>2524.007</ele>
        <time>2026-10-02T13:17:01Z</time>
      </trkpt>
      <trkpt lat="46.529688" lon="12.014582">
        <ele>2524.027</ele>
        <time>2026-10-02T13:17:02Z</time>
      </trkpt>
      <trkpt lat="46.529694" lon="12.014579">
        <ele>2524.009</ele>
        <time>2026-10-02T13:17:03Z</time>
      </trkpt>
      <trkpt lat="46.529700" lon="12.014574">
        <ele>2524.021</ele>
        <time>2026-10-02T13:17:04Z</time>
      </trkpt>
      <trkpt lat="46.529705" lon="12.014569">
        <ele>2524.037</ele>
        <time>2026-10-02T13:17:05Z</time>
      </trkpt>
      <trkpt lat="46.529710" lon="12.014562">
        <ele>2524.048</ele>
        <time>2026-10-02T13:17:06Z</time>
      </trkpt>
      <trkpt lat="46.529715" lon="12.014556">
        <ele>2524.079</ele>
        <time>2026-10-02T13:17:07Z</time>
      </trkpt>
      <trkpt lat="46.529719" lon="12.014550">
        <ele>2524.081</ele>
        <time>2026-10-02T13:17:08Z</time>
      </trkpt>
      <trkpt lat="46.529724" lon="12.014545">
        <ele>2524.090</ele>
        <time>2026-10-02T13:17:09Z</time>
      </trkpt>
      <trkpt lat="46.529729" lon="12.014542">
        <ele>2524.091</ele>
        <time>2026-10-02T13:17:10Z</time>
      </trkpt>
      <trkpt lat="46.529735" lon="12.014540">
        <ele>2525.020</ele>
        <time>2026-10-02T13:17:11Z</time>
      </trkpt>
      <trkpt lat="46.529737" lon="12.014540">
        <ele>2525.082</ele>
        <time>2026-10-02T13:17:12Z</time>
      </trkpt>
      <trkpt lat="46.529739" lon="12.014539">
        <ele>2525.037</ele>
        <time>2026-10-02T13:17:13Z</time>
      </trkpt>
      <trkpt lat="46.529742" lon="12.014538">
        <ele>2525.049</ele>
        <time>2026-10-02T13:17:14Z</time>
      </trkpt>
      <trkpt lat="46.529748" lon="12.014535">
        <ele>2525.013</ele>
        <time>2026-10-02T13:17:15Z</time>
      </trkpt>
      <trkpt lat="46.529755" lon="12.014532">
        <ele>2525.009</ele>
        <time>2026-10-02T13:17:16Z</time>
      </trkpt>
      <trkpt lat="46.529761" lon="12.014529">
        <ele>2525.095</ele>
        <time>2026-10-02T13:17:17Z</time>
      </trkpt>
      <trkpt lat="46.529768" lon="12.014526">
        <ele>2525.081</ele>
        <time>2026-10-02T13:17:18Z</time>
      </trkpt>
      <trkpt lat="46.529776" lon="12.014524">
        <ele>2526.062</ele>
        <time>2026-10-02T13:17:19Z</time>
      </trkpt>
      <trkpt lat="46.529778" lon="12.014523">
        <ele>2526.083</ele>
        <time>2026-10-02T13:17:20Z</time>
      </trkpt>
      <trkpt lat="46.529779" lon="12.014521">
        <ele>2526.085</ele>
        <time>2026-10-02T13:17:21Z</time>
      </trkpt>
      <trkpt lat="46.529781" lon="12.014519">
        <ele>2526.034</ele>
        <time>2026-10-02T13:17:22Z</time>
      </trkpt>
      <trkpt lat="46.529783" lon="12.014517">
        <ele>2526.045</ele>
        <time>2026-10-02T13:17:23Z</time>
      </trkpt>
      <trkpt lat="46.529785" lon="12.014516">
        <ele>2526.084</ele>
        <time>2026-10-02T13:17:24Z</time>
      </trkpt>
      <trkpt lat="46.529791" lon="12.014507">
        <ele>2526.036</ele>
        <time>2026-10-02T13:17:25Z</time>
      </trkpt>
      <trkpt lat="46.529796" lon="12.014499">
        <ele>2526.025</ele>
        <time>2026-10-02T13:17:26Z</time>
      </trkpt>
      <trkpt lat="46.529800" lon="12.014490">
        <ele>2527.026</ele>
        <time>2026-10-02T13:17:27Z</time>
      </trkpt>
      <trkpt lat="46.529801" lon="12.014487">
        <ele>2527.008</ele>
        <time>2026-10-02T13:17:28Z</time>
      </trkpt>
      <trkpt lat="46.529802" lon="12.014483">
        <ele>2527.009</ele>
        <time>2026-10-02T13:17:29Z</time>
      </trkpt>
      <trkpt lat="46.529803" lon="12.014480">
        <ele>2527.054</ele>
        <time>2026-10-02T13:17:30Z</time>
      </trkpt>
      <trkpt lat="46.529804" lon="12.014471">
        <ele>2527.020</ele>
        <time>2026-10-02T13:17:31Z</time>
      </trkpt>
      <trkpt lat="46.529803" lon="12.014464">
        <ele>2527.061</ele>
        <time>2026-10-02T13:17:32Z</time>
      </trkpt>
      <trkpt lat="46.529801" lon="12.014457">
        <ele>2527.072</ele>
        <time>2026-10-02T13:17:33Z</time>
      </trkpt>
      <trkpt lat="46.529800" lon="12.014450">
        <ele>2527.014</ele>
        <time>2026-10-02T13:17:34Z</time>
      </trkpt>
      <trkpt lat="46.529802" lon="12.014431">
        <ele>2529.053</ele>
        <time>2026-10-02T13:17:43Z</time>
      </trkpt>
      <trkpt lat="46.529802" lon="12.014426">
        <ele>2529.044</ele>
        <time>2026-10-02T13:17:44Z</time>
      </trkpt>
      <trkpt lat="46.529803" lon="12.014421">
        <ele>2529.053</ele>
        <time>2026-10-02T13:17:45Z</time>
      </trkpt>
      <trkpt lat="46.529803" lon="12.014416">
        <ele>2529.075</ele>
        <time>2026-10-02T13:17:46Z</time>
      </trkpt>
      <trkpt lat="46.529804" lon="12.014405">
        <ele>2530.049</ele>
        <time>2026-10-02T13:17:47Z</time>
      </trkpt>
      <trkpt lat="46.529804" lon="12.014396">
        <ele>2530.002</ele>
        <time>2026-10-02T13:17:48Z</time>
      </trkpt>
      <trkpt lat="46.529804" lon="12.014386">
        <ele>2530.022</ele>
        <time>2026-10-02T13:17:49Z</time>
      </trkpt>
      <trkpt lat="46.529806" lon="12.014376">
        <ele>2530.009</ele>
        <time>2026-10-02T13:17:50Z</time>
      </trkpt>
      <trkpt lat="46.529808" lon="12.014367">
        <ele>2530.066</ele>
        <time>2026-10-02T13:17:51Z</time>
      </trkpt>
      <trkpt lat="46.529812" lon="12.014359">
        <ele>2530.022</ele>
        <time>2026-10-02T13:17:52Z</time>
      </trkpt>
      <trkpt lat="46.529816" lon="12.014353">
        <ele>2530.083</ele>
        <time>2026-10-02T13:17:53Z</time>
      </trkpt>
      <trkpt lat="46.529820" lon="12.014348">
        <ele>2530.074</ele>
        <time>2026-10-02T13:17:54Z</time>
      </trkpt>
      <trkpt lat="46.529825" lon="12.014345">
        <ele>2531.096</ele>
        <time>2026-10-02T13:17:55Z</time>
      </trkpt>
      <trkpt lat="46.529830" lon="12.014341">
        <ele>2531.025</ele>
        <time>2026-10-02T13:17:56Z</time>
      </trkpt>
      <trkpt lat="46.529834" lon="12.014338">
        <ele>2531.086</ele>
        <time>2026-10-02T13:17:57Z</time>
      </trkpt>
      <trkpt lat="46.529842" lon="12.014322">
        <ele>2532.045</ele>
        <time>2026-10-02T13:18:07Z</time>
      </trkpt>
      <trkpt lat="46.529853" lon="12.014300">
        <ele>2534.087</ele>
        <time>2026-10-02T13:18:23Z</time>
      </trkpt>
      <trkpt lat="46.529863" lon="12.014282">
        <ele>2536.055</ele>
        <time>2026-10-02T13:18:42Z</time>
      </trkpt>
      <trkpt lat="46.529869" lon="12.014271">
        <ele>2536.007</ele>
        <time>2026-10-02T13:18:43Z</time>
      </trkpt>
      <trkpt lat="46.529875" lon="12.014262">
        <ele>2536.017</ele>
        <time>2026-10-02T13:18:44Z</time>
      </trkpt>
      <trkpt lat="46.529879" lon="12.014255">
        <ele>2536.009</ele>
        <time>2026-10-02T13:18:45Z</time>
      </trkpt>
      <trkpt lat="46.529883" lon="12.014248">
        <ele>2536.027</ele>
        <time>2026-10-02T13:18:46Z</time>
      </trkpt>
      <trkpt lat="46.529887" lon="12.014241">
        <ele>2536.073</ele>
        <time>2026-10-02T13:18:47Z</time>
      </trkpt>
      <trkpt lat="46.529890" lon="12.014233">
        <ele>2536.054</ele>
        <time>2026-10-02T13:18:48Z</time>
      </trkpt>
      <trkpt lat="46.529893" lon="12.014224">
        <ele>2536.025</ele>
        <time>2026-10-02T13:18:49Z</time>
      </trkpt>
      <trkpt lat="46.529898" lon="12.014214">
        <ele>2536.097</ele>
        <time>2026-10-02T13:18:50Z</time>
      </trkpt>
      <trkpt lat="46.529902" lon="12.014205">
        <ele>2537.086</ele>
        <time>2026-10-02T13:18:51Z</time>
      </trkpt>
      <trkpt lat="46.529904" lon="12.014201">
        <ele>2537.077</ele>
        <time>2026-10-02T13:18:52Z</time>
      </trkpt>
      <trkpt lat="46.529905" lon="12.014198">
        <ele>2537.066</ele>
        <time>2026-10-02T13:18:53Z</time>
      </trkpt>
      <trkpt lat="46.529906" lon="12.014194">
        <ele>2537.018</ele>
        <time>2026-10-02T13:18:54Z</time>
      </trkpt>
      <trkpt lat="46.529908" lon="12.014174">
        <ele>2540.057</ele>
        <time>2026-10-02T13:19:08Z</time>
      </trkpt>
      <trkpt lat="46.529909" lon="12.014159">
        <ele>2540.000</ele>
        <time>2026-10-02T13:19:09Z</time>
      </trkpt>
      <trkpt lat="46.529909" lon="12.014148">
        <ele>2540.020</ele>
        <time>2026-10-02T13:19:10Z</time>
      </trkpt>
      <trkpt lat="46.529908" lon="12.014139">
        <ele>2540.009</ele>
        <time>2026-10-02T13:19:11Z</time>
      </trkpt>
      <trkpt lat="46.529907" lon="12.014129">
        <ele>2540.027</ele>
        <time>2026-10-02T13:19:12Z</time>
      </trkpt>
      <trkpt lat="46.529906" lon="12.014120">
        <ele>2540.063</ele>
        <time>2026-10-02T13:19:13Z</time>
      </trkpt>
      <trkpt lat="46.529906" lon="12.014111">
        <ele>2540.094</ele>
        <time>2026-10-02T13:19:14Z</time>
      </trkpt>
      <trkpt lat="46.529906" lon="12.014102">
        <ele>2541.055</ele>
        <time>2026-10-02T13:19:15Z</time>
      </trkpt>
      <trkpt lat="46.529906" lon="12.014099">
        <ele>2541.097</ele>
        <time>2026-10-02T13:19:16Z</time>
      </trkpt>
      <trkpt lat="46.529907" lon="12.014095">
        <ele>2541.046</ele>
        <time>2026-10-02T13:19:17Z</time>
      </trkpt>
      <trkpt lat="46.529908" lon="12.014091">
        <ele>2541.097</ele>
        <time>2026-10-02T13:19:18Z</time>
      </trkpt>
      <trkpt lat="46.529910" lon="12.014082">
        <ele>2541.076</ele>
        <time>2026-10-02T13:19:19Z</time>
      </trkpt>
      <trkpt lat="46.529912" lon="12.014073">
        <ele>2541.068</ele>
        <time>2026-10-02T13:19:20Z</time>
      </trkpt>
      <trkpt lat="46.529913" lon="12.014065">
        <ele>2541.081</ele>
        <time>2026-10-02T13:19:21Z</time>
      </trkpt>
      <trkpt lat="46.529913" lon="12.014045">
        <ele>2544.061</ele>
        <time>2026-10-02T13:19:44Z</time>
      </trkpt>
      <trkpt lat="46.529914" lon="12.014018">
        <ele>2545.017</ele>
        <time>2026-10-02T13:19:52Z</time>
      </trkpt>
      <trkpt lat="46.529916" lon="12.013987">
        <ele>2545.009</ele>
        <time>2026-10-02T13:19:58Z</time>
      </trkpt>
      <trkpt lat="46.529917" lon="12.013963">
        <ele>2546.040</ele>
        <time>2026-10-02T13:19:59Z</time>
      </trkpt>
      <trkpt lat="46.529919" lon="12.013946">
        <ele>2546.026</ele>
        <time>2026-10-02T13:20:00Z</time>
      </trkpt>
      <trkpt lat="46.529920" lon="12.013931">
        <ele>2546.067</ele>
        <time>2026-10-02T13:20:01Z</time>
      </trkpt>
      <trkpt lat="46.529922" lon="12.013919">
        <ele>2546.078</ele>
        <time>2026-10-02T13:20:02Z</time>
      </trkpt>
      <trkpt lat="46.529924" lon="12.013907">
        <ele>2547.020</ele>
        <time>2026-10-02T13:20:03Z</time>
      </trkpt>
      <trkpt lat="46.529925" lon="12.013896">
        <ele>2547.049</ele>
        <time>2026-10-02T13:20:04Z</time>
      </trkpt>
      <trkpt lat="46.529928" lon="12.013886">
        <ele>2547.050</ele>
        <time>2026-10-02T13:20:05Z</time>
      </trkpt>
      <trkpt lat="46.529930" lon="12.013877">
        <ele>2547.089</ele>
        <time>2026-10-02T13:20:06Z</time>
      </trkpt>
      <trkpt lat="46.529931" lon="12.013868">
        <ele>2548.021</ele>
        <time>2026-10-02T13:20:07Z</time>
      </trkpt>
      <trkpt lat="46.529934" lon="12.013859">
        <ele>2548.022</ele>
        <time>2026-10-02T13:20:08Z</time>
      </trkpt>
      <trkpt lat="46.529936" lon="12.013848">
        <ele>2549.062</ele>
        <time>2026-10-02T13:20:14Z</time>
      </trkpt>
      <trkpt lat="46.529937" lon="12.013838">
        <ele>2549.008</ele>
        <time>2026-10-02T13:20:15Z</time>
      </trkpt>
      <trkpt lat="46.529939" lon="12.013830">
        <ele>2549.009</ele>
        <time>2026-10-02T13:20:16Z</time>
      </trkpt>
      <trkpt lat="46.529940" lon="12.013821">
        <ele>2549.034</ele>
        <time>2026-10-02T13:20:17Z</time>
      </trkpt>
      <trkpt lat="46.529941" lon="12.013814">
        <ele>2549.060</ele>
        <time>2026-10-02T13:20:18Z</time>
      </trkpt>
      <trkpt lat="46.529942" lon="12.013806">
        <ele>2550.041</ele>
        <time>2026-10-02T13:20:19Z</time>
      </trkpt>
      <trkpt lat="46.529943" lon="12.013799">
        <ele>2550.072</ele>
        <time>2026-10-02T13:20:20Z</time>
      </trkpt>
      <trkpt lat="46.529944" lon="12.013791">
        <ele>2550.084</ele>
        <time>2026-10-02T13:20:21Z</time>
      </trkpt>
      <trkpt lat="46.529944" lon="12.013783">
        <ele>2550.053</ele>
        <time>2026-10-02T13:20:22Z</time>
      </trkpt>
      <trkpt lat="46.529945" lon="12.013773">
        <ele>2550.084</ele>
        <time>2026-10-02T13:20:23Z</time>
      </trkpt>
      <trkpt lat="46.529947" lon="12.013764">
        <ele>2550.033</ele>
        <time>2026-10-02T13:20:24Z</time>
      </trkpt>
      <trkpt lat="46.529948" lon="12.013755">
        <ele>2550.015</ele>
        <time>2026-10-02T13:20:25Z</time>
      </trkpt>
      <trkpt lat="46.529950" lon="12.013744">
        <ele>2550.095</ele>
        <time>2026-10-02T13:20:26Z</time>
      </trkpt>
      <trkpt lat="46.529952" lon="12.013735">
        <ele>2551.049</ele>
        <time>2026-10-02T13:20:27Z</time>
      </trkpt>
      <trkpt lat="46.529955" lon="12.013726">
        <ele>2551.023</ele>
        <time>2026-10-02T13:20:28Z</time>
      </trkpt>
      <trkpt lat="46.529958" lon="12.013717">
        <ele>2551.009</ele>
        <time>2026-10-02T13:20:29Z</time>
      </trkpt>
      <trkpt lat="46.529960" lon="12.013709">
        <ele>2551.081</ele>
        <time>2026-10-02T13:20:30Z</time>
      </trkpt>
      <trkpt lat="46.529963" lon="12.013699">
        <ele>2552.097</ele>
        <time>2026-10-02T13:20:31Z</time>
      </trkpt>
      <trkpt lat="46.529966" lon="12.013690">
        <ele>2552.038</ele>
        <time>2026-10-02T13:20:32Z</time>
      </trkpt>
      <trkpt lat="46.529969" lon="12.013679">
        <ele>2552.069</ele>
        <time>2026-10-02T13:20:33Z</time>
      </trkpt>
      <trkpt lat="46.529972" lon="12.013669">
        <ele>2552.091</ele>
        <time>2026-10-02T13:20:34Z</time>
      </trkpt>
      <trkpt lat="46.529975" lon="12.013660">
        <ele>2553.030</ele>
        <time>2026-10-02T13:20:35Z</time>
      </trkpt>
      <trkpt lat="46.529977" lon="12.013651">
        <ele>2553.021</ele>
        <time>2026-10-02T13:20:36Z</time>
      </trkpt>
      <trkpt lat="46.529979" lon="12.013643">
        <ele>2553.030</ele>
        <time>2026-10-02T13:20:37Z</time>
      </trkpt>
      <trkpt lat="46.529981" lon="12.013635">
        <ele>2553.022</ele>
        <time>2026-10-02T13:20:38Z</time>
      </trkpt>
      <trkpt lat="46.529982" lon="12.013626">
        <ele>2554.047</ele>
        <time>2026-10-02T13:20:39Z</time>
      </trkpt>
      <trkpt lat="46.529984" lon="12.013616">
        <ele>2554.029</ele>
        <time>2026-10-02T13:20:40Z</time>
      </trkpt>
      <trkpt lat="46.529986" lon="12.013606">
        <ele>2554.021</ele>
        <time>2026-10-02T13:20:41Z</time>
      </trkpt>
      <trkpt lat="46.529989" lon="12.013597">
        <ele>2554.009</ele>
        <time>2026-10-02T13:20:42Z</time>
      </trkpt>
      <trkpt lat="46.529991" lon="12.013588">
        <ele>2555.076</ele>
        <time>2026-10-02T13:20:43Z</time>
      </trkpt>
      <trkpt lat="46.529995" lon="12.013578">
        <ele>2555.022</ele>
        <time>2026-10-02T13:20:44Z</time>
      </trkpt>
      <trkpt lat="46.529998" lon="12.013569">
        <ele>2555.073</ele>
        <time>2026-10-02T13:20:45Z</time>
      </trkpt>
      <trkpt lat="46.530001" lon="12.013561">
        <ele>2555.034</ele>
        <time>2026-10-02T13:20:46Z</time>
      </trkpt>
      <trkpt lat="46.530001" lon="12.013556">
        <ele>2558.046</ele>
        <time>2026-10-02T13:21:05Z</time>
      </trkpt>
      <trkpt lat="46.530001" lon="12.013551">
        <ele>2558.015</ele>
        <time>2026-10-02T13:21:06Z</time>
      </trkpt>
      <trkpt lat="46.530000" lon="12.013546">
        <ele>2559.076</ele>
        <time>2026-10-02T13:21:07Z</time>
      </trkpt>
      <trkpt lat="46.529999" lon="12.013539">
        <ele>2559.065</ele>
        <time>2026-10-02T13:21:08Z</time>
      </trkpt>
      <trkpt lat="46.530000" lon="12.013532">
        <ele>2559.037</ele>
        <time>2026-10-02T13:21:09Z</time>
      </trkpt>
      <trkpt lat="46.530002" lon="12.013523">
        <ele>2559.015</ele>
        <time>2026-10-02T13:21:10Z</time>
      </trkpt>
      <trkpt lat="46.530004" lon="12.013514">
        <ele>2559.065</ele>
        <time>2026-10-02T13:21:11Z</time>
      </trkpt>
      <trkpt lat="46.530007" lon="12.013505">
        <ele>2559.011</ele>
        <time>2026-10-02T13:21:12Z</time>
      </trkpt>
      <trkpt lat="46.530011" lon="12.013496">
        <ele>2559.009</ele>
        <time>2026-10-02T13:21:13Z</time>
      </trkpt>
      <trkpt lat="46.530014" lon="12.013487">
        <ele>2559.033</ele>
        <time>2026-10-02T13:21:14Z</time>
      </trkpt>
      <trkpt lat="46.530017" lon="12.013479">
        <ele>2559.039</ele>
        <time>2026-10-02T13:21:15Z</time>
      </trkpt>
      <trkpt lat="46.530020" lon="12.013470">
        <ele>2559.050</ele>
        <time>2026-10-02T13:21:16Z</time>
      </trkpt>
      <trkpt lat="46.530022" lon="12.013461">
        <ele>2559.041</ele>
        <time>2026-10-02T13:21:17Z</time>
      </trkpt>
      <trkpt lat="46.530024" lon="12.013453">
        <ele>2559.033</ele>
        <time>2026-10-02T13:21:18Z</time>
      </trkpt>
      <trkpt lat="46.530026" lon="12.013444">
        <ele>2560.022</ele>
        <time>2026-10-02T13:21:19Z</time>
      </trkpt>
      <trkpt lat="46.530029" lon="12.013436">
        <ele>2560.063</ele>
        <time>2026-10-02T13:21:20Z</time>
      </trkpt>
      <trkpt lat="46.530033" lon="12.013427">
        <ele>2560.072</ele>
        <time>2026-10-02T13:21:21Z</time>
      </trkpt>
      <trkpt lat="46.530037" lon="12.013419">
        <ele>2560.034</ele>
        <time>2026-10-02T13:21:22Z</time>
      </trkpt>
      <trkpt lat="46.530042" lon="12.013412">
        <ele>2561.058</ele>
        <time>2026-10-02T13:21:23Z</time>
      </trkpt>
      <trkpt lat="46.530048" lon="12.013405">
        <ele>2561.052</ele>
        <time>2026-10-02T13:21:24Z</time>
      </trkpt>
      <trkpt lat="46.530053" lon="12.013400">
        <ele>2561.017</ele>
        <time>2026-10-02T13:21:25Z</time>
      </trkpt>
      <trkpt lat="46.530059" lon="12.013389">
        <ele>2566.009</ele>
        <time>2026-10-02T13:22:17Z</time>
      </trkpt>
      <trkpt lat="46.530062" lon="12.013380">
        <ele>2566.047</ele>
        <time>2026-10-02T13:22:18Z</time>
      </trkpt>
      <trkpt lat="46.530064" lon="12.013373">
        <ele>2566.053</ele>
        <time>2026-10-02T13:22:19Z</time>
      </trkpt>
      <trkpt lat="46.530064" lon="12.013365">
        <ele>2566.084</ele>
        <time>2026-10-02T13:22:20Z</time>
      </trkpt>
      <trkpt lat="46.530061" lon="12.013356">
        <ele>2566.015</ele>
        <time>2026-10-02T13:22:21Z</time>
      </trkpt>
      <trkpt lat="46.530057" lon="12.013345">
        <ele>2566.047</ele>
        <time>2026-10-02T13:22:22Z</time>
      </trkpt>
      <trkpt lat="46.530052" lon="12.013334">
        <ele>2566.066</ele>
        <time>2026-10-02T13:22:23Z</time>
      </trkpt>
      <trkpt lat="46.530046" lon="12.013323">
        <ele>2566.037</ele>
        <time>2026-10-02T13:22:24Z</time>
      </trkpt>
      <trkpt lat="46.530040" lon="12.013313">
        <ele>2566.056</ele>
        <time>2026-10-02T13:22:25Z</time>
      </trkpt>
      <trkpt lat="46.530034" lon="12.013303">
        <ele>2566.018</ele>
        <time>2026-10-02T13:22:26Z</time>
      </trkpt>
      <trkpt lat="46.530029" lon="12.013294">
        <ele>2566.084</ele>
        <time>2026-10-02T13:22:27Z</time>
      </trkpt>
      <trkpt lat="46.530024" lon="12.013286">
        <ele>2566.007</ele>
        <time>2026-10-02T13:22:28Z</time>
      </trkpt>
      <trkpt lat="46.530021" lon="12.013278">
        <ele>2566.017</ele>
        <time>2026-10-02T13:22:29Z</time>
      </trkpt>
      <trkpt lat="46.530019" lon="12.013271">
        <ele>2566.009</ele>
        <time>2026-10-02T13:22:30Z</time>
      </trkpt>
      <trkpt lat="46.530017" lon="12.013264">
        <ele>2567.090</ele>
        <time>2026-10-02T13:22:31Z</time>
      </trkpt>
      <trkpt lat="46.530016" lon="12.013256">
        <ele>2567.066</ele>
        <time>2026-10-02T13:22:32Z</time>
      </trkpt>
      <trkpt lat="46.530012" lon="12.013247">
        <ele>2567.017</ele>
        <time>2026-10-02T13:22:33Z</time>
      </trkpt>
      <trkpt lat="46.530008" lon="12.013239">
        <ele>2567.088</ele>
        <time>2026-10-02T13:22:34Z</time>
      </trkpt>
      <trkpt lat="46.530004" lon="12.013231">
        <ele>2567.090</ele>
        <time>2026-10-02T13:22:35Z</time>
      </trkpt>
      <trkpt lat="46.530000" lon="12.013224">
        <ele>2567.059</ele>
        <time>2026-10-02T13:22:36Z</time>
      </trkpt>
      <trkpt lat="46.529996" lon="12.013204">
        <ele>2569.080</ele>
        <time>2026-10-02T13:22:55Z</time>
      </trkpt>
      <trkpt lat="46.529993" lon="12.013190">
        <ele>2569.029</ele>
        <time>2026-10-02T13:22:56Z</time>
      </trkpt>
      <trkpt lat="46.529991" lon="12.013177">
        <ele>2569.031</ele>
        <time>2026-10-02T13:22:57Z</time>
      </trkpt>
      <trkpt lat="46.529990" lon="12.013166">
        <ele>2569.014</ele>
        <time>2026-10-02T13:22:58Z</time>
      </trkpt>
      <trkpt lat="46.529990" lon="12.013155">
        <ele>2570.054</ele>
        <time>2026-10-02T13:22:59Z</time>
      </trkpt>
      <trkpt lat="46.529989" lon="12.013144">
        <ele>2570.009</ele>
        <time>2026-10-02T13:23:00Z</time>
      </trkpt>
      <trkpt lat="46.529987" lon="12.013138">
        <ele>2570.009</ele>
        <time>2026-10-02T13:23:01Z</time>
      </trkpt>
      <trkpt lat="46.529983" lon="12.013134">
        <ele>2570.043</ele>
        <time>2026-10-02T13:23:02Z</time>
      </trkpt>
      <trkpt lat="46.529977" lon="12.013132">
        <ele>2571.059</ele>
        <time>2026-10-02T13:23:03Z</time>
      </trkpt>
      <trkpt lat="46.529971" lon="12.013131">
        <ele>2571.060</ele>
        <time>2026-10-02T13:23:04Z</time>
      </trkpt>
      <trkpt lat="46.529971" lon="12.013128">
        <ele>2574.021</ele>
        <time>2026-10-02T13:26:35Z</time>
      </trkpt>
      <trkpt lat="46.529974" lon="12.013125">
        <ele>2574.053</ele>
        <time>2026-10-02T13:26:36Z</time>
      </trkpt>
      <trkpt lat="46.529977" lon="12.013122">
        <ele>2574.062</ele>
        <time>2026-10-02T13:26:37Z</time>
      </trkpt>
      <trkpt lat="46.529981" lon="12.013120">
        <ele>2574.013</ele>
        <time>2026-10-02T13:26:38Z</time>
      </trkpt>
      <trkpt lat="46.529987" lon="12.013118">
        <ele>2574.062</ele>
        <time>2026-10-02T13:26:39Z</time>
      </trkpt>
      <trkpt lat="46.529994" lon="12.013116">
        <ele>2574.044</ele>
        <time>2026-10-02T13:26:40Z</time>
      </trkpt>
      <trkpt lat="46.530003" lon="12.013116">
        <ele>2574.023</ele>
        <time>2026-10-02T13:26:41Z</time>
      </trkpt>
      <trkpt lat="46.530012" lon="12.013115">
        <ele>2574.083</ele>
        <time>2026-10-02T13:26:42Z</time>
      </trkpt>
      <trkpt lat="46.530021" lon="12.013115">
        <ele>2575.011</ele>
        <time>2026-10-02T13:26:43Z</time>
      </trkpt>
      <trkpt lat="46.530029" lon="12.013114">
        <ele>2575.009</ele>
        <time>2026-10-02T13:26:44Z</time>
      </trkpt>
      <trkpt lat="46.530037" lon="12.013113">
        <ele>2575.054</ele>
        <time>2026-10-02T13:26:45Z</time>
      </trkpt>
      <trkpt lat="46.530045" lon="12.013112">
        <ele>2575.060</ele>
        <time>2026-10-02T13:26:46Z</time>
      </trkpt>
      <trkpt lat="46.530053" lon="12.013110">
        <ele>2575.031</ele>
        <time>2026-10-02T13:26:47Z</time>
      </trkpt>
      <trkpt lat="46.530062" lon="12.013107">
        <ele>2575.032</ele>
        <time>2026-10-02T13:26:48Z</time>
      </trkpt>
      <trkpt lat="46.530070" lon="12.013103">
        <ele>2575.064</ele>
        <time>2026-10-02T13:26:49Z</time>
      </trkpt>
      <trkpt lat="46.530079" lon="12.013100">
        <ele>2575.073</ele>
        <time>2026-10-02T13:26:50Z</time>
      </trkpt>
      <trkpt lat="46.530089" lon="12.013096">
        <ele>2576.064</ele>
        <time>2026-10-02T13:26:51Z</time>
      </trkpt>
      <trkpt lat="46.530099" lon="12.013092">
        <ele>2576.043</ele>
        <time>2026-10-02T13:26:52Z</time>
      </trkpt>
      <trkpt lat="46.530109" lon="12.013087">
        <ele>2576.025</ele>
        <time>2026-10-02T13:26:53Z</time>
      </trkpt>
      <trkpt lat="46.530119" lon="12.013083">
        <ele>2576.048</ele>
        <time>2026-10-02T13:26:54Z</time>
      </trkpt>
      <trkpt lat="46.530129" lon="12.013078">
        <ele>2576.061</ele>
        <time>2026-10-02T13:26:55Z</time>
      </trkpt>
      <trkpt lat="46.530139" lon="12.013075">
        <ele>2576.017</ele>
        <time>2026-10-02T13:26:56Z</time>
      </trkpt>
      <trkpt lat="46.530149" lon="12.013072">
        <ele>2576.009</ele>
        <time>2026-10-02T13:26:57Z</time>
      </trkpt>
      <trkpt lat="46.530155" lon="12.013074">
        <ele>2578.046</ele>
        <time>2026-10-02T13:27:15Z</time>
      </trkpt>
      <trkpt lat="46.530161" lon="12.013076">
        <ele>2578.022</ele>
        <time>2026-10-02T13:27:16Z</time>
      </trkpt>
      <trkpt lat="46.530167" lon="12.013077">
        <ele>2578.023</ele>
        <time>2026-10-02T13:27:17Z</time>
      </trkpt>
      <trkpt lat="46.530173" lon="12.013078">
        <ele>2578.034</ele>
        <time>2026-10-02T13:27:18Z</time>
      </trkpt>
      <trkpt lat="46.530180" lon="12.013079">
        <ele>2578.026</ele>
        <time>2026-10-02T13:27:19Z</time>
      </trkpt>
      <trkpt lat="46.530187" lon="12.013079">
        <ele>2578.095</ele>
        <time>2026-10-02T13:27:20Z</time>
      </trkpt>
      <trkpt lat="46.530194" lon="12.013080">
        <ele>2578.046</ele>
        <time>2026-10-02T13:27:21Z</time>
      </trkpt>
      <trkpt lat="46.530201" lon="12.013079">
        <ele>2578.035</ele>
        <time>2026-10-02T13:27:22Z</time>
      </trkpt>
      <trkpt lat="46.530207" lon="12.013080">
        <ele>2578.067</ele>
        <time>2026-10-02T13:27:23Z</time>
      </trkpt>
      <trkpt lat="46.530213" lon="12.013080">
        <ele>2578.098</ele>
        <time>2026-10-02T13:27:24Z</time>
      </trkpt>
      <trkpt lat="46.530219" lon="12.013080">
        <ele>2578.015</ele>
        <time>2026-10-02T13:27:25Z</time>
      </trkpt>
      <trkpt lat="46.530225" lon="12.013079">
        <ele>2578.026</ele>
        <time>2026-10-02T13:27:26Z</time>
      </trkpt>
      <trkpt lat="46.530232" lon="12.013078">
        <ele>2578.009</ele>
        <time>2026-10-02T13:27:27Z</time>
      </trkpt>
      <trkpt lat="46.530239" lon="12.013075">
        <ele>2578.031</ele>
        <time>2026-10-02T13:27:28Z</time>
      </trkpt>
      <trkpt lat="46.530246" lon="12.013072">
        <ele>2578.077</ele>
        <time>2026-10-02T13:27:29Z</time>
      </trkpt>
      <trkpt lat="46.530253" lon="12.013068">
        <ele>2578.048</ele>
        <time>2026-10-02T13:27:30Z</time>
      </trkpt>
      <trkpt lat="46.530261" lon="12.013063">
        <ele>2578.029</ele>
        <time>2026-10-02T13:27:31Z</time>
      </trkpt>
      <trkpt lat="46.530269" lon="12.013058">
        <ele>2578.051</ele>
        <time>2026-10-02T13:27:32Z</time>
      </trkpt>
      <trkpt lat="46.530276" lon="12.013052">
        <ele>2578.010</ele>
        <time>2026-10-02T13:27:33Z</time>
      </trkpt>
      <trkpt lat="46.530284" lon="12.013044">
        <ele>2578.091</ele>
        <time>2026-10-02T13:27:34Z</time>
      </trkpt>
      <trkpt lat="46.530291" lon="12.013036">
        <ele>2578.030</ele>
        <time>2026-10-02T13:27:35Z</time>
      </trkpt>
      <trkpt lat="46.530297" lon="12.013026">
        <ele>2578.072</ele>
        <time>2026-10-02T13:27:36Z</time>
      </trkpt>
      <trkpt lat="46.530302" lon="12.013015">
        <ele>2578.043</ele>
        <time>2026-10-02T13:27:37Z</time>
      </trkpt>
      <trkpt lat="46.530308" lon="12.013004">
        <ele>2578.064</ele>
        <time>2026-10-02T13:27:38Z</time>
      </trkpt>
      <trkpt lat="46.530313" lon="12.012993">
        <ele>2579.010</ele>
        <time>2026-10-02T13:27:39Z</time>
      </trkpt>
      <trkpt lat="46.530318" lon="12.012982">
        <ele>2579.009</ele>
        <time>2026-10-02T13:27:40Z</time>
      </trkpt>
      <trkpt lat="46.530324" lon="12.012971">
        <ele>2579.086</ele>
        <time>2026-10-02T13:27:41Z</time>
      </trkpt>
      <trkpt lat="46.530329" lon="12.012961">
        <ele>2579.022</ele>
        <time>2026-10-02T13:27:42Z</time>
      </trkpt>
      <trkpt lat="46.530335" lon="12.012953">
        <ele>2579.093</ele>
        <time>2026-10-02T13:27:43Z</time>
      </trkpt>
      <trkpt lat="46.530341" lon="12.012945">
        <ele>2579.014</ele>
        <time>2026-10-02T13:27:44Z</time>
      </trkpt>
      <trkpt lat="46.530348" lon="12.012939">
        <ele>2579.016</ele>
        <time>2026-10-02T13:27:45Z</time>
      </trkpt>
      <trkpt lat="46.530355" lon="12.012934">
        <ele>2579.095</ele>
        <time>2026-10-02T13:27:46Z</time>
      </trkpt>
      <trkpt lat="46.530363" lon="12.012931">
        <ele>2579.036</ele>
        <time>2026-10-02T13:27:47Z</time>
      </trkpt>
      <trkpt lat="46.530370" lon="12.012929">
        <ele>2579.085</ele>
        <time>2026-10-02T13:27:48Z</time>
      </trkpt>
      <trkpt lat="46.530378" lon="12.012928">
        <ele>2579.027</ele>
        <time>2026-10-02T13:27:49Z</time>
      </trkpt>
      <trkpt lat="46.530385" lon="12.012929">
        <ele>2579.019</ele>
        <time>2026-10-02T13:27:50Z</time>
      </trkpt>
      <trkpt lat="46.530396" lon="12.012929">
        <ele>2580.009</ele>
        <time>2026-10-02T13:28:19Z</time>
      </trkpt>
      <trkpt lat="46.530401" lon="12.012928">
        <ele>2580.019</ele>
        <time>2026-10-02T13:28:20Z</time>
      </trkpt>
      <trkpt lat="46.530403" lon="12.012926">
        <ele>2580.009</ele>
        <time>2026-10-02T13:28:21Z</time>
      </trkpt>
      <trkpt lat="46.530401" lon="12.012921">
        <ele>2580.063</ele>
        <time>2026-10-02T13:28:22Z</time>
      </trkpt>
      <trkpt lat="46.530398" lon="12.012914">
        <ele>2580.099</ele>
        <time>2026-10-02T13:28:23Z</time>
      </trkpt>
      <trkpt lat="46.530393" lon="12.012905">
        <ele>2580.060</ele>
        <time>2026-10-02T13:28:24Z</time>
      </trkpt>
      <trkpt lat="46.530386" lon="12.012897">
        <ele>2580.041</ele>
        <time>2026-10-02T13:28:25Z</time>
      </trkpt>
      <trkpt lat="46.530379" lon="12.012889">
        <ele>2580.013</ele>
        <time>2026-10-02T13:28:26Z</time>
      </trkpt>
      <trkpt lat="46.530370" lon="12.012882">
        <ele>2580.092</ele>
        <time>2026-10-02T13:28:27Z</time>
      </trkpt>
      <trkpt lat="46.530362" lon="12.012873">
        <ele>2579.023</ele>
        <time>2026-10-02T13:28:28Z</time>
      </trkpt>
      <trkpt lat="46.530354" lon="12.012862">
        <ele>2579.052</ele>
        <time>2026-10-02T13:28:29Z</time>
      </trkpt>
      <trkpt lat="46.530350" lon="12.012850">
        <ele>2579.044</ele>
        <time>2026-10-02T13:28:30Z</time>
      </trkpt>
      <trkpt lat="46.530349" lon="12.012847">
        <ele>2579.093</ele>
        <time>2026-10-02T13:28:31Z</time>
      </trkpt>
      <trkpt lat="46.530348" lon="12.012844">
        <ele>2579.065</ele>
        <time>2026-10-02T13:28:32Z</time>
      </trkpt>
      <trkpt lat="46.530348" lon="12.012841">
        <ele>2579.021</ele>
        <time>2026-10-02T13:28:33Z</time>
      </trkpt>
      <trkpt lat="46.530347" lon="12.012838">
        <ele>2579.009</ele>
        <time>2026-10-02T13:28:34Z</time>
      </trkpt>
      <trkpt lat="46.530347" lon="12.012835">
        <ele>2580.081</ele>
        <time>2026-10-02T13:28:35Z</time>
      </trkpt>
      <trkpt lat="46.530346" lon="12.012824">
        <ele>2580.037</ele>
        <time>2026-10-02T13:28:36Z</time>
      </trkpt>
      <trkpt lat="46.530345" lon="12.012814">
        <ele>2580.098</ele>
        <time>2026-10-02T13:28:37Z</time>
      </trkpt>
      <trkpt lat="46.530345" lon="12.012804">
        <ele>2580.099</ele>
        <time>2026-10-02T13:28:38Z</time>
      </trkpt>
      <trkpt lat="46.530344" lon="12.012793">
        <ele>2580.081</ele>
        <time>2026-10-02T13:28:39Z</time>
      </trkpt>
      <trkpt lat="46.530343" lon="12.012781">
        <ele>2580.060</ele>
        <time>2026-10-02T13:28:40Z</time>
      </trkpt>
      <trkpt lat="46.530341" lon="12.012769">
        <ele>2580.071</ele>
        <time>2026-10-02T13:28:41Z</time>
      </trkpt>
      <trkpt lat="46.530338" lon="12.012757">
        <ele>2580.010</ele>
        <time>2026-10-02T13:28:42Z</time>
      </trkpt>
      <trkpt lat="46.530334" lon="12.012745">
        <ele>2580.022</ele>
        <time>2026-10-02T13:28:43Z</time>
      </trkpt>
      <trkpt lat="46.530329" lon="12.012734">
        <ele>2580.029</ele>
        <time>2026-10-02T13:28:44Z</time>
      </trkpt>
      <trkpt lat="46.530324" lon="12.012725">
        <ele>2580.000</ele>
        <time>2026-10-02T13:28:45Z</time>
      </trkpt>
      <trkpt lat="46.530320" lon="12.012716">
        <ele>2580.020</ele>
        <time>2026-10-02T13:28:46Z</time>
      </trkpt>
      <trkpt lat="46.530315" lon="12.012707">
        <ele>2580.009</ele>
        <time>2026-10-02T13:28:47Z</time>
      </trkpt>
      <trkpt lat="46.530309" lon="12.012698">
        <ele>2580.034</ele>
        <time>2026-10-02T13:28:48Z</time>
      </trkpt>
      <trkpt lat="46.530303" lon="12.012691">
        <ele>2580.040</ele>
        <time>2026-10-02T13:28:49Z</time>
      </trkpt>
      <trkpt lat="46.530295" lon="12.012686">
        <ele>2580.051</ele>
        <time>2026-10-02T13:28:50Z</time>
      </trkpt>
      <trkpt lat="46.530288" lon="12.012682">
        <ele>2581.032</ele>
        <time>2026-10-02T13:28:51Z</time>
      </trkpt>
      <trkpt lat="46.530281" lon="12.012678">
        <ele>2581.094</ele>
        <time>2026-10-02T13:28:52Z</time>
      </trkpt>
      <trkpt lat="46.530274" lon="12.012672">
        <ele>2581.013</ele>
        <time>2026-10-02T13:28:53Z</time>
      </trkpt>
      <trkpt lat="46.530266" lon="12.012666">
        <ele>2581.074</ele>
        <time>2026-10-02T13:28:54Z</time>
      </trkpt>
      <trkpt lat="46.530259" lon="12.012659">
        <ele>2582.063</ele>
        <time>2026-10-02T13:28:55Z</time>
      </trkpt>
      <trkpt lat="46.530251" lon="12.012653">
        <ele>2582.065</ele>
        <time>2026-10-02T13:28:56Z</time>
      </trkpt>
      <trkpt lat="46.530242" lon="12.012645">
        <ele>2582.076</ele>
        <time>2026-10-02T13:28:57Z</time>
      </trkpt>
      <trkpt lat="46.530234" lon="12.012637">
        <ele>2582.090</ele>
        <time>2026-10-02T13:28:58Z</time>
      </trkpt>
      <trkpt lat="46.530225" lon="12.012628">
        <ele>2583.019</ele>
        <time>2026-10-02T13:28:59Z</time>
      </trkpt>
      <trkpt lat="46.530217" lon="12.012618">
        <ele>2583.009</ele>
        <time>2026-10-02T13:29:00Z</time>
      </trkpt>
      <trkpt lat="46.530209" lon="12.012608">
        <ele>2583.069</ele>
        <time>2026-10-02T13:29:01Z</time>
      </trkpt>
      <trkpt lat="46.530201" lon="12.012599">
        <ele>2583.055</ele>
        <time>2026-10-02T13:29:02Z</time>
      </trkpt>
      <trkpt lat="46.530194" lon="12.012589">
        <ele>2584.086</ele>
        <time>2026-10-02T13:29:03Z</time>
      </trkpt>
      <trkpt lat="46.530188" lon="12.012578">
        <ele>2584.077</ele>
        <time>2026-10-02T13:29:04Z</time>
      </trkpt>
      <trkpt lat="46.530182" lon="12.012568">
        <ele>2584.059</ele>
        <time>2026-10-02T13:29:05Z</time>
      </trkpt>
      <trkpt lat="46.530176" lon="12.012557">
        <ele>2584.098</ele>
        <time>2026-10-02T13:29:06Z</time>
      </trkpt>
      <trkpt lat="46.530170" lon="12.012547">
        <ele>2585.099</ele>
        <time>2026-10-02T13:29:07Z</time>
      </trkpt>
      <trkpt lat="46.530163" lon="12.012537">
        <ele>2585.028</ele>
        <time>2026-10-02T13:29:08Z</time>
      </trkpt>
      <trkpt lat="46.530157" lon="12.012527">
        <ele>2585.020</ele>
        <time>2026-10-02T13:29:09Z</time>
      </trkpt>
      <trkpt lat="46.530151" lon="12.012516">
        <ele>2585.078</ele>
        <time>2026-10-02T13:29:10Z</time>
      </trkpt>
      <trkpt lat="46.530145" lon="12.012505">
        <ele>2586.033</ele>
        <time>2026-10-02T13:29:11Z</time>
      </trkpt>
      <trkpt lat="46.530140" lon="12.012494">
        <ele>2586.026</ele>
        <time>2026-10-02T13:29:12Z</time>
      </trkpt>
      <trkpt lat="46.530134" lon="12.012482">
        <ele>2586.009</ele>
        <time>2026-10-02T13:29:13Z</time>
      </trkpt>
      <trkpt lat="46.530129" lon="12.012469">
        <ele>2586.089</ele>
        <time>2026-10-02T13:29:14Z</time>
      </trkpt>
      <trkpt lat="46.530124" lon="12.012456">
        <ele>2587.035</ele>
        <time>2026-10-02T13:29:15Z</time>
      </trkpt>
      <trkpt lat="46.530120" lon="12.012443">
        <ele>2587.076</ele>
        <time>2026-10-02T13:29:16Z</time>
      </trkpt>
      <trkpt lat="46.530115" lon="12.012430">
        <ele>2587.017</ele>
        <time>2026-10-02T13:29:17Z</time>
      </trkpt>
      <trkpt lat="46.530111" lon="12.012416">
        <ele>2587.099</ele>
        <time>2026-10-02T13:29:18Z</time>
      </trkpt>
      <trkpt lat="46.530108" lon="12.012403">
        <ele>2588.078</ele>
        <time>2026-10-02T13:29:19Z</time>
      </trkpt>
      <trkpt lat="46.530106" lon="12.012393">
        <ele>2591.029</ele>
        <time>2026-10-02T13:29:28Z</time>
      </trkpt>
      <trkpt lat="46.530105" lon="12.012385">
        <ele>2591.058</ele>
        <time>2026-10-02T13:29:29Z</time>
      </trkpt>
      <trkpt lat="46.530104" lon="12.012378">
        <ele>2591.020</ele>
        <time>2026-10-02T13:29:30Z</time>
      </trkpt>
      <trkpt lat="46.530104" lon="12.012371">
        <ele>2592.091</ele>
        <time>2026-10-02T13:29:31Z</time>
      </trkpt>
      <trkpt lat="46.530102" lon="12.012363">
        <ele>2591.081</ele>
        <time>2026-10-02T13:29:32Z</time>
      </trkpt>
      <trkpt lat="46.530100" lon="12.012355">
        <ele>2591.019</ele>
        <time>2026-10-02T13:29:33Z</time>
      </trkpt>
      <trkpt lat="46.530096" lon="12.012346">
        <ele>2591.009</ele>
        <time>2026-10-02T13:29:34Z</time>
      </trkpt>
      <trkpt lat="46.530093" lon="12.012336">
        <ele>2591.031</ele>
        <time>2026-10-02T13:29:35Z</time>
      </trkpt>
      <trkpt lat="46.530090" lon="12.012327">
        <ele>2591.087</ele>
        <time>2026-10-02T13:29:36Z</time>
      </trkpt>
      <trkpt lat="46.530088" lon="12.012317">
        <ele>2591.048</ele>
        <time>2026-10-02T13:29:37Z</time>
      </trkpt>
      <trkpt lat="46.530084" lon="12.012307">
        <ele>2591.029</ele>
        <time>2026-10-02T13:29:38Z</time>
      </trkpt>
      <trkpt lat="46.530081" lon="12.012298">
        <ele>2591.061</ele>
        <time>2026-10-02T13:29:39Z</time>
      </trkpt>
      <trkpt lat="46.530076" lon="12.012290">
        <ele>2591.020</ele>
        <time>2026-10-02T13:29:40Z</time>
      </trkpt>
      <trkpt lat="46.530071" lon="12.012286">
        <ele>2591.081</ele>
        <time>2026-10-02T13:29:41Z</time>
      </trkpt>
      <trkpt lat="46.530065" lon="12.012283">
        <ele>2591.060</ele>
        <time>2026-10-02T13:29:42Z</time>
      </trkpt>
      <trkpt lat="46.530059" lon="12.012282">
        <ele>2592.042</ele>
        <time>2026-10-02T13:29:43Z</time>
      </trkpt>
      <trkpt lat="46.530052" lon="12.012280">
        <ele>2592.022</ele>
        <time>2026-10-02T13:29:44Z</time>
      </trkpt>
      <trkpt lat="46.530046" lon="12.012278">
        <ele>2592.062</ele>
        <time>2026-10-02T13:29:45Z</time>
      </trkpt>
      <trkpt lat="46.530040" lon="12.012274">
        <ele>2592.008</ele>
        <time>2026-10-02T13:29:46Z</time>
      </trkpt>
      <trkpt lat="46.530036" lon="12.012268">
        <ele>2593.009</ele>
        <time>2026-10-02T13:29:47Z</time>
      </trkpt>
      <trkpt lat="46.530033" lon="12.012260">
        <ele>2593.044</ele>
        <time>2026-10-02T13:29:48Z</time>
      </trkpt>
      <trkpt lat="46.530031" lon="12.012251">
        <ele>2593.020</ele>
        <time>2026-10-02T13:29:49Z</time>
      </trkpt>
      <trkpt lat="46.530031" lon="12.012240">
        <ele>2593.051</ele>
        <time>2026-10-02T13:29:50Z</time>
      </trkpt>
      <trkpt lat="46.530031" lon="12.012230">
        <ele>2594.092</ele>
        <time>2026-10-02T13:29:51Z</time>
      </trkpt>
      <trkpt lat="46.530031" lon="12.012220">
        <ele>2594.044</ele>
        <time>2026-10-02T13:29:52Z</time>
      </trkpt>
      <trkpt lat="46.530031" lon="12.012212">
        <ele>2594.093</ele>
        <time>2026-10-02T13:29:53Z</time>
      </trkpt>
      <trkpt lat="46.530032" lon="12.012203">
        <ele>2594.044</ele>
        <time>2026-10-02T13:29:54Z</time>
      </trkpt>
      <trkpt lat="46.530032" lon="12.012194">
        <ele>2594.013</ele>
        <time>2026-10-02T13:29:55Z</time>
      </trkpt>
      <trkpt lat="46.530033" lon="12.012185">
        <ele>2594.045</ele>
        <time>2026-10-02T13:29:56Z</time>
      </trkpt>
      <trkpt lat="46.530033" lon="12.012176">
        <ele>2594.069</ele>
        <time>2026-10-02T13:29:57Z</time>
      </trkpt>
      <trkpt lat="46.530033" lon="12.012168">
        <ele>2594.004</ele>
        <time>2026-10-02T13:29:58Z</time>
      </trkpt>
      <trkpt lat="46.530033" lon="12.012158">
        <ele>2595.024</ele>
        <time>2026-10-02T13:29:59Z</time>
      </trkpt>
      <trkpt lat="46.530031" lon="12.012147">
        <ele>2595.009</ele>
        <time>2026-10-02T13:30:00Z</time>
      </trkpt>
      <trkpt lat="46.530027" lon="12.012139">
        <ele>2595.048</ele>
        <time>2026-10-02T13:30:01Z</time>
      </trkpt>
      <trkpt lat="46.530023" lon="12.012132">
        <ele>2595.044</ele>
        <time>2026-10-02T13:30:02Z</time>
      </trkpt>
      <trkpt lat="46.530018" lon="12.012128">
        <ele>2596.055</ele>
        <time>2026-10-02T13:30:03Z</time>
      </trkpt>
      <trkpt lat="46.530012" lon="12.012126">
        <ele>2596.026</ele>
        <time>2026-10-02T13:30:04Z</time>
      </trkpt>
      <trkpt lat="46.529997" lon="12.012132">
        <ele>2597.058</ele>
        <time>2026-10-02T13:30:32Z</time>
      </trkpt>
      <trkpt lat="46.529990" lon="12.012126">
        <ele>2596.047</ele>
        <time>2026-10-02T13:31:39Z</time>
      </trkpt>
      <trkpt lat="46.529986" lon="12.012121">
        <ele>2596.058</ele>
        <time>2026-10-02T13:31:40Z</time>
      </trkpt>
      <trkpt lat="46.529984" lon="12.012115">
        <ele>2596.087</ele>
        <time>2026-10-02T13:31:41Z</time>
      </trkpt>
      <trkpt lat="46.529984" lon="12.012109">
        <ele>2596.059</ele>
        <time>2026-10-02T13:31:42Z</time>
      </trkpt>
      <trkpt lat="46.529987" lon="12.012100">
        <ele>2596.073</ele>
        <time>2026-10-02T13:31:43Z</time>
      </trkpt>
      <trkpt lat="46.529989" lon="12.012091">
        <ele>2596.085</ele>
        <time>2026-10-02T13:31:44Z</time>
      </trkpt>
      <trkpt lat="46.529991" lon="12.012083">
        <ele>2596.013</ele>
        <time>2026-10-02T13:31:45Z</time>
      </trkpt>
      <trkpt lat="46.529990" lon="12.012071">
        <ele>2596.009</ele>
        <time>2026-10-02T13:32:04Z</time>
      </trkpt>
      <trkpt lat="46.529989" lon="12.012063">
        <ele>2596.039</ele>
        <time>2026-10-02T13:32:05Z</time>
      </trkpt>
      <trkpt lat="46.529987" lon="12.012055">
        <ele>2596.095</ele>
        <time>2026-10-02T13:32:06Z</time>
      </trkpt>
      <trkpt lat="46.529986" lon="12.012047">
        <ele>2596.076</ele>
        <time>2026-10-02T13:32:07Z</time>
      </trkpt>
      <trkpt lat="46.529984" lon="12.012038">
        <ele>2596.057</ele>
        <time>2026-10-02T13:32:08Z</time>
      </trkpt>
      <trkpt lat="46.529983" lon="12.012028">
        <ele>2596.019</ele>
        <time>2026-10-02T13:32:09Z</time>
      </trkpt>
      <trkpt lat="46.529982" lon="12.012016">
        <ele>2596.098</ele>
        <time>2026-10-02T13:32:10Z</time>
      </trkpt>
      <trkpt lat="46.529981" lon="12.012004">
        <ele>2596.019</ele>
        <time>2026-10-02T13:32:11Z</time>
      </trkpt>
      <trkpt lat="46.529981" lon="12.011991">
        <ele>2596.098</ele>
        <time>2026-10-02T13:32:12Z</time>
      </trkpt>
      <trkpt lat="46.529980" lon="12.011979">
        <ele>2596.020</ele>
        <time>2026-10-02T13:32:13Z</time>
      </trkpt>
      <trkpt lat="46.529979" lon="12.011965">
        <ele>2596.074</ele>
        <time>2026-10-02T13:32:14Z</time>
      </trkpt>
      <trkpt lat="46.529978" lon="12.011952">
        <ele>2597.056</ele>
        <time>2026-10-02T13:32:15Z</time>
      </trkpt>
      <trkpt lat="46.529977" lon="12.011939">
        <ele>2597.021</ele>
        <time>2026-10-02T13:32:16Z</time>
      </trkpt>
      <trkpt lat="46.529974" lon="12.011929">
        <ele>2597.009</ele>
        <time>2026-10-02T13:32:17Z</time>
      </trkpt>
      <trkpt lat="46.529971" lon="12.011923">
        <ele>2597.019</ele>
        <time>2026-10-02T13:32:18Z</time>
      </trkpt>
      <trkpt lat="46.529966" lon="12.011919">
        <ele>2598.015</ele>
        <time>2026-10-02T13:32:19Z</time>
      </trkpt>
      <trkpt lat="46.529961" lon="12.011917">
        <ele>2598.036</ele>
        <time>2026-10-02T13:32:20Z</time>
      </trkpt>
      <trkpt lat="46.529956" lon="12.011915">
        <ele>2598.067</ele>
        <time>2026-10-02T13:32:21Z</time>
      </trkpt>
      <trkpt lat="46.529949" lon="12.011916">
        <ele>2598.049</ele>
        <time>2026-10-02T13:32:22Z</time>
      </trkpt>
      <trkpt lat="46.529941" lon="12.011918">
        <ele>2599.018</ele>
        <time>2026-10-02T13:32:23Z</time>
      </trkpt>
      <trkpt lat="46.529933" lon="12.011921">
        <ele>2599.089</ele>
        <time>2026-10-02T13:32:24Z</time>
      </trkpt>
      <trkpt lat="46.529925" lon="12.011925">
        <ele>2599.058</ele>
        <time>2026-10-02T13:32:25Z</time>
      </trkpt>
      <trkpt lat="46.529918" lon="12.011928">
        <ele>2599.090</ele>
        <time>2026-10-02T13:32:26Z</time>
      </trkpt>
      <trkpt lat="46.529912" lon="12.011931">
        <ele>2600.057</ele>
        <time>2026-10-02T13:32:27Z</time>
      </trkpt>
      <trkpt lat="46.529907" lon="12.011934">
        <ele>2600.000</ele>
        <time>2026-10-02T13:32:28Z</time>
      </trkpt>
      <trkpt lat="46.529901" lon="12.011937">
        <ele>2600.020</ele>
        <time>2026-10-02T13:32:29Z</time>
      </trkpt>
      <trkpt lat="46.529895" lon="12.011940">
        <ele>2600.009</ele>
        <time>2026-10-02T13:32:30Z</time>
      </trkpt>
      <trkpt lat="46.529888" lon="12.011944">
        <ele>2601.057</ele>
        <time>2026-10-02T13:32:31Z</time>
      </trkpt>
      <trkpt lat="46.529880" lon="12.011948">
        <ele>2601.083</ele>
        <time>2026-10-02T13:32:32Z</time>
      </trkpt>
      <trkpt lat="46.529872" lon="12.011953">
        <ele>2601.064</ele>
        <time>2026-10-02T13:32:33Z</time>
      </trkpt>
      <trkpt lat="46.529864" lon="12.011956">
        <ele>2601.085</ele>
        <time>2026-10-02T13:32:34Z</time>
      </trkpt>
      <trkpt lat="46.529857" lon="12.011960">
        <ele>2601.027</ele>
        <time>2026-10-02T13:32:35Z</time>
      </trkpt>
      <trkpt lat="46.529851" lon="12.011965">
        <ele>2601.016</ele>
        <time>2026-10-02T13:32:36Z</time>
      </trkpt>
      <trkpt lat="46.529846" lon="12.011971">
        <ele>2601.027</ele>
        <time>2026-10-02T13:32:37Z</time>
      </trkpt>
      <trkpt lat="46.529840" lon="12.011976">
        <ele>2601.096</ele>
        <time>2026-10-02T13:32:38Z</time>
      </trkpt>
      <trkpt lat="46.529829" lon="12.011989">
        <ele>2603.068</ele>
        <time>2026-10-02T13:32:50Z</time>
      </trkpt>
      <trkpt lat="46.529821" lon="12.011999">
        <ele>2603.089</ele>
        <time>2026-10-02T13:32:51Z</time>
      </trkpt>
      <trkpt lat="46.529815" lon="12.012007">
        <ele>2603.006</ele>
        <time>2026-10-02T13:32:52Z</time>
      </trkpt>
      <trkpt lat="46.529810" lon="12.012016">
        <ele>2603.026</ele>
        <time>2026-10-02T13:32:53Z</time>
      </trkpt>
      <trkpt lat="46.529807" lon="12.012025">
        <ele>2603.009</ele>
        <time>2026-10-02T13:32:54Z</time>
      </trkpt>
      <trkpt lat="46.529804" lon="12.012035">
        <ele>2604.060</ele>
        <time>2026-10-02T13:32:55Z</time>
      </trkpt>
      <trkpt lat="46.529802" lon="12.012045">
        <ele>2604.076</ele>
        <time>2026-10-02T13:32:56Z</time>
      </trkpt>
      <trkpt lat="46.529801" lon="12.012055">
        <ele>2604.037</ele>
        <time>2026-10-02T13:32:57Z</time>
      </trkpt>
      <trkpt lat="46.529801" lon="12.012065">
        <ele>2604.068</ele>
        <time>2026-10-02T13:32:58Z</time>
      </trkpt>
      <trkpt lat="46.529802" lon="12.012076">
        <ele>2604.020</ele>
        <time>2026-10-02T13:32:59Z</time>
      </trkpt>
      <trkpt lat="46.529803" lon="12.012086">
        <ele>2604.079</ele>
        <time>2026-10-02T13:33:00Z</time>
      </trkpt>
      <trkpt lat="46.529806" lon="12.012097">
        <ele>2604.050</ele>
        <time>2026-10-02T13:33:01Z</time>
      </trkpt>
      <trkpt lat="46.529810" lon="12.012107">
        <ele>2604.099</ele>
        <time>2026-10-02T13:33:02Z</time>
      </trkpt>
      <trkpt lat="46.529815" lon="12.012119">
        <ele>2605.031</ele>
        <time>2026-10-02T13:33:03Z</time>
      </trkpt>
      <trkpt lat="46.529819" lon="12.012130">
        <ele>2605.014</ele>
        <time>2026-10-02T13:33:04Z</time>
      </trkpt>
      <trkpt lat="46.529824" lon="12.012142">
        <ele>2605.054</ele>
        <time>2026-10-02T13:33:05Z</time>
      </trkpt>
      <trkpt lat="46.529828" lon="12.012153">
        <ele>2605.009</ele>
        <time>2026-10-02T13:33:06Z</time>
      </trkpt>
      <trkpt lat="46.529829" lon="12.012162">
        <ele>2606.009</ele>
        <time>2026-10-02T13:33:14Z</time>
      </trkpt>
      <trkpt lat="46.529829" lon="12.012170">
        <ele>2607.043</ele>
        <time>2026-10-02T13:33:15Z</time>
      </trkpt>
      <trkpt lat="46.529829" lon="12.012177">
        <ele>2607.019</ele>
        <time>2026-10-02T13:33:16Z</time>
      </trkpt>
      <trkpt lat="46.529829" lon="12.012186">
        <ele>2607.060</ele>
        <time>2026-10-02T13:33:17Z</time>
      </trkpt>
      <trkpt lat="46.529829" lon="12.012196">
        <ele>2607.041</ele>
        <time>2026-10-02T13:33:18Z</time>
      </trkpt>
      <trkpt lat="46.529829" lon="12.012208">
        <ele>2607.073</ele>
        <time>2026-10-02T13:33:19Z</time>
      </trkpt>
      <trkpt lat="46.529828" lon="12.012219">
        <ele>2607.092</ele>
        <time>2026-10-02T13:33:20Z</time>
      </trkpt>
      <trkpt lat="46.529826" lon="12.012229">
        <ele>2607.083</ele>
        <time>2026-10-02T13:33:21Z</time>
      </trkpt>
      <trkpt lat="46.529822" lon="12.012237">
        <ele>2607.072</ele>
        <time>2026-10-02T13:33:22Z</time>
      </trkpt>
      <trkpt lat="46.529818" lon="12.012241">
        <ele>2608.074</ele>
        <time>2026-10-02T13:33:23Z</time>
      </trkpt>
      <trkpt lat="46.529813" lon="12.012240">
        <ele>2608.051</ele>
        <time>2026-10-02T13:33:24Z</time>
      </trkpt>
      <trkpt lat="46.529810" lon="12.012235">
        <ele>2608.001</ele>
        <time>2026-10-02T13:33:25Z</time>
      </trkpt>
      <trkpt lat="46.529809" lon="12.012233">
        <ele>2608.011</ele>
        <time>2026-10-02T13:33:26Z</time>
      </trkpt>
      <trkpt lat="46.529808" lon="12.012230">
        <ele>2608.009</ele>
        <time>2026-10-02T13:33:27Z</time>
      </trkpt>
      <trkpt lat="46.529807" lon="12.012227">
        <ele>2608.027</ele>
        <time>2026-10-02T13:33:28Z</time>
      </trkpt>
      <trkpt lat="46.529805" lon="12.012222">
        <ele>2608.013</ele>
        <time>2026-10-02T13:33:29Z</time>
      </trkpt>
      <trkpt lat="46.529802" lon="12.012219">
        <ele>2608.044</ele>
        <time>2026-10-02T13:33:30Z</time>
      </trkpt>
      <trkpt lat="46.529799" lon="12.012218">
        <ele>2609.065</ele>
        <time>2026-10-02T13:33:31Z</time>
      </trkpt>
      <trkpt lat="46.529795" lon="12.012218">
        <ele>2609.027</ele>
        <time>2026-10-02T13:33:32Z</time>
      </trkpt>
      <trkpt lat="46.529791" lon="12.012220">
        <ele>2609.066</ele>
        <time>2026-10-02T13:33:33Z</time>
      </trkpt>
      <trkpt lat="46.529786" lon="12.012223">
        <ele>2609.017</ele>
        <time>2026-10-02T13:33:34Z</time>
      </trkpt>
      <trkpt lat="46.529781" lon="12.012228">
        <ele>2610.076</ele>
        <time>2026-10-02T13:33:35Z</time>
      </trkpt>
      <trkpt lat="46.529774" lon="12.012232">
        <ele>2610.018</ele>
        <time>2026-10-02T13:33:36Z</time>
      </trkpt>
      <trkpt lat="46.529767" lon="12.012235">
        <ele>2610.072</ele>
        <time>2026-10-02T13:33:37Z</time>
      </trkpt>
      <trkpt lat="46.529760" lon="12.012234">
        <ele>2610.013</ele>
        <time>2026-10-02T13:33:38Z</time>
      </trkpt>
      <trkpt lat="46.529753" lon="12.012230">
        <ele>2611.014</ele>
        <time>2026-10-02T13:33:39Z</time>
      </trkpt>
      <trkpt lat="46.529747" lon="12.012222">
        <ele>2611.009</ele>
        <time>2026-10-02T13:33:40Z</time>
      </trkpt>
      <trkpt lat="46.529742" lon="12.012212">
        <ele>2611.099</ele>
        <time>2026-10-02T13:33:41Z</time>
      </trkpt>
      <trkpt lat="46.529737" lon="12.012201">
        <ele>2611.075</ele>
        <time>2026-10-02T13:33:42Z</time>
      </trkpt>
      <trkpt lat="46.529734" lon="12.012190">
        <ele>2612.076</ele>
        <time>2026-10-02T13:33:43Z</time>
      </trkpt>
      <trkpt lat="46.529731" lon="12.012180">
        <ele>2612.047</ele>
        <time>2026-10-02T13:33:44Z</time>
      </trkpt>
      <trkpt lat="46.529727" lon="12.012174">
        <ele>2612.019</ele>
        <time>2026-10-02T13:33:45Z</time>
      </trkpt>
      <trkpt lat="46.529722" lon="12.012169">
        <ele>2612.068</ele>
        <time>2026-10-02T13:33:46Z</time>
      </trkpt>
      <trkpt lat="46.529717" lon="12.012164">
        <ele>2613.029</ele>
        <time>2026-10-02T13:33:47Z</time>
      </trkpt>
      <trkpt lat="46.529712" lon="12.012161">
        <ele>2613.088</ele>
        <time>2026-10-02T13:33:48Z</time>
      </trkpt>
      <trkpt lat="46.529706" lon="12.012159">
        <ele>2613.010</ele>
        <time>2026-10-02T13:33:49Z</time>
      </trkpt>
      <trkpt lat="46.529696" lon="12.012155">
        <ele>2616.026</ele>
        <time>2026-10-02T13:34:06Z</time>
      </trkpt>
      <trkpt lat="46.529690" lon="12.012151">
        <ele>2616.047</ele>
        <time>2026-10-02T13:34:07Z</time>
      </trkpt>
      <trkpt lat="46.529685" lon="12.012147">
        <ele>2616.011</ele>
        <time>2026-10-02T13:34:08Z</time>
      </trkpt>
      <trkpt lat="46.529681" lon="12.012141">
        <ele>2616.009</ele>
        <time>2026-10-02T13:34:09Z</time>
      </trkpt>
      <trkpt lat="46.529680" lon="12.012135">
        <ele>2616.084</ele>
        <time>2026-10-02T13:34:10Z</time>
      </trkpt>
      <trkpt lat="46.529673" lon="12.012121">
        <ele>2616.020</ele>
        <time>2026-10-02T13:34:17Z</time>
      </trkpt>
      <trkpt lat="46.529666" lon="12.012113">
        <ele>2616.071</ele>
        <time>2026-10-02T13:34:18Z</time>
      </trkpt>
      <trkpt lat="46.529661" lon="12.012107">
        <ele>2617.042</ele>
        <time>2026-10-02T13:34:19Z</time>
      </trkpt>
      <trkpt lat="46.529654" lon="12.012104">
        <ele>2617.064</ele>
        <time>2026-10-02T13:34:20Z</time>
      </trkpt>
      <trkpt lat="46.529647" lon="12.012103">
        <ele>2617.073</ele>
        <time>2026-10-02T13:34:21Z</time>
      </trkpt>
      <trkpt lat="46.529640" lon="12.012101">
        <ele>2617.054</ele>
        <time>2026-10-02T13:34:22Z</time>
      </trkpt>
      <trkpt lat="46.529632" lon="12.012098">
        <ele>2617.053</ele>
        <time>2026-10-02T13:34:23Z</time>
      </trkpt>
      <trkpt lat="46.529625" lon="12.012095">
        <ele>2617.015</ele>
        <time>2026-10-02T13:34:24Z</time>
      </trkpt>
      <trkpt lat="46.529613" lon="12.012082">
        <ele>2619.077</ele>
        <time>2026-10-02T13:34:53Z</time>
      </trkpt>
      <trkpt lat="46.529605" lon="12.012073">
        <ele>2619.061</ele>
        <time>2026-10-02T13:34:54Z</time>
      </trkpt>
      <trkpt lat="46.529599" lon="12.012064">
        <ele>2619.027</ele>
        <time>2026-10-02T13:34:55Z</time>
      </trkpt>
      <trkpt lat="46.529593" lon="12.012057">
        <ele>2619.009</ele>
        <time>2026-10-02T13:34:56Z</time>
      </trkpt>
      <trkpt lat="46.529594" lon="12.012046">
        <ele>2619.019</ele>
        <time>2026-10-02T13:35:12Z</time>
      </trkpt>
      <trkpt lat="46.529594" lon="12.012038">
        <ele>2619.055</ele>
        <time>2026-10-02T13:35:13Z</time>
      </trkpt>
      <trkpt lat="46.529592" lon="12.012031">
        <ele>2619.036</ele>
        <time>2026-10-02T13:35:14Z</time>
      </trkpt>
      <trkpt lat="46.529588" lon="12.012025">
        <ele>2619.047</ele>
        <time>2026-10-02T13:35:15Z</time>
      </trkpt>
      <trkpt lat="46.529583" lon="12.012017">
        <ele>2619.079</ele>
        <time>2026-10-02T13:35:16Z</time>
      </trkpt>
      <trkpt lat="46.529577" lon="12.012009">
        <ele>2619.088</ele>
        <time>2026-10-02T13:35:17Z</time>
      </trkpt>
      <trkpt lat="46.529569" lon="12.012001">
        <ele>2619.039</ele>
        <time>2026-10-02T13:35:18Z</time>
      </trkpt>
      <trkpt lat="46.529561" lon="12.011995">
        <ele>2619.088</ele>
        <time>2026-10-02T13:35:19Z</time>
      </trkpt>
      <trkpt lat="46.529554" lon="12.011990">
        <ele>2619.040</ele>
        <time>2026-10-02T13:35:20Z</time>
      </trkpt>
      <trkpt lat="46.529545" lon="12.011976">
        <ele>2619.034</ele>
        <time>2026-10-02T13:36:47Z</time>
      </trkpt>
      <trkpt lat="46.529539" lon="12.011966">
        <ele>2619.055</ele>
        <time>2026-10-02T13:36:48Z</time>
      </trkpt>
      <trkpt lat="46.529534" lon="12.011958">
        <ele>2619.010</ele>
        <time>2026-10-02T13:36:49Z</time>
      </trkpt>
      <trkpt lat="46.529530" lon="12.011951">
        <ele>2619.009</ele>
        <time>2026-10-02T13:36:50Z</time>
      </trkpt>
      <trkpt lat="46.529526" lon="12.011944">
        <ele>2619.045</ele>
        <time>2026-10-02T13:36:51Z</time>
      </trkpt>
      <trkpt lat="46.529521" lon="12.011937">
        <ele>2619.081</ele>
        <time>2026-10-02T13:36:52Z</time>
      </trkpt>
      <trkpt lat="46.529517" lon="12.011931">
        <ele>2619.062</ele>
        <time>2026-10-02T13:36:53Z</time>
      </trkpt>
      <trkpt lat="46.529512" lon="12.011923">
        <ele>2619.023</ele>
        <time>2026-10-02T13:36:54Z</time>
      </trkpt>
      <trkpt lat="46.529508" lon="12.011916">
        <ele>2619.015</ele>
        <time>2026-10-02T13:36:55Z</time>
      </trkpt>
      <trkpt lat="46.529503" lon="12.011908">
        <ele>2619.064</ele>
        <time>2026-10-02T13:36:56Z</time>
      </trkpt>
      <trkpt lat="46.529499" lon="12.011899">
        <ele>2619.055</ele>
        <time>2026-10-02T13:36:57Z</time>
      </trkpt>
      <trkpt lat="46.529496" lon="12.011887">
        <ele>2619.014</ele>
        <time>2026-10-02T13:36:58Z</time>
      </trkpt>
      <trkpt lat="46.529493" lon="12.011878">
        <ele>2619.036</ele>
        <time>2026-10-02T13:36:59Z</time>
      </trkpt>
      <trkpt lat="46.529491" lon="12.011869">
        <ele>2619.032</ele>
        <time>2026-10-02T13:37:00Z</time>
      </trkpt>
      <trkpt lat="46.529488" lon="12.011861">
        <ele>2619.092</ele>
        <time>2026-10-02T13:37:01Z</time>
      </trkpt>
      <trkpt lat="46.529485" lon="12.011855">
        <ele>2619.011</ele>
        <time>2026-10-02T13:37:02Z</time>
      </trkpt>
      <trkpt lat="46.529481" lon="12.011850">
        <ele>2620.009</ele>
        <time>2026-10-02T13:37:03Z</time>
      </trkpt>
      <trkpt lat="46.529476" lon="12.011844">
        <ele>2620.055</ele>
        <time>2026-10-02T13:37:04Z</time>
      </trkpt>
      <trkpt lat="46.529471" lon="12.011838">
        <ele>2620.081</ele>
        <time>2026-10-02T13:37:05Z</time>
      </trkpt>
      <trkpt lat="46.529468" lon="12.011831">
        <ele>2621.092</ele>
        <time>2026-10-02T13:37:22Z</time>
      </trkpt>
      <trkpt lat="46.529466" lon="12.011826">
        <ele>2621.053</ele>
        <time>2026-10-02T13:37:23Z</time>
      </trkpt>
      <trkpt lat="46.529465" lon="12.011820">
        <ele>2621.065</ele>
        <time>2026-10-02T13:37:24Z</time>
      </trkpt>
      <trkpt lat="46.529464" lon="12.011814">
        <ele>2621.094</ele>
        <time>2026-10-02T13:37:25Z</time>
      </trkpt>
      <trkpt lat="46.529462" lon="12.011806">
        <ele>2621.045</ele>
        <time>2026-10-02T13:37:26Z</time>
      </trkpt>
      <trkpt lat="46.529460" lon="12.011796">
        <ele>2621.094</ele>
        <time>2026-10-02T13:37:27Z</time>
      </trkpt>
      <trkpt lat="46.529459" lon="12.011786">
        <ele>2621.016</ele>
        <time>2026-10-02T13:37:28Z</time>
      </trkpt>
      <trkpt lat="46.529457" lon="12.011775">
        <ele>2621.018</ele>
        <time>2026-10-02T13:37:29Z</time>
      </trkpt>
      <trkpt lat="46.529457" lon="12.011765">
        <ele>2621.098</ele>
        <time>2026-10-02T13:37:30Z</time>
      </trkpt>
      <trkpt lat="46.529457" lon="12.011755">
        <ele>2622.017</ele>
        <time>2026-10-02T13:37:31Z</time>
      </trkpt>
      <trkpt lat="46.529456" lon="12.011744">
        <ele>2622.009</ele>
        <time>2026-10-02T13:37:32Z</time>
      </trkpt>
      <trkpt lat="46.529456" lon="12.011734">
        <ele>2622.033</ele>
        <time>2026-10-02T13:37:33Z</time>
      </trkpt>
      <trkpt lat="46.529456" lon="12.011724">
        <ele>2622.029</ele>
        <time>2026-10-02T13:37:34Z</time>
      </trkpt>
      <trkpt lat="46.529455" lon="12.011715">
        <ele>2622.010</ele>
        <time>2026-10-02T13:37:35Z</time>
      </trkpt>
      <trkpt lat="46.529454" lon="12.011711">
        <ele>2622.041</ele>
        <time>2026-10-02T13:37:36Z</time>
      </trkpt>
      <trkpt lat="46.529453" lon="12.011707">
        <ele>2622.083</ele>
        <time>2026-10-02T13:37:37Z</time>
      </trkpt>
      <trkpt lat="46.529452" lon="12.011703">
        <ele>2622.012</ele>
        <time>2026-10-02T13:37:38Z</time>
      </trkpt>
      <trkpt lat="46.529449" lon="12.011693">
        <ele>2623.073</ele>
        <time>2026-10-02T13:37:39Z</time>
      </trkpt>
      <trkpt lat="46.529447" lon="12.011682">
        <ele>2623.062</ele>
        <time>2026-10-02T13:37:40Z</time>
      </trkpt>
      <trkpt lat="46.529446" lon="12.011672">
        <ele>2623.054</ele>
        <time>2026-10-02T13:37:41Z</time>
      </trkpt>
      <trkpt lat="46.529444" lon="12.011661">
        <ele>2623.068</ele>
        <time>2026-10-02T13:37:42Z</time>
      </trkpt>
      <trkpt lat="46.529444" lon="12.011650">
        <ele>2624.042</ele>
        <time>2026-10-02T13:37:43Z</time>
      </trkpt>
      <trkpt lat="46.529445" lon="12.011639">
        <ele>2624.026</ele>
        <time>2026-10-02T13:37:44Z</time>
      </trkpt>
      <trkpt lat="46.529446" lon="12.011629">
        <ele>2624.009</ele>
        <time>2026-10-02T13:37:45Z</time>
      </trkpt>
      <trkpt lat="46.529446" lon="12.011619">
        <ele>2624.028</ele>
        <time>2026-10-02T13:37:46Z</time>
      </trkpt>
      <trkpt lat="46.529447" lon="12.011610">
        <ele>2625.014</ele>
        <time>2026-10-02T13:37:47Z</time>
      </trkpt>
      <trkpt lat="46.529448" lon="12.011600">
        <ele>2625.025</ele>
        <time>2026-10-02T13:37:48Z</time>
      </trkpt>
      <trkpt lat="46.529447" lon="12.011596">
        <ele>2625.066</ele>
        <time>2026-10-02T13:37:49Z</time>
      </trkpt>
      <trkpt lat="46.529447" lon="12.011593">
        <ele>2625.098</ele>
        <time>2026-10-02T13:37:50Z</time>
      </trkpt>
      <trkpt lat="46.529446" lon="12.011589">
        <ele>2626.027</ele>
        <time>2026-10-02T13:37:51Z</time>
      </trkpt>
      <trkpt lat="46.529446" lon="12.011586">
        <ele>2626.058</ele>
        <time>2026-10-02T13:37:52Z</time>
      </trkpt>
      <trkpt lat="46.529443" lon="12.011578">
        <ele>2626.087</ele>
        <time>2026-10-02T13:37:53Z</time>
      </trkpt>
      <trkpt lat="46.529440" lon="12.011574">
        <ele>2626.049</ele>
        <time>2026-10-02T13:37:54Z</time>
      </trkpt>
      <trkpt lat="46.529436" lon="12.011574">
        <ele>2626.076</ele>
        <time>2026-10-02T13:37:55Z</time>
      </trkpt>
      <trkpt lat="46.529432" lon="12.011577">
        <ele>2626.090</ele>
        <time>2026-10-02T13:37:56Z</time>
      </trkpt>
      <trkpt lat="46.529428" lon="12.011582">
        <ele>2626.019</ele>
        <time>2026-10-02T13:37:57Z</time>
      </trkpt>
      <trkpt lat="46.529424" lon="12.011589">
        <ele>2626.009</ele>
        <time>2026-10-02T13:37:58Z</time>
      </trkpt>
      <trkpt lat="46.529419" lon="12.011597">
        <ele>2627.059</ele>
        <time>2026-10-02T13:37:59Z</time>
      </trkpt>
      <trkpt lat="46.529415" lon="12.011607">
        <ele>2627.015</ele>
        <time>2026-10-02T13:38:00Z</time>
      </trkpt>
      <trkpt lat="46.529411" lon="12.011616">
        <ele>2627.096</ele>
        <time>2026-10-02T13:38:01Z</time>
      </trkpt>
      <trkpt lat="46.529408" lon="12.011625">
        <ele>2627.037</ele>
        <time>2026-10-02T13:38:02Z</time>
      </trkpt>
      <trkpt lat="46.529405" lon="12.011635">
        <ele>2628.099</ele>
        <time>2026-10-02T13:38:03Z</time>
      </trkpt>
      <trkpt lat="46.529404" lon="12.011645">
        <ele>2628.068</ele>
        <time>2026-10-02T13:38:04Z</time>
      </trkpt>
      <trkpt lat="46.529402" lon="12.011656">
        <ele>2628.039</ele>
        <time>2026-10-02T13:38:05Z</time>
      </trkpt>
      <trkpt lat="46.529401" lon="12.011667">
        <ele>2628.098</ele>
        <time>2026-10-02T13:38:06Z</time>
      </trkpt>
      <trkpt lat="46.529399" lon="12.011678">
        <ele>2628.060</ele>
        <time>2026-10-02T13:38:07Z</time>
      </trkpt>
      <trkpt lat="46.529397" lon="12.011689">
        <ele>2628.052</ele>
        <time>2026-10-02T13:38:08Z</time>
      </trkpt>
      <trkpt lat="46.529394" lon="12.011700">
        <ele>2628.053</ele>
        <time>2026-10-02T13:38:09Z</time>
      </trkpt>
      <trkpt lat="46.529390" lon="12.011709">
        <ele>2628.008</ele>
        <time>2026-10-02T13:38:10Z</time>
      </trkpt>
      <trkpt lat="46.529386" lon="12.011717">
        <ele>2629.009</ele>
        <time>2026-10-02T13:38:11Z</time>
      </trkpt>
      <trkpt lat="46.529380" lon="12.011724">
        <ele>2629.077</ele>
        <time>2026-10-02T13:38:12Z</time>
      </trkpt>
      <trkpt lat="46.529374" lon="12.011728">
        <ele>2629.013</ele>
        <time>2026-10-02T13:38:13Z</time>
      </trkpt>
      <trkpt lat="46.529368" lon="12.011732">
        <ele>2629.034</ele>
        <time>2026-10-02T13:38:14Z</time>
      </trkpt>
      <trkpt lat="46.529355" lon="12.011744">
        <ele>2631.065</ele>
        <time>2026-10-02T13:38:21Z</time>
      </trkpt>
      <trkpt lat="46.529343" lon="12.011761">
        <ele>2633.047</ele>
        <time>2026-10-02T13:38:36Z</time>
      </trkpt>
      <trkpt lat="46.529335" lon="12.011770">
        <ele>2633.056</ele>
        <time>2026-10-02T13:38:37Z</time>
      </trkpt>
      <trkpt lat="46.529330" lon="12.011773">
        <ele>2633.037</ele>
        <time>2026-10-02T13:38:38Z</time>
      </trkpt>
      <trkpt lat="46.529326" lon="12.011773">
        <ele>2633.026</ele>
        <time>2026-10-02T13:38:39Z</time>
      </trkpt>
      <trkpt lat="46.529323" lon="12.011767">
        <ele>2633.058</ele>
        <time>2026-10-02T13:38:40Z</time>
      </trkpt>
      <trkpt lat="46.529319" lon="12.011759">
        <ele>2633.011</ele>
        <time>2026-10-02T13:38:41Z</time>
      </trkpt>
      <trkpt lat="46.529317" lon="12.011748">
        <ele>2633.021</ele>
        <time>2026-10-02T13:38:42Z</time>
      </trkpt>
      <trkpt lat="46.529315" lon="12.011737">
        <ele>2634.003</ele>
        <time>2026-10-02T13:38:43Z</time>
      </trkpt>
      <trkpt lat="46.529314" lon="12.011725">
        <ele>2634.009</ele>
        <time>2026-10-02T13:38:44Z</time>
      </trkpt>
      <trkpt lat="46.529313" lon="12.011714">
        <ele>2634.063</ele>
        <time>2026-10-02T13:38:45Z</time>
      </trkpt>
      <trkpt lat="46.529312" lon="12.011701">
        <ele>2634.029</ele>
        <time>2026-10-02T13:38:46Z</time>
      </trkpt>
      <trkpt lat="46.529311" lon="12.011689">
        <ele>2634.050</ele>
        <time>2026-10-02T13:38:47Z</time>
      </trkpt>
      <trkpt lat="46.529311" lon="12.011679">
        <ele>2634.081</ele>
        <time>2026-10-02T13:38:48Z</time>
      </trkpt>
      <trkpt lat="46.529311" lon="12.011670">
        <ele>2634.023</ele>
        <time>2026-10-02T13:38:49Z</time>
      </trkpt>
      <trkpt lat="46.529312" lon="12.011660">
        <ele>2634.082</ele>
        <time>2026-10-02T13:38:50Z</time>
      </trkpt>
      <trkpt lat="46.529313" lon="12.011657">
        <ele>2635.083</ele>
        <time>2026-10-02T13:38:51Z</time>
      </trkpt>
      <trkpt lat="46.529313" lon="12.011653">
        <ele>2635.082</ele>
        <time>2026-10-02T13:38:52Z</time>
      </trkpt>
      <trkpt lat="46.529314" lon="12.011650">
        <ele>2635.064</ele>
        <time>2026-10-02T13:38:53Z</time>
      </trkpt>
      <trkpt lat="46.529315" lon="12.011641">
        <ele>2635.056</ele>
        <time>2026-10-02T13:38:54Z</time>
      </trkpt>
      <trkpt lat="46.529316" lon="12.011634">
        <ele>2635.059</ele>
        <time>2026-10-02T13:38:55Z</time>
      </trkpt>
      <trkpt lat="46.529316" lon="12.011626">
        <ele>2635.014</ele>
        <time>2026-10-02T13:38:56Z</time>
      </trkpt>
      <trkpt lat="46.529316" lon="12.011618">
        <ele>2635.009</ele>
        <time>2026-10-02T13:38:57Z</time>
      </trkpt>
      <trkpt lat="46.529314" lon="12.011611">
        <ele>2635.057</ele>
        <time>2026-10-02T13:38:58Z</time>
      </trkpt>
      <trkpt lat="46.529312" lon="12.011603">
        <ele>2636.013</ele>
        <time>2026-10-02T13:38:59Z</time>
      </trkpt>
      <trkpt lat="46.529312" lon="12.011600">
        <ele>2636.064</ele>
        <time>2026-10-02T13:39:00Z</time>
      </trkpt>
      <trkpt lat="46.529311" lon="12.011597">
        <ele>2636.025</ele>
        <time>2026-10-02T13:39:01Z</time>
      </trkpt>
      <trkpt lat="46.529310" lon="12.011594">
        <ele>2636.087</ele>
        <time>2026-10-02T13:39:02Z</time>
      </trkpt>
      <trkpt lat="46.529308" lon="12.011586">
        <ele>2637.016</ele>
        <time>2026-10-02T13:39:03Z</time>
      </trkpt>
      <trkpt lat="46.529306" lon="12.011579">
        <ele>2637.077</ele>
        <time>2026-10-02T13:39:04Z</time>
      </trkpt>
      <trkpt lat="46.529304" lon="12.011571">
        <ele>2637.086</ele>
        <time>2026-10-02T13:39:05Z</time>
      </trkpt>
      <trkpt lat="46.529301" lon="12.011562">
        <ele>2637.088</ele>
        <time>2026-10-02T13:39:06Z</time>
      </trkpt>
      <trkpt lat="46.529298" lon="12.011552">
        <ele>2637.036</ele>
        <time>2026-10-02T13:39:07Z</time>
      </trkpt>
      <trkpt lat="46.529295" lon="12.011542">
        <ele>2637.017</ele>
        <time>2026-10-02T13:39:08Z</time>
      </trkpt>
      <trkpt lat="46.529293" lon="12.011531">
        <ele>2637.018</ele>
        <time>2026-10-02T13:39:09Z</time>
      </trkpt>
      <trkpt lat="46.529292" lon="12.011519">
        <ele>2637.009</ele>
        <time>2026-10-02T13:39:10Z</time>
      </trkpt>
      <trkpt lat="46.529293" lon="12.011509">
        <ele>2638.085</ele>
        <time>2026-10-02T13:39:11Z</time>
      </trkpt>
      <trkpt lat="46.529293" lon="12.011507">
        <ele>2638.091</ele>
        <time>2026-10-02T13:39:12Z</time>
      </trkpt>
      <trkpt lat="46.529293" lon="12.011505">
        <ele>2638.092</ele>
        <time>2026-10-02T13:39:13Z</time>
      </trkpt>
      <trkpt lat="46.529293" lon="12.011503">
        <ele>2638.053</ele>
        <time>2026-10-02T13:39:14Z</time>
      </trkpt>
      <trkpt lat="46.529293" lon="12.011501">
        <ele>2639.045</ele>
        <time>2026-10-02T13:39:15Z</time>
      </trkpt>
      <trkpt lat="46.529293" lon="12.011499">
        <ele>2639.034</ele>
        <time>2026-10-02T13:39:16Z</time>
      </trkpt>
      <trkpt lat="46.529293" lon="12.011490">
        <ele>2639.085</ele>
        <time>2026-10-02T13:39:17Z</time>
      </trkpt>
      <trkpt lat="46.529293" lon="12.011481">
        <ele>2639.044</ele>
        <time>2026-10-02T13:39:18Z</time>
      </trkpt>
      <trkpt lat="46.529293" lon="12.011472">
        <ele>2640.076</ele>
        <time>2026-10-02T13:39:19Z</time>
      </trkpt>
      <trkpt lat="46.529291" lon="12.011466">
        <ele>2640.059</ele>
        <time>2026-10-02T13:39:20Z</time>
      </trkpt>
      <trkpt lat="46.529290" lon="12.011464">
        <ele>2640.003</ele>
        <time>2026-10-02T13:39:21Z</time>
      </trkpt>
      <trkpt lat="46.529288" lon="12.011465">
        <ele>2640.023</ele>
        <time>2026-10-02T13:39:22Z</time>
      </trkpt>
      <trkpt lat="46.529285" lon="12.011470">
        <ele>2640.009</ele>
        <time>2026-10-02T13:39:23Z</time>
      </trkpt>
      <trkpt lat="46.529282" lon="12.011478">
        <ele>2640.097</ele>
        <time>2026-10-02T13:39:24Z</time>
      </trkpt>
      <trkpt lat="46.529277" lon="12.011487">
        <ele>2640.073</ele>
        <time>2026-10-02T13:39:25Z</time>
      </trkpt>
      <trkpt lat="46.529273" lon="12.011497">
        <ele>2640.014</ele>
        <time>2026-10-02T13:39:26Z</time>
      </trkpt>
      <trkpt lat="46.529268" lon="12.011507">
        <ele>2641.015</ele>
        <time>2026-10-02T13:39:27Z</time>
      </trkpt>
      <trkpt lat="46.529263" lon="12.011517">
        <ele>2641.037</ele>
        <time>2026-10-02T13:39:28Z</time>
      </trkpt>
      <trkpt lat="46.529259" lon="12.011527">
        <ele>2641.016</ele>
        <time>2026-10-02T13:39:29Z</time>
      </trkpt>
      <trkpt lat="46.529254" lon="12.011538">
        <ele>2641.027</ele>
        <time>2026-10-02T13:39:30Z</time>
      </trkpt>
      <trkpt lat="46.529249" lon="12.011549">
        <ele>2641.066</ele>
        <time>2026-10-02T13:39:31Z</time>
      </trkpt>
      <trkpt lat="46.529245" lon="12.011560">
        <ele>2641.088</ele>
        <time>2026-10-02T13:39:32Z</time>
      </trkpt>
      <trkpt lat="46.529241" lon="12.011570">
        <ele>2641.069</ele>
        <time>2026-10-02T13:39:33Z</time>
      </trkpt>
      <trkpt lat="46.529236" lon="12.011579">
        <ele>2641.004</ele>
        <time>2026-10-02T13:39:34Z</time>
      </trkpt>
      <trkpt lat="46.529230" lon="12.011586">
        <ele>2642.024</ele>
        <time>2026-10-02T13:39:35Z</time>
      </trkpt>
      <trkpt lat="46.529224" lon="12.011588">
        <ele>2642.009</ele>
        <time>2026-10-02T13:39:36Z</time>
      </trkpt>
      <trkpt lat="46.529219" lon="12.011585">
        <ele>2642.048</ele>
        <time>2026-10-02T13:39:37Z</time>
      </trkpt>
      <trkpt lat="46.529215" lon="12.011580">
        <ele>2642.014</ele>
        <time>2026-10-02T13:39:38Z</time>
      </trkpt>
      <trkpt lat="46.529212" lon="12.011571">
        <ele>2643.045</ele>
        <time>2026-10-02T13:39:39Z</time>
      </trkpt>
      <trkpt lat="46.529210" lon="12.011561">
        <ele>2643.056</ele>
        <time>2026-10-02T13:39:40Z</time>
      </trkpt>
      <trkpt lat="46.529209" lon="12.011557">
        <ele>2643.038</ele>
        <time>2026-10-02T13:39:41Z</time>
      </trkpt>
      <trkpt lat="46.529209" lon="12.011553">
        <ele>2643.067</ele>
        <time>2026-10-02T13:39:42Z</time>
      </trkpt>
      <trkpt lat="46.529209" lon="12.011549">
        <ele>2643.078</ele>
        <time>2026-10-02T13:39:43Z</time>
      </trkpt>
      <trkpt lat="46.529208" lon="12.011538">
        <ele>2643.017</ele>
        <time>2026-10-02T13:39:44Z</time>
      </trkpt>
      <trkpt lat="46.529207" lon="12.011528">
        <ele>2643.099</ele>
        <time>2026-10-02T13:39:45Z</time>
      </trkpt>
      <trkpt lat="46.529205" lon="12.011517">
        <ele>2643.094</ele>
        <time>2026-10-02T13:39:46Z</time>
      </trkpt>
      <trkpt lat="46.529203" lon="12.011505">
        <ele>2644.057</ele>
        <time>2026-10-02T13:39:47Z</time>
      </trkpt>
      <trkpt lat="46.529202" lon="12.011493">
        <ele>2644.022</ele>
        <time>2026-10-02T13:39:48Z</time>
      </trkpt>
      <trkpt lat="46.529202" lon="12.011480">
        <ele>2644.009</ele>
        <time>2026-10-02T13:39:49Z</time>
      </trkpt>
      <trkpt lat="46.529203" lon="12.011469">
        <ele>2644.051</ele>
        <time>2026-10-02T13:39:50Z</time>
      </trkpt>
      <trkpt lat="46.529204" lon="12.011458">
        <ele>2645.017</ele>
        <time>2026-10-02T13:39:51Z</time>
      </trkpt>
      <trkpt lat="46.529205" lon="12.011448">
        <ele>2645.018</ele>
        <time>2026-10-02T13:39:52Z</time>
      </trkpt>
      <trkpt lat="46.529204" lon="12.011438">
        <ele>2645.019</ele>
        <time>2026-10-02T13:39:53Z</time>
      </trkpt>
      <trkpt lat="46.529203" lon="12.011427">
        <ele>2645.051</ele>
        <time>2026-10-02T13:39:54Z</time>
      </trkpt>
      <trkpt lat="46.529204" lon="12.011416">
        <ele>2646.020</ele>
        <time>2026-10-02T13:39:55Z</time>
      </trkpt>
      <trkpt lat="46.529205" lon="12.011404">
        <ele>2646.071</ele>
        <time>2026-10-02T13:39:56Z</time>
      </trkpt>
      <trkpt lat="46.529208" lon="12.011392">
        <ele>2646.030</ele>
        <time>2026-10-02T13:39:57Z</time>
      </trkpt>
      <trkpt lat="46.529211" lon="12.011380">
        <ele>2646.082</ele>
        <time>2026-10-02T13:39:58Z</time>
      </trkpt>
      <trkpt lat="46.529214" lon="12.011369">
        <ele>2646.058</ele>
        <time>2026-10-02T13:39:59Z</time>
      </trkpt>
      <trkpt lat="46.529217" lon="12.011360">
        <ele>2646.052</ele>
        <time>2026-10-02T13:40:00Z</time>
      </trkpt>
      <trkpt lat="46.529217" lon="12.011356">
        <ele>2646.017</ele>
        <time>2026-10-02T13:40:01Z</time>
      </trkpt>
      <trkpt lat="46.529216" lon="12.011355">
        <ele>2646.009</ele>
        <time>2026-10-02T13:40:02Z</time>
      </trkpt>
      <trkpt lat="46.529213" lon="12.011358">
        <ele>2647.037</ele>
        <time>2026-10-02T13:40:03Z</time>
      </trkpt>
      <trkpt lat="46.529209" lon="12.011362">
        <ele>2647.053</ele>
        <time>2026-10-02T13:40:04Z</time>
      </trkpt>
      <trkpt lat="46.529204" lon="12.011367">
        <ele>2647.074</ele>
        <time>2026-10-02T13:40:05Z</time>
      </trkpt>
      <trkpt lat="46.529199" lon="12.011373">
        <ele>2647.055</ele>
        <time>2026-10-02T13:40:06Z</time>
      </trkpt>
      <trkpt lat="46.529194" lon="12.011378">
        <ele>2647.077</ele>
        <time>2026-10-02T13:40:07Z</time>
      </trkpt>
      <trkpt lat="46.529189" lon="12.011385">
        <ele>2647.066</ele>
        <time>2026-10-02T13:40:08Z</time>
      </trkpt>
      <trkpt lat="46.529184" lon="12.011391">
        <ele>2647.037</ele>
        <time>2026-10-02T13:40:09Z</time>
      </trkpt>
      <trkpt lat="46.529177" lon="12.011393">
        <ele>2648.066</ele>
        <time>2026-10-02T13:40:45Z</time>
      </trkpt>
      <trkpt lat="46.529174" lon="12.011396">
        <ele>2648.078</ele>
        <time>2026-10-02T13:40:46Z</time>
      </trkpt>
      <trkpt lat="46.529171" lon="12.011401">
        <ele>2648.089</ele>
        <time>2026-10-02T13:40:47Z</time>
      </trkpt>
      <trkpt lat="46.529168" lon="12.011406">
        <ele>2648.006</ele>
        <time>2026-10-02T13:40:48Z</time>
      </trkpt>
      <trkpt lat="46.529164" lon="12.011413">
        <ele>2648.026</ele>
        <time>2026-10-02T13:40:49Z</time>
      </trkpt>
      <trkpt lat="46.529160" lon="12.011422">
        <ele>2648.009</ele>
        <time>2026-10-02T13:40:50Z</time>
      </trkpt>
      <trkpt lat="46.529156" lon="12.011431">
        <ele>2648.080</ele>
        <time>2026-10-02T13:40:51Z</time>
      </trkpt>
      <trkpt lat="46.529151" lon="12.011440">
        <ele>2648.036</ele>
        <time>2026-10-02T13:40:52Z</time>
      </trkpt>
      <trkpt lat="46.529145" lon="12.011449">
        <ele>2648.067</ele>
        <time>2026-10-02T13:40:53Z</time>
      </trkpt>
      <trkpt lat="46.529139" lon="12.011456">
        <ele>2648.028</ele>
        <time>2026-10-02T13:40:54Z</time>
      </trkpt>
      <trkpt lat="46.529131" lon="12.011463">
        <ele>2649.080</ele>
        <time>2026-10-02T13:40:55Z</time>
      </trkpt>
      <trkpt lat="46.529125" lon="12.011469">
        <ele>2649.059</ele>
        <time>2026-10-02T13:40:56Z</time>
      </trkpt>
      <trkpt lat="46.529119" lon="12.011476">
        <ele>2649.040</ele>
        <time>2026-10-02T13:40:57Z</time>
      </trkpt>
      <trkpt lat="46.529114" lon="12.011484">
        <ele>2649.069</ele>
        <time>2026-10-02T13:40:58Z</time>
      </trkpt>
      <trkpt lat="46.529111" lon="12.011492">
        <ele>2649.051</ele>
        <time>2026-10-02T13:40:59Z</time>
      </trkpt>
      <trkpt lat="46.529109" lon="12.011500">
        <ele>2649.013</ele>
        <time>2026-10-02T13:41:00Z</time>
      </trkpt>
      <trkpt lat="46.529107" lon="12.011509">
        <ele>2649.043</ele>
        <time>2026-10-02T13:41:01Z</time>
      </trkpt>
      <trkpt lat="46.529105" lon="12.011518">
        <ele>2649.007</ele>
        <time>2026-10-02T13:41:02Z</time>
      </trkpt>
      <trkpt lat="46.529102" lon="12.011526">
        <ele>2650.009</ele>
        <time>2026-10-02T13:41:03Z</time>
      </trkpt>
      <trkpt lat="46.529098" lon="12.011532">
        <ele>2650.083</ele>
        <time>2026-10-02T13:41:04Z</time>
      </trkpt>
      <trkpt lat="46.529093" lon="12.011536">
        <ele>2650.079</ele>
        <time>2026-10-02T13:41:05Z</time>
      </trkpt>
      <trkpt lat="46.529089" lon="12.011540">
        <ele>2650.010</ele>
        <time>2026-10-02T13:41:06Z</time>
      </trkpt>
      <trkpt lat="46.529086" lon="12.011545">
        <ele>2651.021</ele>
        <time>2026-10-02T13:41:07Z</time>
      </trkpt>
      <trkpt lat="46.529083" lon="12.011552">
        <ele>2651.063</ele>
        <time>2026-10-02T13:41:08Z</time>
      </trkpt>
      <trkpt lat="46.529081" lon="12.011561">
        <ele>2651.072</ele>
        <time>2026-10-02T13:41:09Z</time>
      </trkpt>
      <trkpt lat="46.529077" lon="12.011570">
        <ele>2651.053</ele>
        <time>2026-10-02T13:41:10Z</time>
      </trkpt>
      <trkpt lat="46.529072" lon="12.011577">
        <ele>2652.052</ele>
        <time>2026-10-02T13:41:11Z</time>
      </trkpt>
      <trkpt lat="46.529066" lon="12.011584">
        <ele>2652.074</ele>
        <time>2026-10-02T13:41:12Z</time>
      </trkpt>
      <trkpt lat="46.529060" lon="12.011589">
        <ele>2652.096</ele>
        <time>2026-10-02T13:41:13Z</time>
      </trkpt>
      <trkpt lat="46.529055" lon="12.011594">
        <ele>2652.031</ele>
        <time>2026-10-02T13:41:14Z</time>
      </trkpt>
      <trkpt lat="46.529050" lon="12.011600">
        <ele>2653.024</ele>
        <time>2026-10-02T13:41:15Z</time>
      </trkpt>
      <trkpt lat="46.529046" lon="12.011607">
        <ele>2653.009</ele>
        <time>2026-10-02T13:41:16Z</time>
      </trkpt>
      <trkpt lat="46.529043" lon="12.011616">
        <ele>2653.061</ele>
        <time>2026-10-02T13:41:17Z</time>
      </trkpt>
      <trkpt lat="46.529040" lon="12.011625">
        <ele>2653.037</ele>
        <time>2026-10-02T13:41:18Z</time>
      </trkpt>
      <trkpt lat="46.529037" lon="12.011637">
        <ele>2654.038</ele>
        <time>2026-10-02T13:41:19Z</time>
      </trkpt>
      <trkpt lat="46.529034" lon="12.011647">
        <ele>2654.069</ele>
        <time>2026-10-02T13:41:20Z</time>
      </trkpt>
      <trkpt lat="46.529030" lon="12.011655">
        <ele>2654.081</ele>
        <time>2026-10-02T13:41:21Z</time>
      </trkpt>
      <trkpt lat="46.529026" lon="12.011658">
        <ele>2654.020</ele>
        <time>2026-10-02T13:41:22Z</time>
      </trkpt>
      <trkpt lat="46.529022" lon="12.011657">
        <ele>2655.021</ele>
        <time>2026-10-02T13:41:23Z</time>
      </trkpt>
      <trkpt lat="46.529018" lon="12.011652">
        <ele>2655.050</ele>
        <time>2026-10-02T13:41:24Z</time>
      </trkpt>
      <trkpt lat="46.529014" lon="12.011645">
        <ele>2655.012</ele>
        <time>2026-10-02T13:41:25Z</time>
      </trkpt>
      <trkpt lat="46.529011" lon="12.011635">
        <ele>2655.093</ele>
        <time>2026-10-02T13:41:26Z</time>
      </trkpt>
      <trkpt lat="46.529009" lon="12.011623">
        <ele>2656.065</ele>
        <time>2026-10-02T13:41:27Z</time>
      </trkpt>
      <trkpt lat="46.529008" lon="12.011610">
        <ele>2656.021</ele>
        <time>2026-10-02T13:41:28Z</time>
      </trkpt>
      <trkpt lat="46.529006" lon="12.011598">
        <ele>2656.009</ele>
        <time>2026-10-02T13:41:29Z</time>
      </trkpt>
      <trkpt lat="46.529004" lon="12.011585">
        <ele>2656.011</ele>
        <time>2026-10-02T13:41:30Z</time>
      </trkpt>
      <trkpt lat="46.529002" lon="12.011573">
        <ele>2656.027</ele>
        <time>2026-10-02T13:41:31Z</time>
      </trkpt>
      <trkpt lat="46.528999" lon="12.011561">
        <ele>2656.098</ele>
        <time>2026-10-02T13:41:32Z</time>
      </trkpt>
      <trkpt lat="46.528996" lon="12.011550">
        <ele>2656.099</ele>
        <time>2026-10-02T13:41:33Z</time>
      </trkpt>
      <trkpt lat="46.528993" lon="12.011539">
        <ele>2656.081</ele>
        <time>2026-10-02T13:41:34Z</time>
      </trkpt>
      <trkpt lat="46.528990" lon="12.011528">
        <ele>2657.080</ele>
        <time>2026-10-02T13:41:35Z</time>
      </trkpt>
      <trkpt lat="46.528988" lon="12.011516">
        <ele>2657.051</ele>
        <time>2026-10-02T13:41:36Z</time>
      </trkpt>
      <trkpt lat="46.528986" lon="12.011503">
        <ele>2657.060</ele>
        <time>2026-10-02T13:41:37Z</time>
      </trkpt>
      <trkpt lat="46.528984" lon="12.011490">
        <ele>2657.052</ele>
        <time>2026-10-02T13:41:38Z</time>
      </trkpt>
      <trkpt lat="46.528981" lon="12.011478">
        <ele>2658.059</ele>
        <time>2026-10-02T13:41:39Z</time>
      </trkpt>
      <trkpt lat="46.528979" lon="12.011465">
        <ele>2658.003</ele>
        <time>2026-10-02T13:41:40Z</time>
      </trkpt>
      <trkpt lat="46.528976" lon="12.011452">
        <ele>2658.023</ele>
        <time>2026-10-02T13:41:41Z</time>
      </trkpt>
      <trkpt lat="46.528974" lon="12.011438">
        <ele>2658.009</ele>
        <time>2026-10-02T13:41:42Z</time>
      </trkpt>
      <trkpt lat="46.528973" lon="12.011424">
        <ele>2659.077</ele>
        <time>2026-10-02T13:41:43Z</time>
      </trkpt>
      <trkpt lat="46.528974" lon="12.011409">
        <ele>2659.083</ele>
        <time>2026-10-02T13:41:44Z</time>
      </trkpt>
      <trkpt lat="46.528976" lon="12.011396">
        <ele>2659.084</ele>
        <time>2026-10-02T13:41:45Z</time>
      </trkpt>
      <trkpt lat="46.528977" lon="12.011382">
        <ele>2659.045</ele>
        <time>2026-10-02T13:41:46Z</time>
      </trkpt>
      <trkpt lat="46.528977" lon="12.011378">
        <ele>2660.047</ele>
        <time>2026-10-02T13:41:47Z</time>
      </trkpt>
      <trkpt lat="46.528977" lon="12.011373">
        <ele>2660.096</ele>
        <time>2026-10-02T13:41:48Z</time>
      </trkpt>
      <trkpt lat="46.528977" lon="12.011369">
        <ele>2660.077</ele>
        <time>2026-10-02T13:41:49Z</time>
      </trkpt>
      <trkpt lat="46.528976" lon="12.011358">
        <ele>2660.076</ele>
        <time>2026-10-02T13:41:50Z</time>
      </trkpt>
      <trkpt lat="46.528973" lon="12.011351">
        <ele>2660.068</ele>
        <time>2026-10-02T13:41:51Z</time>
      </trkpt>
      <trkpt lat="46.528967" lon="12.011345">
        <ele>2660.083</ele>
        <time>2026-10-02T13:41:52Z</time>
      </trkpt>
      <trkpt lat="46.528960" lon="12.011340">
        <ele>2660.025</ele>
        <time>2026-10-02T13:41:53Z</time>
      </trkpt>
      <trkpt lat="46.528953" lon="12.011336">
        <ele>2660.017</ele>
        <time>2026-10-02T13:41:54Z</time>
      </trkpt>
      <trkpt lat="46.528944" lon="12.011333">
        <ele>2661.009</ele>
        <time>2026-10-02T13:41:55Z</time>
      </trkpt>
      <trkpt lat="46.528942" lon="12.011332">
        <ele>2661.050</ele>
        <time>2026-10-02T13:41:56Z</time>
      </trkpt>
      <trkpt lat="46.528940" lon="12.011332">
        <ele>2661.066</ele>
        <time>2026-10-02T13:41:57Z</time>
      </trkpt>
      <trkpt lat="46.528937" lon="12.011331">
        <ele>2661.087</ele>
        <time>2026-10-02T13:41:58Z</time>
      </trkpt>
      <trkpt lat="46.528934" lon="12.011331">
        <ele>2662.088</ele>
        <time>2026-10-02T13:41:59Z</time>
      </trkpt>
      <trkpt lat="46.528932" lon="12.011330">
        <ele>2662.090</ele>
        <time>2026-10-02T13:42:00Z</time>
      </trkpt>
      <trkpt lat="46.528923" lon="12.011331">
        <ele>2662.019</ele>
        <time>2026-10-02T13:42:01Z</time>
      </trkpt>
      <trkpt lat="46.528915" lon="12.011333">
        <ele>2662.080</ele>
        <time>2026-10-02T13:42:02Z</time>
      </trkpt>
      <trkpt lat="46.528910" lon="12.011338">
        <ele>2662.069</ele>
        <time>2026-10-02T13:42:03Z</time>
      </trkpt>
      <trkpt lat="46.528905" lon="12.011345">
        <ele>2662.091</ele>
        <time>2026-10-02T13:42:04Z</time>
      </trkpt>
      <trkpt lat="46.528901" lon="12.011354">
        <ele>2662.017</ele>
        <time>2026-10-02T13:42:05Z</time>
      </trkpt>
      <trkpt lat="46.528897" lon="12.011365">
        <ele>2662.087</ele>
        <time>2026-10-02T13:42:06Z</time>
      </trkpt>
      <trkpt lat="46.528892" lon="12.011376">
        <ele>2663.015</ele>
        <time>2026-10-02T13:42:07Z</time>
      </trkpt>
      <trkpt lat="46.528887" lon="12.011385">
        <ele>2663.009</ele>
        <time>2026-10-02T13:42:08Z</time>
      </trkpt>
      <trkpt lat="46.528880" lon="12.011393">
        <ele>2663.013</ele>
        <time>2026-10-02T13:42:09Z</time>
      </trkpt>
      <trkpt lat="46.528873" lon="12.011400">
        <ele>2663.069</ele>
        <time>2026-10-02T13:42:10Z</time>
      </trkpt>
      <trkpt lat="46.528866" lon="12.011408">
        <ele>2664.050</ele>
        <time>2026-10-02T13:42:11Z</time>
      </trkpt>
      <trkpt lat="46.528859" lon="12.011416">
        <ele>2664.061</ele>
        <time>2026-10-02T13:42:12Z</time>
      </trkpt>
      <trkpt lat="46.528853" lon="12.011427">
        <ele>2664.083</ele>
        <time>2026-10-02T13:42:13Z</time>
      </trkpt>
      <trkpt lat="46.528846" lon="12.011437">
        <ele>2664.072</ele>
        <time>2026-10-02T13:42:14Z</time>
      </trkpt>
      <trkpt lat="46.528839" lon="12.011446">
        <ele>2665.033</ele>
        <time>2026-10-02T13:42:15Z</time>
      </trkpt>
      <trkpt lat="46.528837" lon="12.011450">
        <ele>2665.062</ele>
        <time>2026-10-02T13:42:16Z</time>
      </trkpt>
      <trkpt lat="46.528835" lon="12.011453">
        <ele>2665.034</ele>
        <time>2026-10-02T13:42:17Z</time>
      </trkpt>
      <trkpt lat="46.528833" lon="12.011456">
        <ele>2665.038</ele>
        <time>2026-10-02T13:42:18Z</time>
      </trkpt>
      <trkpt lat="46.528828" lon="12.011463">
        <ele>2666.070</ele>
        <time>2026-10-02T13:42:19Z</time>
      </trkpt>
      <trkpt lat="46.528824" lon="12.011470">
        <ele>2666.017</ele>
        <time>2026-10-02T13:42:20Z</time>
      </trkpt>
      <trkpt lat="46.528821" lon="12.011477">
        <ele>2666.009</ele>
        <time>2026-10-02T13:42:21Z</time>
      </trkpt>
      <trkpt lat="46.528818" lon="12.011485">
        <ele>2666.045</ele>
        <time>2026-10-02T13:42:22Z</time>
      </trkpt>
      <trkpt lat="46.528814" lon="12.011492">
        <ele>2667.081</ele>
        <time>2026-10-02T13:42:23Z</time>
      </trkpt>
      <trkpt lat="46.528810" lon="12.011500">
        <ele>2667.022</ele>
        <time>2026-10-02T13:42:24Z</time>
      </trkpt>
      <trkpt lat="46.528807" lon="12.011507">
        <ele>2667.023</ele>
        <time>2026-10-02T13:42:25Z</time>
      </trkpt>
      <trkpt lat="46.528804" lon="12.011514">
        <ele>2667.025</ele>
        <time>2026-10-02T13:42:26Z</time>
      </trkpt>
      <trkpt lat="46.528800" lon="12.011520">
        <ele>2667.034</ele>
        <time>2026-10-02T13:42:27Z</time>
      </trkpt>
      <trkpt lat="46.528796" lon="12.011524">
        <ele>2667.035</ele>
        <time>2026-10-02T13:42:28Z</time>
      </trkpt>
      <trkpt lat="46.528792" lon="12.011525">
        <ele>2667.034</ele>
        <time>2026-10-02T13:42:29Z</time>
      </trkpt>
      <trkpt lat="46.528785" lon="12.011510">
        <ele>2669.066</ele>
        <time>2026-10-02T13:42:43Z</time>
      </trkpt>
      <trkpt lat="46.528781" lon="12.011498">
        <ele>2670.018</ele>
        <time>2026-10-02T13:43:16Z</time>
      </trkpt>
      <trkpt lat="46.528779" lon="12.011489">
        <ele>2670.098</ele>
        <time>2026-10-02T13:43:17Z</time>
      </trkpt>
      <trkpt lat="46.528779" lon="12.011481">
        <ele>2670.017</ele>
        <time>2026-10-02T13:43:18Z</time>
      </trkpt>
      <trkpt lat="46.528781" lon="12.011473">
        <ele>2670.009</ele>
        <time>2026-10-02T13:43:19Z</time>
      </trkpt>
      <trkpt lat="46.528783" lon="12.011465">
        <ele>2670.023</ele>
        <time>2026-10-02T13:43:20Z</time>
      </trkpt>
      <trkpt lat="46.528786" lon="12.011456">
        <ele>2670.039</ele>
        <time>2026-10-02T13:43:21Z</time>
      </trkpt>
      <trkpt lat="46.528788" lon="12.011446">
        <ele>2670.040</ele>
        <time>2026-10-02T13:43:22Z</time>
      </trkpt>
      <trkpt lat="46.528790" lon="12.011437">
        <ele>2670.011</ele>
        <time>2026-10-02T13:43:23Z</time>
      </trkpt>
      <trkpt lat="46.528790" lon="12.011428">
        <ele>2670.033</ele>
        <time>2026-10-02T13:43:24Z</time>
      </trkpt>
      <trkpt lat="46.528789" lon="12.011420">
        <ele>2670.012</ele>
        <time>2026-10-02T13:43:25Z</time>
      </trkpt>
      <trkpt lat="46.528788" lon="12.011413">
        <ele>2670.083</ele>
        <time>2026-10-02T13:43:26Z</time>
      </trkpt>
      <trkpt lat="46.528783" lon="12.011405">
        <ele>2670.092</ele>
        <time>2026-10-02T13:43:27Z</time>
      </trkpt>
      <trkpt lat="46.528779" lon="12.011399">
        <ele>2670.024</ele>
        <time>2026-10-02T13:43:28Z</time>
      </trkpt>
      <trkpt lat="46.528765" lon="12.011391">
        <ele>2671.029</ele>
        <time>2026-10-02T13:43:37Z</time>
      </trkpt>
      <trkpt lat="46.528624" lon="12.011352">
        <ele>2670.000</ele>
        <time>2026-10-02T13:45:12Z</time>
      </trkpt>
      <trkpt lat="46.528624" lon="12.011352">
        <ele>2670.020</ele>
        <time>2026-10-02T13:45:19Z</time>
      </trkpt>
      <trkpt lat="46.528626" lon="12.011350">
        <ele>2669.009</ele>
        <time>2026-10-02T13:45:20Z</time>
      </trkpt>
      <trkpt lat="46.528628" lon="12.011347">
        <ele>2669.084</ele>
        <time>2026-10-02T13:45:21Z</time>
      </trkpt>
      <trkpt lat="46.528631" lon="12.011343">
        <ele>2669.010</ele>
        <time>2026-10-02T13:45:22Z</time>
      </trkpt>
      <trkpt lat="46.528634" lon="12.011337">
        <ele>2669.051</ele>
        <time>2026-10-02T13:45:23Z</time>
      </trkpt>
      <trkpt lat="46.528636" lon="12.011329">
        <ele>2669.012</ele>
        <time>2026-10-02T13:45:24Z</time>
      </trkpt>
      <trkpt lat="46.528638" lon="12.011321">
        <ele>2669.014</ele>
        <time>2026-10-02T13:45:25Z</time>
      </trkpt>
      <trkpt lat="46.528799" lon="12.011359">
        <ele>2672.073</ele>
        <time>2026-10-02T13:46:03Z</time>
      </trkpt>
      <trkpt lat="46.528798" lon="12.011356">
        <ele>2672.024</ele>
        <time>2026-10-02T13:46:04Z</time>
      </trkpt>
      <trkpt lat="46.528798" lon="12.011353">
        <ele>2672.013</ele>
        <time>2026-10-02T13:46:05Z</time>
      </trkpt>
      <trkpt lat="46.528798" lon="12.011349">
        <ele>2672.055</ele>
        <time>2026-10-02T13:46:06Z</time>
      </trkpt>
      <trkpt lat="46.528797" lon="12.011346">
        <ele>2672.074</ele>
        <time>2026-10-02T13:46:07Z</time>
      </trkpt>
      <trkpt lat="46.528796" lon="12.011338">
        <ele>2672.056</ele>
        <time>2026-10-02T13:46:08Z</time>
      </trkpt>
      <trkpt lat="46.528795" lon="12.011329">
        <ele>2672.021</ele>
        <time>2026-10-02T13:46:09Z</time>
      </trkpt>
      <trkpt lat="46.528794" lon="12.011320">
        <ele>2672.009</ele>
        <time>2026-10-02T13:46:10Z</time>
      </trkpt>
      <trkpt lat="46.528793" lon="12.011310">
        <ele>2672.049</ele>
        <time>2026-10-02T13:46:11Z</time>
      </trkpt>
      <trkpt lat="46.528793" lon="12.011299">
        <ele>2672.065</ele>
        <time>2026-10-02T13:46:12Z</time>
      </trkpt>
      <trkpt lat="46.528791" lon="12.011287">
        <ele>2672.076</ele>
        <time>2026-10-02T13:46:13Z</time>
      </trkpt>
      <trkpt lat="46.528790" lon="12.011276">
        <ele>2672.017</ele>
        <time>2026-10-02T13:46:14Z</time>
      </trkpt>
      <trkpt lat="46.528788" lon="12.011265">
        <ele>2673.039</ele>
        <time>2026-10-02T13:46:15Z</time>
      </trkpt>
      <trkpt lat="46.528787" lon="12.011254">
        <ele>2673.098</ele>
        <time>2026-10-02T13:46:16Z</time>
      </trkpt>
      <trkpt lat="46.528786" lon="12.011244">
        <ele>2673.019</ele>
        <time>2026-10-02T13:46:17Z</time>
      </trkpt>
      <trkpt lat="46.528786" lon="12.011233">
        <ele>2673.038</ele>
        <time>2026-10-02T13:46:18Z</time>
      </trkpt>
      <trkpt lat="46.528786" lon="12.011221">
        <ele>2673.040</ele>
        <time>2026-10-02T13:46:19Z</time>
      </trkpt>
      <trkpt lat="46.528786" lon="12.011209">
        <ele>2673.015</ele>
        <time>2026-10-02T13:46:20Z</time>
      </trkpt>
      <trkpt lat="46.528786" lon="12.011196">
        <ele>2673.065</ele>
        <time>2026-10-02T13:46:21Z</time>
      </trkpt>
      <trkpt lat="46.528785" lon="12.011184">
        <ele>2673.011</ele>
        <time>2026-10-02T13:46:22Z</time>
      </trkpt>
      <trkpt lat="46.528785" lon="12.011173">
        <ele>2674.009</ele>
        <time>2026-10-02T13:46:23Z</time>
      </trkpt>
      <trkpt lat="46.528786" lon="12.011161">
        <ele>2674.013</ele>
        <time>2026-10-02T13:46:24Z</time>
      </trkpt>
      <trkpt lat="46.528786" lon="12.011149">
        <ele>2674.039</ele>
        <time>2026-10-02T13:46:25Z</time>
      </trkpt>
      <trkpt lat="46.528787" lon="12.011137">
        <ele>2674.010</ele>
        <time>2026-10-02T13:46:26Z</time>
      </trkpt>
      <trkpt lat="46.528787" lon="12.011125">
        <ele>2674.041</ele>
        <time>2026-10-02T13:46:27Z</time>
      </trkpt>
      <trkpt lat="46.528787" lon="12.011113">
        <ele>2674.023</ele>
        <time>2026-10-02T13:46:28Z</time>
      </trkpt>
      <trkpt lat="46.528787" lon="12.011101">
        <ele>2674.072</ele>
        <time>2026-10-02T13:46:29Z</time>
      </trkpt>
      <trkpt lat="46.528787" lon="12.011088">
        <ele>2674.033</ele>
        <time>2026-10-02T13:46:30Z</time>
      </trkpt>
      <trkpt lat="46.528788" lon="12.011075">
        <ele>2675.022</ele>
        <time>2026-10-02T13:46:31Z</time>
      </trkpt>
      <trkpt lat="46.528788" lon="12.011061">
        <ele>2675.054</ele>
        <time>2026-10-02T13:46:32Z</time>
      </trkpt>
      <trkpt lat="46.528789" lon="12.011046">
        <ele>2675.075</ele>
        <time>2026-10-02T13:46:33Z</time>
      </trkpt>
      <trkpt lat="46.528789" lon="12.011031">
        <ele>2675.028</ele>
        <time>2026-10-02T13:46:34Z</time>
      </trkpt>
      <trkpt lat="46.528789" lon="12.011015">
        <ele>2675.020</ele>
        <time>2026-10-02T13:46:35Z</time>
      </trkpt>
      <trkpt lat="46.528789" lon="12.011001">
        <ele>2675.009</ele>
        <time>2026-10-02T13:46:36Z</time>
      </trkpt>
      <trkpt lat="46.528790" lon="12.010987">
        <ele>2675.089</ele>
        <time>2026-10-02T13:46:37Z</time>
      </trkpt>
      <trkpt lat="46.528791" lon="12.010975">
        <ele>2675.035</ele>
        <time>2026-10-02T13:46:38Z</time>
      </trkpt>
      <trkpt lat="46.528792" lon="12.010963">
        <ele>2675.056</ele>
        <time>2026-10-02T13:46:39Z</time>
      </trkpt>
      <trkpt lat="46.528793" lon="12.010952">
        <ele>2675.097</ele>
        <time>2026-10-02T13:46:40Z</time>
      </trkpt>
      <trkpt lat="46.528794" lon="12.010942">
        <ele>2675.089</ele>
        <time>2026-10-02T13:46:41Z</time>
      </trkpt>
      <trkpt lat="46.528794" lon="12.010933">
        <ele>2675.038</ele>
        <time>2026-10-02T13:46:42Z</time>
      </trkpt>
      <trkpt lat="46.528793" lon="12.010924">
        <ele>2675.079</ele>
        <time>2026-10-02T13:46:43Z</time>
      </trkpt>
      <trkpt lat="46.528791" lon="12.010916">
        <ele>2675.058</ele>
        <time>2026-10-02T13:46:44Z</time>
      </trkpt>
      <trkpt lat="46.528789" lon="12.010908">
        <ele>2675.090</ele>
        <time>2026-10-02T13:46:45Z</time>
      </trkpt>
      <trkpt lat="46.528785" lon="12.010900">
        <ele>2675.058</ele>
        <time>2026-10-02T13:46:46Z</time>
      </trkpt>
      <trkpt lat="46.528781" lon="12.010893">
        <ele>2676.052</ele>
        <time>2026-10-02T13:46:47Z</time>
      </trkpt>
      <trkpt lat="46.528777" lon="12.010885">
        <ele>2676.017</ele>
        <time>2026-10-02T13:46:48Z</time>
      </trkpt>
      <trkpt lat="46.528774" lon="12.010877">
        <ele>2676.009</ele>
        <time>2026-10-02T13:46:49Z</time>
      </trkpt>
      <trkpt lat="46.528772" lon="12.010872">
        <ele>2676.067</ele>
        <time>2026-10-02T13:46:59Z</time>
      </trkpt>
      <trkpt lat="46.528770" lon="12.010868">
        <ele>2676.073</ele>
        <time>2026-10-02T13:47:00Z</time>
      </trkpt>
      <trkpt lat="46.528767" lon="12.010862">
        <ele>2676.074</ele>
        <time>2026-10-02T13:47:01Z</time>
      </trkpt>
      <trkpt lat="46.528764" lon="12.010856">
        <ele>2676.045</ele>
        <time>2026-10-02T13:47:02Z</time>
      </trkpt>
      <trkpt lat="46.528761" lon="12.010849">
        <ele>2676.037</ele>
        <time>2026-10-02T13:47:03Z</time>
      </trkpt>
      <trkpt lat="46.528757" lon="12.010840">
        <ele>2676.056</ele>
        <time>2026-10-02T13:47:04Z</time>
      </trkpt>
      <trkpt lat="46.528752" lon="12.010831">
        <ele>2676.037</ele>
        <time>2026-10-02T13:47:05Z</time>
      </trkpt>
      <trkpt lat="46.528746" lon="12.010822">
        <ele>2676.056</ele>
        <time>2026-10-02T13:47:06Z</time>
      </trkpt>
      <trkpt lat="46.528739" lon="12.010814">
        <ele>2677.068</ele>
        <time>2026-10-02T13:47:07Z</time>
      </trkpt>
      <trkpt lat="46.528733" lon="12.010810">
        <ele>2677.012</ele>
        <time>2026-10-02T13:47:08Z</time>
      </trkpt>
      <trkpt lat="46.528727" lon="12.010810">
        <ele>2677.032</ele>
        <time>2026-10-02T13:47:09Z</time>
      </trkpt>
      <trkpt lat="46.528722" lon="12.010814">
        <ele>2677.005</ele>
        <time>2026-10-02T13:47:10Z</time>
      </trkpt>
      <trkpt lat="46.528718" lon="12.010821">
        <ele>2677.009</ele>
        <time>2026-10-02T13:47:11Z</time>
      </trkpt>
      <trkpt lat="46.528714" lon="12.010831">
        <ele>2677.053</ele>
        <time>2026-10-02T13:47:12Z</time>
      </trkpt>
      <trkpt lat="46.528711" lon="12.010842">
        <ele>2677.019</ele>
        <time>2026-10-02T13:47:13Z</time>
      </trkpt>
      <trkpt lat="46.528709" lon="12.010853">
        <ele>2677.050</ele>
        <time>2026-10-02T13:47:14Z</time>
      </trkpt>
      <trkpt lat="46.528706" lon="12.010865">
        <ele>2678.031</ele>
        <time>2026-10-02T13:47:15Z</time>
      </trkpt>
      <trkpt lat="46.528703" lon="12.010875">
        <ele>2678.073</ele>
        <time>2026-10-02T13:47:16Z</time>
      </trkpt>
      <trkpt lat="46.528699" lon="12.010882">
        <ele>2678.072</ele>
        <time>2026-10-02T13:47:17Z</time>
      </trkpt>
      <trkpt lat="46.528695" lon="12.010887">
        <ele>2678.033</ele>
        <time>2026-10-02T13:47:18Z</time>
      </trkpt>
      <trkpt lat="46.528690" lon="12.010888">
        <ele>2679.072</ele>
        <time>2026-10-02T13:47:19Z</time>
      </trkpt>
      <trkpt lat="46.528683" lon="12.010883">
        <ele>2679.074</ele>
        <time>2026-10-02T13:47:25Z</time>
      </trkpt>
      <trkpt lat="46.528677" lon="12.010877">
        <ele>2679.084</ele>
        <time>2026-10-02T13:47:26Z</time>
      </trkpt>
      <trkpt lat="46.528672" lon="12.010870">
        <ele>2680.007</ele>
        <time>2026-10-02T13:47:27Z</time>
      </trkpt>
      <trkpt lat="46.528667" lon="12.010861">
        <ele>2680.017</ele>
        <time>2026-10-02T13:47:28Z</time>
      </trkpt>
      <trkpt lat="46.528663" lon="12.010850">
        <ele>2680.009</ele>
        <time>2026-10-02T13:47:29Z</time>
      </trkpt>
      <trkpt lat="46.528659" lon="12.010838">
        <ele>2680.020</ele>
        <time>2026-10-02T13:47:30Z</time>
      </trkpt>
      <trkpt lat="46.528658" lon="12.010834">
        <ele>2680.036</ele>
        <time>2026-10-02T13:47:31Z</time>
      </trkpt>
      <trkpt lat="46.528658" lon="12.010830">
        <ele>2680.037</ele>
        <time>2026-10-02T13:47:32Z</time>
      </trkpt>
      <trkpt lat="46.528657" lon="12.010826">
        <ele>2680.088</ele>
        <time>2026-10-02T13:47:33Z</time>
      </trkpt>
      <trkpt lat="46.528655" lon="12.010818">
        <ele>2680.060</ele>
        <time>2026-10-02T13:47:34Z</time>
      </trkpt>
      <trkpt lat="46.528653" lon="12.010813">
        <ele>2681.089</ele>
        <time>2026-10-02T13:47:35Z</time>
      </trkpt>
      <trkpt lat="46.528650" lon="12.010808">
        <ele>2681.060</ele>
        <time>2026-10-02T13:47:36Z</time>
      </trkpt>
      <trkpt lat="46.528646" lon="12.010802">
        <ele>2681.079</ele>
        <time>2026-10-02T13:47:37Z</time>
      </trkpt>
      <trkpt lat="46.528643" lon="12.010795">
        <ele>2681.031</ele>
        <time>2026-10-02T13:47:38Z</time>
      </trkpt>
      <trkpt lat="46.528640" lon="12.010788">
        <ele>2681.091</ele>
        <time>2026-10-02T13:47:39Z</time>
      </trkpt>
      <trkpt lat="46.528636" lon="12.010781">
        <ele>2681.081</ele>
        <time>2026-10-02T13:47:40Z</time>
      </trkpt>
      <trkpt lat="46.528631" lon="12.010776">
        <ele>2681.019</ele>
        <time>2026-10-02T13:47:41Z</time>
      </trkpt>
      <trkpt lat="46.528625" lon="12.010775">
        <ele>2681.009</ele>
        <time>2026-10-02T13:47:42Z</time>
      </trkpt>
      <trkpt lat="46.528620" lon="12.010777">
        <ele>2681.051</ele>
        <time>2026-10-02T13:47:43Z</time>
      </trkpt>
      <trkpt lat="46.528615" lon="12.010783">
        <ele>2681.017</ele>
        <time>2026-10-02T13:47:44Z</time>
      </trkpt>
      <trkpt lat="46.528610" lon="12.010792">
        <ele>2681.078</ele>
        <time>2026-10-02T13:47:45Z</time>
      </trkpt>
      <trkpt lat="46.528607" lon="12.010801">
        <ele>2681.099</ele>
        <time>2026-10-02T13:47:46Z</time>
      </trkpt>
      <trkpt lat="46.528604" lon="12.010811">
        <ele>2682.041</ele>
        <time>2026-10-02T13:47:47Z</time>
      </trkpt>
      <trkpt lat="46.528601" lon="12.010820">
        <ele>2682.040</ele>
        <time>2026-10-02T13:47:48Z</time>
      </trkpt>
      <trkpt lat="46.528598" lon="12.010827">
        <ele>2682.081</ele>
        <time>2026-10-02T13:47:49Z</time>
      </trkpt>
      <trkpt lat="46.528593" lon="12.010829">
        <ele>2682.040</ele>
        <time>2026-10-02T13:47:50Z</time>
      </trkpt>
      <trkpt lat="46.528588" lon="12.010827">
        <ele>2682.042</ele>
        <time>2026-10-02T13:47:51Z</time>
      </trkpt>
      <trkpt lat="46.528582" lon="12.010821">
        <ele>2682.028</ele>
        <time>2026-10-02T13:47:52Z</time>
      </trkpt>
      <trkpt lat="46.528575" lon="12.010812">
        <ele>2682.089</ele>
        <time>2026-10-02T13:47:53Z</time>
      </trkpt>
      <trkpt lat="46.528569" lon="12.010802">
        <ele>2682.017</ele>
        <time>2026-10-02T13:47:54Z</time>
      </trkpt>
      <trkpt lat="46.528566" lon="12.010798">
        <ele>2683.009</ele>
        <time>2026-10-02T13:47:55Z</time>
      </trkpt>
      <trkpt lat="46.528563" lon="12.010794">
        <ele>2683.034</ele>
        <time>2026-10-02T13:47:56Z</time>
      </trkpt>
      <trkpt lat="46.528561" lon="12.010791">
        <ele>2683.040</ele>
        <time>2026-10-02T13:47:57Z</time>
      </trkpt>
      <trkpt lat="46.528553" lon="12.010780">
        <ele>2683.031</ele>
        <time>2026-10-02T13:47:58Z</time>
      </trkpt>
      <trkpt lat="46.528546" lon="12.010769">
        <ele>2683.072</ele>
        <time>2026-10-02T13:47:59Z</time>
      </trkpt>
      <trkpt lat="46.528540" lon="12.010755">
        <ele>2683.064</ele>
        <time>2026-10-02T13:48:00Z</time>
      </trkpt>
      <trkpt lat="46.528536" lon="12.010741">
        <ele>2683.023</ele>
        <time>2026-10-02T13:48:01Z</time>
      </trkpt>
      <trkpt lat="46.528533" lon="12.010727">
        <ele>2683.064</ele>
        <time>2026-10-02T13:48:02Z</time>
      </trkpt>
      <trkpt lat="46.528532" lon="12.010712">
        <ele>2684.093</ele>
        <time>2026-10-02T13:48:03Z</time>
      </trkpt>
      <trkpt lat="46.528532" lon="12.010697">
        <ele>2684.015</ele>
        <time>2026-10-02T13:48:04Z</time>
      </trkpt>
      <trkpt lat="46.528532" lon="12.010682">
        <ele>2684.025</ele>
        <time>2026-10-02T13:48:05Z</time>
      </trkpt>
      <trkpt lat="46.528532" lon="12.010667">
        <ele>2684.026</ele>
        <time>2026-10-02T13:48:06Z</time>
      </trkpt>
      <trkpt lat="46.528532" lon="12.010650">
        <ele>2685.008</ele>
        <time>2026-10-02T13:48:07Z</time>
      </trkpt>
      <trkpt lat="46.528531" lon="12.010633">
        <ele>2685.009</ele>
        <time>2026-10-02T13:48:08Z</time>
      </trkpt>
      <trkpt lat="46.528529" lon="12.010617">
        <ele>2685.094</ele>
        <time>2026-10-02T13:48:09Z</time>
      </trkpt>
      <trkpt lat="46.528528" lon="12.010600">
        <ele>2685.080</ele>
        <time>2026-10-02T13:48:10Z</time>
      </trkpt>
      <trkpt lat="46.528528" lon="12.010584">
        <ele>2685.041</ele>
        <time>2026-10-02T13:48:11Z</time>
      </trkpt>
      <trkpt lat="46.528528" lon="12.010568">
        <ele>2685.042</ele>
        <time>2026-10-02T13:48:12Z</time>
      </trkpt>
      <trkpt lat="46.528530" lon="12.010552">
        <ele>2685.094</ele>
        <time>2026-10-02T13:48:13Z</time>
      </trkpt>
      <trkpt lat="46.528532" lon="12.010538">
        <ele>2685.053</ele>
        <time>2026-10-02T13:48:14Z</time>
      </trkpt>
      <trkpt lat="46.528534" lon="12.010525">
        <ele>2686.054</ele>
        <time>2026-10-02T13:48:15Z</time>
      </trkpt>
      <trkpt lat="46.528534" lon="12.010515">
        <ele>2686.083</ele>
        <time>2026-10-02T13:48:16Z</time>
      </trkpt>
      <trkpt lat="46.528534" lon="12.010505">
        <ele>2686.075</ele>
        <time>2026-10-02T13:48:17Z</time>
      </trkpt>
      <trkpt lat="46.528533" lon="12.010496">
        <ele>2686.074</ele>
        <time>2026-10-02T13:48:18Z</time>
      </trkpt>
      <trkpt lat="46.528531" lon="12.010486">
        <ele>2687.056</ele>
        <time>2026-10-02T13:48:19Z</time>
      </trkpt>
      <trkpt lat="46.528529" lon="12.010477">
        <ele>2687.021</ele>
        <time>2026-10-02T13:48:20Z</time>
      </trkpt>
      <trkpt lat="46.528526" lon="12.010468">
        <ele>2687.009</ele>
        <time>2026-10-02T13:48:21Z</time>
      </trkpt>
      <trkpt lat="46.528523" lon="12.010459">
        <ele>2687.049</ele>
        <time>2026-10-02T13:48:22Z</time>
      </trkpt>
      <trkpt lat="46.528521" lon="12.010450">
        <ele>2688.015</ele>
        <time>2026-10-02T13:48:23Z</time>
      </trkpt>
      <trkpt lat="46.528519" lon="12.010440">
        <ele>2688.046</ele>
        <time>2026-10-02T13:48:24Z</time>
      </trkpt>
      <trkpt lat="46.528518" lon="12.010431">
        <ele>2688.017</ele>
        <time>2026-10-02T13:48:25Z</time>
      </trkpt>
      <trkpt lat="46.528516" lon="12.010425">
        <ele>2688.059</ele>
        <time>2026-10-02T13:48:26Z</time>
      </trkpt>
      <trkpt lat="46.528513" lon="12.010421">
        <ele>2688.098</ele>
        <time>2026-10-02T13:48:27Z</time>
      </trkpt>
      <trkpt lat="46.528509" lon="12.010419">
        <ele>2688.079</ele>
        <time>2026-10-02T13:48:28Z</time>
      </trkpt>
      <trkpt lat="46.528504" lon="12.010419">
        <ele>2688.068</ele>
        <time>2026-10-02T13:48:29Z</time>
      </trkpt>
      <trkpt lat="46.528498" lon="12.010420">
        <ele>2688.080</ele>
        <time>2026-10-02T13:48:30Z</time>
      </trkpt>
      <trkpt lat="46.528493" lon="12.010422">
        <ele>2689.032</ele>
        <time>2026-10-02T13:48:31Z</time>
      </trkpt>
      <trkpt lat="46.528487" lon="12.010425">
        <ele>2689.092</ele>
        <time>2026-10-02T13:48:32Z</time>
      </trkpt>
      <trkpt lat="46.528484" lon="12.010430">
        <ele>2689.011</ele>
        <time>2026-10-02T13:48:33Z</time>
      </trkpt>
      <trkpt lat="46.528480" lon="12.010437">
        <ele>2689.009</ele>
        <time>2026-10-02T13:48:34Z</time>
      </trkpt>
      <trkpt lat="46.528475" lon="12.010444">
        <ele>2689.085</ele>
        <time>2026-10-02T13:48:35Z</time>
      </trkpt>
      <trkpt lat="46.528470" lon="12.010450">
        <ele>2689.031</ele>
        <time>2026-10-02T13:48:36Z</time>
      </trkpt>
      <trkpt lat="46.528465" lon="12.010455">
        <ele>2689.012</ele>
        <time>2026-10-02T13:48:37Z</time>
      </trkpt>
      <trkpt lat="46.528463" lon="12.010457">
        <ele>2689.033</ele>
        <time>2026-10-02T13:48:38Z</time>
      </trkpt>
      <trkpt lat="46.528462" lon="12.010459">
        <ele>2690.065</ele>
        <time>2026-10-02T13:48:39Z</time>
      </trkpt>
      <trkpt lat="46.528460" lon="12.010461">
        <ele>2690.054</ele>
        <time>2026-10-02T13:48:40Z</time>
      </trkpt>
      <trkpt lat="46.528458" lon="12.010463">
        <ele>2690.035</ele>
        <time>2026-10-02T13:48:41Z</time>
      </trkpt>
      <trkpt lat="46.528452" lon="12.010470">
        <ele>2690.084</ele>
        <time>2026-10-02T13:48:42Z</time>
      </trkpt>
      <trkpt lat="46.528448" lon="12.010478">
        <ele>2691.046</ele>
        <time>2026-10-02T13:48:43Z</time>
      </trkpt>
      <trkpt lat="46.528443" lon="12.010487">
        <ele>2691.071</ele>
        <time>2026-10-02T13:48:44Z</time>
      </trkpt>
      <trkpt lat="46.528439" lon="12.010495">
        <ele>2691.041</ele>
        <time>2026-10-02T13:48:45Z</time>
      </trkpt>
      <trkpt lat="46.528434" lon="12.010504">
        <ele>2691.015</ele>
        <time>2026-10-02T13:48:46Z</time>
      </trkpt>
      <trkpt lat="46.528430" lon="12.010512">
        <ele>2691.009</ele>
        <time>2026-10-02T13:48:47Z</time>
      </trkpt>
      <trkpt lat="46.528425" lon="12.010521">
        <ele>2691.079</ele>
        <time>2026-10-02T13:48:48Z</time>
      </trkpt>
      <trkpt lat="46.528419" lon="12.010529">
        <ele>2691.025</ele>
        <time>2026-10-02T13:48:49Z</time>
      </trkpt>
      <trkpt lat="46.528413" lon="12.010537">
        <ele>2691.076</ele>
        <time>2026-10-02T13:48:50Z</time>
      </trkpt>
      <trkpt lat="46.528406" lon="12.010544">
        <ele>2692.087</ele>
        <time>2026-10-02T13:48:51Z</time>
      </trkpt>
      <trkpt lat="46.528399" lon="12.010551">
        <ele>2692.029</ele>
        <time>2026-10-02T13:48:52Z</time>
      </trkpt>
      <trkpt lat="46.528394" lon="12.010555">
        <ele>2692.078</ele>
        <time>2026-10-02T13:48:53Z</time>
      </trkpt>
      <trkpt lat="46.528390" lon="12.010560">
        <ele>2692.089</ele>
        <time>2026-10-02T13:48:54Z</time>
      </trkpt>
      <trkpt lat="46.528385" lon="12.010565">
        <ele>2693.028</ele>
        <time>2026-10-02T13:48:55Z</time>
      </trkpt>
      <trkpt lat="46.528379" lon="12.010570">
        <ele>2693.030</ele>
        <time>2026-10-02T13:48:56Z</time>
      </trkpt>
      <trkpt lat="46.528373" lon="12.010575">
        <ele>2693.053</ele>
        <time>2026-10-02T13:48:57Z</time>
      </trkpt>
      <trkpt lat="46.528367" lon="12.010581">
        <ele>2693.004</ele>
        <time>2026-10-02T13:48:58Z</time>
      </trkpt>
      <trkpt lat="46.528359" lon="12.010588">
        <ele>2693.014</ele>
        <time>2026-10-02T13:48:59Z</time>
      </trkpt>
      <trkpt lat="46.528351" lon="12.010595">
        <ele>2693.009</ele>
        <time>2026-10-02T13:49:00Z</time>
      </trkpt>
      <trkpt lat="46.528344" lon="12.010601">
        <ele>2693.097</ele>
        <time>2026-10-02T13:49:01Z</time>
      </trkpt>
      <trkpt lat="46.528336" lon="12.010606">
        <ele>2693.053</ele>
        <time>2026-10-02T13:49:02Z</time>
      </trkpt>
      <trkpt lat="46.528328" lon="12.010612">
        <ele>2694.034</ele>
        <time>2026-10-02T13:49:03Z</time>
      </trkpt>
      <trkpt lat="46.528321" lon="12.010619">
        <ele>2694.015</ele>
        <time>2026-10-02T13:49:04Z</time>
      </trkpt>
      <trkpt lat="46.528313" lon="12.010626">
        <ele>2694.047</ele>
        <time>2026-10-02T13:49:05Z</time>
      </trkpt>
      <trkpt lat="46.528306" lon="12.010632">
        <ele>2694.086</ele>
        <time>2026-10-02T13:49:06Z</time>
      </trkpt>
      <trkpt lat="46.528299" lon="12.010639">
        <ele>2695.017</ele>
        <time>2026-10-02T13:49:07Z</time>
      </trkpt>
      <trkpt lat="46.528293" lon="12.010645">
        <ele>2695.056</ele>
        <time>2026-10-02T13:49:08Z</time>
      </trkpt>
      <trkpt lat="46.528287" lon="12.010650">
        <ele>2695.028</ele>
        <time>2026-10-02T13:49:09Z</time>
      </trkpt>
      <trkpt lat="46.528281" lon="12.010654">
        <ele>2695.033</ele>
        <time>2026-10-02T13:49:10Z</time>
      </trkpt>
      <trkpt lat="46.528276" lon="12.010658">
        <ele>2695.023</ele>
        <time>2026-10-02T13:49:11Z</time>
      </trkpt>
      <trkpt lat="46.528271" lon="12.010663">
        <ele>2695.015</ele>
        <time>2026-10-02T13:49:12Z</time>
      </trkpt>
      <trkpt lat="46.528266" lon="12.010668">
        <ele>2695.009</ele>
        <time>2026-10-02T13:49:13Z</time>
      </trkpt>
      <trkpt lat="46.528261" lon="12.010674">
        <ele>2695.025</ele>
        <time>2026-10-02T13:49:14Z</time>
      </trkpt>
      <trkpt lat="46.528256" lon="12.010680">
        <ele>2696.091</ele>
        <time>2026-10-02T13:49:15Z</time>
      </trkpt>
      <trkpt lat="46.528254" lon="12.010680">
        <ele>2696.062</ele>
        <time>2026-10-02T13:49:16Z</time>
      </trkpt>
      <trkpt lat="46.528253" lon="12.010680">
        <ele>2696.013</ele>
        <time>2026-10-02T13:49:17Z</time>
      </trkpt>
      <trkpt lat="46.528251" lon="12.010681">
        <ele>2696.095</ele>
        <time>2026-10-02T13:49:18Z</time>
      </trkpt>
      <trkpt lat="46.528249" lon="12.010681">
        <ele>2696.064</ele>
        <time>2026-10-02T13:49:19Z</time>
      </trkpt>
      <trkpt lat="46.528244" lon="12.010679">
        <ele>2696.075</ele>
        <time>2026-10-02T13:49:20Z</time>
      </trkpt>
      <trkpt lat="46.528239" lon="12.010674">
        <ele>2696.094</ele>
        <time>2026-10-02T13:49:21Z</time>
      </trkpt>
      <trkpt lat="46.528236" lon="12.010667">
        <ele>2696.076</ele>
        <time>2026-10-02T13:49:22Z</time>
      </trkpt>
      <trkpt lat="46.528234" lon="12.010658">
        <ele>2697.042</ele>
        <time>2026-10-02T13:49:23Z</time>
      </trkpt>
      <trkpt lat="46.528232" lon="12.010648">
        <ele>2697.022</ele>
        <time>2026-10-02T13:49:24Z</time>
      </trkpt>
      <trkpt lat="46.528230" lon="12.010636">
        <ele>2697.014</ele>
        <time>2026-10-02T13:49:25Z</time>
      </trkpt>
      <trkpt lat="46.528229" lon="12.010624">
        <ele>2697.009</ele>
        <time>2026-10-02T13:49:26Z</time>
      </trkpt>
      <trkpt lat="46.528227" lon="12.010611">
        <ele>2698.076</ele>
        <time>2026-10-02T13:49:27Z</time>
      </trkpt>
      <trkpt lat="46.528227" lon="12.010599">
        <ele>2698.022</ele>
        <time>2026-10-02T13:49:28Z</time>
      </trkpt>
      <trkpt lat="46.528226" lon="12.010587">
        <ele>2698.093</ele>
        <time>2026-10-02T13:49:29Z</time>
      </trkpt>
      <trkpt lat="46.528225" lon="12.010574">
        <ele>2698.024</ele>
        <time>2026-10-02T13:49:30Z</time>
      </trkpt>
      <trkpt lat="46.528224" lon="12.010562">
        <ele>2698.086</ele>
        <time>2026-10-02T13:49:31Z</time>
      </trkpt>
      <trkpt lat="46.528223" lon="12.010548">
        <ele>2698.065</ele>
        <time>2026-10-02T13:49:32Z</time>
      </trkpt>
      <trkpt lat="46.528223" lon="12.010534">
        <ele>2698.076</ele>
        <time>2026-10-02T13:49:33Z</time>
      </trkpt>
      <trkpt lat="46.528222" lon="12.010520">
        <ele>2698.015</ele>
        <time>2026-10-02T13:49:34Z</time>
      </trkpt>
      <trkpt lat="46.528222" lon="12.010506">
        <ele>2699.047</ele>
        <time>2026-10-02T13:49:35Z</time>
      </trkpt>
      <trkpt lat="46.528221" lon="12.010493">
        <ele>2699.051</ele>
        <time>2026-10-02T13:49:36Z</time>
      </trkpt>
      <trkpt lat="46.528219" lon="12.010490">
        <ele>2699.001</ele>
        <time>2026-10-02T13:49:37Z</time>
      </trkpt>
      <trkpt lat="46.528218" lon="12.010486">
        <ele>2699.011</ele>
        <time>2026-10-02T13:49:38Z</time>
      </trkpt>
      <trkpt lat="46.528217" lon="12.010483">
        <ele>2700.009</ele>
        <time>2026-10-02T13:49:39Z</time>
      </trkpt>
      <trkpt lat="46.528213" lon="12.010478">
        <ele>2700.097</ele>
        <time>2026-10-02T13:49:40Z</time>
      </trkpt>
      <trkpt lat="46.528208" lon="12.010478">
        <ele>2700.013</ele>
        <time>2026-10-02T13:49:41Z</time>
      </trkpt>
      <trkpt lat="46.528202" lon="12.010481">
        <ele>2700.074</ele>
        <time>2026-10-02T13:49:42Z</time>
      </trkpt>
      <trkpt lat="46.528195" lon="12.010486">
        <ele>2701.085</ele>
        <time>2026-10-02T13:49:43Z</time>
      </trkpt>
      <trkpt lat="46.528188" lon="12.010492">
        <ele>2701.017</ele>
        <time>2026-10-02T13:49:44Z</time>
      </trkpt>
      <trkpt lat="46.528181" lon="12.010500">
        <ele>2701.056</ele>
        <time>2026-10-02T13:49:45Z</time>
      </trkpt>
      <trkpt lat="46.528173" lon="12.010509">
        <ele>2701.037</ele>
        <time>2026-10-02T13:49:46Z</time>
      </trkpt>
      <trkpt lat="46.528166" lon="12.010518">
        <ele>2702.086</ele>
        <time>2026-10-02T13:49:47Z</time>
      </trkpt>
      <trkpt lat="46.528159" lon="12.010527">
        <ele>2702.068</ele>
        <time>2026-10-02T13:49:48Z</time>
      </trkpt>
      <trkpt lat="46.528151" lon="12.010536">
        <ele>2702.019</ele>
        <time>2026-10-02T13:49:49Z</time>
      </trkpt>
      <trkpt lat="46.528142" lon="12.010545">
        <ele>2702.009</ele>
        <time>2026-10-02T13:49:50Z</time>
      </trkpt>
      <trkpt lat="46.528133" lon="12.010555">
        <ele>2703.019</ele>
        <time>2026-10-02T13:49:51Z</time>
      </trkpt>
      <trkpt lat="46.528123" lon="12.010564">
        <ele>2703.009</ele>
        <time>2026-10-02T13:49:52Z</time>
      </trkpt>
      <trkpt lat="46.528114" lon="12.010575">
        <ele>2703.093</ele>
        <time>2026-10-02T13:49:53Z</time>
      </trkpt>
      <trkpt lat="46.528104" lon="12.010585">
        <ele>2703.089</ele>
        <time>2026-10-02T13:49:54Z</time>
      </trkpt>
      <trkpt lat="46.528096" lon="12.010595">
        <ele>2704.060</ele>
        <time>2026-10-02T13:49:55Z</time>
      </trkpt>
      <trkpt lat="46.528088" lon="12.010604">
        <ele>2704.011</ele>
        <time>2026-10-02T13:49:56Z</time>
      </trkpt>
      <trkpt lat="46.528079" lon="12.010614">
        <ele>2704.093</ele>
        <time>2026-10-02T13:49:57Z</time>
      </trkpt>
      <trkpt lat="46.528071" lon="12.010623">
        <ele>2704.022</ele>
        <time>2026-10-02T13:49:58Z</time>
      </trkpt>
      <trkpt lat="46.528062" lon="12.010631">
        <ele>2705.023</ele>
        <time>2026-10-02T13:49:59Z</time>
      </trkpt>
      <trkpt lat="46.528054" lon="12.010639">
        <ele>2705.062</ele>
        <time>2026-10-02T13:50:00Z</time>
      </trkpt>
      <trkpt lat="46.528046" lon="12.010645">
        <ele>2705.084</ele>
        <time>2026-10-02T13:50:01Z</time>
      </trkpt>
      <trkpt lat="46.528038" lon="12.010649">
        <ele>2705.077</ele>
        <time>2026-10-02T13:50:02Z</time>
      </trkpt>
      <trkpt lat="46.528032" lon="12.010649">
        <ele>2705.061</ele>
        <time>2026-10-02T13:50:03Z</time>
      </trkpt>
      <trkpt lat="46.528026" lon="12.010644">
        <ele>2705.027</ele>
        <time>2026-10-02T13:50:04Z</time>
      </trkpt>
      <trkpt lat="46.528022" lon="12.010637">
        <ele>2705.009</ele>
        <time>2026-10-02T13:50:05Z</time>
      </trkpt>
      <trkpt lat="46.528019" lon="12.010627">
        <ele>2705.019</ele>
        <time>2026-10-02T13:50:06Z</time>
      </trkpt>
      <trkpt lat="46.528017" lon="12.010615">
        <ele>2706.035</ele>
        <time>2026-10-02T13:50:07Z</time>
      </trkpt>
      <trkpt lat="46.528016" lon="12.010603">
        <ele>2706.026</ele>
        <time>2026-10-02T13:50:08Z</time>
      </trkpt>
      <trkpt lat="46.528016" lon="12.010589">
        <ele>2706.087</ele>
        <time>2026-10-02T13:50:09Z</time>
      </trkpt>
      <trkpt lat="46.528016" lon="12.010574">
        <ele>2706.099</ele>
        <time>2026-10-02T13:50:10Z</time>
      </trkpt>
      <trkpt lat="46.528016" lon="12.010558">
        <ele>2707.038</ele>
        <time>2026-10-02T13:50:11Z</time>
      </trkpt>
      <trkpt lat="46.528015" lon="12.010542">
        <ele>2707.059</ele>
        <time>2026-10-02T13:50:12Z</time>
      </trkpt>
      <trkpt lat="46.528015" lon="12.010525">
        <ele>2707.078</ele>
        <time>2026-10-02T13:50:13Z</time>
      </trkpt>
      <trkpt lat="46.528014" lon="12.010509">
        <ele>2707.080</ele>
        <time>2026-10-02T13:50:14Z</time>
      </trkpt>
      <trkpt lat="46.528013" lon="12.010492">
        <ele>2708.085</ele>
        <time>2026-10-02T13:50:15Z</time>
      </trkpt>
      <trkpt lat="46.528012" lon="12.010477">
        <ele>2708.089</ele>
        <time>2026-10-02T13:50:16Z</time>
      </trkpt>
      <trkpt lat="46.528011" lon="12.010462">
        <ele>2708.017</ele>
        <time>2026-10-02T13:50:17Z</time>
      </trkpt>
      <trkpt lat="46.528011" lon="12.010450">
        <ele>2708.009</ele>
        <time>2026-10-02T13:50:18Z</time>
      </trkpt>
      <trkpt lat="46.528011" lon="12.010438">
        <ele>2709.050</ele>
        <time>2026-10-02T13:50:19Z</time>
      </trkpt>
      <trkpt lat="46.528010" lon="12.010426">
        <ele>2709.086</ele>
        <time>2026-10-02T13:50:20Z</time>
      </trkpt>
      <trkpt lat="46.528010" lon="12.010413">
        <ele>2709.037</ele>
        <time>2026-10-02T13:50:21Z</time>
      </trkpt>
      <trkpt lat="46.528010" lon="12.010400">
        <ele>2709.078</ele>
        <time>2026-10-02T13:50:22Z</time>
      </trkpt>
      <trkpt lat="46.528011" lon="12.010386">
        <ele>2709.030</ele>
        <time>2026-10-02T13:50:23Z</time>
      </trkpt>
      <trkpt lat="46.528012" lon="12.010373">
        <ele>2709.059</ele>
        <time>2026-10-02T13:50:24Z</time>
      </trkpt>
      <trkpt lat="46.528014" lon="12.010360">
        <ele>2709.040</ele>
        <time>2026-10-02T13:50:25Z</time>
      </trkpt>
      <trkpt lat="46.528015" lon="12.010346">
        <ele>2709.089</ele>
        <time>2026-10-02T13:50:26Z</time>
      </trkpt>
      <trkpt lat="46.528015" lon="12.010333">
        <ele>2710.031</ele>
        <time>2026-10-02T13:50:27Z</time>
      </trkpt>
      <trkpt lat="46.528015" lon="12.010320">
        <ele>2710.067</ele>
        <time>2026-10-02T13:50:28Z</time>
      </trkpt>
      <trkpt lat="46.528015" lon="12.010308">
        <ele>2710.081</ele>
        <time>2026-10-02T13:50:29Z</time>
      </trkpt>
      <trkpt lat="46.528014" lon="12.010299">
        <ele>2710.019</ele>
        <time>2026-10-02T13:50:30Z</time>
      </trkpt>
      <trkpt lat="46.528012" lon="12.010293">
        <ele>2710.009</ele>
        <time>2026-10-02T13:50:31Z</time>
      </trkpt>
      <trkpt lat="46.528008" lon="12.010292">
        <ele>2710.028</ele>
        <time>2026-10-02T13:50:32Z</time>
      </trkpt>
      <trkpt lat="46.528003" lon="12.010296">
        <ele>2710.024</ele>
        <time>2026-10-02T13:50:33Z</time>
      </trkpt>
      <trkpt lat="46.527996" lon="12.010302">
        <ele>2710.025</ele>
        <time>2026-10-02T13:50:34Z</time>
      </trkpt>
      <trkpt lat="46.527989" lon="12.010311">
        <ele>2711.066</ele>
        <time>2026-10-02T13:50:35Z</time>
      </trkpt>
      <trkpt lat="46.527981" lon="12.010320">
        <ele>2711.048</ele>
        <time>2026-10-02T13:50:36Z</time>
      </trkpt>
      <trkpt lat="46.527974" lon="12.010330">
        <ele>2711.037</ele>
        <time>2026-10-02T13:50:37Z</time>
      </trkpt>
      <trkpt lat="46.527966" lon="12.010340">
        <ele>2711.038</ele>
        <time>2026-10-02T13:50:38Z</time>
      </trkpt>
      <trkpt lat="46.527958" lon="12.010350">
        <ele>2711.067</ele>
        <time>2026-10-02T13:50:39Z</time>
      </trkpt>
      <trkpt lat="46.527950" lon="12.010359">
        <ele>2711.079</ele>
        <time>2026-10-02T13:50:40Z</time>
      </trkpt>
      <trkpt lat="46.527941" lon="12.010370">
        <ele>2711.069</ele>
        <time>2026-10-02T13:50:41Z</time>
      </trkpt>
      <trkpt lat="46.527932" lon="12.010381">
        <ele>2711.004</ele>
        <time>2026-10-02T13:50:42Z</time>
      </trkpt>
      <trkpt lat="46.527924" lon="12.010393">
        <ele>2712.024</ele>
        <time>2026-10-02T13:50:43Z</time>
      </trkpt>
      <trkpt lat="46.527915" lon="12.010405">
        <ele>2712.009</ele>
        <time>2026-10-02T13:50:44Z</time>
      </trkpt>
      <trkpt lat="46.527906" lon="12.010417">
        <ele>2712.088</ele>
        <time>2026-10-02T13:50:45Z</time>
      </trkpt>
      <trkpt lat="46.527898" lon="12.010429">
        <ele>2712.054</ele>
        <time>2026-10-02T13:50:46Z</time>
      </trkpt>
      <trkpt lat="46.527890" lon="12.010442">
        <ele>2713.025</ele>
        <time>2026-10-02T13:50:47Z</time>
      </trkpt>
      <trkpt lat="46.527881" lon="12.010454">
        <ele>2713.036</ele>
        <time>2026-10-02T13:50:48Z</time>
      </trkpt>
      <trkpt lat="46.527873" lon="12.010466">
        <ele>2713.018</ele>
        <time>2026-10-02T13:50:49Z</time>
      </trkpt>
      <trkpt lat="46.527864" lon="12.010478">
        <ele>2713.047</ele>
        <time>2026-10-02T13:50:50Z</time>
      </trkpt>
      <trkpt lat="46.527855" lon="12.010490">
        <ele>2714.018</ele>
        <time>2026-10-02T13:50:51Z</time>
      </trkpt>
      <trkpt lat="46.527846" lon="12.010503">
        <ele>2714.027</ele>
        <time>2026-10-02T13:50:52Z</time>
      </trkpt>
      <trkpt lat="46.527836" lon="12.010516">
        <ele>2714.089</ele>
        <time>2026-10-02T13:50:53Z</time>
      </trkpt>
      <trkpt lat="46.527826" lon="12.010530">
        <ele>2714.015</ele>
        <time>2026-10-02T13:50:54Z</time>
      </trkpt>
      <trkpt lat="46.527814" lon="12.010543">
        <ele>2714.065</ele>
        <time>2026-10-02T13:50:55Z</time>
      </trkpt>
      <trkpt lat="46.527802" lon="12.010554">
        <ele>2714.011</ele>
        <time>2026-10-02T13:50:56Z</time>
      </trkpt>
      <trkpt lat="46.527791" lon="12.010565">
        <ele>2714.009</ele>
        <time>2026-10-02T13:50:57Z</time>
      </trkpt>
      <trkpt lat="46.527780" lon="12.010575">
        <ele>2714.093</ele>
        <time>2026-10-02T13:50:58Z</time>
      </trkpt>
      <trkpt lat="46.527771" lon="12.010583">
        <ele>2715.039</ele>
        <time>2026-10-02T13:50:59Z</time>
      </trkpt>
      <trkpt lat="46.527762" lon="12.010589">
        <ele>2715.020</ele>
        <time>2026-10-02T13:51:00Z</time>
      </trkpt>
      <trkpt lat="46.527752" lon="12.010596">
        <ele>2716.091</ele>
        <time>2026-10-02T13:51:06Z</time>
      </trkpt>
      <trkpt lat="46.527747" lon="12.010598">
        <ele>2717.043</ele>
        <time>2026-10-02T13:51:07Z</time>
      </trkpt>
      <trkpt lat="46.527744" lon="12.010598">
        <ele>2717.042</ele>
        <time>2026-10-02T13:51:08Z</time>
      </trkpt>
      <trkpt lat="46.527743" lon="12.010594">
        <ele>2717.053</ele>
        <time>2026-10-02T13:51:09Z</time>
      </trkpt>
      <trkpt lat="46.527745" lon="12.010588">
        <ele>2717.092</ele>
        <time>2026-10-02T13:51:10Z</time>
      </trkpt>
      <trkpt lat="46.527747" lon="12.010580">
        <ele>2717.074</ele>
        <time>2026-10-02T13:51:11Z</time>
      </trkpt>
      <trkpt lat="46.527749" lon="12.010571">
        <ele>2717.081</ele>
        <time>2026-10-02T13:51:12Z</time>
      </trkpt>
      <trkpt lat="46.527752" lon="12.010562">
        <ele>2717.061</ele>
        <time>2026-10-02T13:51:13Z</time>
      </trkpt>
      <trkpt lat="46.527754" lon="12.010551">
        <ele>2717.017</ele>
        <time>2026-10-02T13:51:14Z</time>
      </trkpt>
      <trkpt lat="46.527757" lon="12.010539">
        <ele>2718.009</ele>
        <time>2026-10-02T13:51:15Z</time>
      </trkpt>
      <trkpt lat="46.527759" lon="12.010525">
        <ele>2718.020</ele>
        <time>2026-10-02T13:51:16Z</time>
      </trkpt>
      <trkpt lat="46.527761" lon="12.010511">
        <ele>2718.066</ele>
        <time>2026-10-02T13:51:17Z</time>
      </trkpt>
      <trkpt lat="46.527763" lon="12.010496">
        <ele>2718.067</ele>
        <time>2026-10-02T13:51:18Z</time>
      </trkpt>
      <trkpt lat="46.527764" lon="12.010481">
        <ele>2718.088</ele>
        <time>2026-10-02T13:51:19Z</time>
      </trkpt>
      <trkpt lat="46.527766" lon="12.010466">
        <ele>2718.050</ele>
        <time>2026-10-02T13:51:20Z</time>
      </trkpt>
      <trkpt lat="46.527768" lon="12.010450">
        <ele>2718.039</ele>
        <time>2026-10-02T13:51:21Z</time>
      </trkpt>
      <trkpt lat="46.527770" lon="12.010435">
        <ele>2718.040</ele>
        <time>2026-10-02T13:51:22Z</time>
      </trkpt>
      <trkpt lat="46.527773" lon="12.010419">
        <ele>2718.049</ele>
        <time>2026-10-02T13:51:23Z</time>
      </trkpt>
      <trkpt lat="46.527776" lon="12.010404">
        <ele>2718.021</ele>
        <time>2026-10-02T13:51:24Z</time>
      </trkpt>
      <trkpt lat="46.527779" lon="12.010389">
        <ele>2718.069</ele>
        <time>2026-10-02T13:51:25Z</time>
      </trkpt>
      <trkpt lat="46.527781" lon="12.010375">
        <ele>2718.004</ele>
        <time>2026-10-02T13:51:26Z</time>
      </trkpt>
      <trkpt lat="46.527785" lon="12.010360">
        <ele>2719.024</ele>
        <time>2026-10-02T13:51:27Z</time>
      </trkpt>
      <trkpt lat="46.527788" lon="12.010345">
        <ele>2719.009</ele>
        <time>2026-10-02T13:51:28Z</time>
      </trkpt>
      <trkpt lat="46.527791" lon="12.010330">
        <ele>2719.028</ele>
        <time>2026-10-02T13:51:29Z</time>
      </trkpt>
      <trkpt lat="46.527795" lon="12.010315">
        <ele>2719.044</ele>
        <time>2026-10-02T13:51:30Z</time>
      </trkpt>
      <trkpt lat="46.527798" lon="12.010301">
        <ele>2720.075</ele>
        <time>2026-10-02T13:51:31Z</time>
      </trkpt>
      <trkpt lat="46.527801" lon="12.010285">
        <ele>2720.036</ele>
        <time>2026-10-02T13:51:32Z</time>
      </trkpt>
      <trkpt lat="46.527804" lon="12.010271">
        <ele>2720.068</ele>
        <time>2026-10-02T13:51:33Z</time>
      </trkpt>
      <trkpt lat="46.527807" lon="12.010256">
        <ele>2720.047</ele>
        <time>2026-10-02T13:51:34Z</time>
      </trkpt>
      <trkpt lat="46.527810" lon="12.010241">
        <ele>2720.018</ele>
        <time>2026-10-02T13:51:35Z</time>
      </trkpt>
      <trkpt lat="46.527813" lon="12.010225">
        <ele>2720.037</ele>
        <time>2026-10-02T13:51:36Z</time>
      </trkpt>
      <trkpt lat="46.527817" lon="12.010210">
        <ele>2720.079</ele>
        <time>2026-10-02T13:51:37Z</time>
      </trkpt>
      <trkpt lat="46.527820" lon="12.010194">
        <ele>2720.092</ele>
        <time>2026-10-02T13:51:38Z</time>
      </trkpt>
      <trkpt lat="46.527824" lon="12.010178">
        <ele>2720.073</ele>
        <time>2026-10-02T13:51:39Z</time>
      </trkpt>
      <trkpt lat="46.527828" lon="12.010162">
        <ele>2720.020</ele>
        <time>2026-10-02T13:51:40Z</time>
      </trkpt>
      <trkpt lat="46.527831" lon="12.010147">
        <ele>2720.009</ele>
        <time>2026-10-02T13:51:41Z</time>
      </trkpt>
      <trkpt lat="46.527835" lon="12.010132">
        <ele>2720.061</ele>
        <time>2026-10-02T13:51:42Z</time>
      </trkpt>
      <trkpt lat="46.527838" lon="12.010117">
        <ele>2721.057</ele>
        <time>2026-10-02T13:51:43Z</time>
      </trkpt>
      <trkpt lat="46.527841" lon="12.010101">
        <ele>2721.088</ele>
        <time>2026-10-02T13:51:44Z</time>
      </trkpt>
      <trkpt lat="46.527844" lon="12.010086">
        <ele>2721.019</ele>
        <time>2026-10-02T13:51:45Z</time>
      </trkpt>
      <trkpt lat="46.527848" lon="12.010078">
        <ele>2721.031</ele>
        <time>2026-10-02T13:52:11Z</time>
      </trkpt>
      <trkpt lat="46.527850" lon="12.010072">
        <ele>2721.060</ele>
        <time>2026-10-02T13:52:12Z</time>
      </trkpt>
      <trkpt lat="46.527853" lon="12.010065">
        <ele>2721.071</ele>
        <time>2026-10-02T13:52:13Z</time>
      </trkpt>
      <trkpt lat="46.527855" lon="12.010058">
        <ele>2721.010</ele>
        <time>2026-10-02T13:52:14Z</time>
      </trkpt>
      <trkpt lat="46.527858" lon="12.010048">
        <ele>2721.022</ele>
        <time>2026-10-02T13:52:15Z</time>
      </trkpt>
      <trkpt lat="46.527860" lon="12.010037">
        <ele>2721.063</ele>
        <time>2026-10-02T13:52:16Z</time>
      </trkpt>
      <trkpt lat="46.527861" lon="12.010028">
        <ele>2721.044</ele>
        <time>2026-10-02T13:52:17Z</time>
      </trkpt>
      <trkpt lat="46.527859" lon="12.010024">
        <ele>2721.018</ele>
        <time>2026-10-02T13:52:18Z</time>
      </trkpt>
      <trkpt lat="46.527854" lon="12.010024">
        <ele>2721.009</ele>
        <time>2026-10-02T13:52:19Z</time>
      </trkpt>
      <trkpt lat="46.527848" lon="12.010028">
        <ele>2721.058</ele>
        <time>2026-10-02T13:52:20Z</time>
      </trkpt>
      <trkpt lat="46.527841" lon="12.010037">
        <ele>2721.034</ele>
        <time>2026-10-02T13:52:21Z</time>
      </trkpt>
      <trkpt lat="46.527834" lon="12.010048">
        <ele>2721.025</ele>
        <time>2026-10-02T13:52:22Z</time>
      </trkpt>
      <trkpt lat="46.527827" lon="12.010060">
        <ele>2722.036</ele>
        <time>2026-10-02T13:52:23Z</time>
      </trkpt>
      <trkpt lat="46.527819" lon="12.010074">
        <ele>2722.048</ele>
        <time>2026-10-02T13:52:24Z</time>
      </trkpt>
      <trkpt lat="46.527812" lon="12.010088">
        <ele>2722.057</ele>
        <time>2026-10-02T13:52:25Z</time>
      </trkpt>
      <trkpt lat="46.527805" lon="12.010102">
        <ele>2722.078</ele>
        <time>2026-10-02T13:52:26Z</time>
      </trkpt>
      <trkpt lat="46.527797" lon="12.010115">
        <ele>2722.067</ele>
        <time>2026-10-02T13:52:27Z</time>
      </trkpt>
      <trkpt lat="46.527789" lon="12.010127">
        <ele>2722.029</ele>
        <time>2026-10-02T13:52:28Z</time>
      </trkpt>
      <trkpt lat="46.527781" lon="12.010137">
        <ele>2722.038</ele>
        <time>2026-10-02T13:52:29Z</time>
      </trkpt>
      <trkpt lat="46.527773" lon="12.010143">
        <ele>2722.070</ele>
        <time>2026-10-02T13:52:30Z</time>
      </trkpt>
      <trkpt lat="46.527766" lon="12.010142">
        <ele>2722.017</ele>
        <time>2026-10-02T13:52:31Z</time>
      </trkpt>
      <trkpt lat="46.527761" lon="12.010136">
        <ele>2722.009</ele>
        <time>2026-10-02T13:52:32Z</time>
      </trkpt>
      <trkpt lat="46.527759" lon="12.010124">
        <ele>2722.025</ele>
        <time>2026-10-02T13:52:33Z</time>
      </trkpt>
      <trkpt lat="46.527759" lon="12.010109">
        <ele>2722.071</ele>
        <time>2026-10-02T13:52:34Z</time>
      </trkpt>
      <trkpt lat="46.527760" lon="12.010092">
        <ele>2723.072</ele>
        <time>2026-10-02T13:52:35Z</time>
      </trkpt>
      <trkpt lat="46.527763" lon="12.010073">
        <ele>2723.013</ele>
        <time>2026-10-02T13:52:36Z</time>
      </trkpt>
      <trkpt lat="46.527767" lon="12.010054">
        <ele>2723.085</ele>
        <time>2026-10-02T13:52:37Z</time>
      </trkpt>
      <trkpt lat="46.527770" lon="12.010036">
        <ele>2723.074</ele>
        <time>2026-10-02T13:52:38Z</time>
      </trkpt>
      <trkpt lat="46.527772" lon="12.010018">
        <ele>2724.015</ele>
        <time>2026-10-02T13:52:39Z</time>
      </trkpt>
      <trkpt lat="46.527773" lon="12.009999">
        <ele>2724.074</ele>
        <time>2026-10-02T13:52:40Z</time>
      </trkpt>
      <trkpt lat="46.527774" lon="12.009980">
        <ele>2724.096</ele>
        <time>2026-10-02T13:52:41Z</time>
      </trkpt>
      <trkpt lat="46.527774" lon="12.009960">
        <ele>2724.011</ele>
        <time>2026-10-02T13:52:42Z</time>
      </trkpt>
      <trkpt lat="46.527774" lon="12.009939">
        <ele>2724.021</ele>
        <time>2026-10-02T13:52:43Z</time>
      </trkpt>
      <trkpt lat="46.527775" lon="12.009918">
        <ele>2724.003</ele>
        <time>2026-10-02T13:52:44Z</time>
      </trkpt>
      <trkpt lat="46.527777" lon="12.009902">
        <ele>2726.009</ele>
        <time>2026-10-02T13:52:53Z</time>
      </trkpt>
      <trkpt lat="46.527778" lon="12.009891">
        <ele>2726.043</ele>
        <time>2026-10-02T13:52:54Z</time>
      </trkpt>
      <trkpt lat="46.527779" lon="12.009882">
        <ele>2726.079</ele>
        <time>2026-10-02T13:52:55Z</time>
      </trkpt>
      <trkpt lat="46.527779" lon="12.009873">
        <ele>2726.080</ele>
        <time>2026-10-02T13:52:56Z</time>
      </trkpt>
      <trkpt lat="46.527780" lon="12.009861">
        <ele>2726.061</ele>
        <time>2026-10-02T13:52:57Z</time>
      </trkpt>
      <trkpt lat="46.527780" lon="12.009846">
        <ele>2726.073</ele>
        <time>2026-10-02T13:52:58Z</time>
      </trkpt>
      <trkpt lat="46.527781" lon="12.009830">
        <ele>2726.022</ele>
        <time>2026-10-02T13:52:59Z</time>
      </trkpt>
      <trkpt lat="46.527782" lon="12.009813">
        <ele>2726.063</ele>
        <time>2026-10-02T13:53:00Z</time>
      </trkpt>
      <trkpt lat="46.527782" lon="12.009795">
        <ele>2726.052</ele>
        <time>2026-10-02T13:53:01Z</time>
      </trkpt>
      <trkpt lat="46.527783" lon="12.009779">
        <ele>2726.054</ele>
        <time>2026-10-02T13:53:02Z</time>
      </trkpt>
      <trkpt lat="46.527782" lon="12.009764">
        <ele>2727.018</ele>
        <time>2026-10-02T13:53:03Z</time>
      </trkpt>
      <trkpt lat="46.527779" lon="12.009755">
        <ele>2727.098</ele>
        <time>2026-10-02T13:53:04Z</time>
      </trkpt>
      <trkpt lat="46.527775" lon="12.009751">
        <ele>2727.017</ele>
        <time>2026-10-02T13:53:05Z</time>
      </trkpt>
      <trkpt lat="46.527771" lon="12.009755">
        <ele>2727.009</ele>
        <time>2026-10-02T13:53:06Z</time>
      </trkpt>
      <trkpt lat="46.527767" lon="12.009764">
        <ele>2727.033</ele>
        <time>2026-10-02T13:53:07Z</time>
      </trkpt>
      <trkpt lat="46.527763" lon="12.009777">
        <ele>2727.019</ele>
        <time>2026-10-02T13:53:08Z</time>
      </trkpt>
      <trkpt lat="46.527758" lon="12.009793">
        <ele>2727.080</ele>
        <time>2026-10-02T13:53:09Z</time>
      </trkpt>
      <trkpt lat="46.527752" lon="12.009809">
        <ele>2727.071</ele>
        <time>2026-10-02T13:53:10Z</time>
      </trkpt>
      <trkpt lat="46.527746" lon="12.009825">
        <ele>2727.013</ele>
        <time>2026-10-02T13:53:11Z</time>
      </trkpt>
      <trkpt lat="46.527740" lon="12.009841">
        <ele>2727.052</ele>
        <time>2026-10-02T13:53:12Z</time>
      </trkpt>
      <trkpt lat="46.527735" lon="12.009857">
        <ele>2727.033</ele>
        <time>2026-10-02T13:53:13Z</time>
      </trkpt>
      <trkpt lat="46.527730" lon="12.009874">
        <ele>2727.022</ele>
        <time>2026-10-02T13:53:14Z</time>
      </trkpt>
      <trkpt lat="46.527724" lon="12.009890">
        <ele>2728.064</ele>
        <time>2026-10-02T13:53:15Z</time>
      </trkpt>
      <trkpt lat="46.527719" lon="12.009906">
        <ele>2727.067</ele>
        <time>2026-10-02T13:53:16Z</time>
      </trkpt>
      <trkpt lat="46.527713" lon="12.009922">
        <ele>2727.081</ele>
        <time>2026-10-02T13:53:17Z</time>
      </trkpt>
      <trkpt lat="46.527707" lon="12.009938">
        <ele>2727.019</ele>
        <time>2026-10-02T13:53:18Z</time>
      </trkpt>
      <trkpt lat="46.527701" lon="12.009955">
        <ele>2727.009</ele>
        <time>2026-10-02T13:53:19Z</time>
      </trkpt>
      <trkpt lat="46.527695" lon="12.009970">
        <ele>2727.028</ele>
        <time>2026-10-02T13:53:20Z</time>
      </trkpt>
      <trkpt lat="46.527688" lon="12.009985">
        <ele>2727.044</ele>
        <time>2026-10-02T13:53:21Z</time>
      </trkpt>
      <trkpt lat="46.527682" lon="12.009998">
        <ele>2727.035</ele>
        <time>2026-10-02T13:53:22Z</time>
      </trkpt>
      <trkpt lat="46.527676" lon="12.010011">
        <ele>2727.056</ele>
        <time>2026-10-02T13:53:23Z</time>
      </trkpt>
      <trkpt lat="46.527671" lon="12.010025">
        <ele>2727.088</ele>
        <time>2026-10-02T13:53:24Z</time>
      </trkpt>
      <trkpt lat="46.527665" lon="12.010038">
        <ele>2727.037</ele>
        <time>2026-10-02T13:53:25Z</time>
      </trkpt>
      <trkpt lat="46.527661" lon="12.010051">
        <ele>2727.058</ele>
        <time>2026-10-02T13:53:26Z</time>
      </trkpt>
      <trkpt lat="46.527655" lon="12.010063">
        <ele>2727.087</ele>
        <time>2026-10-02T13:53:27Z</time>
      </trkpt>
      <trkpt lat="46.527650" lon="12.010075">
        <ele>2727.069</ele>
        <time>2026-10-02T13:53:28Z</time>
      </trkpt>
      <trkpt lat="46.527644" lon="12.010087">
        <ele>2727.094</ele>
        <time>2026-10-02T13:53:29Z</time>
      </trkpt>
      <trkpt lat="46.527637" lon="12.010098">
        <ele>2727.057</ele>
        <time>2026-10-02T13:53:30Z</time>
      </trkpt>
      <trkpt lat="46.527630" lon="12.010105">
        <ele>2727.022</ele>
        <time>2026-10-02T13:53:31Z</time>
      </trkpt>
      <trkpt lat="46.527624" lon="12.010108">
        <ele>2727.009</ele>
        <time>2026-10-02T13:53:32Z</time>
      </trkpt>
      <trkpt lat="46.527618" lon="12.010106">
        <ele>2727.041</ele>
        <time>2026-10-02T13:53:33Z</time>
      </trkpt>
      <trkpt lat="46.527614" lon="12.010102">
        <ele>2727.037</ele>
        <time>2026-10-02T13:53:34Z</time>
      </trkpt>
      <trkpt lat="46.527614" lon="12.010091">
        <ele>2729.068</ele>
        <time>2026-10-02T13:54:47Z</time>
      </trkpt>
      <trkpt lat="46.527616" lon="12.010083">
        <ele>2728.099</ele>
        <time>2026-10-02T13:54:48Z</time>
      </trkpt>
      <trkpt lat="46.527619" lon="12.010075">
        <ele>2728.071</ele>
        <time>2026-10-02T13:54:49Z</time>
      </trkpt>
      <trkpt lat="46.527624" lon="12.010068">
        <ele>2728.010</ele>
        <time>2026-10-02T13:54:50Z</time>
      </trkpt>
      <trkpt lat="46.527631" lon="12.010060">
        <ele>2728.091</ele>
        <time>2026-10-02T13:54:51Z</time>
      </trkpt>
      <trkpt lat="46.527640" lon="12.010049">
        <ele>2728.090</ele>
        <time>2026-10-02T13:54:52Z</time>
      </trkpt>
      <trkpt lat="46.527648" lon="12.010035">
        <ele>2728.052</ele>
        <time>2026-10-02T13:54:53Z</time>
      </trkpt>
      <trkpt lat="46.527657" lon="12.010018">
        <ele>2728.085</ele>
        <time>2026-10-02T13:54:54Z</time>
      </trkpt>
      <trkpt lat="46.527665" lon="12.009999">
        <ele>2728.089</ele>
        <time>2026-10-02T13:54:55Z</time>
      </trkpt>
      <trkpt lat="46.527673" lon="12.009981">
        <ele>2728.017</ele>
        <time>2026-10-02T13:54:56Z</time>
      </trkpt>
      <trkpt lat="46.527681" lon="12.009963">
        <ele>2728.009</ele>
        <time>2026-10-02T13:54:57Z</time>
      </trkpt>
      <trkpt lat="46.527689" lon="12.009945">
        <ele>2728.030</ele>
        <time>2026-10-02T13:54:58Z</time>
      </trkpt>
      <trkpt lat="46.527696" lon="12.009928">
        <ele>2728.096</ele>
        <time>2026-10-02T13:54:59Z</time>
      </trkpt>
      <trkpt lat="46.527703" lon="12.009912">
        <ele>2727.097</ele>
        <time>2026-10-02T13:55:00Z</time>
      </trkpt>
      <trkpt lat="46.527709" lon="12.009896">
        <ele>2727.048</ele>
        <time>2026-10-02T13:55:01Z</time>
      </trkpt>
      <trkpt lat="46.527715" lon="12.009881">
        <ele>2727.010</ele>
        <time>2026-10-02T13:55:02Z</time>
      </trkpt>
      <trkpt lat="46.527720" lon="12.009866">
        <ele>2727.069</ele>
        <time>2026-10-02T13:55:03Z</time>
      </trkpt>
      <trkpt lat="46.527725" lon="12.009851">
        <ele>2727.050</ele>
        <time>2026-10-02T13:55:04Z</time>
      </trkpt>
      <trkpt lat="46.527731" lon="12.009835">
        <ele>2727.029</ele>
        <time>2026-10-02T13:55:05Z</time>
      </trkpt>
      <trkpt lat="46.527736" lon="12.009820">
        <ele>2727.071</ele>
        <time>2026-10-02T13:55:06Z</time>
      </trkpt>
      <trkpt lat="46.527741" lon="12.009805">
        <ele>2727.075</ele>
        <time>2026-10-02T13:55:07Z</time>
      </trkpt>
      <trkpt lat="46.527746" lon="12.009789">
        <ele>2727.028</ele>
        <time>2026-10-02T13:55:08Z</time>
      </trkpt>
      <trkpt lat="46.527749" lon="12.009774">
        <ele>2727.020</ele>
        <time>2026-10-02T13:55:09Z</time>
      </trkpt>
      <trkpt lat="46.527752" lon="12.009758">
        <ele>2727.009</ele>
        <time>2026-10-02T13:55:10Z</time>
      </trkpt>
      <trkpt lat="46.527752" lon="12.009743">
        <ele>2727.039</ele>
        <time>2026-10-02T13:55:11Z</time>
      </trkpt>
      <trkpt lat="46.527751" lon="12.009730">
        <ele>2727.055</ele>
        <time>2026-10-02T13:55:12Z</time>
      </trkpt>
      <trkpt lat="46.527748" lon="12.009720">
        <ele>2727.066</ele>
        <time>2026-10-02T13:55:13Z</time>
      </trkpt>
      <trkpt lat="46.527744" lon="12.009712">
        <ele>2727.047</ele>
        <time>2026-10-02T13:55:14Z</time>
      </trkpt>
      <trkpt lat="46.527739" lon="12.009710">
        <ele>2728.029</ele>
        <time>2026-10-02T13:55:25Z</time>
      </trkpt>
      <trkpt lat="46.527735" lon="12.009711">
        <ele>2728.038</ele>
        <time>2026-10-02T13:55:26Z</time>
      </trkpt>
      <trkpt lat="46.527732" lon="12.009714">
        <ele>2728.089</ele>
        <time>2026-10-02T13:55:27Z</time>
      </trkpt>
      <trkpt lat="46.527730" lon="12.009719">
        <ele>2728.098</ele>
        <time>2026-10-02T13:55:28Z</time>
      </trkpt>
      <trkpt lat="46.527726" lon="12.009724">
        <ele>2728.070</ele>
        <time>2026-10-02T13:55:29Z</time>
      </trkpt>
      <trkpt lat="46.527722" lon="12.009730">
        <ele>2728.088</ele>
        <time>2026-10-02T13:55:30Z</time>
      </trkpt>
      <trkpt lat="46.527716" lon="12.009737">
        <ele>2729.024</ele>
        <time>2026-10-02T13:55:31Z</time>
      </trkpt>
      <trkpt lat="46.527709" lon="12.009743">
        <ele>2729.026</ele>
        <time>2026-10-02T13:55:32Z</time>
      </trkpt>
      <trkpt lat="46.527701" lon="12.009749">
        <ele>2729.009</ele>
        <time>2026-10-02T13:55:33Z</time>
      </trkpt>
      <trkpt lat="46.527693" lon="12.009754">
        <ele>2729.010</ele>
        <time>2026-10-02T13:55:34Z</time>
      </trkpt>
      <trkpt lat="46.527684" lon="12.009760">
        <ele>2729.066</ele>
        <time>2026-10-02T13:55:35Z</time>
      </trkpt>
      <trkpt lat="46.527675" lon="12.009765">
        <ele>2729.077</ele>
        <time>2026-10-02T13:55:36Z</time>
      </trkpt>
      <trkpt lat="46.527666" lon="12.009769">
        <ele>2729.028</ele>
        <time>2026-10-02T13:55:37Z</time>
      </trkpt>
      <trkpt lat="46.527657" lon="12.009774">
        <ele>2729.080</ele>
        <time>2026-10-02T13:55:38Z</time>
      </trkpt>
      <trkpt lat="46.527648" lon="12.009779">
        <ele>2730.099</ele>
        <time>2026-10-02T13:55:39Z</time>
      </trkpt>
      <trkpt lat="46.527639" lon="12.009783">
        <ele>2730.060</ele>
        <time>2026-10-02T13:55:40Z</time>
      </trkpt>
      <trkpt lat="46.527633" lon="12.009787">
        <ele>2732.099</ele>
        <time>2026-10-02T13:55:59Z</time>
      </trkpt>
      <trkpt lat="46.527630" lon="12.009788">
        <ele>2732.011</ele>
        <time>2026-10-02T13:56:00Z</time>
      </trkpt>
      <trkpt lat="46.527630" lon="12.009788">
        <ele>2732.063</ele>
        <time>2026-10-02T13:56:01Z</time>
      </trkpt>
      <trkpt lat="46.527632" lon="12.009786">
        <ele>2732.044</ele>
        <time>2026-10-02T13:56:02Z</time>
      </trkpt>
      <trkpt lat="46.527636" lon="12.009782">
        <ele>2732.018</ele>
        <time>2026-10-02T13:56:03Z</time>
      </trkpt>
      <trkpt lat="46.527642" lon="12.009777">
        <ele>2732.009</ele>
        <time>2026-10-02T13:56:04Z</time>
      </trkpt>
      <trkpt lat="46.527649" lon="12.009771">
        <ele>2732.098</ele>
        <time>2026-10-02T13:56:05Z</time>
      </trkpt>
      <trkpt lat="46.527657" lon="12.009765">
        <ele>2732.064</ele>
        <time>2026-10-02T13:56:06Z</time>
      </trkpt>
      <trkpt lat="46.527666" lon="12.009759">
        <ele>2732.025</ele>
        <time>2026-10-02T13:56:07Z</time>
      </trkpt>
      <trkpt lat="46.527674" lon="12.009753">
        <ele>2731.056</ele>
        <time>2026-10-02T13:56:08Z</time>
      </trkpt>
      <trkpt lat="46.527682" lon="12.009745">
        <ele>2731.068</ele>
        <time>2026-10-02T13:56:09Z</time>
      </trkpt>
      <trkpt lat="46.527690" lon="12.009737">
        <ele>2731.017</ele>
        <time>2026-10-02T13:56:10Z</time>
      </trkpt>
      <trkpt lat="46.527698" lon="12.009731">
        <ele>2731.098</ele>
        <time>2026-10-02T13:56:11Z</time>
      </trkpt>
      <trkpt lat="46.527705" lon="12.009725">
        <ele>2730.057</ele>
        <time>2026-10-02T13:56:12Z</time>
      </trkpt>
      <trkpt lat="46.527711" lon="12.009723">
        <ele>2730.089</ele>
        <time>2026-10-02T13:56:18Z</time>
      </trkpt>
      <trkpt lat="46.527714" lon="12.009720">
        <ele>2730.033</ele>
        <time>2026-10-02T13:56:19Z</time>
      </trkpt>
      <trkpt lat="46.527717" lon="12.009713">
        <ele>2730.023</ele>
        <time>2026-10-02T13:56:20Z</time>
      </trkpt>
      <trkpt lat="46.527718" lon="12.009703">
        <ele>2730.015</ele>
        <time>2026-10-02T13:56:21Z</time>
      </trkpt>
      <trkpt lat="46.527719" lon="12.009690">
        <ele>2730.009</ele>
        <time>2026-10-02T13:56:22Z</time>
      </trkpt>
      <trkpt lat="46.527718" lon="12.009675">
        <ele>2730.075</ele>
        <time>2026-10-02T13:56:23Z</time>
      </trkpt>
      <trkpt lat="46.527717" lon="12.009660">
        <ele>2730.021</ele>
        <time>2026-10-02T13:56:24Z</time>
      </trkpt>
      <trkpt lat="46.527714" lon="12.009646">
        <ele>2730.062</ele>
        <time>2026-10-02T13:56:25Z</time>
      </trkpt>
      <trkpt lat="46.527711" lon="12.009634">
        <ele>2730.013</ele>
        <time>2026-10-02T13:56:26Z</time>
      </trkpt>
      <trkpt lat="46.527708" lon="12.009622">
        <ele>2730.065</ele>
        <time>2026-10-02T13:56:27Z</time>
      </trkpt>
      <trkpt lat="46.527705" lon="12.009611">
        <ele>2730.074</ele>
        <time>2026-10-02T13:56:28Z</time>
      </trkpt>
      <trkpt lat="46.527702" lon="12.009599">
        <ele>2730.065</ele>
        <time>2026-10-02T13:56:29Z</time>
      </trkpt>
      <trkpt lat="46.527701" lon="12.009587">
        <ele>2730.064</ele>
        <time>2026-10-02T13:56:30Z</time>
      </trkpt>
      <trkpt lat="46.527700" lon="12.009575">
        <ele>2730.056</ele>
        <time>2026-10-02T13:56:31Z</time>
      </trkpt>
      <trkpt lat="46.527700" lon="12.009563">
        <ele>2730.087</ele>
        <time>2026-10-02T13:56:32Z</time>
      </trkpt>
      <trkpt lat="46.527700" lon="12.009550">
        <ele>2730.042</ele>
        <time>2026-10-02T13:56:33Z</time>
      </trkpt>
      <trkpt lat="46.527699" lon="12.009538">
        <ele>2730.026</ele>
        <time>2026-10-02T13:56:34Z</time>
      </trkpt>
      <trkpt lat="46.527698" lon="12.009526">
        <ele>2730.009</ele>
        <time>2026-10-02T13:56:35Z</time>
      </trkpt>
      <trkpt lat="46.527697" lon="12.009514">
        <ele>2730.030</ele>
        <time>2026-10-02T13:56:36Z</time>
      </trkpt>
      <trkpt lat="46.527697" lon="12.009501">
        <ele>2730.036</ele>
        <time>2026-10-02T13:56:37Z</time>
      </trkpt>
      <trkpt lat="46.527698" lon="12.009488">
        <ele>2730.077</ele>
        <time>2026-10-02T13:56:38Z</time>
      </trkpt>
      <trkpt lat="46.527701" lon="12.009475">
        <ele>2730.058</ele>
        <time>2026-10-02T13:56:39Z</time>
      </trkpt>
      <trkpt lat="46.527705" lon="12.009463">
        <ele>2730.050</ele>
        <time>2026-10-02T13:56:40Z</time>
      </trkpt>
      <trkpt lat="46.527709" lon="12.009449">
        <ele>2730.069</ele>
        <time>2026-10-02T13:56:41Z</time>
      </trkpt>
      <trkpt lat="46.527711" lon="12.009438">
        <ele>2730.040</ele>
        <time>2026-10-02T13:56:42Z</time>
      </trkpt>
      <trkpt lat="46.527712" lon="12.009428">
        <ele>2731.019</ele>
        <time>2026-10-02T13:56:43Z</time>
      </trkpt>
      <trkpt lat="46.527710" lon="12.009420">
        <ele>2731.041</ele>
        <time>2026-10-02T13:56:44Z</time>
      </trkpt>
      <trkpt lat="46.527708" lon="12.009412">
        <ele>2731.069</ele>
        <time>2026-10-02T13:56:45Z</time>
      </trkpt>
      <trkpt lat="46.527706" lon="12.009402">
        <ele>2731.004</ele>
        <time>2026-10-02T13:56:46Z</time>
      </trkpt>
      <trkpt lat="46.527703" lon="12.009391">
        <ele>2731.024</ele>
        <time>2026-10-02T13:56:47Z</time>
      </trkpt>
      <trkpt lat="46.527702" lon="12.009378">
        <ele>2731.009</ele>
        <time>2026-10-02T13:56:48Z</time>
      </trkpt>
      <trkpt lat="46.527701" lon="12.009364">
        <ele>2731.078</ele>
        <time>2026-10-02T13:56:49Z</time>
      </trkpt>
      <trkpt lat="46.527701" lon="12.009349">
        <ele>2731.034</ele>
        <time>2026-10-02T13:56:50Z</time>
      </trkpt>
      <trkpt lat="46.527701" lon="12.009333">
        <ele>2731.035</ele>
        <time>2026-10-02T13:56:51Z</time>
      </trkpt>
      <trkpt lat="46.527702" lon="12.009318">
        <ele>2731.046</ele>
        <time>2026-10-02T13:56:52Z</time>
      </trkpt>
      <trkpt lat="46.527703" lon="12.009302">
        <ele>2731.048</ele>
        <time>2026-10-02T13:56:53Z</time>
      </trkpt>
      <trkpt lat="46.527704" lon="12.009286">
        <ele>2731.067</ele>
        <time>2026-10-02T13:56:54Z</time>
      </trkpt>
      <trkpt lat="46.527705" lon="12.009269">
        <ele>2731.098</ele>
        <time>2026-10-02T13:56:55Z</time>
      </trkpt>
      <trkpt lat="46.527705" lon="12.009252">
        <ele>2731.077</ele>
        <time>2026-10-02T13:56:56Z</time>
      </trkpt>
      <trkpt lat="46.527707" lon="12.009236">
        <ele>2731.049</ele>
        <time>2026-10-02T13:56:57Z</time>
      </trkpt>
      <trkpt lat="46.527709" lon="12.009219">
        <ele>2731.057</ele>
        <time>2026-10-02T13:56:58Z</time>
      </trkpt>
      <trkpt lat="46.527711" lon="12.009202">
        <ele>2732.000</ele>
        <time>2026-10-02T13:56:59Z</time>
      </trkpt>
      <trkpt lat="46.527713" lon="12.009185">
        <ele>2732.020</ele>
        <time>2026-10-02T13:57:00Z</time>
      </trkpt>
      <trkpt lat="46.527716" lon="12.009167">
        <ele>2732.009</ele>
        <time>2026-10-02T13:57:01Z</time>
      </trkpt>
      <trkpt lat="46.527718" lon="12.009149">
        <ele>2732.017</ele>
        <time>2026-10-02T13:57:02Z</time>
      </trkpt>
      <trkpt lat="46.527721" lon="12.009132">
        <ele>2733.033</ele>
        <time>2026-10-02T13:57:03Z</time>
      </trkpt>
      <trkpt lat="46.527724" lon="12.009115">
        <ele>2733.044</ele>
        <time>2026-10-02T13:57:04Z</time>
      </trkpt>
      <trkpt lat="46.527726" lon="12.009099">
        <ele>2733.095</ele>
        <time>2026-10-02T13:57:05Z</time>
      </trkpt>
      <trkpt lat="46.527728" lon="12.009083">
        <ele>2733.017</ele>
        <time>2026-10-02T13:57:06Z</time>
      </trkpt>
      <trkpt lat="46.527730" lon="12.009067">
        <ele>2733.046</ele>
        <time>2026-10-02T13:57:07Z</time>
      </trkpt>
      <trkpt lat="46.527732" lon="12.009051">
        <ele>2733.057</ele>
        <time>2026-10-02T13:57:08Z</time>
      </trkpt>
      <trkpt lat="46.527733" lon="12.009035">
        <ele>2733.086</ele>
        <time>2026-10-02T13:57:09Z</time>
      </trkpt>
      <trkpt lat="46.527735" lon="12.009020">
        <ele>2733.068</ele>
        <time>2026-10-02T13:57:10Z</time>
      </trkpt>
      <trkpt lat="46.527737" lon="12.009004">
        <ele>2734.066</ele>
        <time>2026-10-02T13:57:11Z</time>
      </trkpt>
      <trkpt lat="46.527739" lon="12.008988">
        <ele>2734.029</ele>
        <time>2026-10-02T13:57:12Z</time>
      </trkpt>
      <trkpt lat="46.527742" lon="12.008971">
        <ele>2734.021</ele>
        <time>2026-10-02T13:57:13Z</time>
      </trkpt>
      <trkpt lat="46.527745" lon="12.008954">
        <ele>2734.009</ele>
        <time>2026-10-02T13:57:14Z</time>
      </trkpt>
      <trkpt lat="46.527748" lon="12.008937">
        <ele>2735.088</ele>
        <time>2026-10-02T13:57:15Z</time>
      </trkpt>
      <trkpt lat="46.527752" lon="12.008921">
        <ele>2735.044</ele>
        <time>2026-10-02T13:57:16Z</time>
      </trkpt>
      <trkpt lat="46.527755" lon="12.008905">
        <ele>2735.055</ele>
        <time>2026-10-02T13:57:17Z</time>
      </trkpt>
      <trkpt lat="46.527759" lon="12.008890">
        <ele>2735.066</ele>
        <time>2026-10-02T13:57:18Z</time>
      </trkpt>
      <trkpt lat="46.527763" lon="12.008875">
        <ele>2736.058</ele>
        <time>2026-10-02T13:57:19Z</time>
      </trkpt>
      <trkpt lat="46.527769" lon="12.008861">
        <ele>2736.027</ele>
        <time>2026-10-02T13:57:20Z</time>
      </trkpt>
      <trkpt lat="46.527774" lon="12.008847">
        <ele>2736.088</ele>
        <time>2026-10-02T13:57:21Z</time>
      </trkpt>
      <trkpt lat="46.527780" lon="12.008832">
        <ele>2736.047</ele>
        <time>2026-10-02T13:57:22Z</time>
      </trkpt>
      <trkpt lat="46.527786" lon="12.008817">
        <ele>2736.059</ele>
        <time>2026-10-02T13:57:23Z</time>
      </trkpt>
      <trkpt lat="46.527792" lon="12.008802">
        <ele>2736.082</ele>
        <time>2026-10-02T13:57:24Z</time>
      </trkpt>
      <trkpt lat="46.527797" lon="12.008786">
        <ele>2736.043</ele>
        <time>2026-10-02T13:57:25Z</time>
      </trkpt>
      <trkpt lat="46.527803" lon="12.008770">
        <ele>2736.017</ele>
        <time>2026-10-02T13:57:26Z</time>
      </trkpt>
      <trkpt lat="46.527808" lon="12.008755">
        <ele>2737.009</ele>
        <time>2026-10-02T13:57:27Z</time>
      </trkpt>
      <trkpt lat="46.527813" lon="12.008740">
        <ele>2737.090</ele>
        <time>2026-10-02T13:57:28Z</time>
      </trkpt>
      <trkpt lat="46.527818" lon="12.008724">
        <ele>2737.076</ele>
        <time>2026-10-02T13:57:29Z</time>
      </trkpt>
      <trkpt lat="46.527822" lon="12.008708">
        <ele>2737.017</ele>
        <time>2026-10-02T13:57:30Z</time>
      </trkpt>
      <trkpt lat="46.527826" lon="12.008689">
        <ele>2737.018</ele>
        <time>2026-10-02T13:57:31Z</time>
      </trkpt>
      <trkpt lat="46.527829" lon="12.008671">
        <ele>2737.050</ele>
        <time>2026-10-02T13:57:32Z</time>
      </trkpt>
      <trkpt lat="46.527830" lon="12.008653">
        <ele>2737.079</ele>
        <time>2026-10-02T13:57:33Z</time>
      </trkpt>
      <trkpt lat="46.527828" lon="12.008639">
        <ele>2737.050</ele>
        <time>2026-10-02T13:57:34Z</time>
      </trkpt>
      <trkpt lat="46.527825" lon="12.008631">
        <ele>2738.069</ele>
        <time>2026-10-02T13:57:35Z</time>
      </trkpt>
      <trkpt lat="46.527819" lon="12.008631">
        <ele>2738.021</ele>
        <time>2026-10-02T13:57:36Z</time>
      </trkpt>
      <trkpt lat="46.527812" lon="12.008635">
        <ele>2738.069</ele>
        <time>2026-10-02T13:57:37Z</time>
      </trkpt>
      <trkpt lat="46.527804" lon="12.008643">
        <ele>2738.004</ele>
        <time>2026-10-02T13:57:38Z</time>
      </trkpt>
      <trkpt lat="46.527796" lon="12.008653">
        <ele>2738.024</ele>
        <time>2026-10-02T13:57:39Z</time>
      </trkpt>
      <trkpt lat="46.527787" lon="12.008664">
        <ele>2738.009</ele>
        <time>2026-10-02T13:57:40Z</time>
      </trkpt>
      <trkpt lat="46.527778" lon="12.008675">
        <ele>2738.078</ele>
        <time>2026-10-02T13:57:41Z</time>
      </trkpt>
      <trkpt lat="46.527769" lon="12.008687">
        <ele>2738.084</ele>
        <time>2026-10-02T13:57:42Z</time>
      </trkpt>
      <trkpt lat="46.527762" lon="12.008698">
        <ele>2739.045</ele>
        <time>2026-10-02T13:57:43Z</time>
      </trkpt>
      <trkpt lat="46.527755" lon="12.008710">
        <ele>2739.056</ele>
        <time>2026-10-02T13:57:44Z</time>
      </trkpt>
      <trkpt lat="46.527748" lon="12.008722">
        <ele>2739.028</ele>
        <time>2026-10-02T13:57:45Z</time>
      </trkpt>
      <trkpt lat="46.527742" lon="12.008733">
        <ele>2739.017</ele>
        <time>2026-10-02T13:57:46Z</time>
      </trkpt>
      <trkpt lat="46.527736" lon="12.008745">
        <ele>2739.088</ele>
        <time>2026-10-02T13:57:47Z</time>
      </trkpt>
      <trkpt lat="46.527731" lon="12.008756">
        <ele>2739.097</ele>
        <time>2026-10-02T13:57:48Z</time>
      </trkpt>
      <trkpt lat="46.527726" lon="12.008766">
        <ele>2739.079</ele>
        <time>2026-10-02T13:57:49Z</time>
      </trkpt>
      <trkpt lat="46.527721" lon="12.008777">
        <ele>2739.034</ele>
        <time>2026-10-02T13:57:50Z</time>
      </trkpt>
      <trkpt lat="46.527715" lon="12.008786">
        <ele>2740.055</ele>
        <time>2026-10-02T13:57:51Z</time>
      </trkpt>
      <trkpt lat="46.527709" lon="12.008796">
        <ele>2740.010</ele>
        <time>2026-10-02T13:57:52Z</time>
      </trkpt>
      <trkpt lat="46.527703" lon="12.008806">
        <ele>2740.009</ele>
        <time>2026-10-02T13:57:53Z</time>
      </trkpt>
      <trkpt lat="46.527697" lon="12.008817">
        <ele>2740.035</ele>
        <time>2026-10-02T13:57:54Z</time>
      </trkpt>
      <trkpt lat="46.527690" lon="12.008829">
        <ele>2740.011</ele>
        <time>2026-10-02T13:57:55Z</time>
      </trkpt>
      <trkpt lat="46.527684" lon="12.008843">
        <ele>2740.082</ele>
        <time>2026-10-02T13:57:56Z</time>
      </trkpt>
      <trkpt lat="46.527678" lon="12.008855">
        <ele>2740.073</ele>
        <time>2026-10-02T13:57:57Z</time>
      </trkpt>
      <trkpt lat="46.527673" lon="12.008867">
        <ele>2740.085</ele>
        <time>2026-10-02T13:57:58Z</time>
      </trkpt>
      <trkpt lat="46.527668" lon="12.008878">
        <ele>2741.074</ele>
        <time>2026-10-02T13:57:59Z</time>
      </trkpt>
      <trkpt lat="46.527664" lon="12.008890">
        <ele>2741.085</ele>
        <time>2026-10-02T13:58:00Z</time>
      </trkpt>
      <trkpt lat="46.527661" lon="12.008901">
        <ele>2741.044</ele>
        <time>2026-10-02T13:58:01Z</time>
      </trkpt>
      <trkpt lat="46.527656" lon="12.008911">
        <ele>2741.076</ele>
        <time>2026-10-02T13:58:02Z</time>
      </trkpt>
      <trkpt lat="46.527655" lon="12.008914">
        <ele>2741.064</ele>
        <time>2026-10-02T13:58:03Z</time>
      </trkpt>
      <trkpt lat="46.527653" lon="12.008916">
        <ele>2741.006</ele>
        <time>2026-10-02T13:58:04Z</time>
      </trkpt>
      <trkpt lat="46.527652" lon="12.008919">
        <ele>2741.016</ele>
        <time>2026-10-02T13:58:05Z</time>
      </trkpt>
      <trkpt lat="46.527647" lon="12.008926">
        <ele>2741.009</ele>
        <time>2026-10-02T13:58:06Z</time>
      </trkpt>
      <trkpt lat="46.527644" lon="12.008933">
        <ele>2742.078</ele>
        <time>2026-10-02T13:58:07Z</time>
      </trkpt>
      <trkpt lat="46.527640" lon="12.008942">
        <ele>2742.024</ele>
        <time>2026-10-02T13:58:08Z</time>
      </trkpt>
      <trkpt lat="46.527637" lon="12.008954">
        <ele>2742.045</ele>
        <time>2026-10-02T13:58:09Z</time>
      </trkpt>
      <trkpt lat="46.527634" lon="12.008967">
        <ele>2742.056</ele>
        <time>2026-10-02T13:58:10Z</time>
      </trkpt>
      <trkpt lat="46.527632" lon="12.008982">
        <ele>2742.098</ele>
        <time>2026-10-02T13:58:11Z</time>
      </trkpt>
      <trkpt lat="46.527630" lon="12.008997">
        <ele>2742.047</ele>
        <time>2026-10-02T13:58:12Z</time>
      </trkpt>
      <trkpt lat="46.527629" lon="12.009011">
        <ele>2742.038</ele>
        <time>2026-10-02T13:58:13Z</time>
      </trkpt>
      <trkpt lat="46.527629" lon="12.009026">
        <ele>2742.027</ele>
        <time>2026-10-02T13:58:14Z</time>
      </trkpt>
      <trkpt lat="46.527628" lon="12.009041">
        <ele>2742.019</ele>
        <time>2026-10-02T13:58:15Z</time>
      </trkpt>
      <trkpt lat="46.527626" lon="12.009055">
        <ele>2742.069</ele>
        <time>2026-10-02T13:58:16Z</time>
      </trkpt>
      <trkpt lat="46.527625" lon="12.009069">
        <ele>2742.004</ele>
        <time>2026-10-02T13:58:17Z</time>
      </trkpt>
      <trkpt lat="46.527623" lon="12.009083">
        <ele>2742.024</ele>
        <time>2026-10-02T13:58:18Z</time>
      </trkpt>
      <trkpt lat="46.527620" lon="12.009096">
        <ele>2742.009</ele>
        <time>2026-10-02T13:58:19Z</time>
      </trkpt>
      <trkpt lat="46.527616" lon="12.009107">
        <ele>2742.038</ele>
        <time>2026-10-02T13:58:20Z</time>
      </trkpt>
      <trkpt lat="46.527611" lon="12.009117">
        <ele>2742.064</ele>
        <time>2026-10-02T13:58:21Z</time>
      </trkpt>
      <trkpt lat="46.527604" lon="12.009125">
        <ele>2742.045</ele>
        <time>2026-10-02T13:58:22Z</time>
      </trkpt>
      <trkpt lat="46.527597" lon="12.009130">
        <ele>2742.076</ele>
        <time>2026-10-02T13:58:23Z</time>
      </trkpt>
      <trkpt lat="46.527589" lon="12.009133">
        <ele>2742.058</ele>
        <time>2026-10-02T13:58:24Z</time>
      </trkpt>
      <trkpt lat="46.527580" lon="12.009135">
        <ele>2743.057</ele>
        <time>2026-10-02T13:58:31Z</time>
      </trkpt>
      <trkpt lat="46.527574" lon="12.009135">
        <ele>2743.098</ele>
        <time>2026-10-02T13:58:32Z</time>
      </trkpt>
      <trkpt lat="46.527568" lon="12.009135">
        <ele>2743.017</ele>
        <time>2026-10-02T13:58:33Z</time>
      </trkpt>
      <trkpt lat="46.527564" lon="12.009133">
        <ele>2743.039</ele>
        <time>2026-10-02T13:58:34Z</time>
      </trkpt>
      <trkpt lat="46.527560" lon="12.009121">
        <ele>2743.095</ele>
        <time>2026-10-02T13:58:40Z</time>
      </trkpt>
      <trkpt lat="46.527556" lon="12.009111">
        <ele>2743.049</ele>
        <time>2026-10-02T13:58:41Z</time>
      </trkpt>
      <trkpt lat="46.527552" lon="12.009102">
        <ele>2743.023</ele>
        <time>2026-10-02T13:58:42Z</time>
      </trkpt>
      <trkpt lat="46.527548" lon="12.009095">
        <ele>2743.009</ele>
        <time>2026-10-02T13:58:43Z</time>
      </trkpt>
      <trkpt lat="46.527543" lon="12.009089">
        <ele>2743.041</ele>
        <time>2026-10-02T13:58:44Z</time>
      </trkpt>
      <trkpt lat="46.527537" lon="12.009084">
        <ele>2743.077</ele>
        <time>2026-10-02T13:58:45Z</time>
      </trkpt>
      <trkpt lat="46.527530" lon="12.009079">
        <ele>2743.058</ele>
        <time>2026-10-02T13:58:56Z</time>
      </trkpt>
      <trkpt lat="46.527524" lon="12.009076">
        <ele>2743.049</ele>
        <time>2026-10-02T13:58:57Z</time>
      </trkpt>
      <trkpt lat="46.527520" lon="12.009072">
        <ele>2743.071</ele>
        <time>2026-10-02T13:58:58Z</time>
      </trkpt>
      <trkpt lat="46.527516" lon="12.009067">
        <ele>2743.060</ele>
        <time>2026-10-02T13:58:59Z</time>
      </trkpt>
      <trkpt lat="46.527505" lon="12.009052">
        <ele>2743.051</ele>
        <time>2026-10-02T13:59:12Z</time>
      </trkpt>
      <trkpt lat="46.527497" lon="12.009042">
        <ele>2743.010</ele>
        <time>2026-10-02T13:59:13Z</time>
      </trkpt>
      <trkpt lat="46.527490" lon="12.009035">
        <ele>2743.082</ele>
        <time>2026-10-02T13:59:14Z</time>
      </trkpt>
      <trkpt lat="46.527484" lon="12.009030">
        <ele>2743.066</ele>
        <time>2026-10-02T13:59:15Z</time>
      </trkpt>
      <trkpt lat="46.527476" lon="12.009026">
        <ele>2743.029</ele>
        <time>2026-10-02T13:59:16Z</time>
      </trkpt>
      <trkpt lat="46.527468" lon="12.009021">
        <ele>2743.021</ele>
        <time>2026-10-02T13:59:17Z</time>
      </trkpt>
      <trkpt lat="46.527459" lon="12.009017">
        <ele>2743.009</ele>
        <time>2026-10-02T13:59:18Z</time>
      </trkpt>
      <trkpt lat="46.527451" lon="12.009012">
        <ele>2743.048</ele>
        <time>2026-10-02T13:59:19Z</time>
      </trkpt>
      <trkpt lat="46.527444" lon="12.009008">
        <ele>2743.044</ele>
        <time>2026-10-02T13:59:20Z</time>
      </trkpt>
      <trkpt lat="46.527437" lon="12.009004">
        <ele>2743.045</ele>
        <time>2026-10-02T13:59:21Z</time>
      </trkpt>
      <trkpt lat="46.527430" lon="12.009001">
        <ele>2743.086</ele>
        <time>2026-10-02T13:59:22Z</time>
      </trkpt>
      <trkpt lat="46.527577" lon="12.009041">
        <ele>2740.028</ele>
        <time>2026-10-02T14:02:46Z</time>
      </trkpt>
      <trkpt lat="46.527572" lon="12.009061">
        <ele>2740.017</ele>
        <time>2026-10-02T14:02:58Z</time>
      </trkpt>
      <trkpt lat="46.527558" lon="12.009065">
        <ele>2743.048</ele>
        <time>2026-10-02T14:03:55Z</time>
      </trkpt>
      <trkpt lat="46.527546" lon="12.009069">
        <ele>2743.017</ele>
        <time>2026-10-02T14:04:17Z</time>
      </trkpt>
      <trkpt lat="46.527538" lon="12.009072">
        <ele>2743.039</ele>
        <time>2026-10-02T14:04:18Z</time>
      </trkpt>
      <trkpt lat="46.527532" lon="12.009074">
        <ele>2743.093</ele>
        <time>2026-10-02T14:04:19Z</time>
      </trkpt>
      <trkpt lat="46.527526" lon="12.009075">
        <ele>2743.065</ele>
        <time>2026-10-02T14:04:20Z</time>
      </trkpt>
      <trkpt lat="46.527529" lon="12.009083">
        <ele>2743.021</ele>
        <time>2026-10-02T14:04:41Z</time>
      </trkpt>
      <trkpt lat="46.527531" lon="12.009086">
        <ele>2744.009</ele>
        <time>2026-10-02T14:05:32Z</time>
      </trkpt>
      <trkpt lat="46.527533" lon="12.009088">
        <ele>2744.091</ele>
        <time>2026-10-02T14:05:33Z</time>
      </trkpt>
      <trkpt lat="46.527536" lon="12.009090">
        <ele>2744.097</ele>
        <time>2026-10-02T14:05:34Z</time>
      </trkpt>
      <trkpt lat="46.527538" lon="12.009093">
        <ele>2744.028</ele>
        <time>2026-10-02T14:05:35Z</time>
      </trkpt>
      <trkpt lat="46.527542" lon="12.009099">
        <ele>2744.089</ele>
        <time>2026-10-02T14:05:36Z</time>
      </trkpt>
      <trkpt lat="46.527545" lon="12.009106">
        <ele>2744.041</ele>
        <time>2026-10-02T14:05:37Z</time>
      </trkpt>
      <trkpt lat="46.527549" lon="12.009115">
        <ele>2744.060</ele>
        <time>2026-10-02T14:05:38Z</time>
      </trkpt>
      <trkpt lat="46.527551" lon="12.009122">
        <ele>2744.081</ele>
        <time>2026-10-02T14:05:55Z</time>
      </trkpt>
      <trkpt lat="46.527553" lon="12.009125">
        <ele>2744.020</ele>
        <time>2026-10-02T14:05:56Z</time>
      </trkpt>
      <trkpt lat="46.527554" lon="12.009124">
        <ele>2744.022</ele>
        <time>2026-10-02T14:05:57Z</time>
      </trkpt>
    </trkseg>
  </trk></gpx>